{
    "created_at": "Mon Apr 15 10:46:24 +0000 2019",
    "id": 1117740952721022976,
    "id_str": "1117740952721022976",
    "text": "@rmchase @carltonreid @jump_rides I tried something like that (might even have been liftshare?) but got no interest\u2026 https://t.co/ux028OunQ5",
    "truncated": true,
    "entities": {
        "hashtags": [],
        "symbols": [],
        "user_mentions": [
            {
                "screen_name": "rmchase",
                "name": "Robin Chase",
                "id": 11730542,
                "id_str": "11730542",
                "indices": [
                    0,
                    8
                ]
            },
            {
                "screen_name": "carltonreid",
                "name": "Carlton Reid",
                "id": 14284095,
                "id_str": "14284095",
                "indices": [
                    9,
                    21
                ]
            },
            {
                "screen_name": "jump_rides",
                "name": "JUMP",
                "id": 868126911817502721,
                "id_str": "868126911817502721",
                "indices": [
                    22,
                    33
                ]
            }
        ],
        "urls": [
            {
                "url": "https://t.co/ux028OunQ5",
                "expanded_url": "https://twitter.com/i/web/status/1117740952721022976",
                "display_url": "twitter.com/i/web/status/1\u2026",
                "indices": [
                    117,
                    140
                ]
            }
        ]
    },
    "metadata": {
        "iso_language_code": "en",
        "result_type": "recent"
    },
    "source": "<a href=\"http://twitter.com\" rel=\"nofollow\">Twitter Web Client</a>",
    "in_reply_to_status_id": 1117550229337849857,
    "in_reply_to_status_id_str": "1117550229337849857",
    "in_reply_to_user_id": 11730542,
    "in_reply_to_user_id_str": "11730542",
    "in_reply_to_screen_name": "rmchase",
    "user": {
        "id": 1036572940362502145,
        "id_str": "1036572940362502145",
        "name": "ChrisB200SX",
        "screen_name": "SxB200",
        "location": "Reading, England",
        "description": "Athlete, Cyclist, Petrolhead, Company Director.",
        "url": null,
        "entities": {
            "description": {
                "urls": []
            }
        },
        "protected": false,
        "followers_count": 5,
        "friends_count": 67,
        "listed_count": 0,
        "created_at": "Mon Sep 03 11:13:42 +0000 2018",
        "favourites_count": 359,
        "utc_offset": null,
        "time_zone": null,
        "geo_enabled": false,
        "verified": false,
        "statuses_count": 91,
        "lang": "en",
        "contributors_enabled": false,
        "is_translator": false,
        "is_translation_enabled": false,
        "profile_background_color": "000000",
        "profile_background_image_url": "http://abs.twimg.com/images/themes/theme1/bg.png",
        "profile_background_image_url_https": "https://abs.twimg.com/images/themes/theme1/bg.png",
        "profile_background_tile": false,
        "profile_image_url": "http://abs.twimg.com/sticky/default_profile_images/default_profile_normal.png",
        "profile_image_url_https": "https://abs.twimg.com/sticky/default_profile_images/default_profile_normal.png",
        "profile_link_color": "981CEB",
        "profile_sidebar_border_color": "000000",
        "profile_sidebar_fill_color": "000000",
        "profile_text_color": "000000",
        "profile_use_background_image": false,
        "has_extended_profile": false,
        "default_profile": false,
        "default_profile_image": true,
        "following": null,
        "follow_request_sent": null,
        "notifications": null,
        "translator_type": "none"
    },
    "geo": null,
    "coordinates": null,
    "place": null,
    "contributors": null,
    "is_quote_status": false,
    "retweet_count": 0,
    "favorite_count": 1,
    "favorited": false,
    "retweeted": false,
    "lang": "en"
}