{
    "created_at": "Tue Apr 16 00:04:39 +0000 2019",
    "id": 1117941841045778434,
    "id_str": "1117941841045778434",
    "text": "@ExploreMidtown @jump_rides @JennyDWyant @TheCityofSac @Steve4Sac @Jeff4sac @Uber Sweet!",
    "truncated": false,
    "entities": {
        "hashtags": [],
        "symbols": [],
        "user_mentions": [
            {
                "screen_name": "ExploreMidtown",
                "name": "Explore Midtown",
                "id": 91222570,
                "id_str": "91222570",
                "indices": [
                    0,
                    15
                ]
            },
            {
                "screen_name": "jump_rides",
                "name": "JUMP",
                "id": 868126911817502721,
                "id_str": "868126911817502721",
                "indices": [
                    16,
                    27
                ]
            },
            {
                "screen_name": "JennyDWyant",
                "name": "Jennifer Donlon Wyant",
                "id": 2691644815,
                "id_str": "2691644815",
                "indices": [
                    28,
                    40
                ]
            },
            {
                "screen_name": "TheCityofSac",
                "name": "City of Sacramento",
                "id": 69359090,
                "id_str": "69359090",
                "indices": [
                    41,
                    54
                ]
            },
            {
                "screen_name": "Steve4Sac",
                "name": "Steve Hansen",
                "id": 390306162,
                "id_str": "390306162",
                "indices": [
                    55,
                    65
                ]
            },
            {
                "screen_name": "Jeff4sac",
                "name": "Jeff Harris",
                "id": 2564592517,
                "id_str": "2564592517",
                "indices": [
                    66,
                    75
                ]
            },
            {
                "screen_name": "Uber",
                "name": "Uber",
                "id": 19103481,
                "id_str": "19103481",
                "indices": [
                    76,
                    81
                ]
            }
        ],
        "urls": []
    },
    "metadata": {
        "iso_language_code": "en",
        "result_type": "recent"
    },
    "source": "<a href=\"http://twitter.com/download/iphone\" rel=\"nofollow\">Twitter for iPhone</a>",
    "in_reply_to_status_id": 1117941004932243457,
    "in_reply_to_status_id_str": "1117941004932243457",
    "in_reply_to_user_id": 91222570,
    "in_reply_to_user_id_str": "91222570",
    "in_reply_to_screen_name": "ExploreMidtown",
    "user": {
        "id": 1120133923,
        "id_str": "1120133923",
        "name": "MidtownFarmersMarket",
        "screen_name": "MFMSac",
        "location": "Midtown Sacramento",
        "description": "Presented by Sutter Health. Saturday, 8:00am - 1:00pm, 20th St, between J and K streets!",
        "url": "https://t.co/jvAK9hJOkD",
        "entities": {
            "url": {
                "urls": [
                    {
                        "url": "https://t.co/jvAK9hJOkD",
                        "expanded_url": "http://www.midtownfarmersmarketsac.com/",
                        "display_url": "midtownfarmersmarketsac.com",
                        "indices": [
                            0,
                            23
                        ]
                    }
                ]
            },
            "description": {
                "urls": []
            }
        },
        "protected": false,
        "followers_count": 2712,
        "friends_count": 497,
        "listed_count": 59,
        "created_at": "Fri Jan 25 19:45:05 +0000 2013",
        "favourites_count": 801,
        "utc_offset": null,
        "time_zone": null,
        "geo_enabled": true,
        "verified": false,
        "statuses_count": 858,
        "lang": "en",
        "contributors_enabled": false,
        "is_translator": false,
        "is_translation_enabled": false,
        "profile_background_color": "131516",
        "profile_background_image_url": "http://abs.twimg.com/images/themes/theme14/bg.gif",
        "profile_background_image_url_https": "https://abs.twimg.com/images/themes/theme14/bg.gif",
        "profile_background_tile": true,
        "profile_image_url": "http://pbs.twimg.com/profile_images/3162302082/ad309d2b538be2c8a9de466c8c7d11aa_normal.png",
        "profile_image_url_https": "https://pbs.twimg.com/profile_images/3162302082/ad309d2b538be2c8a9de466c8c7d11aa_normal.png",
        "profile_banner_url": "https://pbs.twimg.com/profile_banners/1120133923/1475685345",
        "profile_link_color": "009999",
        "profile_sidebar_border_color": "EEEEEE",
        "profile_sidebar_fill_color": "EFEFEF",
        "profile_text_color": "333333",
        "profile_use_background_image": true,
        "has_extended_profile": false,
        "default_profile": false,
        "default_profile_image": false,
        "following": null,
        "follow_request_sent": null,
        "notifications": null,
        "translator_type": "none"
    },
    "geo": null,
    "coordinates": null,
    "place": null,
    "contributors": null,
    "is_quote_status": false,
    "retweet_count": 0,
    "favorite_count": 0,
    "favorited": false,
    "retweeted": false,
    "lang": "en"
}