{
    "created_at": "Mon Apr 15 18:11:24 +0000 2019",
    "id": 1117852940281102337,
    "id_str": "1117852940281102337",
    "text": "Uber\u2019s JUMP Bikes founder and Scoot\u2019s SVP of Product are talking bikes and scooters at TC Sessions:\u00a0Mobility https://t.co/cxBL9pYkOR",
    "truncated": false,
    "entities": {
        "hashtags": [],
        "symbols": [],
        "user_mentions": [],
        "urls": [
            {
                "url": "https://t.co/cxBL9pYkOR",
                "expanded_url": "https://www.articletrunk.com/ubers-jump-bikes-founder-and-scoots-svp-of-product-are-talking-bikes-and-scooters-at-tc-sessions-mobility/",
                "display_url": "articletrunk.com/ubers-jump-bik\u2026",
                "indices": [
                    109,
                    132
                ]
            }
        ]
    },
    "metadata": {
        "iso_language_code": "en",
        "result_type": "recent"
    },
    "source": "<a href=\"http://publicize.wp.com/\" rel=\"nofollow\">WordPress.com</a>",
    "in_reply_to_status_id": null,
    "in_reply_to_status_id_str": null,
    "in_reply_to_user_id": null,
    "in_reply_to_user_id_str": null,
    "in_reply_to_screen_name": null,
    "user": {
        "id": 204959977,
        "id_str": "204959977",
        "name": "TheArticleTrunk",
        "screen_name": "TheArticleTrunk",
        "location": "New York, New York",
        "description": "",
        "url": "http://t.co/owVyQ3z0Ml",
        "entities": {
            "url": {
                "urls": [
                    {
                        "url": "http://t.co/owVyQ3z0Ml",
                        "expanded_url": "http://www.articletrunk.com",
                        "display_url": "articletrunk.com",
                        "indices": [
                            0,
                            22
                        ]
                    }
                ]
            },
            "description": {
                "urls": []
            }
        },
        "protected": false,
        "followers_count": 924,
        "friends_count": 1715,
        "listed_count": 27,
        "created_at": "Tue Oct 19 21:16:00 +0000 2010",
        "favourites_count": 0,
        "utc_offset": null,
        "time_zone": null,
        "geo_enabled": false,
        "verified": false,
        "statuses_count": 207557,
        "lang": "en",
        "contributors_enabled": false,
        "is_translator": false,
        "is_translation_enabled": false,
        "profile_background_color": "C0DEED",
        "profile_background_image_url": "http://abs.twimg.com/images/themes/theme1/bg.png",
        "profile_background_image_url_https": "https://abs.twimg.com/images/themes/theme1/bg.png",
        "profile_background_tile": true,
        "profile_image_url": "http://pbs.twimg.com/profile_images/1670533112/logo_normal.jpg",
        "profile_image_url_https": "https://pbs.twimg.com/profile_images/1670533112/logo_normal.jpg",
        "profile_banner_url": "https://pbs.twimg.com/profile_banners/204959977/1403881605",
        "profile_link_color": "0084B4",
        "profile_sidebar_border_color": "FFFFFF",
        "profile_sidebar_fill_color": "DDEEF6",
        "profile_text_color": "333333",
        "profile_use_background_image": true,
        "has_extended_profile": false,
        "default_profile": false,
        "default_profile_image": false,
        "following": null,
        "follow_request_sent": null,
        "notifications": null,
        "translator_type": "none"
    },
    "geo": null,
    "coordinates": null,
    "place": null,
    "contributors": null,
    "is_quote_status": false,
    "retweet_count": 0,
    "favorite_count": 0,
    "favorited": false,
    "retweeted": false,
    "possibly_sensitive": false,
    "lang": "en"
}