{
    "created_at": "Mon Apr 15 18:55:33 +0000 2019",
    "id": 1117864053685116928,
    "id_str": "1117864053685116928",
    "text": "Uber\u2019s JUMP Bikes founder and Scoot\u2019s SVP of Product are talking bikes and scooters at TC Sessions: Mobility\u2026 https://t.co/Pfacrj6CMW",
    "truncated": true,
    "entities": {
        "hashtags": [],
        "symbols": [],
        "user_mentions": [],
        "urls": [
            {
                "url": "https://t.co/Pfacrj6CMW",
                "expanded_url": "https://twitter.com/i/web/status/1117864053685116928",
                "display_url": "twitter.com/i/web/status/1\u2026",
                "indices": [
                    110,
                    133
                ]
            }
        ]
    },
    "metadata": {
        "iso_language_code": "en",
        "result_type": "recent"
    },
    "source": "<a href=\"https://dlvrit.com/\" rel=\"nofollow\">dlvr.it</a>",
    "in_reply_to_status_id": null,
    "in_reply_to_status_id_str": null,
    "in_reply_to_user_id": null,
    "in_reply_to_user_id_str": null,
    "in_reply_to_screen_name": null,
    "user": {
        "id": 17332787,
        "id_str": "17332787",
        "name": "\u0279\u0131ou \u01ddl s\u0250\u01dd\u0279pu\u0250",
        "screen_name": "alenoir",
        "location": "Fort Lauderdale, FL",
        "description": "People who say it cannot be done should not interrupt those who are doing it. George Bernard Shaw",
        "url": null,
        "entities": {
            "description": {
                "urls": []
            }
        },
        "protected": false,
        "followers_count": 29269,
        "friends_count": 6,
        "listed_count": 511,
        "created_at": "Wed Nov 12 05:33:47 +0000 2008",
        "favourites_count": 3,
        "utc_offset": null,
        "time_zone": null,
        "geo_enabled": false,
        "verified": false,
        "statuses_count": 111992,
        "lang": "en",
        "contributors_enabled": false,
        "is_translator": false,
        "is_translation_enabled": false,
        "profile_background_color": "FAFAFA",
        "profile_background_image_url": "http://abs.twimg.com/images/themes/theme14/bg.gif",
        "profile_background_image_url_https": "https://abs.twimg.com/images/themes/theme14/bg.gif",
        "profile_background_tile": false,
        "profile_image_url": "http://pbs.twimg.com/profile_images/498650044946321409/6Q3xjN2L_normal.jpeg",
        "profile_image_url_https": "https://pbs.twimg.com/profile_images/498650044946321409/6Q3xjN2L_normal.jpeg",
        "profile_banner_url": "https://pbs.twimg.com/profile_banners/17332787/1451963946",
        "profile_link_color": "009999",
        "profile_sidebar_border_color": "FFFFFF",
        "profile_sidebar_fill_color": "F5F0F0",
        "profile_text_color": "333333",
        "profile_use_background_image": true,
        "has_extended_profile": false,
        "default_profile": false,
        "default_profile_image": false,
        "following": null,
        "follow_request_sent": null,
        "notifications": null,
        "translator_type": "none"
    },
    "geo": null,
    "coordinates": null,
    "place": null,
    "contributors": null,
    "is_quote_status": false,
    "retweet_count": 0,
    "favorite_count": 0,
    "favorited": false,
    "retweeted": false,
    "possibly_sensitive": false,
    "lang": "en"
}