{
    "created_at": "Mon Apr 15 00:06:48 +0000 2019",
    "id": 1117579992215347200,
    "id_str": "1117579992215347200",
    "text": "RT @TheCousinSal: At this point the Pistons should just admit that they didn\u2019t MEAN to make the playoffs - jump on the team luxury Uber poo\u2026",
    "truncated": false,
    "entities": {
        "hashtags": [],
        "symbols": [],
        "user_mentions": [
            {
                "screen_name": "TheCousinSal",
                "name": "Cousin Sal",
                "id": 96423812,
                "id_str": "96423812",
                "indices": [
                    3,
                    16
                ]
            }
        ],
        "urls": []
    },
    "metadata": {
        "iso_language_code": "en",
        "result_type": "recent"
    },
    "source": "<a href=\"http://twitter.com/download/iphone\" rel=\"nofollow\">Twitter for iPhone</a>",
    "in_reply_to_status_id": null,
    "in_reply_to_status_id_str": null,
    "in_reply_to_user_id": null,
    "in_reply_to_user_id_str": null,
    "in_reply_to_screen_name": null,
    "user": {
        "id": 803835393993015296,
        "id_str": "803835393993015296",
        "name": "Tatis Jr. SZN \ud83d\udef9",
        "screen_name": "Albert0Salgad0",
        "location": "San Diego, CA",
        "description": "\ud83c\udfc0\ud83c\udfc8\ud83c\udccf",
        "url": null,
        "entities": {
            "description": {
                "urls": []
            }
        },
        "protected": false,
        "followers_count": 221,
        "friends_count": 1979,
        "listed_count": 3,
        "created_at": "Wed Nov 30 05:37:47 +0000 2016",
        "favourites_count": 50429,
        "utc_offset": null,
        "time_zone": null,
        "geo_enabled": false,
        "verified": false,
        "statuses_count": 30918,
        "lang": "en",
        "contributors_enabled": false,
        "is_translator": false,
        "is_translation_enabled": false,
        "profile_background_color": "000000",
        "profile_background_image_url": "http://abs.twimg.com/images/themes/theme1/bg.png",
        "profile_background_image_url_https": "https://abs.twimg.com/images/themes/theme1/bg.png",
        "profile_background_tile": false,
        "profile_image_url": "http://pbs.twimg.com/profile_images/1113296561528692736/qbHG4BK4_normal.jpg",
        "profile_image_url_https": "https://pbs.twimg.com/profile_images/1113296561528692736/qbHG4BK4_normal.jpg",
        "profile_banner_url": "https://pbs.twimg.com/profile_banners/803835393993015296/1554911964",
        "profile_link_color": "ABB8C2",
        "profile_sidebar_border_color": "000000",
        "profile_sidebar_fill_color": "000000",
        "profile_text_color": "000000",
        "profile_use_background_image": false,
        "has_extended_profile": false,
        "default_profile": false,
        "default_profile_image": false,
        "following": null,
        "follow_request_sent": null,
        "notifications": null,
        "translator_type": "none"
    },
    "geo": null,
    "coordinates": null,
    "place": null,
    "contributors": null,
    "retweeted_status": {
        "created_at": "Sun Apr 14 23:33:27 +0000 2019",
        "id": 1117571597617881089,
        "id_str": "1117571597617881089",
        "text": "At this point the Pistons should just admit that they didn\u2019t MEAN to make the playoffs - jump on the team luxury Ub\u2026 https://t.co/DtakXyicCx",
        "truncated": true,
        "entities": {
            "hashtags": [],
            "symbols": [],
            "user_mentions": [],
            "urls": [
                {
                    "url": "https://t.co/DtakXyicCx",
                    "expanded_url": "https://twitter.com/i/web/status/1117571597617881089",
                    "display_url": "twitter.com/i/web/status/1\u2026",
                    "indices": [
                        117,
                        140
                    ]
                }
            ]
        },
        "metadata": {
            "iso_language_code": "en",
            "result_type": "recent"
        },
        "source": "<a href=\"http://twitter.com/download/iphone\" rel=\"nofollow\">Twitter for iPhone</a>",
        "in_reply_to_status_id": null,
        "in_reply_to_status_id_str": null,
        "in_reply_to_user_id": null,
        "in_reply_to_user_id_str": null,
        "in_reply_to_screen_name": null,
        "user": {
            "id": 96423812,
            "id_str": "96423812",
            "name": "Cousin Sal",
            "screen_name": "TheCousinSal",
            "location": "Los Angeles",
            "description": "Writer/hidden camera prankster for Jimmy Kimmel Live, co-host of Lock It In on FS1, host of Against All Odds podcast, undefeated professional wrestler.",
            "url": "https://t.co/bJBog7aRvU",
            "entities": {
                "url": {
                    "urls": [
                        {
                            "url": "https://t.co/bJBog7aRvU",
                            "expanded_url": "http://cousinsal.com",
                            "display_url": "cousinsal.com",
                            "indices": [
                                0,
                                23
                            ]
                        }
                    ]
                },
                "description": {
                    "urls": []
                }
            },
            "protected": false,
            "followers_count": 190297,
            "friends_count": 223,
            "listed_count": 3087,
            "created_at": "Sat Dec 12 21:39:47 +0000 2009",
            "favourites_count": 8234,
            "utc_offset": null,
            "time_zone": null,
            "geo_enabled": true,
            "verified": true,
            "statuses_count": 4527,
            "lang": "en",
            "contributors_enabled": false,
            "is_translator": false,
            "is_translation_enabled": false,
            "profile_background_color": "C0DEED",
            "profile_background_image_url": "http://abs.twimg.com/images/themes/theme1/bg.png",
            "profile_background_image_url_https": "https://abs.twimg.com/images/themes/theme1/bg.png",
            "profile_background_tile": false,
            "profile_image_url": "http://pbs.twimg.com/profile_images/659127724389175297/nFQiTR5t_normal.jpg",
            "profile_image_url_https": "https://pbs.twimg.com/profile_images/659127724389175297/nFQiTR5t_normal.jpg",
            "profile_link_color": "0084B4",
            "profile_sidebar_border_color": "C0DEED",
            "profile_sidebar_fill_color": "DDEEF6",
            "profile_text_color": "333333",
            "profile_use_background_image": true,
            "has_extended_profile": false,
            "default_profile": false,
            "default_profile_image": false,
            "following": null,
            "follow_request_sent": null,
            "notifications": null,
            "translator_type": "none"
        },
        "geo": null,
        "coordinates": null,
        "place": null,
        "contributors": null,
        "is_quote_status": false,
        "retweet_count": 23,
        "favorite_count": 363,
        "favorited": false,
        "retweeted": false,
        "lang": "en"
    },
    "is_quote_status": false,
    "retweet_count": 23,
    "favorite_count": 0,
    "favorited": false,
    "retweeted": false,
    "lang": "en"
}