{
    "created_at": "Mon Apr 15 20:25:02 +0000 2019",
    "id": 1117886571657646081,
    "id_str": "1117886571657646081",
    "text": "More great speakers announced for our July 10 event! Uber's JUMP Bikes founder and Scoot's SVP of Product are talki\u2026 https://t.co/XApUN1R3Me",
    "truncated": true,
    "entities": {
        "hashtags": [],
        "symbols": [],
        "user_mentions": [],
        "urls": [
            {
                "url": "https://t.co/XApUN1R3Me",
                "expanded_url": "https://twitter.com/i/web/status/1117886571657646081",
                "display_url": "twitter.com/i/web/status/1\u2026",
                "indices": [
                    117,
                    140
                ]
            }
        ]
    },
    "metadata": {
        "iso_language_code": "en",
        "result_type": "recent"
    },
    "source": "<a href=\"http://twitter.com\" rel=\"nofollow\">Twitter Web Client</a>",
    "in_reply_to_status_id": null,
    "in_reply_to_status_id_str": null,
    "in_reply_to_user_id": null,
    "in_reply_to_user_id_str": null,
    "in_reply_to_screen_name": null,
    "user": {
        "id": 20009841,
        "id_str": "20009841",
        "name": "Kirsten Korosec",
        "screen_name": "kirstenkorosec",
        "location": "",
        "description": "Senior reporter @techcrunch. I write about the future of transportation. Wearer of helmets. \nDM me tips or for my Signal #.  Co-host of @TheAutonocast",
        "url": "https://t.co/QgxDvht0Dv",
        "entities": {
            "url": {
                "urls": [
                    {
                        "url": "https://t.co/QgxDvht0Dv",
                        "expanded_url": "http://www.techcrunch.com",
                        "display_url": "techcrunch.com",
                        "indices": [
                            0,
                            23
                        ]
                    }
                ]
            },
            "description": {
                "urls": []
            }
        },
        "protected": false,
        "followers_count": 5786,
        "friends_count": 572,
        "listed_count": 348,
        "created_at": "Tue Feb 03 22:30:08 +0000 2009",
        "favourites_count": 1702,
        "utc_offset": null,
        "time_zone": null,
        "geo_enabled": false,
        "verified": true,
        "statuses_count": 4850,
        "lang": "en",
        "contributors_enabled": false,
        "is_translator": false,
        "is_translation_enabled": false,
        "profile_background_color": "352726",
        "profile_background_image_url": "http://abs.twimg.com/images/themes/theme5/bg.gif",
        "profile_background_image_url_https": "https://abs.twimg.com/images/themes/theme5/bg.gif",
        "profile_background_tile": false,
        "profile_image_url": "http://pbs.twimg.com/profile_images/476766365521436673/DI0wvE1N_normal.jpeg",
        "profile_image_url_https": "https://pbs.twimg.com/profile_images/476766365521436673/DI0wvE1N_normal.jpeg",
        "profile_banner_url": "https://pbs.twimg.com/profile_banners/20009841/1474599350",
        "profile_link_color": "1B95E0",
        "profile_sidebar_border_color": "9DCCA7",
        "profile_sidebar_fill_color": "D9D4A7",
        "profile_text_color": "3E4415",
        "profile_use_background_image": true,
        "has_extended_profile": false,
        "default_profile": false,
        "default_profile_image": false,
        "following": null,
        "follow_request_sent": null,
        "notifications": null,
        "translator_type": "none"
    },
    "geo": null,
    "coordinates": null,
    "place": null,
    "contributors": null,
    "is_quote_status": false,
    "retweet_count": 0,
    "favorite_count": 7,
    "favorited": false,
    "retweeted": false,
    "possibly_sensitive": false,
    "lang": "en"
}