{
    "created_at": "Mon Apr 15 17:10:06 +0000 2019",
    "id": 1117837514251874304,
    "id_str": "1117837514251874304",
    "text": "Uber\u2019s JUMP Bikes founder and Scoot\u2019s SVP of Product are talking bikes and scooters at TC Sessions: Mobility https://t.co/AWirXt86X6",
    "truncated": false,
    "entities": {
        "hashtags": [],
        "symbols": [],
        "user_mentions": [],
        "urls": [
            {
                "url": "https://t.co/AWirXt86X6",
                "expanded_url": "https://techcrunch.com/2019/04/15/ubers-jump-bikes-founder-and-scoots-svp-of-product-are-talking-bikes-and-scooters-at-tc-sessions-mobility",
                "display_url": "techcrunch.com/2019/04/15/ube\u2026",
                "indices": [
                    109,
                    132
                ]
            }
        ]
    },
    "metadata": {
        "iso_language_code": "en",
        "result_type": "recent"
    },
    "source": "<a href=\"http://www.startupranking.com/\" rel=\"nofollow\">StartupRanking Advanced</a>",
    "in_reply_to_status_id": null,
    "in_reply_to_status_id_str": null,
    "in_reply_to_user_id": null,
    "in_reply_to_user_id_str": null,
    "in_reply_to_screen_name": null,
    "user": {
        "id": 1432373952,
        "id_str": "1432373952",
        "name": "Startup Ranking",
        "screen_name": "StartupRanking",
        "location": "Worldwide",
        "description": "The global ranking for startups.",
        "url": "https://t.co/Hcr7pz9it8",
        "entities": {
            "url": {
                "urls": [
                    {
                        "url": "https://t.co/Hcr7pz9it8",
                        "expanded_url": "https://www.startupranking.com/",
                        "display_url": "startupranking.com",
                        "indices": [
                            0,
                            23
                        ]
                    }
                ]
            },
            "description": {
                "urls": []
            }
        },
        "protected": false,
        "followers_count": 4805,
        "friends_count": 3295,
        "listed_count": 244,
        "created_at": "Thu May 16 07:31:35 +0000 2013",
        "favourites_count": 3896,
        "utc_offset": null,
        "time_zone": null,
        "geo_enabled": false,
        "verified": false,
        "statuses_count": 75606,
        "lang": "en",
        "contributors_enabled": false,
        "is_translator": false,
        "is_translation_enabled": false,
        "profile_background_color": "B2DFDA",
        "profile_background_image_url": "http://abs.twimg.com/images/themes/theme1/bg.png",
        "profile_background_image_url_https": "https://abs.twimg.com/images/themes/theme1/bg.png",
        "profile_background_tile": true,
        "profile_image_url": "http://pbs.twimg.com/profile_images/490577685505011713/FXRWmLP6_normal.png",
        "profile_image_url_https": "https://pbs.twimg.com/profile_images/490577685505011713/FXRWmLP6_normal.png",
        "profile_banner_url": "https://pbs.twimg.com/profile_banners/1432373952/1405797944",
        "profile_link_color": "4470A6",
        "profile_sidebar_border_color": "FFFFFF",
        "profile_sidebar_fill_color": "DDEEF6",
        "profile_text_color": "333333",
        "profile_use_background_image": true,
        "has_extended_profile": false,
        "default_profile": false,
        "default_profile_image": false,
        "following": null,
        "follow_request_sent": null,
        "notifications": null,
        "translator_type": "none"
    },
    "geo": null,
    "coordinates": null,
    "place": null,
    "contributors": null,
    "is_quote_status": false,
    "retweet_count": 0,
    "favorite_count": 0,
    "favorited": false,
    "retweeted": false,
    "possibly_sensitive": false,
    "lang": "en"
}