{
    "created_at": "Mon Apr 15 20:47:50 +0000 2019",
    "id": 1117892306919550976,
    "id_str": "1117892306919550976",
    "text": "Uber\u2019s JUMP Bikes founder and Scoot\u2019s SVP of Product are talking bikes and scooters at TC Sessions: Mobility https://t.co/R5GmwWN1qi",
    "truncated": false,
    "entities": {
        "hashtags": [],
        "symbols": [],
        "user_mentions": [],
        "urls": [
            {
                "url": "https://t.co/R5GmwWN1qi",
                "expanded_url": "http://bit.ly/2UXzmwq",
                "display_url": "bit.ly/2UXzmwq",
                "indices": [
                    109,
                    132
                ]
            }
        ]
    },
    "metadata": {
        "iso_language_code": "en",
        "result_type": "recent"
    },
    "source": "<a href=\"https://ifttt.com\" rel=\"nofollow\">IFTTT</a>",
    "in_reply_to_status_id": null,
    "in_reply_to_status_id_str": null,
    "in_reply_to_user_id": null,
    "in_reply_to_user_id_str": null,
    "in_reply_to_screen_name": null,
    "user": {
        "id": 1016065436,
        "id_str": "1016065436",
        "name": "Elexonic",
        "screen_name": "Elexonic",
        "location": "United States",
        "description": "\u2139\ufe0f \u00bb \u00a9 2019 https://t.co/KsfcRTgjWA  \u00bb  #Tech #News | #Cryptocurrency | #Investment |  #Business | #StartUP #Technology | #Science | #Future \ud83c\uddfa\ud83c\uddf8",
        "url": "http://t.co/Ws63WFCF7c",
        "entities": {
            "url": {
                "urls": [
                    {
                        "url": "http://t.co/Ws63WFCF7c",
                        "expanded_url": "http://www.elexonic.com",
                        "display_url": "elexonic.com",
                        "indices": [
                            0,
                            22
                        ]
                    }
                ]
            },
            "description": {
                "urls": [
                    {
                        "url": "https://t.co/KsfcRTgjWA",
                        "expanded_url": "http://Elexonic.com",
                        "display_url": "Elexonic.com",
                        "indices": [
                            12,
                            35
                        ]
                    }
                ]
            }
        },
        "protected": false,
        "followers_count": 13113,
        "friends_count": 12045,
        "listed_count": 178,
        "created_at": "Sun Dec 16 20:56:20 +0000 2012",
        "favourites_count": 193,
        "utc_offset": null,
        "time_zone": null,
        "geo_enabled": true,
        "verified": false,
        "statuses_count": 86287,
        "lang": "en",
        "contributors_enabled": false,
        "is_translator": false,
        "is_translation_enabled": false,
        "profile_background_color": "C0DEED",
        "profile_background_image_url": "http://abs.twimg.com/images/themes/theme1/bg.png",
        "profile_background_image_url_https": "https://abs.twimg.com/images/themes/theme1/bg.png",
        "profile_background_tile": false,
        "profile_image_url": "http://pbs.twimg.com/profile_images/945313068585807874/vQNL5Qeq_normal.jpg",
        "profile_image_url_https": "https://pbs.twimg.com/profile_images/945313068585807874/vQNL5Qeq_normal.jpg",
        "profile_banner_url": "https://pbs.twimg.com/profile_banners/1016065436/1458400059",
        "profile_link_color": "1DA1F2",
        "profile_sidebar_border_color": "C0DEED",
        "profile_sidebar_fill_color": "DDEEF6",
        "profile_text_color": "333333",
        "profile_use_background_image": true,
        "has_extended_profile": false,
        "default_profile": true,
        "default_profile_image": false,
        "following": null,
        "follow_request_sent": null,
        "notifications": null,
        "translator_type": "none"
    },
    "geo": null,
    "coordinates": null,
    "place": null,
    "contributors": null,
    "is_quote_status": false,
    "retweet_count": 0,
    "favorite_count": 0,
    "favorited": false,
    "retweeted": false,
    "possibly_sensitive": false,
    "lang": "en"
}