{
    "created_at": "Mon Apr 15 17:13:32 +0000 2019",
    "id": 1117838379406647296,
    "id_str": "1117838379406647296",
    "text": "Uber\u2019s JUMP Bikes founder and Scoot\u2019s SVP of Product are talking bikes and scooters at TC Sessions: Mobility\u2026 https://t.co/gIQhNW3PbE",
    "truncated": true,
    "entities": {
        "hashtags": [],
        "symbols": [],
        "user_mentions": [],
        "urls": [
            {
                "url": "https://t.co/gIQhNW3PbE",
                "expanded_url": "https://twitter.com/i/web/status/1117838379406647296",
                "display_url": "twitter.com/i/web/status/1\u2026",
                "indices": [
                    110,
                    133
                ]
            }
        ]
    },
    "metadata": {
        "iso_language_code": "en",
        "result_type": "recent"
    },
    "source": "<a href=\"https://dlvrit.com/\" rel=\"nofollow\">dlvr.it</a>",
    "in_reply_to_status_id": null,
    "in_reply_to_status_id_str": null,
    "in_reply_to_user_id": null,
    "in_reply_to_user_id_str": null,
    "in_reply_to_screen_name": null,
    "user": {
        "id": 1617615235,
        "id_str": "1617615235",
        "name": "Customer360",
        "screen_name": "Customer3SIXTY",
        "location": "Mumbai",
        "description": "Simple & intuitive cross-platform customer support solution - Forever free for SMBs.",
        "url": "http://t.co/e2nD85HkdF",
        "entities": {
            "url": {
                "urls": [
                    {
                        "url": "http://t.co/e2nD85HkdF",
                        "expanded_url": "http://www.Customer360.co",
                        "display_url": "Customer360.co",
                        "indices": [
                            0,
                            22
                        ]
                    }
                ]
            },
            "description": {
                "urls": []
            }
        },
        "protected": false,
        "followers_count": 452,
        "friends_count": 135,
        "listed_count": 251,
        "created_at": "Wed Jul 24 11:54:43 +0000 2013",
        "favourites_count": 704,
        "utc_offset": null,
        "time_zone": null,
        "geo_enabled": false,
        "verified": false,
        "statuses_count": 20939,
        "lang": "en",
        "contributors_enabled": false,
        "is_translator": false,
        "is_translation_enabled": false,
        "profile_background_color": "9AE4E8",
        "profile_background_image_url": "http://abs.twimg.com/images/themes/theme19/bg.gif",
        "profile_background_image_url_https": "https://abs.twimg.com/images/themes/theme19/bg.gif",
        "profile_background_tile": false,
        "profile_image_url": "http://pbs.twimg.com/profile_images/378800000321944799/7dc065f32976dd772ab0c80e6b425914_normal.png",
        "profile_image_url_https": "https://pbs.twimg.com/profile_images/378800000321944799/7dc065f32976dd772ab0c80e6b425914_normal.png",
        "profile_banner_url": "https://pbs.twimg.com/profile_banners/1617615235/1435817355",
        "profile_link_color": "0084B4",
        "profile_sidebar_border_color": "FFFFFF",
        "profile_sidebar_fill_color": "DDEEF6",
        "profile_text_color": "333333",
        "profile_use_background_image": true,
        "has_extended_profile": false,
        "default_profile": false,
        "default_profile_image": false,
        "following": null,
        "follow_request_sent": null,
        "notifications": null,
        "translator_type": "none"
    },
    "geo": null,
    "coordinates": null,
    "place": null,
    "contributors": null,
    "is_quote_status": false,
    "retweet_count": 0,
    "favorite_count": 0,
    "favorited": false,
    "retweeted": false,
    "possibly_sensitive": false,
    "lang": "en"
}