{
    "created_at": "Mon Apr 15 03:15:55 +0000 2019",
    "id": 1117627583208853504,
    "id_str": "1117627583208853504",
    "text": "We have #Uber #Lyft #Bird #Lime #Jump #Spin  Six different companies willing to rent a shared scooter or bike in Ur\u2026 https://t.co/WkzbzBEAVS",
    "truncated": true,
    "entities": {
        "hashtags": [
            {
                "text": "Uber",
                "indices": [
                    8,
                    13
                ]
            },
            {
                "text": "Lyft",
                "indices": [
                    14,
                    19
                ]
            },
            {
                "text": "Bird",
                "indices": [
                    20,
                    25
                ]
            },
            {
                "text": "Lime",
                "indices": [
                    26,
                    31
                ]
            },
            {
                "text": "Jump",
                "indices": [
                    32,
                    37
                ]
            },
            {
                "text": "Spin",
                "indices": [
                    38,
                    43
                ]
            }
        ],
        "symbols": [],
        "user_mentions": [],
        "urls": [
            {
                "url": "https://t.co/WkzbzBEAVS",
                "expanded_url": "https://twitter.com/i/web/status/1117627583208853504",
                "display_url": "twitter.com/i/web/status/1\u2026",
                "indices": [
                    117,
                    140
                ]
            }
        ]
    },
    "metadata": {
        "iso_language_code": "en",
        "result_type": "recent"
    },
    "source": "<a href=\"http://twitter.com\" rel=\"nofollow\">Twitter Web Client</a>",
    "in_reply_to_status_id": null,
    "in_reply_to_status_id_str": null,
    "in_reply_to_user_id": null,
    "in_reply_to_user_id_str": null,
    "in_reply_to_screen_name": null,
    "user": {
        "id": 938088819232043010,
        "id_str": "938088819232043010",
        "name": "Randy Schatz",
        "screen_name": "CrystalCoRandy",
        "location": "Moorhead, MN",
        "description": "#NetworkSpecialist at #CrystalSugarCo in #Moorhead. Husband. Father.  Geek.  EMT. Opinions Tweeted are my own.",
        "url": "https://t.co/QriwagSxhf",
        "entities": {
            "url": {
                "urls": [
                    {
                        "url": "https://t.co/QriwagSxhf",
                        "expanded_url": "https://www.crystalsugar.com/",
                        "display_url": "crystalsugar.com",
                        "indices": [
                            0,
                            23
                        ]
                    }
                ]
            },
            "description": {
                "urls": []
            }
        },
        "protected": false,
        "followers_count": 200,
        "friends_count": 155,
        "listed_count": 2,
        "created_at": "Tue Dec 05 16:52:58 +0000 2017",
        "favourites_count": 755,
        "utc_offset": null,
        "time_zone": null,
        "geo_enabled": true,
        "verified": false,
        "statuses_count": 1043,
        "lang": "en",
        "contributors_enabled": false,
        "is_translator": false,
        "is_translation_enabled": false,
        "profile_background_color": "000000",
        "profile_background_image_url": "http://abs.twimg.com/images/themes/theme1/bg.png",
        "profile_background_image_url_https": "https://abs.twimg.com/images/themes/theme1/bg.png",
        "profile_background_tile": false,
        "profile_image_url": "http://pbs.twimg.com/profile_images/938090068631310337/QBevlKLT_normal.jpg",
        "profile_image_url_https": "https://pbs.twimg.com/profile_images/938090068631310337/QBevlKLT_normal.jpg",
        "profile_banner_url": "https://pbs.twimg.com/profile_banners/938088819232043010/1512493063",
        "profile_link_color": "E13A38",
        "profile_sidebar_border_color": "000000",
        "profile_sidebar_fill_color": "000000",
        "profile_text_color": "000000",
        "profile_use_background_image": false,
        "has_extended_profile": true,
        "default_profile": false,
        "default_profile_image": false,
        "following": null,
        "follow_request_sent": null,
        "notifications": null,
        "translator_type": "none"
    },
    "geo": null,
    "coordinates": null,
    "place": null,
    "contributors": null,
    "is_quote_status": false,
    "retweet_count": 0,
    "favorite_count": 0,
    "favorited": false,
    "retweeted": false,
    "lang": "en"
}