{
    "created_at": "Mon Apr 15 17:10:12 +0000 2019",
    "id": 1117837540525056000,
    "id_str": "1117837540525056000",
    "text": "Uber\u2019s JUMP Bikes founder and Scoot\u2019s SVP of Product are talking bikes and scooters at TC Sessions: Mobility https://t.co/q29hnPBHsK",
    "truncated": false,
    "entities": {
        "hashtags": [],
        "symbols": [],
        "user_mentions": [],
        "urls": [
            {
                "url": "https://t.co/q29hnPBHsK",
                "expanded_url": "https://techcrunch.com/2019/04/15/ubers-jump-bikes-founder-and-scoots-svp-of-product-are-talking-bikes-and-scooters-at-tc-sessions-mobility/",
                "display_url": "techcrunch.com/2019/04/15/ube\u2026",
                "indices": [
                    109,
                    132
                ]
            }
        ]
    },
    "metadata": {
        "iso_language_code": "en",
        "result_type": "recent"
    },
    "source": "<a href=\"https://ifttt.com\" rel=\"nofollow\">IFTTT</a>",
    "in_reply_to_status_id": null,
    "in_reply_to_status_id_str": null,
    "in_reply_to_user_id": null,
    "in_reply_to_user_id_str": null,
    "in_reply_to_screen_name": null,
    "user": {
        "id": 875320890879356928,
        "id_str": "875320890879356928",
        "name": "Malvatronics",
        "screen_name": "Malvatronics",
        "location": "UK",
        "description": "Malvatronics provides an electronics and software design and development service specialising in embedded systems.",
        "url": "https://t.co/wZtBVRqQHV",
        "entities": {
            "url": {
                "urls": [
                    {
                        "url": "https://t.co/wZtBVRqQHV",
                        "expanded_url": "http://www.malvatronics.co.uk/",
                        "display_url": "malvatronics.co.uk",
                        "indices": [
                            0,
                            23
                        ]
                    }
                ]
            },
            "description": {
                "urls": []
            }
        },
        "protected": false,
        "followers_count": 13,
        "friends_count": 1,
        "listed_count": 1,
        "created_at": "Thu Jun 15 11:55:37 +0000 2017",
        "favourites_count": 0,
        "utc_offset": null,
        "time_zone": null,
        "geo_enabled": false,
        "verified": false,
        "statuses_count": 20235,
        "lang": "en-gb",
        "contributors_enabled": false,
        "is_translator": false,
        "is_translation_enabled": false,
        "profile_background_color": "F5F8FA",
        "profile_background_image_url": null,
        "profile_background_image_url_https": null,
        "profile_background_tile": false,
        "profile_image_url": "http://pbs.twimg.com/profile_images/882995806072078336/39zeWIuA_normal.jpg",
        "profile_image_url_https": "https://pbs.twimg.com/profile_images/882995806072078336/39zeWIuA_normal.jpg",
        "profile_banner_url": "https://pbs.twimg.com/profile_banners/875320890879356928/1499357632",
        "profile_link_color": "1DA1F2",
        "profile_sidebar_border_color": "C0DEED",
        "profile_sidebar_fill_color": "DDEEF6",
        "profile_text_color": "333333",
        "profile_use_background_image": true,
        "has_extended_profile": false,
        "default_profile": true,
        "default_profile_image": false,
        "following": null,
        "follow_request_sent": null,
        "notifications": null,
        "translator_type": "none"
    },
    "geo": null,
    "coordinates": null,
    "place": null,
    "contributors": null,
    "is_quote_status": false,
    "retweet_count": 0,
    "favorite_count": 0,
    "favorited": false,
    "retweeted": false,
    "possibly_sensitive": false,
    "lang": "en"
}