{
    "created_at": "Mon Apr 15 17:07:50 +0000 2019",
    "id": 1117836943075762178,
    "id_str": "1117836943075762178",
    "text": "Uber\u2019s JUMP Bikes founder and Scoot\u2019s SVP of Product are talking bikes and scooters at TC Sessions: Mobility https://t.co/UNEZhvw6PZ",
    "truncated": false,
    "entities": {
        "hashtags": [],
        "symbols": [],
        "user_mentions": [],
        "urls": [
            {
                "url": "https://t.co/UNEZhvw6PZ",
                "expanded_url": "https://tcrn.ch/2Gekf8r",
                "display_url": "tcrn.ch/2Gekf8r",
                "indices": [
                    109,
                    132
                ]
            }
        ]
    },
    "metadata": {
        "iso_language_code": "en",
        "result_type": "recent"
    },
    "source": "<a href=\"https://ifttt.com\" rel=\"nofollow\">IFTTT</a>",
    "in_reply_to_status_id": null,
    "in_reply_to_status_id_str": null,
    "in_reply_to_user_id": null,
    "in_reply_to_user_id_str": null,
    "in_reply_to_screen_name": null,
    "user": {
        "id": 4775702286,
        "id_str": "4775702286",
        "name": "Team Clerk",
        "screen_name": "teamclerk",
        "location": "United States",
        "description": "Team Clerk is a team and project management tool that automatically keeps your team organized and monitors progress of all of your projects.",
        "url": "https://t.co/sfW6HdW53N",
        "entities": {
            "url": {
                "urls": [
                    {
                        "url": "https://t.co/sfW6HdW53N",
                        "expanded_url": "https://www.teamclerk.com",
                        "display_url": "teamclerk.com",
                        "indices": [
                            0,
                            23
                        ]
                    }
                ]
            },
            "description": {
                "urls": []
            }
        },
        "protected": false,
        "followers_count": 392,
        "friends_count": 1252,
        "listed_count": 46,
        "created_at": "Mon Jan 18 00:02:51 +0000 2016",
        "favourites_count": 2,
        "utc_offset": null,
        "time_zone": null,
        "geo_enabled": false,
        "verified": false,
        "statuses_count": 41392,
        "lang": "en",
        "contributors_enabled": false,
        "is_translator": false,
        "is_translation_enabled": false,
        "profile_background_color": "000000",
        "profile_background_image_url": "http://abs.twimg.com/images/themes/theme1/bg.png",
        "profile_background_image_url_https": "https://abs.twimg.com/images/themes/theme1/bg.png",
        "profile_background_tile": false,
        "profile_image_url": "http://pbs.twimg.com/profile_images/689525104020054016/oqe43hqy_normal.jpg",
        "profile_image_url_https": "https://pbs.twimg.com/profile_images/689525104020054016/oqe43hqy_normal.jpg",
        "profile_banner_url": "https://pbs.twimg.com/profile_banners/4775702286/1453081284",
        "profile_link_color": "3B94D9",
        "profile_sidebar_border_color": "000000",
        "profile_sidebar_fill_color": "000000",
        "profile_text_color": "000000",
        "profile_use_background_image": false,
        "has_extended_profile": false,
        "default_profile": false,
        "default_profile_image": false,
        "following": null,
        "follow_request_sent": null,
        "notifications": null,
        "translator_type": "none"
    },
    "geo": null,
    "coordinates": null,
    "place": null,
    "contributors": null,
    "is_quote_status": false,
    "retweet_count": 0,
    "favorite_count": 0,
    "favorited": false,
    "retweeted": false,
    "possibly_sensitive": false,
    "lang": "en"
}