{
    "created_at": "Mon Apr 15 17:40:02 +0000 2019",
    "id": 1117845047221862400,
    "id_str": "1117845047221862400",
    "text": "Uber\u2019s JUMP Bikes founder and Scoot\u2019s SVP of Product are talking bikes and scooters at TC Sessions: Mobility https://t.co/r1Iwg7w4sd",
    "truncated": false,
    "entities": {
        "hashtags": [],
        "symbols": [],
        "user_mentions": [],
        "urls": [
            {
                "url": "https://t.co/r1Iwg7w4sd",
                "expanded_url": "http://iphone-case-fashion.com/ubers-jump-bikes-founder-and-scoots-svp-of-product-are-talking-bikes-and-scooters-at-tc-sessions-mobility/",
                "display_url": "iphone-case-fashion.com/ubers-jump-bik\u2026",
                "indices": [
                    109,
                    132
                ]
            }
        ]
    },
    "metadata": {
        "iso_language_code": "en",
        "result_type": "recent"
    },
    "source": "<a href=\"http://publicize.wp.com/\" rel=\"nofollow\">WordPress.com</a>",
    "in_reply_to_status_id": null,
    "in_reply_to_status_id_str": null,
    "in_reply_to_user_id": null,
    "in_reply_to_user_id_str": null,
    "in_reply_to_screen_name": null,
    "user": {
        "id": 539815349,
        "id_str": "539815349",
        "name": "iPhone case Fashion",
        "screen_name": "iPhone__Fashion",
        "location": "",
        "description": "\ud83d\ude03 #retwitter",
        "url": "https://t.co/QWB7aPGw0n",
        "entities": {
            "url": {
                "urls": [
                    {
                        "url": "https://t.co/QWB7aPGw0n",
                        "expanded_url": "http://iphone-case-fashion.com",
                        "display_url": "iphone-case-fashion.com",
                        "indices": [
                            0,
                            23
                        ]
                    }
                ]
            },
            "description": {
                "urls": []
            }
        },
        "protected": false,
        "followers_count": 767,
        "friends_count": 75,
        "listed_count": 38,
        "created_at": "Thu Mar 29 09:03:21 +0000 2012",
        "favourites_count": 1609,
        "utc_offset": null,
        "time_zone": null,
        "geo_enabled": false,
        "verified": false,
        "statuses_count": 49067,
        "lang": "en",
        "contributors_enabled": false,
        "is_translator": false,
        "is_translation_enabled": false,
        "profile_background_color": "022330",
        "profile_background_image_url": "http://abs.twimg.com/images/themes/theme15/bg.png",
        "profile_background_image_url_https": "https://abs.twimg.com/images/themes/theme15/bg.png",
        "profile_background_tile": false,
        "profile_image_url": "http://pbs.twimg.com/profile_images/674445090572529665/sn81iAb2_normal.jpg",
        "profile_image_url_https": "https://pbs.twimg.com/profile_images/674445090572529665/sn81iAb2_normal.jpg",
        "profile_link_color": "0084B4",
        "profile_sidebar_border_color": "A8C7F7",
        "profile_sidebar_fill_color": "C0DFEC",
        "profile_text_color": "333333",
        "profile_use_background_image": true,
        "has_extended_profile": false,
        "default_profile": false,
        "default_profile_image": false,
        "following": null,
        "follow_request_sent": null,
        "notifications": null,
        "translator_type": "none"
    },
    "geo": null,
    "coordinates": null,
    "place": null,
    "contributors": null,
    "is_quote_status": false,
    "retweet_count": 0,
    "favorite_count": 0,
    "favorited": false,
    "retweeted": false,
    "possibly_sensitive": false,
    "lang": "en"
}