{
    "created_at": "Mon Apr 15 22:30:32 +0000 2019",
    "id": 1117918153076563968,
    "id_str": "1117918153076563968",
    "text": "#TechNews - Uber\u2019s JUMP Bikes founder and Scoot\u2019s SVP of Product are talking bikes and scooters at TC Sessions: M... https://t.co/w9plsb1Yy8",
    "truncated": false,
    "entities": {
        "hashtags": [
            {
                "text": "TechNews",
                "indices": [
                    0,
                    9
                ]
            }
        ],
        "symbols": [],
        "user_mentions": [],
        "urls": [
            {
                "url": "https://t.co/w9plsb1Yy8",
                "expanded_url": "http://bit.ly/2GqE0ek",
                "display_url": "bit.ly/2GqE0ek",
                "indices": [
                    117,
                    140
                ]
            }
        ]
    },
    "metadata": {
        "iso_language_code": "en",
        "result_type": "recent"
    },
    "source": "<a href=\"https://sproutsocial.com\" rel=\"nofollow\">Sprout Social</a>",
    "in_reply_to_status_id": null,
    "in_reply_to_status_id_str": null,
    "in_reply_to_user_id": null,
    "in_reply_to_user_id_str": null,
    "in_reply_to_screen_name": null,
    "user": {
        "id": 964214618,
        "id_str": "964214618",
        "name": "Naked Element",
        "screen_name": "NakedElement",
        "location": "Norwich, UK",
        "description": "Technology solutions for innovative businesses.\n\n                    01603 383458\ninfo@nakedelement.co.uk",
        "url": "http://t.co/mapjGKucBi",
        "entities": {
            "url": {
                "urls": [
                    {
                        "url": "http://t.co/mapjGKucBi",
                        "expanded_url": "http://www.nakedelement.co.uk",
                        "display_url": "nakedelement.co.uk",
                        "indices": [
                            0,
                            22
                        ]
                    }
                ]
            },
            "description": {
                "urls": []
            }
        },
        "protected": false,
        "followers_count": 1483,
        "friends_count": 1332,
        "listed_count": 141,
        "created_at": "Thu Nov 22 12:57:13 +0000 2012",
        "favourites_count": 2746,
        "utc_offset": null,
        "time_zone": null,
        "geo_enabled": true,
        "verified": false,
        "statuses_count": 7877,
        "lang": "en",
        "contributors_enabled": false,
        "is_translator": false,
        "is_translation_enabled": false,
        "profile_background_color": "C0DEED",
        "profile_background_image_url": "http://abs.twimg.com/images/themes/theme1/bg.png",
        "profile_background_image_url_https": "https://abs.twimg.com/images/themes/theme1/bg.png",
        "profile_background_tile": false,
        "profile_image_url": "http://pbs.twimg.com/profile_images/522013495638769664/yrKuvBgH_normal.png",
        "profile_image_url_https": "https://pbs.twimg.com/profile_images/522013495638769664/yrKuvBgH_normal.png",
        "profile_banner_url": "https://pbs.twimg.com/profile_banners/964214618/1450001549",
        "profile_link_color": "1DA1F2",
        "profile_sidebar_border_color": "C0DEED",
        "profile_sidebar_fill_color": "DDEEF6",
        "profile_text_color": "333333",
        "profile_use_background_image": true,
        "has_extended_profile": false,
        "default_profile": true,
        "default_profile_image": false,
        "following": null,
        "follow_request_sent": null,
        "notifications": null,
        "translator_type": "none"
    },
    "geo": null,
    "coordinates": null,
    "place": null,
    "contributors": null,
    "is_quote_status": false,
    "retweet_count": 0,
    "favorite_count": 0,
    "favorited": false,
    "retweeted": false,
    "possibly_sensitive": false,
    "lang": "en"
}