{
    "created_at": "Mon Apr 15 17:19:05 +0000 2019",
    "id": 1117839776097288203,
    "id_str": "1117839776097288203",
    "text": "Uber\u2019s JUMP Bikes founder and Scoot\u2019s SVP of Product are talking bikes and scooters at TC Sessions: Mobility\u2026 https://t.co/5Tyqdk1PdL",
    "truncated": true,
    "entities": {
        "hashtags": [],
        "symbols": [],
        "user_mentions": [],
        "urls": [
            {
                "url": "https://t.co/5Tyqdk1PdL",
                "expanded_url": "https://twitter.com/i/web/status/1117839776097288203",
                "display_url": "twitter.com/i/web/status/1\u2026",
                "indices": [
                    110,
                    133
                ]
            }
        ]
    },
    "metadata": {
        "iso_language_code": "en",
        "result_type": "recent"
    },
    "source": "<a href=\"https://dlvrit.com/\" rel=\"nofollow\">dlvr.it</a>",
    "in_reply_to_status_id": null,
    "in_reply_to_status_id_str": null,
    "in_reply_to_user_id": null,
    "in_reply_to_user_id_str": null,
    "in_reply_to_screen_name": null,
    "user": {
        "id": 183816474,
        "id_str": "183816474",
        "name": "nmachi jidenma",
        "screen_name": "nmachijidenma",
        "location": "sf bay area",
        "description": "Tech & business leader. Strategic Partnerships Lead @WhatsApp Formerly @Facebook @PayPal views=mine nmachijidenma@gmail.com",
        "url": "https://t.co/tmfkCbnXDO",
        "entities": {
            "url": {
                "urls": [
                    {
                        "url": "https://t.co/tmfkCbnXDO",
                        "expanded_url": "http://linkedin.com/in/nmachijidenma/",
                        "display_url": "linkedin.com/in/nmachijiden\u2026",
                        "indices": [
                            0,
                            23
                        ]
                    }
                ]
            },
            "description": {
                "urls": []
            }
        },
        "protected": false,
        "followers_count": 5820,
        "friends_count": 1850,
        "listed_count": 369,
        "created_at": "Fri Aug 27 23:46:52 +0000 2010",
        "favourites_count": 1513,
        "utc_offset": null,
        "time_zone": null,
        "geo_enabled": false,
        "verified": false,
        "statuses_count": 88735,
        "lang": "en",
        "contributors_enabled": false,
        "is_translator": false,
        "is_translation_enabled": false,
        "profile_background_color": "000000",
        "profile_background_image_url": "http://abs.twimg.com/images/themes/theme14/bg.gif",
        "profile_background_image_url_https": "https://abs.twimg.com/images/themes/theme14/bg.gif",
        "profile_background_tile": false,
        "profile_image_url": "http://pbs.twimg.com/profile_images/1110882452908576768/B-Lr_CaQ_normal.jpg",
        "profile_image_url_https": "https://pbs.twimg.com/profile_images/1110882452908576768/B-Lr_CaQ_normal.jpg",
        "profile_banner_url": "https://pbs.twimg.com/profile_banners/183816474/1420962693",
        "profile_link_color": "3B94D9",
        "profile_sidebar_border_color": "000000",
        "profile_sidebar_fill_color": "000000",
        "profile_text_color": "000000",
        "profile_use_background_image": false,
        "has_extended_profile": false,
        "default_profile": false,
        "default_profile_image": false,
        "following": null,
        "follow_request_sent": null,
        "notifications": null,
        "translator_type": "none"
    },
    "geo": null,
    "coordinates": null,
    "place": null,
    "contributors": null,
    "is_quote_status": false,
    "retweet_count": 0,
    "favorite_count": 0,
    "favorited": false,
    "retweeted": false,
    "possibly_sensitive": false,
    "lang": "en"
}