{
    "created_at": "Mon Apr 15 18:11:35 +0000 2019",
    "id": 1117852985088860160,
    "id_str": "1117852985088860160",
    "text": "Uber\u2019s JUMP Bikes founder and Scoot\u2019s SVP of Product are talking bikes and scooters at TC Sessions: Mobility\u2026 https://t.co/hw4mVCTYa0",
    "truncated": true,
    "entities": {
        "hashtags": [],
        "symbols": [],
        "user_mentions": [],
        "urls": [
            {
                "url": "https://t.co/hw4mVCTYa0",
                "expanded_url": "https://twitter.com/i/web/status/1117852985088860160",
                "display_url": "twitter.com/i/web/status/1\u2026",
                "indices": [
                    110,
                    133
                ]
            }
        ]
    },
    "metadata": {
        "iso_language_code": "en",
        "result_type": "recent"
    },
    "source": "<a href=\"https://ifttt.com\" rel=\"nofollow\">IFTTT</a>",
    "in_reply_to_status_id": null,
    "in_reply_to_status_id_str": null,
    "in_reply_to_user_id": null,
    "in_reply_to_user_id_str": null,
    "in_reply_to_screen_name": null,
    "user": {
        "id": 613733682,
        "id_str": "613733682",
        "name": "Javier Hern\u00e1ndez",
        "screen_name": "jhernanper",
        "location": "Madrid, Comunidad de Madrid",
        "description": "Digital Consultant & Growth Hacker. Google Partner. Professor @ IE Business School. #digital #business #startups #marketing #performance #growthhacking",
        "url": "https://t.co/t7JvG2XIEE",
        "entities": {
            "url": {
                "urls": [
                    {
                        "url": "https://t.co/t7JvG2XIEE",
                        "expanded_url": "http://consultor.digital",
                        "display_url": "consultor.digital",
                        "indices": [
                            0,
                            23
                        ]
                    }
                ]
            },
            "description": {
                "urls": []
            }
        },
        "protected": false,
        "followers_count": 5883,
        "friends_count": 4844,
        "listed_count": 1133,
        "created_at": "Wed Jun 20 18:31:54 +0000 2012",
        "favourites_count": 20124,
        "utc_offset": null,
        "time_zone": null,
        "geo_enabled": false,
        "verified": false,
        "statuses_count": 138899,
        "lang": "es",
        "contributors_enabled": false,
        "is_translator": false,
        "is_translation_enabled": false,
        "profile_background_color": "022330",
        "profile_background_image_url": "http://abs.twimg.com/images/themes/theme15/bg.png",
        "profile_background_image_url_https": "https://abs.twimg.com/images/themes/theme15/bg.png",
        "profile_background_tile": false,
        "profile_image_url": "http://pbs.twimg.com/profile_images/646104515238825984/k7kWxH7H_normal.jpg",
        "profile_image_url_https": "https://pbs.twimg.com/profile_images/646104515238825984/k7kWxH7H_normal.jpg",
        "profile_banner_url": "https://pbs.twimg.com/profile_banners/613733682/1492393792",
        "profile_link_color": "0084B4",
        "profile_sidebar_border_color": "000000",
        "profile_sidebar_fill_color": "000000",
        "profile_text_color": "000000",
        "profile_use_background_image": false,
        "has_extended_profile": true,
        "default_profile": false,
        "default_profile_image": false,
        "following": null,
        "follow_request_sent": null,
        "notifications": null,
        "translator_type": "none"
    },
    "geo": null,
    "coordinates": null,
    "place": null,
    "contributors": null,
    "is_quote_status": false,
    "retweet_count": 0,
    "favorite_count": 0,
    "favorited": false,
    "retweeted": false,
    "possibly_sensitive": false,
    "lang": "en"
}