{
    "created_at": "Mon Apr 15 01:38:32 +0000 2019",
    "id": 1117603078444933120,
    "id_str": "1117603078444933120",
    "text": "@drivingmzstacey @Uber @lyft @chariot @jump_rides \ud83d\ude22",
    "truncated": false,
    "entities": {
        "hashtags": [],
        "symbols": [],
        "user_mentions": [
            {
                "screen_name": "drivingmzstacey",
                "name": "DrivingMzStacey\ud83d\udeb4\ud83c\udffc\u200d\u2640\ufe0f\ud83d\udef4\ud83d\ude86\ud83c\udfce",
                "id": 807734012311502849,
                "id_str": "807734012311502849",
                "indices": [
                    0,
                    16
                ]
            },
            {
                "screen_name": "Uber",
                "name": "Uber",
                "id": 19103481,
                "id_str": "19103481",
                "indices": [
                    17,
                    22
                ]
            },
            {
                "screen_name": "lyft",
                "name": "Lyft",
                "id": 569569550,
                "id_str": "569569550",
                "indices": [
                    23,
                    28
                ]
            },
            {
                "screen_name": "chariot",
                "name": "Chariot",
                "id": 2330867624,
                "id_str": "2330867624",
                "indices": [
                    29,
                    37
                ]
            },
            {
                "screen_name": "jump_rides",
                "name": "JUMP",
                "id": 868126911817502721,
                "id_str": "868126911817502721",
                "indices": [
                    38,
                    49
                ]
            }
        ],
        "urls": []
    },
    "metadata": {
        "iso_language_code": "und",
        "result_type": "recent"
    },
    "source": "<a href=\"http://twitter.com/download/android\" rel=\"nofollow\">Twitter for Android</a>",
    "in_reply_to_status_id": 1117602912257994752,
    "in_reply_to_status_id_str": "1117602912257994752",
    "in_reply_to_user_id": 807734012311502849,
    "in_reply_to_user_id_str": "807734012311502849",
    "in_reply_to_screen_name": "drivingmzstacey",
    "user": {
        "id": 255340704,
        "id_str": "255340704",
        "name": "Cliff Bargar",
        "screen_name": "thecliffbar",
        "location": "San Francisco, CA",
        "description": "Not the energy bar. Runner, bike + transit advocate, surgical roboticist/eng. Boston born, go 'Bos \ud83d\udc18 (+ Card \ud83c\udf32).\nTweets don't represent my employer, etc.",
        "url": "https://t.co/TMxngX1b5R",
        "entities": {
            "url": {
                "urls": [
                    {
                        "url": "https://t.co/TMxngX1b5R",
                        "expanded_url": "http://cliffbargar.com",
                        "display_url": "cliffbargar.com",
                        "indices": [
                            0,
                            23
                        ]
                    }
                ]
            },
            "description": {
                "urls": []
            }
        },
        "protected": false,
        "followers_count": 556,
        "friends_count": 836,
        "listed_count": 13,
        "created_at": "Mon Feb 21 04:38:31 +0000 2011",
        "favourites_count": 54782,
        "utc_offset": null,
        "time_zone": null,
        "geo_enabled": true,
        "verified": false,
        "statuses_count": 9402,
        "lang": "en",
        "contributors_enabled": false,
        "is_translator": false,
        "is_translation_enabled": false,
        "profile_background_color": "422716",
        "profile_background_image_url": "http://abs.twimg.com/images/themes/theme15/bg.png",
        "profile_background_image_url_https": "https://abs.twimg.com/images/themes/theme15/bg.png",
        "profile_background_tile": false,
        "profile_image_url": "http://pbs.twimg.com/profile_images/847116867785285634/sZy9elzQ_normal.jpg",
        "profile_image_url_https": "https://pbs.twimg.com/profile_images/847116867785285634/sZy9elzQ_normal.jpg",
        "profile_banner_url": "https://pbs.twimg.com/profile_banners/255340704/1525284908",
        "profile_link_color": "1B95E0",
        "profile_sidebar_border_color": "5E939C",
        "profile_sidebar_fill_color": "28B5A9",
        "profile_text_color": "135C66",
        "profile_use_background_image": true,
        "has_extended_profile": false,
        "default_profile": false,
        "default_profile_image": false,
        "following": null,
        "follow_request_sent": null,
        "notifications": null,
        "translator_type": "none"
    },
    "geo": null,
    "coordinates": null,
    "place": null,
    "contributors": null,
    "is_quote_status": false,
    "retweet_count": 0,
    "favorite_count": 0,
    "favorited": false,
    "retweeted": false,
    "lang": "und"
}