{
    "created_at": "Mon Apr 15 12:38:20 +0000 2019",
    "id": 1117769121930678273,
    "id_str": "1117769121930678273",
    "text": "Pilot Program For Uber\u2019s JUMP Scooter Service Underway In Baltimore, \u201cso if you already have the Uber app on your p\u2026 https://t.co/N14aGmFS9r",
    "truncated": true,
    "entities": {
        "hashtags": [],
        "symbols": [],
        "user_mentions": [],
        "urls": [
            {
                "url": "https://t.co/N14aGmFS9r",
                "expanded_url": "https://twitter.com/i/web/status/1117769121930678273",
                "display_url": "twitter.com/i/web/status/1\u2026",
                "indices": [
                    117,
                    140
                ]
            }
        ]
    },
    "metadata": {
        "iso_language_code": "en",
        "result_type": "recent"
    },
    "source": "<a href=\"https://mobile.twitter.com\" rel=\"nofollow\">Twitter Web App</a>",
    "in_reply_to_status_id": null,
    "in_reply_to_status_id_str": null,
    "in_reply_to_user_id": null,
    "in_reply_to_user_id_str": null,
    "in_reply_to_screen_name": null,
    "user": {
        "id": 42359019,
        "id_str": "42359019",
        "name": "Margot Grabie",
        "screen_name": "MEGra18",
        "location": "Los Angeles, CA",
        "description": "education. transportation. safety. foodie. \u0391\u039e\u0394, Interpreter \ud83c\uddf2\ud83c\uddfd\ud83c\uddee\ud83c\uddf1\ud83c\uddfa\ud83c\uddf8 Spin junky \ud83d\udeb2\ud83d\udc7b:MargotGrabie",
        "url": null,
        "entities": {
            "description": {
                "urls": []
            }
        },
        "protected": false,
        "followers_count": 954,
        "friends_count": 1645,
        "listed_count": 101,
        "created_at": "Mon May 25 05:47:49 +0000 2009",
        "favourites_count": 29059,
        "utc_offset": null,
        "time_zone": null,
        "geo_enabled": false,
        "verified": false,
        "statuses_count": 14804,
        "lang": "en",
        "contributors_enabled": false,
        "is_translator": false,
        "is_translation_enabled": false,
        "profile_background_color": "000000",
        "profile_background_image_url": "http://abs.twimg.com/images/themes/theme12/bg.gif",
        "profile_background_image_url_https": "https://abs.twimg.com/images/themes/theme12/bg.gif",
        "profile_background_tile": false,
        "profile_image_url": "http://pbs.twimg.com/profile_images/1017062090685550592/Heu_zdsr_normal.jpg",
        "profile_image_url_https": "https://pbs.twimg.com/profile_images/1017062090685550592/Heu_zdsr_normal.jpg",
        "profile_banner_url": "https://pbs.twimg.com/profile_banners/42359019/1449766248",
        "profile_link_color": "1B95E0",
        "profile_sidebar_border_color": "000000",
        "profile_sidebar_fill_color": "000000",
        "profile_text_color": "000000",
        "profile_use_background_image": false,
        "has_extended_profile": true,
        "default_profile": false,
        "default_profile_image": false,
        "following": null,
        "follow_request_sent": null,
        "notifications": null,
        "translator_type": "none"
    },
    "geo": null,
    "coordinates": null,
    "place": null,
    "contributors": null,
    "is_quote_status": false,
    "retweet_count": 0,
    "favorite_count": 1,
    "favorited": false,
    "retweeted": false,
    "possibly_sensitive": false,
    "lang": "en"
}