{
    "created_at": "Mon Apr 15 17:31:03 +0000 2019",
    "id": 1117842786647035904,
    "id_str": "1117842786647035904",
    "text": "Uber\u2019s JUMP Bikes founder and Scoot\u2019s SVP of Product are talking bikes and scooters at TC Sessions: (Megan Rose Dic\u2026 https://t.co/lMgxbcFbdH",
    "truncated": true,
    "entities": {
        "hashtags": [],
        "symbols": [],
        "user_mentions": [],
        "urls": [
            {
                "url": "https://t.co/lMgxbcFbdH",
                "expanded_url": "https://twitter.com/i/web/status/1117842786647035904",
                "display_url": "twitter.com/i/web/status/1\u2026",
                "indices": [
                    117,
                    140
                ]
            }
        ]
    },
    "metadata": {
        "iso_language_code": "en",
        "result_type": "recent"
    },
    "source": "<a href=\"https://dlvrit.com/\" rel=\"nofollow\">dlvr.it</a>",
    "in_reply_to_status_id": null,
    "in_reply_to_status_id_str": null,
    "in_reply_to_user_id": null,
    "in_reply_to_user_id_str": null,
    "in_reply_to_screen_name": null,
    "user": {
        "id": 485248169,
        "id_str": "485248169",
        "name": "TIN-Tech Bloggers",
        "screen_name": "TINTechBloggers",
        "location": "San Francisco",
        "description": "Always-updating tech news stream for techies, stockholders, or anyone invested in technology. This is the TECH BLOGGERS news feed.",
        "url": "http://t.co/Dd0QzWGzEm",
        "entities": {
            "url": {
                "urls": [
                    {
                        "url": "http://t.co/Dd0QzWGzEm",
                        "expanded_url": "http://www.techinvestornews.com/",
                        "display_url": "techinvestornews.com",
                        "indices": [
                            0,
                            22
                        ]
                    }
                ]
            },
            "description": {
                "urls": []
            }
        },
        "protected": false,
        "followers_count": 484,
        "friends_count": 0,
        "listed_count": 103,
        "created_at": "Tue Feb 07 00:33:17 +0000 2012",
        "favourites_count": 0,
        "utc_offset": null,
        "time_zone": null,
        "geo_enabled": false,
        "verified": false,
        "statuses_count": 116803,
        "lang": "en",
        "contributors_enabled": false,
        "is_translator": false,
        "is_translation_enabled": false,
        "profile_background_color": "131516",
        "profile_background_image_url": "http://abs.twimg.com/images/themes/theme14/bg.gif",
        "profile_background_image_url_https": "https://abs.twimg.com/images/themes/theme14/bg.gif",
        "profile_background_tile": true,
        "profile_image_url": "http://pbs.twimg.com/profile_images/2056032966/TINFavicon2012-FINAL_normal.png",
        "profile_image_url_https": "https://pbs.twimg.com/profile_images/2056032966/TINFavicon2012-FINAL_normal.png",
        "profile_link_color": "009999",
        "profile_sidebar_border_color": "EEEEEE",
        "profile_sidebar_fill_color": "EFEFEF",
        "profile_text_color": "333333",
        "profile_use_background_image": true,
        "has_extended_profile": false,
        "default_profile": false,
        "default_profile_image": false,
        "following": null,
        "follow_request_sent": null,
        "notifications": null,
        "translator_type": "none"
    },
    "geo": null,
    "coordinates": null,
    "place": null,
    "contributors": null,
    "is_quote_status": false,
    "retweet_count": 0,
    "favorite_count": 0,
    "favorited": false,
    "retweeted": false,
    "possibly_sensitive": false,
    "lang": "en"
}