{
    "created_at": "Mon Apr 15 17:06:48 +0000 2019",
    "id": 1117836681875341315,
    "id_str": "1117836681875341315",
    "text": "Uber\u2019s JUMP Bikes founder and Scoot\u2019s SVP of Product are talking bikes and scooters at TC Sessions: Mobility https://t.co/RstcBDFab3 #Events",
    "truncated": false,
    "entities": {
        "hashtags": [
            {
                "text": "Events",
                "indices": [
                    133,
                    140
                ]
            }
        ],
        "symbols": [],
        "user_mentions": [],
        "urls": [
            {
                "url": "https://t.co/RstcBDFab3",
                "expanded_url": "http://feedproxy.google.com/~r/Techcrunch/~3/BsxPhFe0s78/",
                "display_url": "feedproxy.google.com/~r/Techcrunch/\u2026",
                "indices": [
                    109,
                    132
                ]
            }
        ]
    },
    "metadata": {
        "iso_language_code": "en",
        "result_type": "recent"
    },
    "source": "<a href=\"http://www.gamer-geek-news.com\" rel=\"nofollow\">GGN_RPiTwitterFeed</a>",
    "in_reply_to_status_id": null,
    "in_reply_to_status_id_str": null,
    "in_reply_to_user_id": null,
    "in_reply_to_user_id_str": null,
    "in_reply_to_screen_name": null,
    "user": {
        "id": 316331833,
        "id_str": "316331833",
        "name": "Gamer Geek",
        "screen_name": "GamerGeekNews",
        "location": "",
        "description": "Data Scientist by day, geek tech gamer junky by night.    #PowerBi #Tableau #RaspberryPi  influencer \ud83d\ude1c, welcome to my stream of consciousness",
        "url": "https://t.co/1TKwAxKdMa",
        "entities": {
            "url": {
                "urls": [
                    {
                        "url": "https://t.co/1TKwAxKdMa",
                        "expanded_url": "http://gamer-geek-news.com",
                        "display_url": "gamer-geek-news.com",
                        "indices": [
                            0,
                            23
                        ]
                    }
                ]
            },
            "description": {
                "urls": []
            }
        },
        "protected": false,
        "followers_count": 9175,
        "friends_count": 9046,
        "listed_count": 297,
        "created_at": "Mon Jun 13 08:53:46 +0000 2011",
        "favourites_count": 21321,
        "utc_offset": null,
        "time_zone": null,
        "geo_enabled": false,
        "verified": false,
        "statuses_count": 695024,
        "lang": "en",
        "contributors_enabled": false,
        "is_translator": false,
        "is_translation_enabled": false,
        "profile_background_color": "131516",
        "profile_background_image_url": "http://abs.twimg.com/images/themes/theme14/bg.gif",
        "profile_background_image_url_https": "https://abs.twimg.com/images/themes/theme14/bg.gif",
        "profile_background_tile": true,
        "profile_image_url": "http://pbs.twimg.com/profile_images/1404245782/igeek_normal.jpg",
        "profile_image_url_https": "https://pbs.twimg.com/profile_images/1404245782/igeek_normal.jpg",
        "profile_banner_url": "https://pbs.twimg.com/profile_banners/316331833/1431495420",
        "profile_link_color": "009999",
        "profile_sidebar_border_color": "EEEEEE",
        "profile_sidebar_fill_color": "EFEFEF",
        "profile_text_color": "333333",
        "profile_use_background_image": true,
        "has_extended_profile": false,
        "default_profile": false,
        "default_profile_image": false,
        "following": null,
        "follow_request_sent": null,
        "notifications": null,
        "translator_type": "none"
    },
    "geo": null,
    "coordinates": null,
    "place": null,
    "contributors": null,
    "is_quote_status": false,
    "retweet_count": 0,
    "favorite_count": 0,
    "favorited": false,
    "retweeted": false,
    "possibly_sensitive": false,
    "lang": "en"
}