{
    "created_at": "Mon Apr 15 17:20:50 +0000 2019",
    "id": 1117840213588443136,
    "id_str": "1117840213588443136",
    "text": "#knownews #techcrunch Uber\u2019s JUMP Bikes founder and Scoot\u2019s SVP of Product are talking bikes and scooters at TC Ses\u2026 https://t.co/LHrA3bHkSS",
    "truncated": true,
    "entities": {
        "hashtags": [
            {
                "text": "knownews",
                "indices": [
                    0,
                    9
                ]
            },
            {
                "text": "techcrunch",
                "indices": [
                    10,
                    21
                ]
            }
        ],
        "symbols": [],
        "user_mentions": [],
        "urls": [
            {
                "url": "https://t.co/LHrA3bHkSS",
                "expanded_url": "https://twitter.com/i/web/status/1117840213588443136",
                "display_url": "twitter.com/i/web/status/1\u2026",
                "indices": [
                    117,
                    140
                ]
            }
        ]
    },
    "metadata": {
        "iso_language_code": "en",
        "result_type": "recent"
    },
    "source": "<a href=\"https://ifttt.com\" rel=\"nofollow\">IFTTT</a>",
    "in_reply_to_status_id": null,
    "in_reply_to_status_id_str": null,
    "in_reply_to_user_id": null,
    "in_reply_to_user_id_str": null,
    "in_reply_to_screen_name": null,
    "user": {
        "id": 285603076,
        "id_str": "285603076",
        "name": "Derek T McKinney",
        "screen_name": "DerekTMcKinney",
        "location": "Here and Now",
        "description": "Developer.",
        "url": "https://t.co/Ge9MAkA5en",
        "entities": {
            "url": {
                "urls": [
                    {
                        "url": "https://t.co/Ge9MAkA5en",
                        "expanded_url": "https://www.linkedin.com/in/derek-mckinney-01948018",
                        "display_url": "linkedin.com/in/derek-mckin\u2026",
                        "indices": [
                            0,
                            23
                        ]
                    }
                ]
            },
            "description": {
                "urls": []
            }
        },
        "protected": false,
        "followers_count": 10131,
        "friends_count": 614,
        "listed_count": 55,
        "created_at": "Thu Apr 21 13:16:01 +0000 2011",
        "favourites_count": 1281,
        "utc_offset": null,
        "time_zone": null,
        "geo_enabled": false,
        "verified": false,
        "statuses_count": 178172,
        "lang": "en",
        "contributors_enabled": false,
        "is_translator": false,
        "is_translation_enabled": false,
        "profile_background_color": "C0DEED",
        "profile_background_image_url": "http://abs.twimg.com/images/themes/theme1/bg.png",
        "profile_background_image_url_https": "https://abs.twimg.com/images/themes/theme1/bg.png",
        "profile_background_tile": false,
        "profile_image_url": "http://pbs.twimg.com/profile_images/1106662013193912322/rcACxdPu_normal.jpg",
        "profile_image_url_https": "https://pbs.twimg.com/profile_images/1106662013193912322/rcACxdPu_normal.jpg",
        "profile_banner_url": "https://pbs.twimg.com/profile_banners/285603076/1437144499",
        "profile_link_color": "1DA1F2",
        "profile_sidebar_border_color": "C0DEED",
        "profile_sidebar_fill_color": "DDEEF6",
        "profile_text_color": "333333",
        "profile_use_background_image": true,
        "has_extended_profile": false,
        "default_profile": true,
        "default_profile_image": false,
        "following": null,
        "follow_request_sent": null,
        "notifications": null,
        "translator_type": "none"
    },
    "geo": null,
    "coordinates": null,
    "place": null,
    "contributors": null,
    "is_quote_status": false,
    "retweet_count": 0,
    "favorite_count": 0,
    "favorited": false,
    "retweeted": false,
    "possibly_sensitive": false,
    "lang": "en"
}