{
    "created_at": "Mon Apr 15 17:10:09 +0000 2019",
    "id": 1117837528713842689,
    "id_str": "1117837528713842689",
    "text": "Uber\u2019s JUMP Bikes founder and Scoot\u2019s SVP of Product are talking bikes and scooters at TC Sessions:\u00a0Mobility https://t.co/wKDRkbMtlb",
    "truncated": false,
    "entities": {
        "hashtags": [],
        "symbols": [],
        "user_mentions": [],
        "urls": [
            {
                "url": "https://t.co/wKDRkbMtlb",
                "expanded_url": "https://dizzed.com/ubers-jump-bikes-founder-and-scoots-svp-of-product-are-talking-bikes-and-scooters-at-tc-sessions-mobility/",
                "display_url": "dizzed.com/ubers-jump-bik\u2026",
                "indices": [
                    109,
                    132
                ]
            }
        ]
    },
    "metadata": {
        "iso_language_code": "en",
        "result_type": "recent"
    },
    "source": "<a href=\"http://publicize.wp.com/\" rel=\"nofollow\">WordPress.com</a>",
    "in_reply_to_status_id": null,
    "in_reply_to_status_id_str": null,
    "in_reply_to_user_id": null,
    "in_reply_to_user_id_str": null,
    "in_reply_to_screen_name": null,
    "user": {
        "id": 78456241,
        "id_str": "78456241",
        "name": "Dizzed.com",
        "screen_name": "Dizzedcom",
        "location": "New York City",
        "description": "Your web, your choice - http://t.co/QQYzbhwZpO",
        "url": "http://t.co/Hjk7wbgsUN",
        "entities": {
            "url": {
                "urls": [
                    {
                        "url": "http://t.co/Hjk7wbgsUN",
                        "expanded_url": "http://www.dizzed.com",
                        "display_url": "dizzed.com",
                        "indices": [
                            0,
                            22
                        ]
                    }
                ]
            },
            "description": {
                "urls": [
                    {
                        "url": "http://t.co/QQYzbhwZpO",
                        "expanded_url": "http://Dizzed.com",
                        "display_url": "Dizzed.com",
                        "indices": [
                            24,
                            46
                        ]
                    }
                ]
            }
        },
        "protected": false,
        "followers_count": 1995,
        "friends_count": 2509,
        "listed_count": 13,
        "created_at": "Wed Sep 30 00:00:38 +0000 2009",
        "favourites_count": 0,
        "utc_offset": null,
        "time_zone": null,
        "geo_enabled": false,
        "verified": false,
        "statuses_count": 199889,
        "lang": "en",
        "contributors_enabled": false,
        "is_translator": false,
        "is_translation_enabled": false,
        "profile_background_color": "C0DEED",
        "profile_background_image_url": "http://abs.twimg.com/images/themes/theme1/bg.png",
        "profile_background_image_url_https": "https://abs.twimg.com/images/themes/theme1/bg.png",
        "profile_background_tile": true,
        "profile_image_url": "http://pbs.twimg.com/profile_images/443996855/logo-2_normal.jpg",
        "profile_image_url_https": "https://pbs.twimg.com/profile_images/443996855/logo-2_normal.jpg",
        "profile_link_color": "0084B4",
        "profile_sidebar_border_color": "C0DEED",
        "profile_sidebar_fill_color": "DDEEF6",
        "profile_text_color": "333333",
        "profile_use_background_image": true,
        "has_extended_profile": false,
        "default_profile": false,
        "default_profile_image": false,
        "following": null,
        "follow_request_sent": null,
        "notifications": null,
        "translator_type": "none"
    },
    "geo": null,
    "coordinates": null,
    "place": null,
    "contributors": null,
    "is_quote_status": false,
    "retweet_count": 0,
    "favorite_count": 0,
    "favorited": false,
    "retweeted": false,
    "possibly_sensitive": false,
    "lang": "en"
}