{
    "created_at": "Mon Apr 15 17:06:13 +0000 2019",
    "id": 1117836537046228994,
    "id_str": "1117836537046228994",
    "text": "Uber\u2019s JUMP Bikes founder and Scoot\u2019s SVP of Product are talking bikes and scooters at TC Sessions: Mobility /  / M\u2026 https://t.co/OQZT4Z2TMG",
    "truncated": true,
    "entities": {
        "hashtags": [],
        "symbols": [],
        "user_mentions": [],
        "urls": [
            {
                "url": "https://t.co/OQZT4Z2TMG",
                "expanded_url": "https://twitter.com/i/web/status/1117836537046228994",
                "display_url": "twitter.com/i/web/status/1\u2026",
                "indices": [
                    117,
                    140
                ]
            }
        ]
    },
    "metadata": {
        "iso_language_code": "en",
        "result_type": "recent"
    },
    "source": "<a href=\"https://vk.com/\" rel=\"nofollow\">VK.COM AUTH GROUPS</a>",
    "in_reply_to_status_id": null,
    "in_reply_to_status_id_str": null,
    "in_reply_to_user_id": null,
    "in_reply_to_user_id_str": null,
    "in_reply_to_screen_name": null,
    "user": {
        "id": 970705491725881345,
        "id_str": "970705491725881345",
        "name": "Nextvid.io \ud83c\udf10",
        "screen_name": "NextvidOfficial",
        "location": "Write #history with us and free the Internet! Running on #EOS-#Mainnet & @Whaleshares Provided by @ShinjiruHosting @Coinswitch.co",
        "description": "#Nextvid\u00ae stands for:  #Internet & #HumanRights, #FreedomofSpeech and is by design #Uncensorable\ud83d\ude80 Based in #HK, following the #InternetBillofRights by @EFF",
        "url": "https://t.co/XeWusMc6kz",
        "entities": {
            "url": {
                "urls": [
                    {
                        "url": "https://t.co/XeWusMc6kz",
                        "expanded_url": "https://nextvid.io",
                        "display_url": "nextvid.io",
                        "indices": [
                            0,
                            23
                        ]
                    }
                ]
            },
            "description": {
                "urls": []
            }
        },
        "protected": false,
        "followers_count": 1687,
        "friends_count": 1471,
        "listed_count": 24,
        "created_at": "Mon Mar 05 16:59:58 +0000 2018",
        "favourites_count": 1677,
        "utc_offset": null,
        "time_zone": null,
        "geo_enabled": false,
        "verified": false,
        "statuses_count": 3003,
        "lang": "en",
        "contributors_enabled": false,
        "is_translator": false,
        "is_translation_enabled": false,
        "profile_background_color": "000000",
        "profile_background_image_url": "http://abs.twimg.com/images/themes/theme1/bg.png",
        "profile_background_image_url_https": "https://abs.twimg.com/images/themes/theme1/bg.png",
        "profile_background_tile": false,
        "profile_image_url": "http://pbs.twimg.com/profile_images/1102748272215638021/p0rA27xr_normal.png",
        "profile_image_url_https": "https://pbs.twimg.com/profile_images/1102748272215638021/p0rA27xr_normal.png",
        "profile_banner_url": "https://pbs.twimg.com/profile_banners/970705491725881345/1537970238",
        "profile_link_color": "7FDBB6",
        "profile_sidebar_border_color": "000000",
        "profile_sidebar_fill_color": "000000",
        "profile_text_color": "000000",
        "profile_use_background_image": false,
        "has_extended_profile": true,
        "default_profile": false,
        "default_profile_image": false,
        "following": null,
        "follow_request_sent": null,
        "notifications": null,
        "translator_type": "none"
    },
    "geo": null,
    "coordinates": null,
    "place": null,
    "contributors": null,
    "is_quote_status": false,
    "retweet_count": 0,
    "favorite_count": 0,
    "favorited": false,
    "retweeted": false,
    "possibly_sensitive": false,
    "lang": "en"
}