{
    "created_at": "Mon Apr 15 18:50:33 +0000 2019",
    "id": 1117862794299232257,
    "id_str": "1117862794299232257",
    "text": "Uber\u2019s JUMP Bikes founder and Scoot\u2019s SVP of Product are talking bikes and scooters at TC Sessions: Mobility\u2026 https://t.co/L3i11rWohr",
    "truncated": true,
    "entities": {
        "hashtags": [],
        "symbols": [],
        "user_mentions": [],
        "urls": [
            {
                "url": "https://t.co/L3i11rWohr",
                "expanded_url": "https://twitter.com/i/web/status/1117862794299232257",
                "display_url": "twitter.com/i/web/status/1\u2026",
                "indices": [
                    110,
                    133
                ]
            }
        ]
    },
    "metadata": {
        "iso_language_code": "en",
        "result_type": "recent"
    },
    "source": "<a href=\"https://dlvrit.com/\" rel=\"nofollow\">dlvr.it</a>",
    "in_reply_to_status_id": null,
    "in_reply_to_status_id_str": null,
    "in_reply_to_user_id": null,
    "in_reply_to_user_id_str": null,
    "in_reply_to_screen_name": null,
    "user": {
        "id": 230729893,
        "id_str": "230729893",
        "name": "Julian James",
        "screen_name": "Geeksarefunny",
        "location": "New York ",
        "description": "Love Geeky stuff and Geek Humor! \r\nAmo las todo lo Geek!\r\nPor eso comparto los mejores enlaces en ingl\u00e9s y espa\u00f1ol.",
        "url": "http://t.co/BgyyHl8CEj",
        "entities": {
            "url": {
                "urls": [
                    {
                        "url": "http://t.co/BgyyHl8CEj",
                        "expanded_url": "https://twitter.com/GeeksAreFunny",
                        "display_url": "twitter.com/GeeksAreFunny",
                        "indices": [
                            0,
                            22
                        ]
                    }
                ]
            },
            "description": {
                "urls": []
            }
        },
        "protected": false,
        "followers_count": 179,
        "friends_count": 224,
        "listed_count": 11,
        "created_at": "Sun Dec 26 14:03:38 +0000 2010",
        "favourites_count": 25,
        "utc_offset": null,
        "time_zone": null,
        "geo_enabled": false,
        "verified": false,
        "statuses_count": 10830,
        "lang": "en",
        "contributors_enabled": false,
        "is_translator": false,
        "is_translation_enabled": false,
        "profile_background_color": "C0DEED",
        "profile_background_image_url": "http://abs.twimg.com/images/themes/theme1/bg.png",
        "profile_background_image_url_https": "https://abs.twimg.com/images/themes/theme1/bg.png",
        "profile_background_tile": false,
        "profile_image_url": "http://pbs.twimg.com/profile_images/1262018834/gfunny_normal.jpg",
        "profile_image_url_https": "https://pbs.twimg.com/profile_images/1262018834/gfunny_normal.jpg",
        "profile_link_color": "1DA1F2",
        "profile_sidebar_border_color": "C0DEED",
        "profile_sidebar_fill_color": "DDEEF6",
        "profile_text_color": "333333",
        "profile_use_background_image": true,
        "has_extended_profile": false,
        "default_profile": true,
        "default_profile_image": false,
        "following": null,
        "follow_request_sent": null,
        "notifications": null,
        "translator_type": "none"
    },
    "geo": null,
    "coordinates": null,
    "place": null,
    "contributors": null,
    "is_quote_status": false,
    "retweet_count": 0,
    "favorite_count": 0,
    "favorited": false,
    "retweeted": false,
    "possibly_sensitive": false,
    "lang": "en"
}