{
    "created_at": "Mon Apr 15 17:10:19 +0000 2019",
    "id": 1117837570791170048,
    "id_str": "1117837570791170048",
    "text": "Uber\u2019s JUMP Bikes founder and Scoot\u2019s SVP of Product are talking bikes and scooters at TC Sessions: Mobility https://t.co/Ydluz1unyR",
    "truncated": false,
    "entities": {
        "hashtags": [],
        "symbols": [],
        "user_mentions": [],
        "urls": [
            {
                "url": "https://t.co/Ydluz1unyR",
                "expanded_url": "https://tcrn.ch/2Gekf8r",
                "display_url": "tcrn.ch/2Gekf8r",
                "indices": [
                    109,
                    132
                ]
            }
        ]
    },
    "metadata": {
        "iso_language_code": "en",
        "result_type": "recent"
    },
    "source": "<a href=\"https://ifttt.com\" rel=\"nofollow\">IFTTT</a>",
    "in_reply_to_status_id": null,
    "in_reply_to_status_id_str": null,
    "in_reply_to_user_id": null,
    "in_reply_to_user_id_str": null,
    "in_reply_to_screen_name": null,
    "user": {
        "id": 72749923,
        "id_str": "72749923",
        "name": "Jung Kim",
        "screen_name": "Azn_CyberSleuth",
        "location": "Chicago, IL",
        "description": "#TalentAcquisition #Sourcer #Sourcing #Epistemologist #InformationRetrieval #Artist #Recruiter #Strategic Sourcing & #CompetitiveIntelligence Lead \ud654\uc774\ud305!",
        "url": "https://t.co/4pNm2D8Q6A",
        "entities": {
            "url": {
                "urls": [
                    {
                        "url": "https://t.co/4pNm2D8Q6A",
                        "expanded_url": "https://www.linkedin.com/in/jungkimtechnologysourcingrecruiter/",
                        "display_url": "linkedin.com/in/jungkimtech\u2026",
                        "indices": [
                            0,
                            23
                        ]
                    }
                ]
            },
            "description": {
                "urls": []
            }
        },
        "protected": false,
        "followers_count": 3595,
        "friends_count": 2328,
        "listed_count": 683,
        "created_at": "Wed Sep 09 03:14:19 +0000 2009",
        "favourites_count": 8931,
        "utc_offset": null,
        "time_zone": null,
        "geo_enabled": true,
        "verified": false,
        "statuses_count": 199550,
        "lang": "en",
        "contributors_enabled": false,
        "is_translator": false,
        "is_translation_enabled": false,
        "profile_background_color": "9AE4E8",
        "profile_background_image_url": "http://abs.twimg.com/images/themes/theme1/bg.png",
        "profile_background_image_url_https": "https://abs.twimg.com/images/themes/theme1/bg.png",
        "profile_background_tile": true,
        "profile_image_url": "http://pbs.twimg.com/profile_images/405696075/Picture_of_me_at_SoundBar_normal.jpg",
        "profile_image_url_https": "https://pbs.twimg.com/profile_images/405696075/Picture_of_me_at_SoundBar_normal.jpg",
        "profile_link_color": "0084B4",
        "profile_sidebar_border_color": "BDDCAD",
        "profile_sidebar_fill_color": "DDFFCC",
        "profile_text_color": "333333",
        "profile_use_background_image": true,
        "has_extended_profile": false,
        "default_profile": false,
        "default_profile_image": false,
        "following": null,
        "follow_request_sent": null,
        "notifications": null,
        "translator_type": "none"
    },
    "geo": null,
    "coordinates": null,
    "place": null,
    "contributors": null,
    "is_quote_status": false,
    "retweet_count": 0,
    "favorite_count": 0,
    "favorited": false,
    "retweeted": false,
    "possibly_sensitive": false,
    "lang": "en"
}