{
    "created_at": "Mon Apr 15 09:51:50 +0000 2019",
    "id": 1117727221165305856,
    "id_str": "1117727221165305856",
    "text": "Here is a tip, jump off by Rhodesfield then Uber the rest of the way it\u2019s much much cheaper! https://t.co/QY2KGIqnmp",
    "truncated": false,
    "entities": {
        "hashtags": [],
        "symbols": [],
        "user_mentions": [],
        "urls": [
            {
                "url": "https://t.co/QY2KGIqnmp",
                "expanded_url": "https://twitter.com/austebza/status/1117726887940427776",
                "display_url": "twitter.com/austebza/statu\u2026",
                "indices": [
                    93,
                    116
                ]
            }
        ]
    },
    "metadata": {
        "iso_language_code": "en",
        "result_type": "recent"
    },
    "source": "<a href=\"http://twitter.com/download/iphone\" rel=\"nofollow\">Twitter for iPhone</a>",
    "in_reply_to_status_id": null,
    "in_reply_to_status_id_str": null,
    "in_reply_to_user_id": null,
    "in_reply_to_user_id_str": null,
    "in_reply_to_screen_name": null,
    "user": {
        "id": 161058670,
        "id_str": "161058670",
        "name": "KD",
        "screen_name": "KudzayiDaniel",
        "location": "Pretoria, South Africa",
        "description": "DJ | Professional Session Musician | Music Director | Jazz Music Graduate | Audio Engineer | Producer | Bookings info@alchemymedia.co.za | +27 78 700 5153",
        "url": null,
        "entities": {
            "description": {
                "urls": []
            }
        },
        "protected": false,
        "followers_count": 12909,
        "friends_count": 1247,
        "listed_count": 75,
        "created_at": "Tue Jun 29 21:52:47 +0000 2010",
        "favourites_count": 17218,
        "utc_offset": null,
        "time_zone": null,
        "geo_enabled": true,
        "verified": false,
        "statuses_count": 189164,
        "lang": "en",
        "contributors_enabled": false,
        "is_translator": false,
        "is_translation_enabled": false,
        "profile_background_color": "FFF04D",
        "profile_background_image_url": "http://abs.twimg.com/images/themes/theme19/bg.gif",
        "profile_background_image_url_https": "https://abs.twimg.com/images/themes/theme19/bg.gif",
        "profile_background_tile": true,
        "profile_image_url": "http://pbs.twimg.com/profile_images/1117462069111140356/Z5LmBeIP_normal.jpg",
        "profile_image_url_https": "https://pbs.twimg.com/profile_images/1117462069111140356/Z5LmBeIP_normal.jpg",
        "profile_banner_url": "https://pbs.twimg.com/profile_banners/161058670/1514640603",
        "profile_link_color": "CF5319",
        "profile_sidebar_border_color": "000000",
        "profile_sidebar_fill_color": "F6FFD1",
        "profile_text_color": "333333",
        "profile_use_background_image": true,
        "has_extended_profile": true,
        "default_profile": false,
        "default_profile_image": false,
        "following": null,
        "follow_request_sent": null,
        "notifications": null,
        "translator_type": "none"
    },
    "geo": null,
    "coordinates": null,
    "place": {
        "id": "f7c6dc7b4ee0909f",
        "url": "https://api.twitter.com/1.1/geo/id/f7c6dc7b4ee0909f.json",
        "place_type": "city",
        "name": "Akasia",
        "full_name": "Akasia, South Africa",
        "country_code": "ZA",
        "country": "South Africa",
        "contained_within": [],
        "bounding_box": {
            "type": "Polygon",
            "coordinates": [
                [
                    [
                        28.0463545,
                        -25.691801
                    ],
                    [
                        28.1922853,
                        -25.691801
                    ],
                    [
                        28.1922853,
                        -25.6020338
                    ],
                    [
                        28.0463545,
                        -25.6020338
                    ]
                ]
            ]
        },
        "attributes": {}
    },
    "contributors": null,
    "is_quote_status": true,
    "quoted_status_id": 1117726887940427776,
    "quoted_status_id_str": "1117726887940427776",
    "quoted_status": {
        "created_at": "Mon Apr 15 09:50:31 +0000 2019",
        "id": 1117726887940427776,
        "id_str": "1117726887940427776",
        "text": "Taking the Gautrain to the airport is a bad idea.  #bigsigh",
        "truncated": false,
        "entities": {
            "hashtags": [
                {
                    "text": "bigsigh",
                    "indices": [
                        51,
                        59
                    ]
                }
            ],
            "symbols": [],
            "user_mentions": [],
            "urls": []
        },
        "metadata": {
            "iso_language_code": "en",
            "result_type": "recent"
        },
        "source": "<a href=\"http://twitter.com/download/android\" rel=\"nofollow\">Twitter for Android</a>",
        "in_reply_to_status_id": null,
        "in_reply_to_status_id_str": null,
        "in_reply_to_user_id": null,
        "in_reply_to_user_id_str": null,
        "in_reply_to_screen_name": null,
        "user": {
            "id": 1262746212,
            "id_str": "1262746212",
            "name": "Austebza",
            "screen_name": "austebza",
            "location": "",
            "description": "I'm a go getter,gotta get it and run with it. Loves life,good things and good people. Embraces positivity and humility. A proverbs 1v7 type a gurl.Musician...",
            "url": null,
            "entities": {
                "description": {
                    "urls": []
                }
            },
            "protected": false,
            "followers_count": 1851,
            "friends_count": 1219,
            "listed_count": 2,
            "created_at": "Tue Mar 12 20:00:38 +0000 2013",
            "favourites_count": 1179,
            "utc_offset": null,
            "time_zone": null,
            "geo_enabled": false,
            "verified": false,
            "statuses_count": 6079,
            "lang": "en",
            "contributors_enabled": false,
            "is_translator": false,
            "is_translation_enabled": false,
            "profile_background_color": "C0DEED",
            "profile_background_image_url": "http://abs.twimg.com/images/themes/theme1/bg.png",
            "profile_background_image_url_https": "https://abs.twimg.com/images/themes/theme1/bg.png",
            "profile_background_tile": false,
            "profile_image_url": "http://pbs.twimg.com/profile_images/1115815772369096704/SYEMX8ih_normal.jpg",
            "profile_image_url_https": "https://pbs.twimg.com/profile_images/1115815772369096704/SYEMX8ih_normal.jpg",
            "profile_banner_url": "https://pbs.twimg.com/profile_banners/1262746212/1554866185",
            "profile_link_color": "1DA1F2",
            "profile_sidebar_border_color": "C0DEED",
            "profile_sidebar_fill_color": "DDEEF6",
            "profile_text_color": "333333",
            "profile_use_background_image": true,
            "has_extended_profile": false,
            "default_profile": true,
            "default_profile_image": false,
            "following": null,
            "follow_request_sent": null,
            "notifications": null,
            "translator_type": "none"
        },
        "geo": null,
        "coordinates": null,
        "place": null,
        "contributors": null,
        "is_quote_status": false,
        "retweet_count": 0,
        "favorite_count": 0,
        "favorited": false,
        "retweeted": false,
        "lang": "en"
    },
    "retweet_count": 3,
    "favorite_count": 7,
    "favorited": false,
    "retweeted": false,
    "possibly_sensitive": false,
    "lang": "en"
}