{
    "created_at": "Tue Apr 16 00:24:26 +0000 2019",
    "id": 1117946816987713536,
    "id_str": "1117946816987713536",
    "text": "@Uber really ruined JUMP Bikes like the whole system is such a mess rn",
    "truncated": false,
    "entities": {
        "hashtags": [],
        "symbols": [],
        "user_mentions": [
            {
                "screen_name": "Uber",
                "name": "Uber",
                "id": 19103481,
                "id_str": "19103481",
                "indices": [
                    0,
                    5
                ]
            }
        ],
        "urls": []
    },
    "metadata": {
        "iso_language_code": "en",
        "result_type": "recent"
    },
    "source": "<a href=\"http://twitter.com/download/iphone\" rel=\"nofollow\">Twitter for iPhone</a>",
    "in_reply_to_status_id": null,
    "in_reply_to_status_id_str": null,
    "in_reply_to_user_id": 19103481,
    "in_reply_to_user_id_str": "19103481",
    "in_reply_to_screen_name": "Uber",
    "user": {
        "id": 234218690,
        "id_str": "234218690",
        "name": "Nick Wilson",
        "screen_name": "thenick1222",
        "location": "Sacramento California",
        "description": "\ud83d\udc68\ud83c\udffb\u200d\ud83d\udcbb\ud83c\udf08\ud83d\udc81\ud83c\udffb\u200d\u2642\ufe0f\ud83c\udff3\ufe0f\u200d\ud83c\udf08",
        "url": "https://t.co/lHv2OC5KOw",
        "entities": {
            "url": {
                "urls": [
                    {
                        "url": "https://t.co/lHv2OC5KOw",
                        "expanded_url": "http://www.nickwilson.com",
                        "display_url": "nickwilson.com",
                        "indices": [
                            0,
                            23
                        ]
                    }
                ]
            },
            "description": {
                "urls": []
            }
        },
        "protected": false,
        "followers_count": 81,
        "friends_count": 185,
        "listed_count": 1,
        "created_at": "Wed Jan 05 03:21:40 +0000 2011",
        "favourites_count": 15081,
        "utc_offset": null,
        "time_zone": null,
        "geo_enabled": true,
        "verified": false,
        "statuses_count": 1312,
        "lang": "en",
        "contributors_enabled": false,
        "is_translator": false,
        "is_translation_enabled": false,
        "profile_background_color": "C0DEED",
        "profile_background_image_url": "http://abs.twimg.com/images/themes/theme1/bg.png",
        "profile_background_image_url_https": "https://abs.twimg.com/images/themes/theme1/bg.png",
        "profile_background_tile": false,
        "profile_image_url": "http://pbs.twimg.com/profile_images/1050533323133542400/cNGiLWkF_normal.jpg",
        "profile_image_url_https": "https://pbs.twimg.com/profile_images/1050533323133542400/cNGiLWkF_normal.jpg",
        "profile_banner_url": "https://pbs.twimg.com/profile_banners/234218690/1443757919",
        "profile_link_color": "1DA1F2",
        "profile_sidebar_border_color": "C0DEED",
        "profile_sidebar_fill_color": "DDEEF6",
        "profile_text_color": "333333",
        "profile_use_background_image": true,
        "has_extended_profile": true,
        "default_profile": true,
        "default_profile_image": false,
        "following": null,
        "follow_request_sent": null,
        "notifications": null,
        "translator_type": "none"
    },
    "geo": null,
    "coordinates": null,
    "place": null,
    "contributors": null,
    "is_quote_status": false,
    "retweet_count": 0,
    "favorite_count": 0,
    "favorited": false,
    "retweeted": false,
    "lang": "en"
}