{
    "created_at": "Mon Apr 15 17:56:07 +0000 2019",
    "id": 1117849095433904130,
    "id_str": "1117849095433904130",
    "text": "Uber\u2019s JUMP Bikes founder and Scoot\u2019s SVP of Product are talking bikes\u2026 https://t.co/xVxpG51bJp https://t.co/wXDb6DcxBV",
    "truncated": false,
    "entities": {
        "hashtags": [],
        "symbols": [],
        "user_mentions": [],
        "urls": [
            {
                "url": "https://t.co/xVxpG51bJp",
                "expanded_url": "https://goo.gl/fb/Z1crEt",
                "display_url": "goo.gl/fb/Z1crEt",
                "indices": [
                    72,
                    95
                ]
            },
            {
                "url": "https://t.co/wXDb6DcxBV",
                "expanded_url": "http://ow.ly/mna7x",
                "display_url": "ow.ly/mna7x",
                "indices": [
                    96,
                    119
                ]
            }
        ]
    },
    "metadata": {
        "iso_language_code": "en",
        "result_type": "recent"
    },
    "source": "<a href=\"https://www.google.com/\" rel=\"nofollow\">Google</a>",
    "in_reply_to_status_id": null,
    "in_reply_to_status_id_str": null,
    "in_reply_to_user_id": null,
    "in_reply_to_user_id_str": null,
    "in_reply_to_screen_name": null,
    "user": {
        "id": 45827401,
        "id_str": "45827401",
        "name": "hariesdesign",
        "screen_name": "hariesdesign",
        "location": "youtube.com/makanlagi",
        "description": "",
        "url": "https://t.co/urEYjGLMmD",
        "entities": {
            "url": {
                "urls": [
                    {
                        "url": "https://t.co/urEYjGLMmD",
                        "expanded_url": "http://www.photomalang.com",
                        "display_url": "photomalang.com",
                        "indices": [
                            0,
                            23
                        ]
                    }
                ]
            },
            "description": {
                "urls": []
            }
        },
        "protected": false,
        "followers_count": 524,
        "friends_count": 95,
        "listed_count": 379,
        "created_at": "Tue Jun 09 12:40:24 +0000 2009",
        "favourites_count": 3,
        "utc_offset": null,
        "time_zone": null,
        "geo_enabled": true,
        "verified": false,
        "statuses_count": 125845,
        "lang": "en",
        "contributors_enabled": false,
        "is_translator": false,
        "is_translation_enabled": false,
        "profile_background_color": "EBEFF0",
        "profile_background_image_url": "http://abs.twimg.com/images/themes/theme1/bg.png",
        "profile_background_image_url_https": "https://abs.twimg.com/images/themes/theme1/bg.png",
        "profile_background_tile": false,
        "profile_image_url": "http://pbs.twimg.com/profile_images/611930680482639872/yyArp4sy_normal.jpg",
        "profile_image_url_https": "https://pbs.twimg.com/profile_images/611930680482639872/yyArp4sy_normal.jpg",
        "profile_banner_url": "https://pbs.twimg.com/profile_banners/45827401/1434730126",
        "profile_link_color": "1E6275",
        "profile_sidebar_border_color": "BDDCAD",
        "profile_sidebar_fill_color": "75B0C9",
        "profile_text_color": "19434D",
        "profile_use_background_image": false,
        "has_extended_profile": false,
        "default_profile": false,
        "default_profile_image": false,
        "following": null,
        "follow_request_sent": null,
        "notifications": null,
        "translator_type": "none"
    },
    "geo": null,
    "coordinates": null,
    "place": null,
    "contributors": null,
    "is_quote_status": false,
    "retweet_count": 0,
    "favorite_count": 0,
    "favorited": false,
    "retweeted": false,
    "possibly_sensitive": false,
    "lang": "en"
}