{
    "created_at": "Mon Apr 15 17:08:55 +0000 2019",
    "id": 1117837215776804865,
    "id_str": "1117837215776804865",
    "text": "\"Uber\u2019s JUMP Bikes founder and Scoot\u2019s SVP of Product are talking bikes and scooters at TC Sessions: Mobility\" https://t.co/KmU853fFsv",
    "truncated": false,
    "entities": {
        "hashtags": [],
        "symbols": [],
        "user_mentions": [],
        "urls": [
            {
                "url": "https://t.co/KmU853fFsv",
                "expanded_url": "https://techcrunch.com/2019/04/15/ubers-jump-bikes-founder-and-scoots-svp-of-product-are-talking-bikes-and-scooters-at-tc-sessions-mobility/",
                "display_url": "techcrunch.com/2019/04/15/ube\u2026",
                "indices": [
                    111,
                    134
                ]
            }
        ]
    },
    "metadata": {
        "iso_language_code": "en",
        "result_type": "recent"
    },
    "source": "<a href=\"https://twitter.com/shandilyaparth1\" rel=\"nofollow\">sparta_99</a>",
    "in_reply_to_status_id": null,
    "in_reply_to_status_id_str": null,
    "in_reply_to_user_id": null,
    "in_reply_to_user_id_str": null,
    "in_reply_to_screen_name": null,
    "user": {
        "id": 882210610435563520,
        "id_str": "882210610435563520",
        "name": "Parth Shandilya",
        "screen_name": "ParthS0007",
        "location": "Earth",
        "description": "Looking for Internship | Software Developer | Natural intelligence learning artificial intelligence.",
        "url": "https://t.co/gYHHvY31P8",
        "entities": {
            "url": {
                "urls": [
                    {
                        "url": "https://t.co/gYHHvY31P8",
                        "expanded_url": "https://github.com/ParthS007",
                        "display_url": "github.com/ParthS007",
                        "indices": [
                            0,
                            23
                        ]
                    }
                ]
            },
            "description": {
                "urls": []
            }
        },
        "protected": false,
        "followers_count": 233,
        "friends_count": 224,
        "listed_count": 9,
        "created_at": "Tue Jul 04 12:12:55 +0000 2017",
        "favourites_count": 10592,
        "utc_offset": null,
        "time_zone": null,
        "geo_enabled": true,
        "verified": false,
        "statuses_count": 18930,
        "lang": "en",
        "contributors_enabled": false,
        "is_translator": false,
        "is_translation_enabled": false,
        "profile_background_color": "000000",
        "profile_background_image_url": "http://abs.twimg.com/images/themes/theme1/bg.png",
        "profile_background_image_url_https": "https://abs.twimg.com/images/themes/theme1/bg.png",
        "profile_background_tile": false,
        "profile_image_url": "http://pbs.twimg.com/profile_images/1076078310558334978/5HRQ-OjL_normal.jpg",
        "profile_image_url_https": "https://pbs.twimg.com/profile_images/1076078310558334978/5HRQ-OjL_normal.jpg",
        "profile_banner_url": "https://pbs.twimg.com/profile_banners/882210610435563520/1527533601",
        "profile_link_color": "FF691F",
        "profile_sidebar_border_color": "000000",
        "profile_sidebar_fill_color": "000000",
        "profile_text_color": "000000",
        "profile_use_background_image": false,
        "has_extended_profile": false,
        "default_profile": false,
        "default_profile_image": false,
        "following": null,
        "follow_request_sent": null,
        "notifications": null,
        "translator_type": "none"
    },
    "geo": null,
    "coordinates": null,
    "place": null,
    "contributors": null,
    "is_quote_status": false,
    "retweet_count": 0,
    "favorite_count": 0,
    "favorited": false,
    "retweeted": false,
    "possibly_sensitive": false,
    "lang": "en"
}