{
    "created_at": "Tue Apr 16 01:51:31 +0000 2019",
    "id": 1117968734193209344,
    "id_str": "1117968734193209344",
    "text": "New: Uber quietly modified JUMP bikes after the same sudden braking issue that led Lyft to ground ebikes nationwide\u2026 https://t.co/jMmFHSqHkx",
    "truncated": true,
    "entities": {
        "hashtags": [],
        "symbols": [],
        "user_mentions": [],
        "urls": [
            {
                "url": "https://t.co/jMmFHSqHkx",
                "expanded_url": "https://twitter.com/i/web/status/1117968734193209344",
                "display_url": "twitter.com/i/web/status/1\u2026",
                "indices": [
                    117,
                    140
                ]
            }
        ]
    },
    "metadata": {
        "iso_language_code": "en",
        "result_type": "recent"
    },
    "source": "<a href=\"https://mobile.twitter.com\" rel=\"nofollow\">Twitter Web App</a>",
    "in_reply_to_status_id": null,
    "in_reply_to_status_id_str": null,
    "in_reply_to_user_id": null,
    "in_reply_to_user_id_str": null,
    "in_reply_to_screen_name": null,
    "user": {
        "id": 62842049,
        "id_str": "62842049",
        "name": "Faiz Siddiqui",
        "screen_name": "faizsays",
        "location": "San Francisco",
        "description": "Tech reporter @washingtonpost covering Tesla, Uber/Lyft, driverless cars + \ud83d\udef4\ud83d\udeb2\ud83d\ude97\ud83d\ude8c\ud83d\ude9d\u2708\ufe0f\ud83d\ude80(?)\nTips: faiz.siddiqui@washpost.com | DMs open, Signal/WhatsApp: ask",
        "url": "https://t.co/WE4VkikXUp",
        "entities": {
            "url": {
                "urls": [
                    {
                        "url": "https://t.co/WE4VkikXUp",
                        "expanded_url": "https://www.washingtonpost.com/people/faiz-siddiqui",
                        "display_url": "washingtonpost.com/people/faiz-si\u2026",
                        "indices": [
                            0,
                            23
                        ]
                    }
                ]
            },
            "description": {
                "urls": []
            }
        },
        "protected": false,
        "followers_count": 5591,
        "friends_count": 1551,
        "listed_count": 235,
        "created_at": "Tue Aug 04 15:13:48 +0000 2009",
        "favourites_count": 3275,
        "utc_offset": null,
        "time_zone": null,
        "geo_enabled": true,
        "verified": true,
        "statuses_count": 9847,
        "lang": "en",
        "contributors_enabled": false,
        "is_translator": false,
        "is_translation_enabled": false,
        "profile_background_color": "C0DEED",
        "profile_background_image_url": "http://abs.twimg.com/images/themes/theme1/bg.png",
        "profile_background_image_url_https": "https://abs.twimg.com/images/themes/theme1/bg.png",
        "profile_background_tile": false,
        "profile_image_url": "http://pbs.twimg.com/profile_images/961652129923518468/N86hKTtJ_normal.jpg",
        "profile_image_url_https": "https://pbs.twimg.com/profile_images/961652129923518468/N86hKTtJ_normal.jpg",
        "profile_banner_url": "https://pbs.twimg.com/profile_banners/62842049/1486854760",
        "profile_link_color": "1DA1F2",
        "profile_sidebar_border_color": "C0DEED",
        "profile_sidebar_fill_color": "DDEEF6",
        "profile_text_color": "333333",
        "profile_use_background_image": true,
        "has_extended_profile": false,
        "default_profile": true,
        "default_profile_image": false,
        "following": null,
        "follow_request_sent": null,
        "notifications": null,
        "translator_type": "none"
    },
    "geo": null,
    "coordinates": null,
    "place": null,
    "contributors": null,
    "is_quote_status": false,
    "retweet_count": 9,
    "favorite_count": 9,
    "favorited": false,
    "retweeted": false,
    "possibly_sensitive": false,
    "lang": "en"
}