{
    "created_at": "Mon Apr 15 18:09:34 +0000 2019",
    "id": 1117852477804699649,
    "id_str": "1117852477804699649",
    "text": "Uber\u2019s JUMP Bikes founder and Scoot\u2019s SVP of Product are talking bikes and scooters at TC Sessions: Mobility https://t.co/SvjW208yp8",
    "truncated": false,
    "entities": {
        "hashtags": [],
        "symbols": [],
        "user_mentions": [],
        "urls": [
            {
                "url": "https://t.co/SvjW208yp8",
                "expanded_url": "https://tcrn.ch/2Gekf8r",
                "display_url": "tcrn.ch/2Gekf8r",
                "indices": [
                    109,
                    132
                ]
            }
        ]
    },
    "metadata": {
        "iso_language_code": "en",
        "result_type": "recent"
    },
    "source": "<a href=\"https://ifttt.com\" rel=\"nofollow\">IFTTT</a>",
    "in_reply_to_status_id": null,
    "in_reply_to_status_id_str": null,
    "in_reply_to_user_id": null,
    "in_reply_to_user_id_str": null,
    "in_reply_to_screen_name": null,
    "user": {
        "id": 303431214,
        "id_str": "303431214",
        "name": "Mass Media Division",
        "screen_name": "MassMediaDyn",
        "location": "Mexico",
        "description": "Take your #company to the #next #level of #strategic #marketing and #drive #relevant #traffic to your #door with #superb #customer #analytics #decision-making.",
        "url": "https://t.co/KW8GfxoZj2",
        "entities": {
            "url": {
                "urls": [
                    {
                        "url": "https://t.co/KW8GfxoZj2",
                        "expanded_url": "https://massmediadivision.com",
                        "display_url": "massmediadivision.com",
                        "indices": [
                            0,
                            23
                        ]
                    }
                ]
            },
            "description": {
                "urls": []
            }
        },
        "protected": false,
        "followers_count": 1784,
        "friends_count": 56,
        "listed_count": 13,
        "created_at": "Sun May 22 21:17:02 +0000 2011",
        "favourites_count": 967,
        "utc_offset": null,
        "time_zone": null,
        "geo_enabled": false,
        "verified": false,
        "statuses_count": 12815,
        "lang": "en",
        "contributors_enabled": false,
        "is_translator": false,
        "is_translation_enabled": false,
        "profile_background_color": "000000",
        "profile_background_image_url": "http://abs.twimg.com/images/themes/theme15/bg.png",
        "profile_background_image_url_https": "https://abs.twimg.com/images/themes/theme15/bg.png",
        "profile_background_tile": false,
        "profile_image_url": "http://pbs.twimg.com/profile_images/1029937360866136068/2VZy6b9g_normal.jpg",
        "profile_image_url_https": "https://pbs.twimg.com/profile_images/1029937360866136068/2VZy6b9g_normal.jpg",
        "profile_banner_url": "https://pbs.twimg.com/profile_banners/303431214/1534391168",
        "profile_link_color": "A64141",
        "profile_sidebar_border_color": "0569FF",
        "profile_sidebar_fill_color": "000000",
        "profile_text_color": "0383A3",
        "profile_use_background_image": true,
        "has_extended_profile": false,
        "default_profile": false,
        "default_profile_image": false,
        "following": null,
        "follow_request_sent": null,
        "notifications": null,
        "translator_type": "none"
    },
    "geo": null,
    "coordinates": null,
    "place": null,
    "contributors": null,
    "is_quote_status": false,
    "retweet_count": 0,
    "favorite_count": 0,
    "favorited": false,
    "retweeted": false,
    "possibly_sensitive": false,
    "lang": "en"
}