{
    "created_at": "Tue Apr 16 00:28:58 +0000 2019",
    "id": 1117947960086581248,
    "id_str": "1117947960086581248",
    "text": "@supermarke @ourbikes @FordGoBike @sfmta_muni Hiya Marke, I just signed the petition and emailed @ourbikes to volun\u2026 https://t.co/QtGTObakxy",
    "truncated": true,
    "entities": {
        "hashtags": [],
        "symbols": [],
        "user_mentions": [
            {
                "screen_name": "supermarke",
                "name": "Marke B.",
                "id": 31193032,
                "id_str": "31193032",
                "indices": [
                    0,
                    11
                ]
            },
            {
                "screen_name": "ourbikes",
                "name": "Our Bikes \u26a1",
                "id": 1027629454699294721,
                "id_str": "1027629454699294721",
                "indices": [
                    12,
                    21
                ]
            },
            {
                "screen_name": "FordGoBike",
                "name": "Ford GoBike",
                "id": 1511580332,
                "id_str": "1511580332",
                "indices": [
                    22,
                    33
                ]
            },
            {
                "screen_name": "sfmta_muni",
                "name": "SFMTA",
                "id": 109702390,
                "id_str": "109702390",
                "indices": [
                    34,
                    45
                ]
            },
            {
                "screen_name": "ourbikes",
                "name": "Our Bikes \u26a1",
                "id": 1027629454699294721,
                "id_str": "1027629454699294721",
                "indices": [
                    97,
                    106
                ]
            }
        ],
        "urls": [
            {
                "url": "https://t.co/QtGTObakxy",
                "expanded_url": "https://twitter.com/i/web/status/1117947960086581248",
                "display_url": "twitter.com/i/web/status/1\u2026",
                "indices": [
                    117,
                    140
                ]
            }
        ]
    },
    "metadata": {
        "iso_language_code": "en",
        "result_type": "recent"
    },
    "source": "<a href=\"https://mobile.twitter.com\" rel=\"nofollow\">Twitter Web App</a>",
    "in_reply_to_status_id": 1117542523038121984,
    "in_reply_to_status_id_str": "1117542523038121984",
    "in_reply_to_user_id": 31193032,
    "in_reply_to_user_id_str": "31193032",
    "in_reply_to_screen_name": "supermarke",
    "user": {
        "id": 949210179777671168,
        "id_str": "949210179777671168",
        "name": "yung sheen",
        "screen_name": "_yungsheen",
        "location": "SF",
        "description": "proud sanpaku",
        "url": "https://t.co/76Rbux62QS",
        "entities": {
            "url": {
                "urls": [
                    {
                        "url": "https://t.co/76Rbux62QS",
                        "expanded_url": "https://www.youtube.com/watch?v=qByKEu0zdco",
                        "display_url": "youtube.com/watch?v=qByKEu\u2026",
                        "indices": [
                            0,
                            23
                        ]
                    }
                ]
            },
            "description": {
                "urls": []
            }
        },
        "protected": false,
        "followers_count": 17,
        "friends_count": 426,
        "listed_count": 0,
        "created_at": "Fri Jan 05 09:25:17 +0000 2018",
        "favourites_count": 2826,
        "utc_offset": null,
        "time_zone": null,
        "geo_enabled": false,
        "verified": false,
        "statuses_count": 180,
        "lang": "en",
        "contributors_enabled": false,
        "is_translator": false,
        "is_translation_enabled": false,
        "profile_background_color": "000000",
        "profile_background_image_url": "http://abs.twimg.com/images/themes/theme1/bg.png",
        "profile_background_image_url_https": "https://abs.twimg.com/images/themes/theme1/bg.png",
        "profile_background_tile": false,
        "profile_image_url": "http://pbs.twimg.com/profile_images/1037255025389490176/MtIKaDUt_normal.jpg",
        "profile_image_url_https": "https://pbs.twimg.com/profile_images/1037255025389490176/MtIKaDUt_normal.jpg",
        "profile_banner_url": "https://pbs.twimg.com/profile_banners/949210179777671168/1536136026",
        "profile_link_color": "981CEB",
        "profile_sidebar_border_color": "000000",
        "profile_sidebar_fill_color": "000000",
        "profile_text_color": "000000",
        "profile_use_background_image": false,
        "has_extended_profile": false,
        "default_profile": false,
        "default_profile_image": false,
        "following": null,
        "follow_request_sent": null,
        "notifications": null,
        "translator_type": "none"
    },
    "geo": null,
    "coordinates": null,
    "place": null,
    "contributors": null,
    "is_quote_status": false,
    "retweet_count": 0,
    "favorite_count": 0,
    "favorited": false,
    "retweeted": false,
    "lang": "en"
}