{
    "created_at": "Mon Apr 15 17:19:21 +0000 2019",
    "id": 1117839840513601542,
    "id_str": "1117839840513601542",
    "text": "Uber\u2019s JUMP Bikes founder and Scoot\u2019s SVP of Product are talking bikes and scooters at TC Sessions: Mobility.https://t.co/NXia8NfID4",
    "truncated": false,
    "entities": {
        "hashtags": [],
        "symbols": [],
        "user_mentions": [],
        "urls": [
            {
                "url": "https://t.co/NXia8NfID4",
                "expanded_url": "https://www.smarthostingplans.com/events/ubers-jump-bikes-founder-and-scoots-svp-of-product-are-talking-bikes-and-scooters-at-tc-sessions-mobility/",
                "display_url": "smarthostingplans.com/events/ubers-j\u2026",
                "indices": [
                    109,
                    132
                ]
            }
        ]
    },
    "metadata": {
        "iso_language_code": "en",
        "result_type": "recent"
    },
    "source": "<a href=\"http://www.smarthostingplans.com\" rel=\"nofollow\">SmartHostingPlansBlog</a>",
    "in_reply_to_status_id": null,
    "in_reply_to_status_id_str": null,
    "in_reply_to_user_id": null,
    "in_reply_to_user_id_str": null,
    "in_reply_to_screen_name": null,
    "user": {
        "id": 1054674884297715712,
        "id_str": "1054674884297715712",
        "name": "Internet&Technology",
        "screen_name": "PlansHosting",
        "location": "Houston, TX",
        "description": "Website Management, mobile apps, online business, startups and innovation, new technologies...",
        "url": "https://t.co/d0gln1NHOY",
        "entities": {
            "url": {
                "urls": [
                    {
                        "url": "https://t.co/d0gln1NHOY",
                        "expanded_url": "https://www.smarthostingplans.com/",
                        "display_url": "smarthostingplans.com",
                        "indices": [
                            0,
                            23
                        ]
                    }
                ]
            },
            "description": {
                "urls": []
            }
        },
        "protected": false,
        "followers_count": 388,
        "friends_count": 386,
        "listed_count": 2,
        "created_at": "Tue Oct 23 10:04:22 +0000 2018",
        "favourites_count": 0,
        "utc_offset": null,
        "time_zone": null,
        "geo_enabled": false,
        "verified": false,
        "statuses_count": 5225,
        "lang": "en",
        "contributors_enabled": false,
        "is_translator": false,
        "is_translation_enabled": false,
        "profile_background_color": "F5F8FA",
        "profile_background_image_url": null,
        "profile_background_image_url_https": null,
        "profile_background_tile": false,
        "profile_image_url": "http://pbs.twimg.com/profile_images/1108831737281433600/axvHBi4q_normal.png",
        "profile_image_url_https": "https://pbs.twimg.com/profile_images/1108831737281433600/axvHBi4q_normal.png",
        "profile_banner_url": "https://pbs.twimg.com/profile_banners/1054674884297715712/1553201038",
        "profile_link_color": "1DA1F2",
        "profile_sidebar_border_color": "C0DEED",
        "profile_sidebar_fill_color": "DDEEF6",
        "profile_text_color": "333333",
        "profile_use_background_image": true,
        "has_extended_profile": true,
        "default_profile": true,
        "default_profile_image": false,
        "following": null,
        "follow_request_sent": null,
        "notifications": null,
        "translator_type": "none"
    },
    "geo": null,
    "coordinates": null,
    "place": null,
    "contributors": null,
    "is_quote_status": false,
    "retweet_count": 0,
    "favorite_count": 0,
    "favorited": false,
    "retweeted": false,
    "possibly_sensitive": false,
    "lang": "en"
}