{
    "created_at": "Mon Apr 15 18:43:25 +0000 2019",
    "id": 1117861000034652160,
    "id_str": "1117861000034652160",
    "text": "Uber\u2019s JUMP Bikes founder and Scoot\u2019s SVP of Product are talking bikes and scooters at TC Sessions: Mobility",
    "truncated": false,
    "entities": {
        "hashtags": [],
        "symbols": [],
        "user_mentions": [],
        "urls": []
    },
    "metadata": {
        "iso_language_code": "en",
        "result_type": "recent"
    },
    "source": "<a href=\"https://ifttt.com\" rel=\"nofollow\">IFTTT</a>",
    "in_reply_to_status_id": null,
    "in_reply_to_status_id_str": null,
    "in_reply_to_user_id": null,
    "in_reply_to_user_id_str": null,
    "in_reply_to_screen_name": null,
    "user": {
        "id": 967061502095122432,
        "id_str": "967061502095122432",
        "name": "Anno",
        "screen_name": "Anuj_Barve_",
        "location": "",
        "description": "I am a uprising web coder,looking for forward to enhance my skills,and learn something new everyday",
        "url": "https://t.co/E14FhWHcej",
        "entities": {
            "url": {
                "urls": [
                    {
                        "url": "https://t.co/E14FhWHcej",
                        "expanded_url": "http://techanno.avstech.co.in/",
                        "display_url": "techanno.avstech.co.in",
                        "indices": [
                            0,
                            23
                        ]
                    }
                ]
            },
            "description": {
                "urls": []
            }
        },
        "protected": false,
        "followers_count": 1,
        "friends_count": 40,
        "listed_count": 0,
        "created_at": "Fri Feb 23 15:40:04 +0000 2018",
        "favourites_count": 68,
        "utc_offset": null,
        "time_zone": null,
        "geo_enabled": false,
        "verified": false,
        "statuses_count": 3139,
        "lang": "en",
        "contributors_enabled": false,
        "is_translator": false,
        "is_translation_enabled": false,
        "profile_background_color": "000000",
        "profile_background_image_url": "http://abs.twimg.com/images/themes/theme1/bg.png",
        "profile_background_image_url_https": "https://abs.twimg.com/images/themes/theme1/bg.png",
        "profile_background_tile": false,
        "profile_image_url": "http://pbs.twimg.com/profile_images/967071071374471168/HA_73ScM_normal.jpg",
        "profile_image_url_https": "https://pbs.twimg.com/profile_images/967071071374471168/HA_73ScM_normal.jpg",
        "profile_link_color": "1B95E0",
        "profile_sidebar_border_color": "000000",
        "profile_sidebar_fill_color": "000000",
        "profile_text_color": "000000",
        "profile_use_background_image": false,
        "has_extended_profile": true,
        "default_profile": false,
        "default_profile_image": false,
        "following": null,
        "follow_request_sent": null,
        "notifications": null,
        "translator_type": "none"
    },
    "geo": null,
    "coordinates": null,
    "place": null,
    "contributors": null,
    "is_quote_status": false,
    "retweet_count": 0,
    "favorite_count": 0,
    "favorited": false,
    "retweeted": false,
    "lang": "en"
}