{
    "created_at": "Tue Apr 16 02:29:51 +0000 2019",
    "id": 1117978378492153857,
    "id_str": "1117978378492153857",
    "text": "@AGZimmerman @NYCTSubway This was the EXACT same issue this morning. I got on an A train at Delancey for the train\u2026 https://t.co/ulwq0ZGfWS",
    "truncated": true,
    "entities": {
        "hashtags": [],
        "symbols": [],
        "user_mentions": [
            {
                "screen_name": "AGZimmerman",
                "name": "Alex Zimmerman",
                "id": 434624246,
                "id_str": "434624246",
                "indices": [
                    0,
                    12
                ]
            },
            {
                "screen_name": "NYCTSubway",
                "name": "NYCT Subway",
                "id": 66379182,
                "id_str": "66379182",
                "indices": [
                    13,
                    24
                ]
            }
        ],
        "urls": [
            {
                "url": "https://t.co/ulwq0ZGfWS",
                "expanded_url": "https://twitter.com/i/web/status/1117978378492153857",
                "display_url": "twitter.com/i/web/status/1\u2026",
                "indices": [
                    116,
                    139
                ]
            }
        ]
    },
    "metadata": {
        "iso_language_code": "en",
        "result_type": "recent"
    },
    "source": "<a href=\"http://twitter.com/download/iphone\" rel=\"nofollow\">Twitter for iPhone</a>",
    "in_reply_to_status_id": 1117925994973859841,
    "in_reply_to_status_id_str": "1117925994973859841",
    "in_reply_to_user_id": 434624246,
    "in_reply_to_user_id_str": "434624246",
    "in_reply_to_screen_name": "AGZimmerman",
    "user": {
        "id": 23499997,
        "id_str": "23499997",
        "name": "Naomi Pe\u00f1a",
        "screen_name": "naomi325",
        "location": "New York, NY",
        "description": "Proud product of NYCHA. Advocate & warrior  for NYC education in school district 1 & housing. @cecd1nyc Member 2015; Current CEC1 President~ All tweets are mine",
        "url": null,
        "entities": {
            "description": {
                "urls": []
            }
        },
        "protected": false,
        "followers_count": 340,
        "friends_count": 661,
        "listed_count": 3,
        "created_at": "Mon Mar 09 20:58:17 +0000 2009",
        "favourites_count": 2205,
        "utc_offset": null,
        "time_zone": null,
        "geo_enabled": true,
        "verified": false,
        "statuses_count": 1784,
        "lang": "en",
        "contributors_enabled": false,
        "is_translator": false,
        "is_translation_enabled": false,
        "profile_background_color": "FF6699",
        "profile_background_image_url": "http://abs.twimg.com/images/themes/theme11/bg.gif",
        "profile_background_image_url_https": "https://abs.twimg.com/images/themes/theme11/bg.gif",
        "profile_background_tile": true,
        "profile_image_url": "http://pbs.twimg.com/profile_images/946923558818734080/ZMGd78kc_normal.jpg",
        "profile_image_url_https": "https://pbs.twimg.com/profile_images/946923558818734080/ZMGd78kc_normal.jpg",
        "profile_banner_url": "https://pbs.twimg.com/profile_banners/23499997/1503869274",
        "profile_link_color": "B40B43",
        "profile_sidebar_border_color": "CC3366",
        "profile_sidebar_fill_color": "E5507E",
        "profile_text_color": "362720",
        "profile_use_background_image": true,
        "has_extended_profile": true,
        "default_profile": false,
        "default_profile_image": false,
        "following": null,
        "follow_request_sent": null,
        "notifications": null,
        "translator_type": "none"
    },
    "geo": null,
    "coordinates": null,
    "place": null,
    "contributors": null,
    "is_quote_status": false,
    "retweet_count": 0,
    "favorite_count": 0,
    "favorited": false,
    "retweeted": false,
    "lang": "en"
}