{
    "created_at": "Mon Apr 15 08:48:00 +0000 2019",
    "id": 1117711155890356224,
    "id_str": "1117711155890356224",
    "text": "Uber y Cabify se han preparado en Espa\u00f1a para competir con sus nuevas armas: los patinetes el\u00e9ctricos\u2026 https://t.co/sHEQ1rWWw2",
    "truncated": true,
    "entities": {
        "hashtags": [],
        "symbols": [],
        "user_mentions": [],
        "urls": [
            {
                "url": "https://t.co/sHEQ1rWWw2",
                "expanded_url": "https://twitter.com/i/web/status/1117711155890356224",
                "display_url": "twitter.com/i/web/status/1\u2026",
                "indices": [
                    103,
                    126
                ]
            }
        ]
    },
    "metadata": {
        "iso_language_code": "es",
        "result_type": "recent"
    },
    "source": "<a href=\"https://about.twitter.com/products/tweetdeck\" rel=\"nofollow\">TweetDeck</a>",
    "in_reply_to_status_id": null,
    "in_reply_to_status_id_str": null,
    "in_reply_to_user_id": null,
    "in_reply_to_user_id_str": null,
    "in_reply_to_screen_name": null,
    "user": {
        "id": 20063063,
        "id_str": "20063063",
        "name": "Econom\u00eda Digital",
        "screen_name": "EconomiaED_",
        "location": "Barcelona, Espa\u00f1a",
        "description": "La informaci\u00f3n necesaria. Desde el 15/NOV/2008. M\u00e1s en @cerodosbe @diariogolcom @finanzascom @galiciaED_ @ideasED_ y @smartzings. Libros en @edlibros",
        "url": "https://t.co/jGVPS3SLrE",
        "entities": {
            "url": {
                "urls": [
                    {
                        "url": "https://t.co/jGVPS3SLrE",
                        "expanded_url": "https://www.economiadigital.es/",
                        "display_url": "economiadigital.es",
                        "indices": [
                            0,
                            23
                        ]
                    }
                ]
            },
            "description": {
                "urls": []
            }
        },
        "protected": false,
        "followers_count": 38801,
        "friends_count": 17,
        "listed_count": 1351,
        "created_at": "Wed Feb 04 15:53:24 +0000 2009",
        "favourites_count": 1088,
        "utc_offset": null,
        "time_zone": null,
        "geo_enabled": true,
        "verified": true,
        "statuses_count": 131282,
        "lang": "es",
        "contributors_enabled": false,
        "is_translator": false,
        "is_translation_enabled": false,
        "profile_background_color": "FFFFFF",
        "profile_background_image_url": "http://abs.twimg.com/images/themes/theme1/bg.png",
        "profile_background_image_url_https": "https://abs.twimg.com/images/themes/theme1/bg.png",
        "profile_background_tile": false,
        "profile_image_url": "http://pbs.twimg.com/profile_images/1065647658960908290/EhoCCUFX_normal.jpg",
        "profile_image_url_https": "https://pbs.twimg.com/profile_images/1065647658960908290/EhoCCUFX_normal.jpg",
        "profile_banner_url": "https://pbs.twimg.com/profile_banners/20063063/1551177739",
        "profile_link_color": "1B95E0",
        "profile_sidebar_border_color": "FFFFFF",
        "profile_sidebar_fill_color": "DDEEF6",
        "profile_text_color": "333333",
        "profile_use_background_image": true,
        "has_extended_profile": false,
        "default_profile": false,
        "default_profile_image": false,
        "following": null,
        "follow_request_sent": null,
        "notifications": null,
        "translator_type": "none"
    },
    "geo": null,
    "coordinates": null,
    "place": null,
    "contributors": null,
    "is_quote_status": false,
    "retweet_count": 1,
    "favorite_count": 0,
    "favorited": false,
    "retweeted": false,
    "possibly_sensitive": false,
    "lang": "es"
}