{
    "created_at": "Mon Apr 15 18:15:12 +0000 2019",
    "id": 1117853899136700416,
    "id_str": "1117853899136700416",
    "text": "Uber\u2019s JUMP Bikes founder and Scoot\u2019s SVP of Product are talking bikes and scooters at TC Sessions: Mobility https://t.co/fLHw7ADDPQ",
    "truncated": false,
    "entities": {
        "hashtags": [],
        "symbols": [],
        "user_mentions": [],
        "urls": [
            {
                "url": "https://t.co/fLHw7ADDPQ",
                "expanded_url": "https://tcrn.ch/2Gekf8r",
                "display_url": "tcrn.ch/2Gekf8r",
                "indices": [
                    109,
                    132
                ]
            }
        ]
    },
    "metadata": {
        "iso_language_code": "en",
        "result_type": "recent"
    },
    "source": "<a href=\"https://ifttt.com\" rel=\"nofollow\">IFTTT</a>",
    "in_reply_to_status_id": null,
    "in_reply_to_status_id_str": null,
    "in_reply_to_user_id": null,
    "in_reply_to_user_id_str": null,
    "in_reply_to_screen_name": null,
    "user": {
        "id": 860860190,
        "id_str": "860860190",
        "name": "ReggieDigital",
        "screen_name": "Budgettech13",
        "location": "United States",
        "description": "Loves gadgets,",
        "url": "https://t.co/DwoxjMy9tN",
        "entities": {
            "url": {
                "urls": [
                    {
                        "url": "https://t.co/DwoxjMy9tN",
                        "expanded_url": "http://anchor.fm/reggiedigital",
                        "display_url": "anchor.fm/reggiedigital",
                        "indices": [
                            0,
                            23
                        ]
                    }
                ]
            },
            "description": {
                "urls": []
            }
        },
        "protected": false,
        "followers_count": 179,
        "friends_count": 387,
        "listed_count": 13,
        "created_at": "Thu Oct 04 04:36:42 +0000 2012",
        "favourites_count": 300,
        "utc_offset": null,
        "time_zone": null,
        "geo_enabled": false,
        "verified": false,
        "statuses_count": 23588,
        "lang": "en",
        "contributors_enabled": false,
        "is_translator": false,
        "is_translation_enabled": false,
        "profile_background_color": "1A1B1F",
        "profile_background_image_url": "http://abs.twimg.com/images/themes/theme9/bg.gif",
        "profile_background_image_url_https": "https://abs.twimg.com/images/themes/theme9/bg.gif",
        "profile_background_tile": false,
        "profile_image_url": "http://pbs.twimg.com/profile_images/830851867253018628/J5C-dYql_normal.jpg",
        "profile_image_url_https": "https://pbs.twimg.com/profile_images/830851867253018628/J5C-dYql_normal.jpg",
        "profile_banner_url": "https://pbs.twimg.com/profile_banners/860860190/1509087503",
        "profile_link_color": "4A913C",
        "profile_sidebar_border_color": "FFFFFF",
        "profile_sidebar_fill_color": "252429",
        "profile_text_color": "666666",
        "profile_use_background_image": true,
        "has_extended_profile": false,
        "default_profile": false,
        "default_profile_image": false,
        "following": null,
        "follow_request_sent": null,
        "notifications": null,
        "translator_type": "none"
    },
    "geo": null,
    "coordinates": null,
    "place": null,
    "contributors": null,
    "is_quote_status": false,
    "retweet_count": 0,
    "favorite_count": 0,
    "favorited": false,
    "retweeted": false,
    "possibly_sensitive": false,
    "lang": "en"
}