{
    "created_at": "Mon Apr 15 22:27:38 +0000 2019",
    "id": 1117917424702017536,
    "id_str": "1117917424702017536",
    "text": "Uber's JUMP Bikes founder and Scoot's SVP of Product are talking bikes and scooters at TC Sessions: Mobility https://t.co/5nbrlou0YD",
    "truncated": false,
    "entities": {
        "hashtags": [],
        "symbols": [],
        "user_mentions": [],
        "urls": [
            {
                "url": "https://t.co/5nbrlou0YD",
                "expanded_url": "http://dld.bz/hy3HG",
                "display_url": "dld.bz/hy3HG",
                "indices": [
                    109,
                    132
                ]
            }
        ]
    },
    "metadata": {
        "iso_language_code": "en",
        "result_type": "recent"
    },
    "source": "<a href=\"https://www.socialoomph.com\" rel=\"nofollow\">SocialOomph</a>",
    "in_reply_to_status_id": null,
    "in_reply_to_status_id_str": null,
    "in_reply_to_user_id": null,
    "in_reply_to_user_id_str": null,
    "in_reply_to_screen_name": null,
    "user": {
        "id": 21351506,
        "id_str": "21351506",
        "name": "EagleStar.NET",
        "screen_name": "EagleStarNET",
        "location": "The Great Wide Open",
        "description": "Available properties and buyers, for real estate with opportunities to buy, to sell, to trade, to enjoy.  We make it known.",
        "url": "http://t.co/fYS9l77sdY",
        "entities": {
            "url": {
                "urls": [
                    {
                        "url": "http://t.co/fYS9l77sdY",
                        "expanded_url": "http://www.eaglestar.net",
                        "display_url": "eaglestar.net",
                        "indices": [
                            0,
                            22
                        ]
                    }
                ]
            },
            "description": {
                "urls": []
            }
        },
        "protected": false,
        "followers_count": 112935,
        "friends_count": 10048,
        "listed_count": 510,
        "created_at": "Thu Feb 19 23:19:04 +0000 2009",
        "favourites_count": 99,
        "utc_offset": null,
        "time_zone": null,
        "geo_enabled": false,
        "verified": false,
        "statuses_count": 1017796,
        "lang": "en",
        "contributors_enabled": false,
        "is_translator": false,
        "is_translation_enabled": false,
        "profile_background_color": "1C1C1C",
        "profile_background_image_url": "http://abs.twimg.com/images/themes/theme1/bg.png",
        "profile_background_image_url_https": "https://abs.twimg.com/images/themes/theme1/bg.png",
        "profile_background_tile": false,
        "profile_image_url": "http://pbs.twimg.com/profile_images/1281792618/es_logo_metallic_gold_2_normal.jpg",
        "profile_image_url_https": "https://pbs.twimg.com/profile_images/1281792618/es_logo_metallic_gold_2_normal.jpg",
        "profile_banner_url": "https://pbs.twimg.com/profile_banners/21351506/1400212457",
        "profile_link_color": "283CED",
        "profile_sidebar_border_color": "04094F",
        "profile_sidebar_fill_color": "B0C2D9",
        "profile_text_color": "220869",
        "profile_use_background_image": true,
        "has_extended_profile": false,
        "default_profile": false,
        "default_profile_image": false,
        "following": null,
        "follow_request_sent": null,
        "notifications": null,
        "translator_type": "none"
    },
    "geo": null,
    "coordinates": null,
    "place": null,
    "contributors": null,
    "is_quote_status": false,
    "retweet_count": 0,
    "favorite_count": 0,
    "favorited": false,
    "retweeted": false,
    "possibly_sensitive": false,
    "lang": "en"
}