{
    "created_at": "Mon Apr 15 23:50:41 +0000 2019",
    "id": 1117938324499517441,
    "id_str": "1117938324499517441",
    "text": "RT @T0ny_T0Ni_T0ne: My coworker\u2019s friend had to jump out of a moving Uber vehicle because the driver attempted to kidnap her. She later fou\u2026",
    "truncated": false,
    "entities": {
        "hashtags": [],
        "symbols": [],
        "user_mentions": [
            {
                "screen_name": "T0ny_T0Ni_T0ne",
                "name": "Boopie",
                "id": 80164100,
                "id_str": "80164100",
                "indices": [
                    3,
                    18
                ]
            }
        ],
        "urls": []
    },
    "metadata": {
        "iso_language_code": "en",
        "result_type": "recent"
    },
    "source": "<a href=\"http://twitter.com/download/iphone\" rel=\"nofollow\">Twitter for iPhone</a>",
    "in_reply_to_status_id": null,
    "in_reply_to_status_id_str": null,
    "in_reply_to_user_id": null,
    "in_reply_to_user_id_str": null,
    "in_reply_to_screen_name": null,
    "user": {
        "id": 98213446,
        "id_str": "98213446",
        "name": "scooter wilkerson",
        "screen_name": "scootercomedy",
        "location": "PHILLY: via, SCOOTERZWORLD",
        "description": "Host of new wave radio show on 88.1 fm!! Sometimes your dreams can be so far away but yet so close!!",
        "url": "http://t.co/8JOkFjuE4g",
        "entities": {
            "url": {
                "urls": [
                    {
                        "url": "http://t.co/8JOkFjuE4g",
                        "expanded_url": "http://www.scooterzworld.com",
                        "display_url": "scooterzworld.com",
                        "indices": [
                            0,
                            22
                        ]
                    }
                ]
            },
            "description": {
                "urls": []
            }
        },
        "protected": false,
        "followers_count": 1111,
        "friends_count": 1142,
        "listed_count": 13,
        "created_at": "Sun Dec 20 21:58:15 +0000 2009",
        "favourites_count": 1095,
        "utc_offset": null,
        "time_zone": null,
        "geo_enabled": true,
        "verified": false,
        "statuses_count": 67553,
        "lang": "en",
        "contributors_enabled": false,
        "is_translator": false,
        "is_translation_enabled": false,
        "profile_background_color": "C0DEED",
        "profile_background_image_url": "http://abs.twimg.com/images/themes/theme1/bg.png",
        "profile_background_image_url_https": "https://abs.twimg.com/images/themes/theme1/bg.png",
        "profile_background_tile": false,
        "profile_image_url": "http://pbs.twimg.com/profile_images/378800000786491971/516419812a65720ba2a99ece5d4a8880_normal.jpeg",
        "profile_image_url_https": "https://pbs.twimg.com/profile_images/378800000786491971/516419812a65720ba2a99ece5d4a8880_normal.jpeg",
        "profile_link_color": "1DA1F2",
        "profile_sidebar_border_color": "C0DEED",
        "profile_sidebar_fill_color": "DDEEF6",
        "profile_text_color": "333333",
        "profile_use_background_image": true,
        "has_extended_profile": false,
        "default_profile": true,
        "default_profile_image": false,
        "following": null,
        "follow_request_sent": null,
        "notifications": null,
        "translator_type": "none"
    },
    "geo": null,
    "coordinates": null,
    "place": null,
    "contributors": null,
    "retweeted_status": {
        "created_at": "Mon Apr 15 23:22:05 +0000 2019",
        "id": 1117931126381776896,
        "id_str": "1117931126381776896",
        "text": "My coworker\u2019s friend had to jump out of a moving Uber vehicle because the driver attempted to kidnap her. She later\u2026 https://t.co/XYT9Dyq67O",
        "truncated": true,
        "entities": {
            "hashtags": [],
            "symbols": [],
            "user_mentions": [],
            "urls": [
                {
                    "url": "https://t.co/XYT9Dyq67O",
                    "expanded_url": "https://twitter.com/i/web/status/1117931126381776896",
                    "display_url": "twitter.com/i/web/status/1\u2026",
                    "indices": [
                        117,
                        140
                    ]
                }
            ]
        },
        "metadata": {
            "iso_language_code": "en",
            "result_type": "recent"
        },
        "source": "<a href=\"http://twitter.com/download/iphone\" rel=\"nofollow\">Twitter for iPhone</a>",
        "in_reply_to_status_id": null,
        "in_reply_to_status_id_str": null,
        "in_reply_to_user_id": null,
        "in_reply_to_user_id_str": null,
        "in_reply_to_screen_name": null,
        "user": {
            "id": 80164100,
            "id_str": "80164100",
            "name": "Boopie",
            "screen_name": "T0ny_T0Ni_T0ne",
            "location": "CT \u27a1\ufe0f DMV \u27a1\ufe0fGA",
            "description": "",
            "url": null,
            "entities": {
                "description": {
                    "urls": []
                }
            },
            "protected": false,
            "followers_count": 801,
            "friends_count": 722,
            "listed_count": 2,
            "created_at": "Tue Oct 06 00:07:51 +0000 2009",
            "favourites_count": 263,
            "utc_offset": null,
            "time_zone": null,
            "geo_enabled": false,
            "verified": false,
            "statuses_count": 32724,
            "lang": "en",
            "contributors_enabled": false,
            "is_translator": false,
            "is_translation_enabled": false,
            "profile_background_color": "F7F7F7",
            "profile_background_image_url": "http://abs.twimg.com/images/themes/theme14/bg.gif",
            "profile_background_image_url_https": "https://abs.twimg.com/images/themes/theme14/bg.gif",
            "profile_background_tile": true,
            "profile_image_url": "http://pbs.twimg.com/profile_images/902000263527100416/9e_5XnRD_normal.jpg",
            "profile_image_url_https": "https://pbs.twimg.com/profile_images/902000263527100416/9e_5XnRD_normal.jpg",
            "profile_link_color": "ABB8C2",
            "profile_sidebar_border_color": "EEEEEE",
            "profile_sidebar_fill_color": "000000",
            "profile_text_color": "42FF03",
            "profile_use_background_image": true,
            "has_extended_profile": false,
            "default_profile": false,
            "default_profile_image": false,
            "following": null,
            "follow_request_sent": null,
            "notifications": null,
            "translator_type": "none"
        },
        "geo": null,
        "coordinates": null,
        "place": null,
        "contributors": null,
        "is_quote_status": false,
        "retweet_count": 3,
        "favorite_count": 1,
        "favorited": false,
        "retweeted": false,
        "lang": "en"
    },
    "is_quote_status": false,
    "retweet_count": 3,
    "favorite_count": 0,
    "favorited": false,
    "retweeted": false,
    "lang": "en"
}