{
    "created_at": "Mon Apr 15 17:04:07 +0000 2019",
    "id": 1117836009117368321,
    "id_str": "1117836009117368321",
    "text": "Uber\u2019s JUMP Bikes founder and Scoot\u2019s SVP of Product are talking bikes and scooters at TC Sessions: Mobility\u2026 https://t.co/5G9OAukduJ",
    "truncated": true,
    "entities": {
        "hashtags": [],
        "symbols": [],
        "user_mentions": [],
        "urls": [
            {
                "url": "https://t.co/5G9OAukduJ",
                "expanded_url": "https://twitter.com/i/web/status/1117836009117368321",
                "display_url": "twitter.com/i/web/status/1\u2026",
                "indices": [
                    110,
                    133
                ]
            }
        ]
    },
    "metadata": {
        "iso_language_code": "en",
        "result_type": "recent"
    },
    "source": "<a href=\"https://dlvrit.com/\" rel=\"nofollow\">dlvr.it</a>",
    "in_reply_to_status_id": null,
    "in_reply_to_status_id_str": null,
    "in_reply_to_user_id": null,
    "in_reply_to_user_id_str": null,
    "in_reply_to_screen_name": null,
    "user": {
        "id": 82350646,
        "id_str": "82350646",
        "name": "M\u00e1rcio M. Silva",
        "screen_name": "marciojmsilva",
        "location": "Lousada, Portugal",
        "description": "Living life, one day after another. One day at a time without thinking about tomorrow. Today, here and now. Nothing simpler, and so I Live...",
        "url": "https://t.co/HU98Tp5XHx",
        "entities": {
            "url": {
                "urls": [
                    {
                        "url": "https://t.co/HU98Tp5XHx",
                        "expanded_url": "https://goo.gl/jMDByi",
                        "display_url": "goo.gl/jMDByi",
                        "indices": [
                            0,
                            23
                        ]
                    }
                ]
            },
            "description": {
                "urls": []
            }
        },
        "protected": false,
        "followers_count": 1341,
        "friends_count": 2518,
        "listed_count": 761,
        "created_at": "Wed Oct 14 12:47:43 +0000 2009",
        "favourites_count": 1865,
        "utc_offset": null,
        "time_zone": null,
        "geo_enabled": true,
        "verified": false,
        "statuses_count": 697885,
        "lang": "pt",
        "contributors_enabled": false,
        "is_translator": false,
        "is_translation_enabled": false,
        "profile_background_color": "000000",
        "profile_background_image_url": "http://abs.twimg.com/images/themes/theme14/bg.gif",
        "profile_background_image_url_https": "https://abs.twimg.com/images/themes/theme14/bg.gif",
        "profile_background_tile": true,
        "profile_image_url": "http://pbs.twimg.com/profile_images/470392656/0869_normal.jpg",
        "profile_image_url_https": "https://pbs.twimg.com/profile_images/470392656/0869_normal.jpg",
        "profile_banner_url": "https://pbs.twimg.com/profile_banners/82350646/1493374598",
        "profile_link_color": "013064",
        "profile_sidebar_border_color": "EEEEEE",
        "profile_sidebar_fill_color": "EFEFEF",
        "profile_text_color": "7A7A7A",
        "profile_use_background_image": true,
        "has_extended_profile": true,
        "default_profile": false,
        "default_profile_image": false,
        "following": null,
        "follow_request_sent": null,
        "notifications": null,
        "translator_type": "regular"
    },
    "geo": null,
    "coordinates": null,
    "place": null,
    "contributors": null,
    "is_quote_status": false,
    "retweet_count": 0,
    "favorite_count": 0,
    "favorited": false,
    "retweeted": false,
    "possibly_sensitive": false,
    "lang": "en"
}