{
    "created_at": "Mon Apr 15 06:09:48 +0000 2019",
    "id": 1117671343930130432,
    "id_str": "1117671343930130432",
    "text": "\ud83d\udea8 SALE!!!!!! \n\nNot just any sale but a bonkers crazy sale because I\u2019m having a spring clear out to make way for som\u2026 https://t.co/9AzFqNBhtM",
    "truncated": true,
    "entities": {
        "hashtags": [],
        "symbols": [],
        "user_mentions": [],
        "urls": [
            {
                "url": "https://t.co/9AzFqNBhtM",
                "expanded_url": "https://twitter.com/i/web/status/1117671343930130432",
                "display_url": "twitter.com/i/web/status/1\u2026",
                "indices": [
                    117,
                    140
                ]
            }
        ]
    },
    "metadata": {
        "iso_language_code": "en",
        "result_type": "recent"
    },
    "source": "<a href=\"http://instagram.com\" rel=\"nofollow\">Instagram</a>",
    "in_reply_to_status_id": null,
    "in_reply_to_status_id_str": null,
    "in_reply_to_user_id": null,
    "in_reply_to_user_id_str": null,
    "in_reply_to_screen_name": null,
    "user": {
        "id": 842383029402238977,
        "id_str": "842383029402238977",
        "name": "R Bruton Textiles",
        "screen_name": "rbrutontextiles",
        "location": "South West, England",
        "description": "#Textile #Artist #commissions Artworks created in fabric and thread. Textile fibre Artist & Teacher. #Freemotionembroidery\nEtsy - https://t.co/Eab3u5Qf4D",
        "url": "https://t.co/axuGYneDuD",
        "entities": {
            "url": {
                "urls": [
                    {
                        "url": "https://t.co/axuGYneDuD",
                        "expanded_url": "http://www.rebeccabruton.co.uk",
                        "display_url": "rebeccabruton.co.uk",
                        "indices": [
                            0,
                            23
                        ]
                    }
                ]
            },
            "description": {
                "urls": [
                    {
                        "url": "https://t.co/Eab3u5Qf4D",
                        "expanded_url": "http://rbrutontextileart.etsy.com",
                        "display_url": "rbrutontextileart.etsy.com",
                        "indices": [
                            130,
                            153
                        ]
                    }
                ]
            }
        },
        "protected": false,
        "followers_count": 438,
        "friends_count": 1516,
        "listed_count": 7,
        "created_at": "Thu Mar 16 14:32:19 +0000 2017",
        "favourites_count": 1154,
        "utc_offset": null,
        "time_zone": null,
        "geo_enabled": false,
        "verified": false,
        "statuses_count": 1450,
        "lang": "en",
        "contributors_enabled": false,
        "is_translator": false,
        "is_translation_enabled": false,
        "profile_background_color": "000000",
        "profile_background_image_url": "http://abs.twimg.com/images/themes/theme1/bg.png",
        "profile_background_image_url_https": "https://abs.twimg.com/images/themes/theme1/bg.png",
        "profile_background_tile": false,
        "profile_image_url": "http://pbs.twimg.com/profile_images/990306939828604933/G648Q-UZ_normal.jpg",
        "profile_image_url_https": "https://pbs.twimg.com/profile_images/990306939828604933/G648Q-UZ_normal.jpg",
        "profile_banner_url": "https://pbs.twimg.com/profile_banners/842383029402238977/1524942819",
        "profile_link_color": "1B95E0",
        "profile_sidebar_border_color": "000000",
        "profile_sidebar_fill_color": "000000",
        "profile_text_color": "000000",
        "profile_use_background_image": false,
        "has_extended_profile": false,
        "default_profile": false,
        "default_profile_image": false,
        "following": null,
        "follow_request_sent": null,
        "notifications": null,
        "translator_type": "none"
    },
    "geo": null,
    "coordinates": null,
    "place": null,
    "contributors": null,
    "is_quote_status": false,
    "retweet_count": 0,
    "favorite_count": 1,
    "favorited": false,
    "retweeted": false,
    "possibly_sensitive": false,
    "lang": "en"
}