{
    "created_at": "Mon Apr 15 17:15:57 +0000 2019",
    "id": 1117838987538903041,
    "id_str": "1117838987538903041",
    "text": "Uber's JUMP Bikes founder and Scoot's SVP of Product are talking bikes and scooters at TC Sessions: Mobility\u2026 https://t.co/JGpJTYznlP",
    "truncated": true,
    "entities": {
        "hashtags": [],
        "symbols": [],
        "user_mentions": [],
        "urls": [
            {
                "url": "https://t.co/JGpJTYznlP",
                "expanded_url": "https://twitter.com/i/web/status/1117838987538903041",
                "display_url": "twitter.com/i/web/status/1\u2026",
                "indices": [
                    110,
                    133
                ]
            }
        ]
    },
    "metadata": {
        "iso_language_code": "en",
        "result_type": "recent"
    },
    "source": "<a href=\"https://ifttt.com\" rel=\"nofollow\">IFTTT</a>",
    "in_reply_to_status_id": null,
    "in_reply_to_status_id_str": null,
    "in_reply_to_user_id": null,
    "in_reply_to_user_id_str": null,
    "in_reply_to_screen_name": null,
    "user": {
        "id": 820884622145896448,
        "id_str": "820884622145896448",
        "name": "METABLOKS",
        "screen_name": "metabloks",
        "location": "Everywhere",
        "description": "METABLOKS show essence. Essence makes meta understanding. That's something nice.",
        "url": "https://t.co/1jkEateZQ0",
        "entities": {
            "url": {
                "urls": [
                    {
                        "url": "https://t.co/1jkEateZQ0",
                        "expanded_url": "http://www.metabloks.com",
                        "display_url": "metabloks.com",
                        "indices": [
                            0,
                            23
                        ]
                    }
                ]
            },
            "description": {
                "urls": []
            }
        },
        "protected": false,
        "followers_count": 1496,
        "friends_count": 2135,
        "listed_count": 6,
        "created_at": "Mon Jan 16 06:45:20 +0000 2017",
        "favourites_count": 177,
        "utc_offset": null,
        "time_zone": null,
        "geo_enabled": false,
        "verified": false,
        "statuses_count": 66397,
        "lang": "en",
        "contributors_enabled": false,
        "is_translator": false,
        "is_translation_enabled": false,
        "profile_background_color": "000000",
        "profile_background_image_url": "http://abs.twimg.com/images/themes/theme1/bg.png",
        "profile_background_image_url_https": "https://abs.twimg.com/images/themes/theme1/bg.png",
        "profile_background_tile": false,
        "profile_image_url": "http://pbs.twimg.com/profile_images/878146468644741121/m0vaGtz8_normal.jpg",
        "profile_image_url_https": "https://pbs.twimg.com/profile_images/878146468644741121/m0vaGtz8_normal.jpg",
        "profile_link_color": "333333",
        "profile_sidebar_border_color": "000000",
        "profile_sidebar_fill_color": "000000",
        "profile_text_color": "000000",
        "profile_use_background_image": false,
        "has_extended_profile": false,
        "default_profile": false,
        "default_profile_image": false,
        "following": null,
        "follow_request_sent": null,
        "notifications": null,
        "translator_type": "none"
    },
    "geo": null,
    "coordinates": null,
    "place": null,
    "contributors": null,
    "is_quote_status": false,
    "retweet_count": 0,
    "favorite_count": 0,
    "favorited": false,
    "retweeted": false,
    "possibly_sensitive": false,
    "lang": "en"
}