{
    "created_at": "Mon Apr 15 17:10:48 +0000 2019",
    "id": 1117837689229852674,
    "id_str": "1117837689229852674",
    "text": "Uber\u2019s JUMP Bikes founder and Scoot\u2019s SVP of Product are talking bikes and scooters at TC Sessions: Mobility https://t.co/X3sCVu1kCp",
    "truncated": false,
    "entities": {
        "hashtags": [],
        "symbols": [],
        "user_mentions": [],
        "urls": [
            {
                "url": "https://t.co/X3sCVu1kCp",
                "expanded_url": "https://tcrn.ch/2Gekf8r",
                "display_url": "tcrn.ch/2Gekf8r",
                "indices": [
                    109,
                    132
                ]
            }
        ]
    },
    "metadata": {
        "iso_language_code": "en",
        "result_type": "recent"
    },
    "source": "<a href=\"https://ifttt.com\" rel=\"nofollow\">IFTTT</a>",
    "in_reply_to_status_id": null,
    "in_reply_to_status_id_str": null,
    "in_reply_to_user_id": null,
    "in_reply_to_user_id_str": null,
    "in_reply_to_screen_name": null,
    "user": {
        "id": 2673756716,
        "id_str": "2673756716",
        "name": "Week Services",
        "screen_name": "WeekServices",
        "location": "",
        "description": "High quality #Liferay Theme and Development Java EE",
        "url": "http://t.co/gMlDG4lxHw",
        "entities": {
            "url": {
                "urls": [
                    {
                        "url": "http://t.co/gMlDG4lxHw",
                        "expanded_url": "http://weekservice.com",
                        "display_url": "weekservice.com",
                        "indices": [
                            0,
                            22
                        ]
                    }
                ]
            },
            "description": {
                "urls": []
            }
        },
        "protected": false,
        "followers_count": 255,
        "friends_count": 17,
        "listed_count": 44,
        "created_at": "Wed Jul 23 13:01:14 +0000 2014",
        "favourites_count": 0,
        "utc_offset": null,
        "time_zone": null,
        "geo_enabled": false,
        "verified": false,
        "statuses_count": 64451,
        "lang": "en",
        "contributors_enabled": false,
        "is_translator": false,
        "is_translation_enabled": false,
        "profile_background_color": "FADEB4",
        "profile_background_image_url": "http://abs.twimg.com/images/themes/theme17/bg.gif",
        "profile_background_image_url_https": "https://abs.twimg.com/images/themes/theme17/bg.gif",
        "profile_background_tile": false,
        "profile_image_url": "http://pbs.twimg.com/profile_images/491934313722544128/OvKNRpA0_normal.png",
        "profile_image_url_https": "https://pbs.twimg.com/profile_images/491934313722544128/OvKNRpA0_normal.png",
        "profile_banner_url": "https://pbs.twimg.com/profile_banners/2673756716/1406121801",
        "profile_link_color": "CC3366",
        "profile_sidebar_border_color": "FFFFFF",
        "profile_sidebar_fill_color": "DDEEF6",
        "profile_text_color": "333333",
        "profile_use_background_image": true,
        "has_extended_profile": false,
        "default_profile": false,
        "default_profile_image": false,
        "following": null,
        "follow_request_sent": null,
        "notifications": null,
        "translator_type": "none"
    },
    "geo": null,
    "coordinates": null,
    "place": null,
    "contributors": null,
    "is_quote_status": false,
    "retweet_count": 0,
    "favorite_count": 0,
    "favorited": false,
    "retweeted": false,
    "possibly_sensitive": false,
    "lang": "en"
}