{
    "created_at": "Mon Apr 15 17:54:21 +0000 2019",
    "id": 1117848649239654401,
    "id_str": "1117848649239654401",
    "text": "Uber\u2019s JUMP Bikes founder and Scoot\u2019s SVP of Product are talking bikes and scooters at TC Sessions: Mobility -\u2026 https://t.co/49WLzjROZK",
    "truncated": true,
    "entities": {
        "hashtags": [],
        "symbols": [],
        "user_mentions": [],
        "urls": [
            {
                "url": "https://t.co/49WLzjROZK",
                "expanded_url": "https://twitter.com/i/web/status/1117848649239654401",
                "display_url": "twitter.com/i/web/status/1\u2026",
                "indices": [
                    112,
                    135
                ]
            }
        ]
    },
    "metadata": {
        "iso_language_code": "en",
        "result_type": "recent"
    },
    "source": "<a href=\"http://digitallifestyleserve.com\" rel=\"nofollow\">digitallifestyleserve</a>",
    "in_reply_to_status_id": null,
    "in_reply_to_status_id_str": null,
    "in_reply_to_user_id": null,
    "in_reply_to_user_id_str": null,
    "in_reply_to_screen_name": null,
    "user": {
        "id": 939619788694966272,
        "id_str": "939619788694966272",
        "name": "Digitallifestyleserve",
        "screen_name": "digitallifest10",
        "location": "",
        "description": "#makemoneyonline, #blogs #makepassiveincomeonline, #onlineentrepreneur #dotcomlifestyle, #SEO ,#contentmarketer , #digitallifestyle & #digitalbreakingnews",
        "url": null,
        "entities": {
            "description": {
                "urls": []
            }
        },
        "protected": false,
        "followers_count": 2027,
        "friends_count": 16,
        "listed_count": 2,
        "created_at": "Sat Dec 09 22:16:29 +0000 2017",
        "favourites_count": 1,
        "utc_offset": null,
        "time_zone": null,
        "geo_enabled": false,
        "verified": false,
        "statuses_count": 42705,
        "lang": "en",
        "contributors_enabled": false,
        "is_translator": false,
        "is_translation_enabled": false,
        "profile_background_color": "F5F8FA",
        "profile_background_image_url": null,
        "profile_background_image_url_https": null,
        "profile_background_tile": false,
        "profile_image_url": "http://pbs.twimg.com/profile_images/939625663434231814/JVBR0xj8_normal.jpg",
        "profile_image_url_https": "https://pbs.twimg.com/profile_images/939625663434231814/JVBR0xj8_normal.jpg",
        "profile_link_color": "1DA1F2",
        "profile_sidebar_border_color": "C0DEED",
        "profile_sidebar_fill_color": "DDEEF6",
        "profile_text_color": "333333",
        "profile_use_background_image": true,
        "has_extended_profile": false,
        "default_profile": true,
        "default_profile_image": false,
        "following": null,
        "follow_request_sent": null,
        "notifications": null,
        "translator_type": "none"
    },
    "geo": null,
    "coordinates": null,
    "place": null,
    "contributors": null,
    "is_quote_status": false,
    "retweet_count": 0,
    "favorite_count": 0,
    "favorited": false,
    "retweeted": false,
    "possibly_sensitive": false,
    "lang": "en"
}