{
    "created_at": "Mon Apr 15 17:20:46 +0000 2019",
    "id": 1117840196844834817,
    "id_str": "1117840196844834817",
    "text": "@Noahpinion Chicago see's your argument and raises: giving Lyft authority over the private-public bike share: https://t.co/A8AsVpP0go",
    "truncated": false,
    "entities": {
        "hashtags": [],
        "symbols": [],
        "user_mentions": [
            {
                "screen_name": "Noahpinion",
                "name": "Noah Smith \ud83d\udc07",
                "id": 281877818,
                "id_str": "281877818",
                "indices": [
                    0,
                    11
                ]
            }
        ],
        "urls": [
            {
                "url": "https://t.co/A8AsVpP0go",
                "expanded_url": "https://chicago.suntimes.com/business/city-council-lyft-divvy-bike-share-uber-jump/",
                "display_url": "chicago.suntimes.com/business/city-\u2026",
                "indices": [
                    110,
                    133
                ]
            }
        ]
    },
    "metadata": {
        "iso_language_code": "en",
        "result_type": "recent"
    },
    "source": "<a href=\"http://twitter.com\" rel=\"nofollow\">Twitter Web Client</a>",
    "in_reply_to_status_id": 1117650732042186753,
    "in_reply_to_status_id_str": "1117650732042186753",
    "in_reply_to_user_id": 281877818,
    "in_reply_to_user_id_str": "281877818",
    "in_reply_to_screen_name": "Noahpinion",
    "user": {
        "id": 2344277323,
        "id_str": "2344277323",
        "name": "Michael Kuhn",
        "screen_name": "kuhnie1",
        "location": "Northbrook, IL",
        "description": "Science \u2022 Policy \u2022 Philosophy\n\nMSU 2018\n\n\ud83c\udfc8\u26be\ufe0f\ud83c\udf92\ud83d\uddfd\ud83d\udcf1\ud83d\udcbb",
        "url": null,
        "entities": {
            "description": {
                "urls": []
            }
        },
        "protected": false,
        "followers_count": 79,
        "friends_count": 224,
        "listed_count": 2,
        "created_at": "Fri Feb 14 23:50:41 +0000 2014",
        "favourites_count": 2715,
        "utc_offset": null,
        "time_zone": null,
        "geo_enabled": true,
        "verified": false,
        "statuses_count": 2757,
        "lang": "en",
        "contributors_enabled": false,
        "is_translator": false,
        "is_translation_enabled": false,
        "profile_background_color": "C0DEED",
        "profile_background_image_url": "http://abs.twimg.com/images/themes/theme1/bg.png",
        "profile_background_image_url_https": "https://abs.twimg.com/images/themes/theme1/bg.png",
        "profile_background_tile": false,
        "profile_image_url": "http://pbs.twimg.com/profile_images/1040295621847146496/-I-hNPs8_normal.jpg",
        "profile_image_url_https": "https://pbs.twimg.com/profile_images/1040295621847146496/-I-hNPs8_normal.jpg",
        "profile_banner_url": "https://pbs.twimg.com/profile_banners/2344277323/1517068886",
        "profile_link_color": "1DA1F2",
        "profile_sidebar_border_color": "C0DEED",
        "profile_sidebar_fill_color": "DDEEF6",
        "profile_text_color": "333333",
        "profile_use_background_image": true,
        "has_extended_profile": true,
        "default_profile": true,
        "default_profile_image": false,
        "following": null,
        "follow_request_sent": null,
        "notifications": null,
        "translator_type": "none"
    },
    "geo": null,
    "coordinates": null,
    "place": null,
    "contributors": null,
    "is_quote_status": false,
    "retweet_count": 0,
    "favorite_count": 0,
    "favorited": false,
    "retweeted": false,
    "possibly_sensitive": false,
    "lang": "en"
}