{
    "created_at": "Mon Apr 15 20:40:33 +0000 2019",
    "id": 1117890477942902784,
    "id_str": "1117890477942902784",
    "text": "Uber\u2019s JUMP Bikes founder and Scoot\u2019s SVP of Product are talking bikes and scooters at TC Sessions: Mobility\u2026 https://t.co/JCLIeQHO4Q",
    "truncated": true,
    "entities": {
        "hashtags": [],
        "symbols": [],
        "user_mentions": [],
        "urls": [
            {
                "url": "https://t.co/JCLIeQHO4Q",
                "expanded_url": "https://twitter.com/i/web/status/1117890477942902784",
                "display_url": "twitter.com/i/web/status/1\u2026",
                "indices": [
                    110,
                    133
                ]
            }
        ]
    },
    "metadata": {
        "iso_language_code": "en",
        "result_type": "recent"
    },
    "source": "<a href=\"https://dlvrit.com/\" rel=\"nofollow\">dlvr.it</a>",
    "in_reply_to_status_id": null,
    "in_reply_to_status_id_str": null,
    "in_reply_to_user_id": null,
    "in_reply_to_user_id_str": null,
    "in_reply_to_screen_name": null,
    "user": {
        "id": 55814586,
        "id_str": "55814586",
        "name": "Eugen Platon",
        "screen_name": "eugenplaton",
        "location": "RO",
        "description": "Director of SEO & Web Analytics - SEO & SEM geek, covering SMM, CRO and all digital marketing aspects of competitive markets. #Cryptocurrency enthusiast.",
        "url": "http://t.co/0ARbHHJO0M",
        "entities": {
            "url": {
                "urls": [
                    {
                        "url": "http://t.co/0ARbHHJO0M",
                        "expanded_url": "http://www.linkedin.com/in/eugenplaton",
                        "display_url": "linkedin.com/in/eugenplaton",
                        "indices": [
                            0,
                            22
                        ]
                    }
                ]
            },
            "description": {
                "urls": []
            }
        },
        "protected": false,
        "followers_count": 3465,
        "friends_count": 3586,
        "listed_count": 653,
        "created_at": "Sat Jul 11 11:44:37 +0000 2009",
        "favourites_count": 1659,
        "utc_offset": null,
        "time_zone": null,
        "geo_enabled": false,
        "verified": false,
        "statuses_count": 189862,
        "lang": "en",
        "contributors_enabled": false,
        "is_translator": false,
        "is_translation_enabled": false,
        "profile_background_color": "131516",
        "profile_background_image_url": "http://abs.twimg.com/images/themes/theme14/bg.gif",
        "profile_background_image_url_https": "https://abs.twimg.com/images/themes/theme14/bg.gif",
        "profile_background_tile": true,
        "profile_image_url": "http://pbs.twimg.com/profile_images/582447479242694656/Z4f-mXKL_normal.jpg",
        "profile_image_url_https": "https://pbs.twimg.com/profile_images/582447479242694656/Z4f-mXKL_normal.jpg",
        "profile_banner_url": "https://pbs.twimg.com/profile_banners/55814586/1396125385",
        "profile_link_color": "009999",
        "profile_sidebar_border_color": "EEEEEE",
        "profile_sidebar_fill_color": "EFEFEF",
        "profile_text_color": "333333",
        "profile_use_background_image": true,
        "has_extended_profile": true,
        "default_profile": false,
        "default_profile_image": false,
        "following": null,
        "follow_request_sent": null,
        "notifications": null,
        "translator_type": "none"
    },
    "geo": null,
    "coordinates": null,
    "place": null,
    "contributors": null,
    "is_quote_status": false,
    "retweet_count": 0,
    "favorite_count": 0,
    "favorited": false,
    "retweeted": false,
    "possibly_sensitive": false,
    "lang": "en"
}