{
    "created_at": "Mon Apr 15 17:21:05 +0000 2019",
    "id": 1117840279388737537,
    "id_str": "1117840279388737537",
    "text": "Uber\u2019s JUMP Bikes founder and Scoot\u2019s SVP of Product are talking bikes and scooters at TC Sessions: Mobility - https://t.co/scix5jMV4h",
    "truncated": false,
    "entities": {
        "hashtags": [],
        "symbols": [],
        "user_mentions": [],
        "urls": [
            {
                "url": "https://t.co/scix5jMV4h",
                "expanded_url": "https://www.greeen.info/?p=581938",
                "display_url": "greeen.info/?p=581938",
                "indices": [
                    111,
                    134
                ]
            }
        ]
    },
    "metadata": {
        "iso_language_code": "en",
        "result_type": "recent"
    },
    "source": "<a href=\"http://greeen.info\" rel=\"nofollow\">greeenorg1</a>",
    "in_reply_to_status_id": null,
    "in_reply_to_status_id_str": null,
    "in_reply_to_user_id": null,
    "in_reply_to_user_id_str": null,
    "in_reply_to_screen_name": null,
    "user": {
        "id": 816101397397700608,
        "id_str": "816101397397700608",
        "name": "greeen",
        "screen_name": "greeenorg",
        "location": "",
        "description": "followback - WORKING AGAIN",
        "url": "https://t.co/q8mtO64rbs",
        "entities": {
            "url": {
                "urls": [
                    {
                        "url": "https://t.co/q8mtO64rbs",
                        "expanded_url": "http://greeen.info",
                        "display_url": "greeen.info",
                        "indices": [
                            0,
                            23
                        ]
                    }
                ]
            },
            "description": {
                "urls": []
            }
        },
        "protected": false,
        "followers_count": 2151,
        "friends_count": 2138,
        "listed_count": 9,
        "created_at": "Tue Jan 03 01:58:30 +0000 2017",
        "favourites_count": 0,
        "utc_offset": null,
        "time_zone": null,
        "geo_enabled": false,
        "verified": false,
        "statuses_count": 94429,
        "lang": "en",
        "contributors_enabled": false,
        "is_translator": false,
        "is_translation_enabled": false,
        "profile_background_color": "000000",
        "profile_background_image_url": "http://abs.twimg.com/images/themes/theme1/bg.png",
        "profile_background_image_url_https": "https://abs.twimg.com/images/themes/theme1/bg.png",
        "profile_background_tile": false,
        "profile_image_url": "http://pbs.twimg.com/profile_images/954962249629618177/2_D5FDWr_normal.jpg",
        "profile_image_url_https": "https://pbs.twimg.com/profile_images/954962249629618177/2_D5FDWr_normal.jpg",
        "profile_link_color": "1B95E0",
        "profile_sidebar_border_color": "000000",
        "profile_sidebar_fill_color": "000000",
        "profile_text_color": "000000",
        "profile_use_background_image": false,
        "has_extended_profile": false,
        "default_profile": false,
        "default_profile_image": false,
        "following": null,
        "follow_request_sent": null,
        "notifications": null,
        "translator_type": "none"
    },
    "geo": null,
    "coordinates": null,
    "place": null,
    "contributors": null,
    "is_quote_status": false,
    "retweet_count": 0,
    "favorite_count": 0,
    "favorited": false,
    "retweeted": false,
    "possibly_sensitive": false,
    "lang": "en"
}