{
    "created_at": "Tue Apr 16 00:14:57 +0000 2019",
    "id": 1117944429963354112,
    "id_str": "1117944429963354112",
    "text": "Next #Raw #SuperstarShakeup is overly hatred, uber green, online jerker who cant draw, Dickochet, whose superpower\u2026 https://t.co/KIPy5JUaIO",
    "truncated": true,
    "entities": {
        "hashtags": [
            {
                "text": "Raw",
                "indices": [
                    5,
                    9
                ]
            },
            {
                "text": "SuperstarShakeup",
                "indices": [
                    10,
                    27
                ]
            }
        ],
        "symbols": [],
        "user_mentions": [],
        "urls": [
            {
                "url": "https://t.co/KIPy5JUaIO",
                "expanded_url": "https://twitter.com/i/web/status/1117944429963354112",
                "display_url": "twitter.com/i/web/status/1\u2026",
                "indices": [
                    116,
                    139
                ]
            }
        ]
    },
    "metadata": {
        "iso_language_code": "en",
        "result_type": "recent"
    },
    "source": "<a href=\"http://twitter.com\" rel=\"nofollow\">Twitter Web Client</a>",
    "in_reply_to_status_id": null,
    "in_reply_to_status_id_str": null,
    "in_reply_to_user_id": null,
    "in_reply_to_user_id_str": null,
    "in_reply_to_screen_name": null,
    "user": {
        "id": 331304422,
        "id_str": "331304422",
        "name": "Max Waltham",
        "screen_name": "MaxWaltham",
        "location": "London, UK",
        "description": "Creative Online Unpaid Writer for WWE's Smackdown! Brand. Raw #Raw #WWERaw #MaxWaltham #WrestlingWonders Enquiries  - WrestlingWonders@gmail.com",
        "url": "https://t.co/aBZKXkwkoE",
        "entities": {
            "url": {
                "urls": [
                    {
                        "url": "https://t.co/aBZKXkwkoE",
                        "expanded_url": "http://wrestlingwonders.blogspot.com",
                        "display_url": "wrestlingwonders.blogspot.com",
                        "indices": [
                            0,
                            23
                        ]
                    }
                ]
            },
            "description": {
                "urls": []
            }
        },
        "protected": false,
        "followers_count": 116,
        "friends_count": 11,
        "listed_count": 12,
        "created_at": "Thu Jul 07 23:49:00 +0000 2011",
        "favourites_count": 317,
        "utc_offset": null,
        "time_zone": null,
        "geo_enabled": false,
        "verified": false,
        "statuses_count": 11774,
        "lang": "en",
        "contributors_enabled": false,
        "is_translator": false,
        "is_translation_enabled": false,
        "profile_background_color": "000000",
        "profile_background_image_url": "http://abs.twimg.com/images/themes/theme1/bg.png",
        "profile_background_image_url_https": "https://abs.twimg.com/images/themes/theme1/bg.png",
        "profile_background_tile": false,
        "profile_image_url": "http://pbs.twimg.com/profile_images/519343545988046849/jHKsK0OB_normal.jpeg",
        "profile_image_url_https": "https://pbs.twimg.com/profile_images/519343545988046849/jHKsK0OB_normal.jpeg",
        "profile_banner_url": "https://pbs.twimg.com/profile_banners/331304422/1356365405",
        "profile_link_color": "4A913C",
        "profile_sidebar_border_color": "000000",
        "profile_sidebar_fill_color": "000000",
        "profile_text_color": "000000",
        "profile_use_background_image": false,
        "has_extended_profile": false,
        "default_profile": false,
        "default_profile_image": false,
        "following": null,
        "follow_request_sent": null,
        "notifications": null,
        "translator_type": "none"
    },
    "geo": null,
    "coordinates": null,
    "place": null,
    "contributors": null,
    "is_quote_status": false,
    "retweet_count": 0,
    "favorite_count": 3,
    "favorited": false,
    "retweeted": false,
    "lang": "en"
}