{
    "created_at": "Mon Apr 15 23:24:34 +0000 2019",
    "id": 1117931750330642433,
    "id_str": "1117931750330642433",
    "text": "Don't miss the #Microbility and #ConnectedTech session at next week's #ACTexpo. Speakers are from @CubicTS,\u2026 https://t.co/yQR6FaG5Cl",
    "truncated": true,
    "entities": {
        "hashtags": [
            {
                "text": "Microbility",
                "indices": [
                    15,
                    27
                ]
            },
            {
                "text": "ConnectedTech",
                "indices": [
                    32,
                    46
                ]
            },
            {
                "text": "ACTexpo",
                "indices": [
                    70,
                    78
                ]
            }
        ],
        "symbols": [],
        "user_mentions": [
            {
                "screen_name": "CubicTS",
                "name": "Cubic Transportation Systems",
                "id": 450963304,
                "id_str": "450963304",
                "indices": [
                    98,
                    106
                ]
            }
        ],
        "urls": [
            {
                "url": "https://t.co/yQR6FaG5Cl",
                "expanded_url": "https://twitter.com/i/web/status/1117931750330642433",
                "display_url": "twitter.com/i/web/status/1\u2026",
                "indices": [
                    109,
                    132
                ]
            }
        ]
    },
    "metadata": {
        "iso_language_code": "en",
        "result_type": "recent"
    },
    "source": "<a href=\"https://www.hootsuite.com\" rel=\"nofollow\">Hootsuite Inc.</a>",
    "in_reply_to_status_id": null,
    "in_reply_to_status_id_str": null,
    "in_reply_to_user_id": null,
    "in_reply_to_user_id_str": null,
    "in_reply_to_screen_name": null,
    "user": {
        "id": 207707006,
        "id_str": "207707006",
        "name": "Advanced Clean Transportation News / ACT Expo",
        "screen_name": "ACTExpo",
        "location": "Long Beach, CA",
        "description": "Advanced Clean Transportation News #sustainable #fleet #electric #fuelcell #naturalgas #hybrid #propane Organized by @GNA_Consulting @eneandross",
        "url": "https://t.co/AqKXvmiCsp",
        "entities": {
            "url": {
                "urls": [
                    {
                        "url": "https://t.co/AqKXvmiCsp",
                        "expanded_url": "http://www.act-news.com",
                        "display_url": "act-news.com",
                        "indices": [
                            0,
                            23
                        ]
                    }
                ]
            },
            "description": {
                "urls": []
            }
        },
        "protected": false,
        "followers_count": 2655,
        "friends_count": 1402,
        "listed_count": 80,
        "created_at": "Mon Oct 25 21:54:30 +0000 2010",
        "favourites_count": 1194,
        "utc_offset": null,
        "time_zone": null,
        "geo_enabled": true,
        "verified": false,
        "statuses_count": 4141,
        "lang": "en",
        "contributors_enabled": false,
        "is_translator": false,
        "is_translation_enabled": false,
        "profile_background_color": "131516",
        "profile_background_image_url": "http://abs.twimg.com/images/themes/theme14/bg.gif",
        "profile_background_image_url_https": "https://abs.twimg.com/images/themes/theme14/bg.gif",
        "profile_background_tile": true,
        "profile_image_url": "http://pbs.twimg.com/profile_images/668927226012798976/KFE9LeXz_normal.png",
        "profile_image_url_https": "https://pbs.twimg.com/profile_images/668927226012798976/KFE9LeXz_normal.png",
        "profile_banner_url": "https://pbs.twimg.com/profile_banners/207707006/1549759742",
        "profile_link_color": "009999",
        "profile_sidebar_border_color": "EEEEEE",
        "profile_sidebar_fill_color": "EFEFEF",
        "profile_text_color": "333333",
        "profile_use_background_image": true,
        "has_extended_profile": false,
        "default_profile": false,
        "default_profile_image": false,
        "following": null,
        "follow_request_sent": null,
        "notifications": null,
        "translator_type": "none"
    },
    "geo": null,
    "coordinates": null,
    "place": null,
    "contributors": null,
    "is_quote_status": false,
    "retweet_count": 0,
    "favorite_count": 1,
    "favorited": false,
    "retweeted": false,
    "possibly_sensitive": false,
    "lang": "en"
}