{
    "created_at": "Mon Apr 15 17:06:32 +0000 2019",
    "id": 1117836617098698753,
    "id_str": "1117836617098698753",
    "text": "Uber\u2019s JUMP Bikes founder and Scoot\u2019s SVP of Product are talking bikes and scooters at TC Sessions: Mobility \u2013 Tech\u2026 https://t.co/hge6e79gPN",
    "truncated": true,
    "entities": {
        "hashtags": [],
        "symbols": [],
        "user_mentions": [],
        "urls": [
            {
                "url": "https://t.co/hge6e79gPN",
                "expanded_url": "https://twitter.com/i/web/status/1117836617098698753",
                "display_url": "twitter.com/i/web/status/1\u2026",
                "indices": [
                    117,
                    140
                ]
            }
        ]
    },
    "metadata": {
        "iso_language_code": "en",
        "result_type": "recent"
    },
    "source": "<a href=\"https://browsifyapp.com/\" rel=\"nofollow\">browsifyapp</a>",
    "in_reply_to_status_id": null,
    "in_reply_to_status_id_str": null,
    "in_reply_to_user_id": null,
    "in_reply_to_user_id_str": null,
    "in_reply_to_screen_name": null,
    "user": {
        "id": 2475296532,
        "id_str": "2475296532",
        "name": "Browsify",
        "screen_name": "Browsify",
        "location": "Malaysia",
        "description": "Focused on bringing IoT to the world. Download world's first  IoT browser now!",
        "url": "https://t.co/cM8bsykuvC",
        "entities": {
            "url": {
                "urls": [
                    {
                        "url": "https://t.co/cM8bsykuvC",
                        "expanded_url": "https://www.browsifyapp.com",
                        "display_url": "browsifyapp.com",
                        "indices": [
                            0,
                            23
                        ]
                    }
                ]
            },
            "description": {
                "urls": []
            }
        },
        "protected": false,
        "followers_count": 12120,
        "friends_count": 17,
        "listed_count": 45,
        "created_at": "Sat May 03 10:46:03 +0000 2014",
        "favourites_count": 448,
        "utc_offset": null,
        "time_zone": null,
        "geo_enabled": false,
        "verified": false,
        "statuses_count": 9946,
        "lang": "en",
        "contributors_enabled": false,
        "is_translator": false,
        "is_translation_enabled": false,
        "profile_background_color": "C0DEED",
        "profile_background_image_url": "http://abs.twimg.com/images/themes/theme1/bg.png",
        "profile_background_image_url_https": "https://abs.twimg.com/images/themes/theme1/bg.png",
        "profile_background_tile": false,
        "profile_image_url": "http://pbs.twimg.com/profile_images/905275566785474562/D4Y_Ri3C_normal.jpg",
        "profile_image_url_https": "https://pbs.twimg.com/profile_images/905275566785474562/D4Y_Ri3C_normal.jpg",
        "profile_banner_url": "https://pbs.twimg.com/profile_banners/2475296532/1504669453",
        "profile_link_color": "1DA1F2",
        "profile_sidebar_border_color": "C0DEED",
        "profile_sidebar_fill_color": "DDEEF6",
        "profile_text_color": "333333",
        "profile_use_background_image": true,
        "has_extended_profile": false,
        "default_profile": true,
        "default_profile_image": false,
        "following": null,
        "follow_request_sent": null,
        "notifications": null,
        "translator_type": "none"
    },
    "geo": null,
    "coordinates": null,
    "place": null,
    "contributors": null,
    "is_quote_status": false,
    "retweet_count": 0,
    "favorite_count": 1,
    "favorited": false,
    "retweeted": false,
    "possibly_sensitive": false,
    "lang": "en"
}