{
    "created_at": "Mon Apr 15 20:07:24 +0000 2019",
    "id": 1117882133597573122,
    "id_str": "1117882133597573122",
    "text": "if my uber driver doesn't stop sniffing I'm going to open my door and jump out i caaaaant",
    "truncated": false,
    "entities": {
        "hashtags": [],
        "symbols": [],
        "user_mentions": [],
        "urls": []
    },
    "metadata": {
        "iso_language_code": "en",
        "result_type": "recent"
    },
    "source": "<a href=\"http://twitter.com/download/android\" rel=\"nofollow\">Twitter for Android</a>",
    "in_reply_to_status_id": null,
    "in_reply_to_status_id_str": null,
    "in_reply_to_user_id": null,
    "in_reply_to_user_id_str": null,
    "in_reply_to_screen_name": null,
    "user": {
        "id": 712368214102114304,
        "id_str": "712368214102114304",
        "name": "lil' poached egg",
        "screen_name": "i_am_the_eggboy",
        "location": "he/him ",
        "description": ".",
        "url": null,
        "entities": {
            "description": {
                "urls": []
            }
        },
        "protected": false,
        "followers_count": 161,
        "friends_count": 437,
        "listed_count": 2,
        "created_at": "Tue Mar 22 19:59:52 +0000 2016",
        "favourites_count": 22432,
        "utc_offset": null,
        "time_zone": null,
        "geo_enabled": false,
        "verified": false,
        "statuses_count": 10809,
        "lang": "en",
        "contributors_enabled": false,
        "is_translator": false,
        "is_translation_enabled": false,
        "profile_background_color": "F5F8FA",
        "profile_background_image_url": null,
        "profile_background_image_url_https": null,
        "profile_background_tile": false,
        "profile_image_url": "http://pbs.twimg.com/profile_images/963506765097787392/LR96I-Nt_normal.jpg",
        "profile_image_url_https": "https://pbs.twimg.com/profile_images/963506765097787392/LR96I-Nt_normal.jpg",
        "profile_banner_url": "https://pbs.twimg.com/profile_banners/712368214102114304/1517005541",
        "profile_link_color": "1DA1F2",
        "profile_sidebar_border_color": "C0DEED",
        "profile_sidebar_fill_color": "DDEEF6",
        "profile_text_color": "333333",
        "profile_use_background_image": true,
        "has_extended_profile": false,
        "default_profile": true,
        "default_profile_image": false,
        "following": null,
        "follow_request_sent": null,
        "notifications": null,
        "translator_type": "none"
    },
    "geo": null,
    "coordinates": null,
    "place": null,
    "contributors": null,
    "is_quote_status": false,
    "retweet_count": 0,
    "favorite_count": 3,
    "favorited": false,
    "retweeted": false,
    "lang": "en"
}