{
    "created_at": "Mon Apr 15 22:18:01 +0000 2019",
    "id": 1117915003158290432,
    "id_str": "1117915003158290432",
    "text": "RT @Digitaly_FR: #TransfoNum \u23e9 #UBER soci\u00e9t\u00e9 de #transport a dix ans. Voir les dix chiffres fous de cette entreprise. Ex : 457 millions de\u2026",
    "truncated": false,
    "entities": {
        "hashtags": [
            {
                "text": "TransfoNum",
                "indices": [
                    17,
                    28
                ]
            },
            {
                "text": "UBER",
                "indices": [
                    31,
                    36
                ]
            },
            {
                "text": "transport",
                "indices": [
                    48,
                    58
                ]
            }
        ],
        "symbols": [],
        "user_mentions": [
            {
                "screen_name": "Digitaly_FR",
                "name": "DIGITALY",
                "id": 1452346028,
                "id_str": "1452346028",
                "indices": [
                    3,
                    15
                ]
            }
        ],
        "urls": []
    },
    "metadata": {
        "iso_language_code": "fr",
        "result_type": "recent"
    },
    "source": "<a href=\"http://twitter.com/download/iphone\" rel=\"nofollow\">Twitter for iPhone</a>",
    "in_reply_to_status_id": null,
    "in_reply_to_status_id_str": null,
    "in_reply_to_user_id": null,
    "in_reply_to_user_id_str": null,
    "in_reply_to_screen_name": null,
    "user": {
        "id": 795933922509078528,
        "id_str": "795933922509078528",
        "name": "Armogathe Nadia",
        "screen_name": "nadia_armogathe",
        "location": "Provence-Alpes-C\u00f4te d'Azur, France",
        "description": "Ethique Parit\u00e9 Solidarit\u00e9. Casciofee et Win France. Co-Pr\u00e9sidente du think Tank Eurocratia #FBPE #Europe #EM #D\u00e9mocratie #HumanRights #Renaissance",
        "url": "https://t.co/fEbse7VcXT",
        "entities": {
            "url": {
                "urls": [
                    {
                        "url": "https://t.co/fEbse7VcXT",
                        "expanded_url": "http://www.eurocratia.eu",
                        "display_url": "eurocratia.eu",
                        "indices": [
                            0,
                            23
                        ]
                    }
                ]
            },
            "description": {
                "urls": []
            }
        },
        "protected": false,
        "followers_count": 785,
        "friends_count": 1471,
        "listed_count": 9,
        "created_at": "Tue Nov 08 10:20:09 +0000 2016",
        "favourites_count": 5451,
        "utc_offset": null,
        "time_zone": null,
        "geo_enabled": true,
        "verified": false,
        "statuses_count": 6523,
        "lang": "fr",
        "contributors_enabled": false,
        "is_translator": false,
        "is_translation_enabled": false,
        "profile_background_color": "F5F8FA",
        "profile_background_image_url": null,
        "profile_background_image_url_https": null,
        "profile_background_tile": false,
        "profile_image_url": "http://pbs.twimg.com/profile_images/1116242110951432192/cWs3-w9p_normal.jpg",
        "profile_image_url_https": "https://pbs.twimg.com/profile_images/1116242110951432192/cWs3-w9p_normal.jpg",
        "profile_banner_url": "https://pbs.twimg.com/profile_banners/795933922509078528/1552126726",
        "profile_link_color": "1DA1F2",
        "profile_sidebar_border_color": "C0DEED",
        "profile_sidebar_fill_color": "DDEEF6",
        "profile_text_color": "333333",
        "profile_use_background_image": true,
        "has_extended_profile": false,
        "default_profile": true,
        "default_profile_image": false,
        "following": null,
        "follow_request_sent": null,
        "notifications": null,
        "translator_type": "none"
    },
    "geo": null,
    "coordinates": null,
    "place": null,
    "contributors": null,
    "retweeted_status": {
        "created_at": "Mon Apr 15 08:55:52 +0000 2019",
        "id": 1117713134826020869,
        "id_str": "1117713134826020869",
        "text": "#TransfoNum \u23e9 #UBER soci\u00e9t\u00e9 de #transport a dix ans. Voir les dix chiffres fous de cette entreprise. Ex : 457 milli\u2026 https://t.co/BYBETArCOd",
        "truncated": true,
        "entities": {
            "hashtags": [
                {
                    "text": "TransfoNum",
                    "indices": [
                        0,
                        11
                    ]
                },
                {
                    "text": "UBER",
                    "indices": [
                        14,
                        19
                    ]
                },
                {
                    "text": "transport",
                    "indices": [
                        31,
                        41
                    ]
                }
            ],
            "symbols": [],
            "user_mentions": [],
            "urls": [
                {
                    "url": "https://t.co/BYBETArCOd",
                    "expanded_url": "https://twitter.com/i/web/status/1117713134826020869",
                    "display_url": "twitter.com/i/web/status/1\u2026",
                    "indices": [
                        117,
                        140
                    ]
                }
            ]
        },
        "metadata": {
            "iso_language_code": "fr",
            "result_type": "recent"
        },
        "source": "<a href=\"http://twitter.com/#!/download/ipad\" rel=\"nofollow\">Twitter for iPad</a>",
        "in_reply_to_status_id": null,
        "in_reply_to_status_id_str": null,
        "in_reply_to_user_id": null,
        "in_reply_to_user_id_str": null,
        "in_reply_to_screen_name": null,
        "user": {
            "id": 1452346028,
            "id_str": "1452346028",
            "name": "DIGITALY",
            "screen_name": "Digitaly_FR",
            "location": "Nantes, Pays de la Loire ",
            "description": "#Startup partenaire de #PME #TransfoNum & #mixit\u00e9 | Fondatrice @SandrineSCC Associ\u00e9e @DominiqueCrochu | #innovation #digital #Frenchtech #Diversit\u00e9 #Mixitech",
            "url": "https://t.co/92V6oo3PQu",
            "entities": {
                "url": {
                    "urls": [
                        {
                            "url": "https://t.co/92V6oo3PQu",
                            "expanded_url": "http://digitaly-france.com",
                            "display_url": "digitaly-france.com",
                            "indices": [
                                0,
                                23
                            ]
                        }
                    ]
                },
                "description": {
                    "urls": []
                }
            },
            "protected": false,
            "followers_count": 3268,
            "friends_count": 1228,
            "listed_count": 612,
            "created_at": "Thu May 23 19:34:07 +0000 2013",
            "favourites_count": 1252,
            "utc_offset": null,
            "time_zone": null,
            "geo_enabled": true,
            "verified": false,
            "statuses_count": 7495,
            "lang": "fr",
            "contributors_enabled": false,
            "is_translator": false,
            "is_translation_enabled": false,
            "profile_background_color": "ABB8C2",
            "profile_background_image_url": "http://abs.twimg.com/images/themes/theme1/bg.png",
            "profile_background_image_url_https": "https://abs.twimg.com/images/themes/theme1/bg.png",
            "profile_background_tile": true,
            "profile_image_url": "http://pbs.twimg.com/profile_images/723848807717462016/427uEiZ3_normal.jpg",
            "profile_image_url_https": "https://pbs.twimg.com/profile_images/723848807717462016/427uEiZ3_normal.jpg",
            "profile_banner_url": "https://pbs.twimg.com/profile_banners/1452346028/1520747644",
            "profile_link_color": "3CA1B5",
            "profile_sidebar_border_color": "FFFFFF",
            "profile_sidebar_fill_color": "E792B3",
            "profile_text_color": "FBB3C2",
            "profile_use_background_image": true,
            "has_extended_profile": false,
            "default_profile": false,
            "default_profile_image": false,
            "following": null,
            "follow_request_sent": null,
            "notifications": null,
            "translator_type": "none"
        },
        "geo": null,
        "coordinates": null,
        "place": null,
        "contributors": null,
        "is_quote_status": false,
        "retweet_count": 4,
        "favorite_count": 0,
        "favorited": false,
        "retweeted": false,
        "possibly_sensitive": false,
        "lang": "fr"
    },
    "is_quote_status": false,
    "retweet_count": 4,
    "favorite_count": 0,
    "favorited": false,
    "retweeted": false,
    "lang": "fr"
}