{
    "created_at": "Mon Apr 15 12:35:04 +0000 2019",
    "id": 1117768299620777984,
    "id_str": "1117768299620777984",
    "text": "Cher @Uber,je ne savais pas qu\u2019un son si banal pouvait pourrir une nuit \u00e0 ce point. Je suis s\u00fbre que tu vas regler\u2026 https://t.co/M1kPjufbs5",
    "truncated": true,
    "entities": {
        "hashtags": [],
        "symbols": [],
        "user_mentions": [
            {
                "screen_name": "Uber",
                "name": "Uber",
                "id": 19103481,
                "id_str": "19103481",
                "indices": [
                    5,
                    10
                ]
            }
        ],
        "urls": [
            {
                "url": "https://t.co/M1kPjufbs5",
                "expanded_url": "https://twitter.com/i/web/status/1117768299620777984",
                "display_url": "twitter.com/i/web/status/1\u2026",
                "indices": [
                    116,
                    139
                ]
            }
        ]
    },
    "metadata": {
        "iso_language_code": "fr",
        "result_type": "recent"
    },
    "source": "<a href=\"http://twitter.com/download/iphone\" rel=\"nofollow\">Twitter for iPhone</a>",
    "in_reply_to_status_id": null,
    "in_reply_to_status_id_str": null,
    "in_reply_to_user_id": null,
    "in_reply_to_user_id_str": null,
    "in_reply_to_screen_name": null,
    "user": {
        "id": 57260566,
        "id_str": "57260566",
        "name": "anna buccio",
        "screen_name": "zobeidene",
        "location": "",
        "description": "Giornalista indipendente. Ambiente, salute e i loro nemici",
        "url": "http://t.co/JxqjnzBWmd",
        "entities": {
            "url": {
                "urls": [
                    {
                        "url": "http://t.co/JxqjnzBWmd",
                        "expanded_url": "http://www.annabi.fr",
                        "display_url": "annabi.fr",
                        "indices": [
                            0,
                            22
                        ]
                    }
                ]
            },
            "description": {
                "urls": []
            }
        },
        "protected": false,
        "followers_count": 316,
        "friends_count": 870,
        "listed_count": 18,
        "created_at": "Thu Jul 16 06:13:11 +0000 2009",
        "favourites_count": 482,
        "utc_offset": null,
        "time_zone": null,
        "geo_enabled": true,
        "verified": false,
        "statuses_count": 577,
        "lang": "it",
        "contributors_enabled": false,
        "is_translator": false,
        "is_translation_enabled": false,
        "profile_background_color": "C0DEED",
        "profile_background_image_url": "http://abs.twimg.com/images/themes/theme1/bg.png",
        "profile_background_image_url_https": "https://abs.twimg.com/images/themes/theme1/bg.png",
        "profile_background_tile": false,
        "profile_image_url": "http://pbs.twimg.com/profile_images/576445846331371520/blOFPOnT_normal.jpeg",
        "profile_image_url_https": "https://pbs.twimg.com/profile_images/576445846331371520/blOFPOnT_normal.jpeg",
        "profile_banner_url": "https://pbs.twimg.com/profile_banners/57260566/1411326523",
        "profile_link_color": "1DA1F2",
        "profile_sidebar_border_color": "C0DEED",
        "profile_sidebar_fill_color": "DDEEF6",
        "profile_text_color": "333333",
        "profile_use_background_image": true,
        "has_extended_profile": false,
        "default_profile": true,
        "default_profile_image": false,
        "following": null,
        "follow_request_sent": null,
        "notifications": null,
        "translator_type": "none"
    },
    "geo": null,
    "coordinates": null,
    "place": null,
    "contributors": null,
    "is_quote_status": false,
    "retweet_count": 0,
    "favorite_count": 1,
    "favorited": false,
    "retweeted": false,
    "possibly_sensitive": false,
    "lang": "fr"
}