{
    "created_at": "Mon Apr 15 16:13:19 +0000 2019",
    "id": 1117823226040729600,
    "id_str": "1117823226040729600",
    "text": "@TonyAttrino If their daughter was dumb enough to jump into a car without looking at her @Uber app to confirm the m\u2026 https://t.co/1JnRx8Lol7",
    "truncated": true,
    "entities": {
        "hashtags": [],
        "symbols": [],
        "user_mentions": [
            {
                "screen_name": "TonyAttrino",
                "name": "Anthony G. Attrino",
                "id": 34574652,
                "id_str": "34574652",
                "indices": [
                    0,
                    12
                ]
            },
            {
                "screen_name": "Uber",
                "name": "Uber",
                "id": 19103481,
                "id_str": "19103481",
                "indices": [
                    89,
                    94
                ]
            }
        ],
        "urls": [
            {
                "url": "https://t.co/1JnRx8Lol7",
                "expanded_url": "https://twitter.com/i/web/status/1117823226040729600",
                "display_url": "twitter.com/i/web/status/1\u2026",
                "indices": [
                    117,
                    140
                ]
            }
        ]
    },
    "metadata": {
        "iso_language_code": "en",
        "result_type": "recent"
    },
    "source": "<a href=\"http://twitter.com/download/iphone\" rel=\"nofollow\">Twitter for iPhone</a>",
    "in_reply_to_status_id": 1117770735924203520,
    "in_reply_to_status_id_str": "1117770735924203520",
    "in_reply_to_user_id": 34574652,
    "in_reply_to_user_id_str": "34574652",
    "in_reply_to_screen_name": "TonyAttrino",
    "user": {
        "id": 984169659032309760,
        "id_str": "984169659032309760",
        "name": "Taylor",
        "screen_name": "swomptalk",
        "location": "Texas, USA",
        "description": "",
        "url": null,
        "entities": {
            "description": {
                "urls": []
            }
        },
        "protected": false,
        "followers_count": 0,
        "friends_count": 6,
        "listed_count": 0,
        "created_at": "Wed Apr 11 20:41:46 +0000 2018",
        "favourites_count": 2,
        "utc_offset": null,
        "time_zone": null,
        "geo_enabled": false,
        "verified": false,
        "statuses_count": 16,
        "lang": "en",
        "contributors_enabled": false,
        "is_translator": false,
        "is_translation_enabled": false,
        "profile_background_color": "F5F8FA",
        "profile_background_image_url": null,
        "profile_background_image_url_https": null,
        "profile_background_tile": false,
        "profile_image_url": "http://pbs.twimg.com/profile_images/984170931202543617/ZG1gKxaG_normal.jpg",
        "profile_image_url_https": "https://pbs.twimg.com/profile_images/984170931202543617/ZG1gKxaG_normal.jpg",
        "profile_link_color": "1DA1F2",
        "profile_sidebar_border_color": "C0DEED",
        "profile_sidebar_fill_color": "DDEEF6",
        "profile_text_color": "333333",
        "profile_use_background_image": true,
        "has_extended_profile": true,
        "default_profile": true,
        "default_profile_image": false,
        "following": null,
        "follow_request_sent": null,
        "notifications": null,
        "translator_type": "none"
    },
    "geo": null,
    "coordinates": null,
    "place": null,
    "contributors": null,
    "is_quote_status": false,
    "retweet_count": 0,
    "favorite_count": 0,
    "favorited": false,
    "retweeted": false,
    "lang": "en"
}