{
    "created_at": "Mon Apr 15 07:13:02 +0000 2019",
    "id": 1117687256960131074,
    "id_str": "1117687256960131074",
    "text": "RT @miguelecabrera: Micromobility\ud83c\uddea\ud83c\uddf8: 18 \ud83d\udef4 companies have been APPROVED to operate in #Madrid. \nLime\nVoi\nScoot\nKoko\nWind\nTier\nMobike\nAcciona\u2026",
    "truncated": false,
    "entities": {
        "hashtags": [
            {
                "text": "Madrid",
                "indices": [
                    85,
                    92
                ]
            }
        ],
        "symbols": [],
        "user_mentions": [
            {
                "screen_name": "miguelecabrera",
                "name": "Miguel.Cabrera",
                "id": 219681897,
                "id_str": "219681897",
                "indices": [
                    3,
                    18
                ]
            }
        ],
        "urls": []
    },
    "metadata": {
        "iso_language_code": "en",
        "result_type": "recent"
    },
    "source": "<a href=\"http://twitter.com\" rel=\"nofollow\">Twitter Web Client</a>",
    "in_reply_to_status_id": null,
    "in_reply_to_status_id_str": null,
    "in_reply_to_user_id": null,
    "in_reply_to_user_id_str": null,
    "in_reply_to_screen_name": null,
    "user": {
        "id": 1052540459740991488,
        "id_str": "1052540459740991488",
        "name": "F\u00e9d\u00e9ration des Professionnels de la Micro Mobilit\u00e9",
        "screen_name": "FMobilite",
        "location": "Ile-de-France, France",
        "description": "FP2M regroupe les acteurs concern\u00e9s par la fili\u00e8re micromobilit\u00e9 qui concerne les engins de d\u00e9placements personnels (EDP), quelles que soient leur propulsion",
        "url": null,
        "entities": {
            "description": {
                "urls": []
            }
        },
        "protected": false,
        "followers_count": 54,
        "friends_count": 26,
        "listed_count": 1,
        "created_at": "Wed Oct 17 12:42:55 +0000 2018",
        "favourites_count": 50,
        "utc_offset": null,
        "time_zone": null,
        "geo_enabled": false,
        "verified": false,
        "statuses_count": 101,
        "lang": "en",
        "contributors_enabled": false,
        "is_translator": false,
        "is_translation_enabled": false,
        "profile_background_color": "F5F8FA",
        "profile_background_image_url": null,
        "profile_background_image_url_https": null,
        "profile_background_tile": false,
        "profile_image_url": "http://pbs.twimg.com/profile_images/1052542919163437056/qK3eC2dz_normal.jpg",
        "profile_image_url_https": "https://pbs.twimg.com/profile_images/1052542919163437056/qK3eC2dz_normal.jpg",
        "profile_link_color": "1DA1F2",
        "profile_sidebar_border_color": "C0DEED",
        "profile_sidebar_fill_color": "DDEEF6",
        "profile_text_color": "333333",
        "profile_use_background_image": true,
        "has_extended_profile": false,
        "default_profile": true,
        "default_profile_image": false,
        "following": null,
        "follow_request_sent": null,
        "notifications": null,
        "translator_type": "none"
    },
    "geo": null,
    "coordinates": null,
    "place": null,
    "contributors": null,
    "retweeted_status": {
        "created_at": "Wed Feb 13 00:01:47 +0000 2019",
        "id": 1095473071694188544,
        "id_str": "1095473071694188544",
        "text": "Micromobility\ud83c\uddea\ud83c\uddf8: 18 \ud83d\udef4 companies have been APPROVED to operate in #Madrid. \nLime\nVoi\nScoot\nKoko\nWind\nTier\nMobike\nAcc\u2026 https://t.co/FucwT21VXE",
        "truncated": true,
        "entities": {
            "hashtags": [
                {
                    "text": "Madrid",
                    "indices": [
                        65,
                        72
                    ]
                }
            ],
            "symbols": [],
            "user_mentions": [],
            "urls": [
                {
                    "url": "https://t.co/FucwT21VXE",
                    "expanded_url": "https://twitter.com/i/web/status/1095473071694188544",
                    "display_url": "twitter.com/i/web/status/1\u2026",
                    "indices": [
                        117,
                        140
                    ]
                }
            ]
        },
        "metadata": {
            "iso_language_code": "en",
            "result_type": "recent"
        },
        "source": "<a href=\"http://twitter.com\" rel=\"nofollow\">Twitter Web Client</a>",
        "in_reply_to_status_id": null,
        "in_reply_to_status_id_str": null,
        "in_reply_to_user_id": null,
        "in_reply_to_user_id_str": null,
        "in_reply_to_screen_name": null,
        "user": {
            "id": 219681897,
            "id_str": "219681897",
            "name": "Miguel.Cabrera",
            "screen_name": "miguelecabrera",
            "location": "Madrid, Spain",
            "description": "BizDev @Goodyear Proactive Solutions Spain/Portugal | Fleet Mobility Solutions  | Automotive IoT | MaaS | eMBA @EAE_B_School | cover image: #GoBoston2030",
            "url": "https://t.co/6Qj63n1c1l",
            "entities": {
                "url": {
                    "urls": [
                        {
                            "url": "https://t.co/6Qj63n1c1l",
                            "expanded_url": "http://es.linkedin.com/in/miguelcabreraleon",
                            "display_url": "es.linkedin.com/in/miguelcabre\u2026",
                            "indices": [
                                0,
                                23
                            ]
                        }
                    ]
                },
                "description": {
                    "urls": []
                }
            },
            "protected": false,
            "followers_count": 1576,
            "friends_count": 2320,
            "listed_count": 274,
            "created_at": "Thu Nov 25 15:26:49 +0000 2010",
            "favourites_count": 7055,
            "utc_offset": null,
            "time_zone": null,
            "geo_enabled": true,
            "verified": false,
            "statuses_count": 8290,
            "lang": "en",
            "contributors_enabled": false,
            "is_translator": false,
            "is_translation_enabled": false,
            "profile_background_color": "000000",
            "profile_background_image_url": "http://abs.twimg.com/images/themes/theme14/bg.gif",
            "profile_background_image_url_https": "https://abs.twimg.com/images/themes/theme14/bg.gif",
            "profile_background_tile": false,
            "profile_image_url": "http://pbs.twimg.com/profile_images/917793044878983168/UUShFimO_normal.jpg",
            "profile_image_url_https": "https://pbs.twimg.com/profile_images/917793044878983168/UUShFimO_normal.jpg",
            "profile_banner_url": "https://pbs.twimg.com/profile_banners/219681897/1489574889",
            "profile_link_color": "4A913C",
            "profile_sidebar_border_color": "000000",
            "profile_sidebar_fill_color": "000000",
            "profile_text_color": "000000",
            "profile_use_background_image": false,
            "has_extended_profile": false,
            "default_profile": false,
            "default_profile_image": false,
            "following": null,
            "follow_request_sent": null,
            "notifications": null,
            "translator_type": "none"
        },
        "geo": null,
        "coordinates": null,
        "place": null,
        "contributors": null,
        "is_quote_status": false,
        "retweet_count": 37,
        "favorite_count": 86,
        "favorited": false,
        "retweeted": false,
        "possibly_sensitive": false,
        "lang": "en"
    },
    "is_quote_status": false,
    "retweet_count": 37,
    "favorite_count": 0,
    "favorited": false,
    "retweeted": false,
    "lang": "en"
}