{
    "created_at": "Mon Apr 15 18:31:18 +0000 2019",
    "id": 1117857948359782400,
    "id_str": "1117857948359782400",
    "text": "@dbloom Yeah, Jump was making great moves but the Uber acquisition worries me, can you access them w clipper?",
    "truncated": false,
    "entities": {
        "hashtags": [],
        "symbols": [],
        "user_mentions": [
            {
                "screen_name": "dbloom",
                "name": "David Bloom",
                "id": 9611372,
                "id_str": "9611372",
                "indices": [
                    0,
                    7
                ]
            }
        ],
        "urls": []
    },
    "metadata": {
        "iso_language_code": "en",
        "result_type": "recent"
    },
    "source": "<a href=\"https://mobile.twitter.com\" rel=\"nofollow\">Twitter Web App</a>",
    "in_reply_to_status_id": 1117857559904280580,
    "in_reply_to_status_id_str": "1117857559904280580",
    "in_reply_to_user_id": 9611372,
    "in_reply_to_user_id_str": "9611372",
    "in_reply_to_screen_name": "dbloom",
    "user": {
        "id": 3269706379,
        "id_str": "3269706379",
        "name": "Anthony Ryan",
        "screen_name": "printtemps",
        "location": "Car Francisco",
        "description": "I like the bikes the bikes that go boom.\nhe/him",
        "url": null,
        "entities": {
            "description": {
                "urls": []
            }
        },
        "protected": false,
        "followers_count": 1592,
        "friends_count": 1208,
        "listed_count": 93,
        "created_at": "Mon Jul 06 04:39:24 +0000 2015",
        "favourites_count": 51679,
        "utc_offset": null,
        "time_zone": null,
        "geo_enabled": false,
        "verified": false,
        "statuses_count": 52912,
        "lang": "en",
        "contributors_enabled": false,
        "is_translator": false,
        "is_translation_enabled": false,
        "profile_background_color": "C0DEED",
        "profile_background_image_url": "http://abs.twimg.com/images/themes/theme1/bg.png",
        "profile_background_image_url_https": "https://abs.twimg.com/images/themes/theme1/bg.png",
        "profile_background_tile": false,
        "profile_image_url": "http://pbs.twimg.com/profile_images/1112897006345863168/Km0MfCG8_normal.jpg",
        "profile_image_url_https": "https://pbs.twimg.com/profile_images/1112897006345863168/Km0MfCG8_normal.jpg",
        "profile_banner_url": "https://pbs.twimg.com/profile_banners/3269706379/1554170298",
        "profile_link_color": "1DA1F2",
        "profile_sidebar_border_color": "C0DEED",
        "profile_sidebar_fill_color": "DDEEF6",
        "profile_text_color": "333333",
        "profile_use_background_image": true,
        "has_extended_profile": false,
        "default_profile": true,
        "default_profile_image": false,
        "following": null,
        "follow_request_sent": null,
        "notifications": null,
        "translator_type": "none"
    },
    "geo": null,
    "coordinates": null,
    "place": null,
    "contributors": null,
    "is_quote_status": false,
    "retweet_count": 0,
    "favorite_count": 0,
    "favorited": false,
    "retweeted": false,
    "lang": "en"
}