{
    "created_at": "Mon Apr 15 15:01:28 +0000 2019",
    "id": 1117805142034866186,
    "id_str": "1117805142034866186",
    "text": "#Lyft's #IPO was a canary in the #Stock #Markets coal mine!\n\nWill you jump at #Uber shares, or buy the #Stocks of t\u2026 https://t.co/GVwrphyTcS",
    "truncated": true,
    "entities": {
        "hashtags": [
            {
                "text": "Lyft",
                "indices": [
                    0,
                    5
                ]
            },
            {
                "text": "IPO",
                "indices": [
                    8,
                    12
                ]
            },
            {
                "text": "Stock",
                "indices": [
                    33,
                    39
                ]
            },
            {
                "text": "Markets",
                "indices": [
                    40,
                    48
                ]
            },
            {
                "text": "Uber",
                "indices": [
                    78,
                    83
                ]
            },
            {
                "text": "Stocks",
                "indices": [
                    103,
                    110
                ]
            }
        ],
        "symbols": [],
        "user_mentions": [],
        "urls": [
            {
                "url": "https://t.co/GVwrphyTcS",
                "expanded_url": "https://twitter.com/i/web/status/1117805142034866186",
                "display_url": "twitter.com/i/web/status/1\u2026",
                "indices": [
                    117,
                    140
                ]
            }
        ]
    },
    "metadata": {
        "iso_language_code": "en",
        "result_type": "recent"
    },
    "source": "<a href=\"http://twitter.com\" rel=\"nofollow\">Twitter Web Client</a>",
    "in_reply_to_status_id": null,
    "in_reply_to_status_id_str": null,
    "in_reply_to_user_id": null,
    "in_reply_to_user_id_str": null,
    "in_reply_to_screen_name": null,
    "user": {
        "id": 42910193,
        "id_str": "42910193",
        "name": "Retirefund",
        "screen_name": "Retirefund",
        "location": "Online",
        "description": "What will you be doing, \n\"AFTER WORK\"!\n\nInvesting, Mutual Funds, ETF's, Real Estate, Stocks, Ai, IOT, Cryptos, NanoTech, Graphene, Lithium",
        "url": "https://t.co/Yo8a331n5w",
        "entities": {
            "url": {
                "urls": [
                    {
                        "url": "https://t.co/Yo8a331n5w",
                        "expanded_url": "http://RETIREFUND.Blogspot.com",
                        "display_url": "RETIREFUND.Blogspot.com",
                        "indices": [
                            0,
                            23
                        ]
                    }
                ]
            },
            "description": {
                "urls": []
            }
        },
        "protected": false,
        "followers_count": 1255,
        "friends_count": 477,
        "listed_count": 210,
        "created_at": "Wed May 27 15:51:57 +0000 2009",
        "favourites_count": 1216,
        "utc_offset": null,
        "time_zone": null,
        "geo_enabled": false,
        "verified": false,
        "statuses_count": 36069,
        "lang": "en",
        "contributors_enabled": false,
        "is_translator": false,
        "is_translation_enabled": false,
        "profile_background_color": "9AE4E8",
        "profile_background_image_url": "http://abs.twimg.com/images/themes/theme1/bg.png",
        "profile_background_image_url_https": "https://abs.twimg.com/images/themes/theme1/bg.png",
        "profile_background_tile": true,
        "profile_image_url": "http://pbs.twimg.com/profile_images/873319921425424385/7dONjwXy_normal.jpg",
        "profile_image_url_https": "https://pbs.twimg.com/profile_images/873319921425424385/7dONjwXy_normal.jpg",
        "profile_link_color": "0084B4",
        "profile_sidebar_border_color": "BDDCAD",
        "profile_sidebar_fill_color": "DDFFCC",
        "profile_text_color": "333333",
        "profile_use_background_image": true,
        "has_extended_profile": false,
        "default_profile": false,
        "default_profile_image": false,
        "following": null,
        "follow_request_sent": null,
        "notifications": null,
        "translator_type": "none"
    },
    "geo": null,
    "coordinates": null,
    "place": null,
    "contributors": null,
    "is_quote_status": false,
    "retweet_count": 0,
    "favorite_count": 0,
    "favorited": false,
    "retweeted": false,
    "possibly_sensitive": false,
    "lang": "en"
}