{
    "created_at": "Mon Apr 15 09:10:00 +0000 2019",
    "id": 1117716695257354240,
    "id_str": "1117716695257354240",
    "text": "RT @jyguerin: #Uber a tout compris des relations presse : pour lancer ses trottinettes et v\u00e9los \u00e9lectriques \u00e0 la marque #JUMP, il en a inst\u2026",
    "truncated": false,
    "entities": {
        "hashtags": [
            {
                "text": "Uber",
                "indices": [
                    14,
                    19
                ]
            },
            {
                "text": "JUMP",
                "indices": [
                    120,
                    125
                ]
            }
        ],
        "symbols": [],
        "user_mentions": [
            {
                "screen_name": "jyguerin",
                "name": "jean-yves gu\u00e9rin",
                "id": 19190944,
                "id_str": "19190944",
                "indices": [
                    3,
                    12
                ]
            }
        ],
        "urls": []
    },
    "metadata": {
        "iso_language_code": "fr",
        "result_type": "recent"
    },
    "source": "<a href=\"http://twitter.com\" rel=\"nofollow\">Twitter Web Client</a>",
    "in_reply_to_status_id": null,
    "in_reply_to_status_id_str": null,
    "in_reply_to_user_id": null,
    "in_reply_to_user_id_str": null,
    "in_reply_to_screen_name": null,
    "user": {
        "id": 29412586,
        "id_str": "29412586",
        "name": "Laurence Blestel",
        "screen_name": "LaurenceBLESTEL",
        "location": "",
        "description": "Consultante, free-lance, en relations presse, communication et \u00e9v\u00e9nementiel",
        "url": null,
        "entities": {
            "description": {
                "urls": []
            }
        },
        "protected": false,
        "followers_count": 297,
        "friends_count": 2197,
        "listed_count": 20,
        "created_at": "Tue Apr 07 08:47:08 +0000 2009",
        "favourites_count": 653,
        "utc_offset": null,
        "time_zone": null,
        "geo_enabled": false,
        "verified": false,
        "statuses_count": 490,
        "lang": "en",
        "contributors_enabled": false,
        "is_translator": false,
        "is_translation_enabled": false,
        "profile_background_color": "53414D",
        "profile_background_image_url": "http://abs.twimg.com/images/themes/theme1/bg.png",
        "profile_background_image_url_https": "https://abs.twimg.com/images/themes/theme1/bg.png",
        "profile_background_tile": true,
        "profile_image_url": "http://pbs.twimg.com/profile_images/950325064792145921/8iC4lNxj_normal.jpg",
        "profile_image_url_https": "https://pbs.twimg.com/profile_images/950325064792145921/8iC4lNxj_normal.jpg",
        "profile_banner_url": "https://pbs.twimg.com/profile_banners/29412586/1473237360",
        "profile_link_color": "FF691F",
        "profile_sidebar_border_color": "E1CD86",
        "profile_sidebar_fill_color": "A49D7B",
        "profile_text_color": "605A60",
        "profile_use_background_image": true,
        "has_extended_profile": false,
        "default_profile": false,
        "default_profile_image": false,
        "following": null,
        "follow_request_sent": null,
        "notifications": null,
        "translator_type": "none"
    },
    "geo": null,
    "coordinates": null,
    "place": null,
    "contributors": null,
    "retweeted_status": {
        "created_at": "Thu Apr 11 09:15:57 +0000 2019",
        "id": 1116268638355562496,
        "id_str": "1116268638355562496",
        "text": "#Uber a tout compris des relations presse : pour lancer ses trottinettes et v\u00e9los \u00e9lectriques \u00e0 la marque #JUMP, il\u2026 https://t.co/Qi4JJ30Ndq",
        "truncated": true,
        "entities": {
            "hashtags": [
                {
                    "text": "Uber",
                    "indices": [
                        0,
                        5
                    ]
                },
                {
                    "text": "JUMP",
                    "indices": [
                        106,
                        111
                    ]
                }
            ],
            "symbols": [],
            "user_mentions": [],
            "urls": [
                {
                    "url": "https://t.co/Qi4JJ30Ndq",
                    "expanded_url": "https://twitter.com/i/web/status/1116268638355562496",
                    "display_url": "twitter.com/i/web/status/1\u2026",
                    "indices": [
                        117,
                        140
                    ]
                }
            ]
        },
        "metadata": {
            "iso_language_code": "fr",
            "result_type": "recent"
        },
        "source": "<a href=\"http://twitter.com/download/android\" rel=\"nofollow\">Twitter for Android</a>",
        "in_reply_to_status_id": null,
        "in_reply_to_status_id_str": null,
        "in_reply_to_user_id": null,
        "in_reply_to_user_id_str": null,
        "in_reply_to_screen_name": null,
        "user": {
            "id": 19190944,
            "id_str": "19190944",
            "name": "jean-yves gu\u00e9rin",
            "screen_name": "jyguerin",
            "location": "paris",
            "description": "Journaliste. Tout court. Tout simple. Voir. Montrer. Raconter.",
            "url": "https://t.co/APQQCtr53z",
            "entities": {
                "url": {
                    "urls": [
                        {
                            "url": "https://t.co/APQQCtr53z",
                            "expanded_url": "http://plus.lefigaro.fr/page/jean-yves-guerin",
                            "display_url": "plus.lefigaro.fr/page/jean-yves\u2026",
                            "indices": [
                                0,
                                23
                            ]
                        }
                    ]
                },
                "description": {
                    "urls": []
                }
            },
            "protected": false,
            "followers_count": 2844,
            "friends_count": 858,
            "listed_count": 164,
            "created_at": "Mon Jan 19 17:02:49 +0000 2009",
            "favourites_count": 345,
            "utc_offset": null,
            "time_zone": null,
            "geo_enabled": true,
            "verified": false,
            "statuses_count": 6102,
            "lang": "fr",
            "contributors_enabled": false,
            "is_translator": false,
            "is_translation_enabled": false,
            "profile_background_color": "A7D1B0",
            "profile_background_image_url": "http://abs.twimg.com/images/themes/theme8/bg.gif",
            "profile_background_image_url_https": "https://abs.twimg.com/images/themes/theme8/bg.gif",
            "profile_background_tile": false,
            "profile_image_url": "http://pbs.twimg.com/profile_images/2058182982/IMG_0233_normal.JPG",
            "profile_image_url_https": "https://pbs.twimg.com/profile_images/2058182982/IMG_0233_normal.JPG",
            "profile_banner_url": "https://pbs.twimg.com/profile_banners/19190944/1482525611",
            "profile_link_color": "5C4F48",
            "profile_sidebar_border_color": "000000",
            "profile_sidebar_fill_color": "DDEEF6",
            "profile_text_color": "333333",
            "profile_use_background_image": false,
            "has_extended_profile": false,
            "default_profile": false,
            "default_profile_image": false,
            "following": null,
            "follow_request_sent": null,
            "notifications": null,
            "translator_type": "none"
        },
        "geo": null,
        "coordinates": null,
        "place": null,
        "contributors": null,
        "is_quote_status": false,
        "retweet_count": 6,
        "favorite_count": 12,
        "favorited": false,
        "retweeted": false,
        "possibly_sensitive": false,
        "lang": "fr"
    },
    "is_quote_status": false,
    "retweet_count": 6,
    "favorite_count": 0,
    "favorited": false,
    "retweeted": false,
    "lang": "fr"
}