{
    "created_at": "Mon Apr 15 17:10:47 +0000 2019",
    "id": 1117837686851743744,
    "id_str": "1117837686851743744",
    "text": "https://t.co/1MwaU3Ceul: Uber\u2019s JUMP Bikes founder and Scoot\u2019s SVP of Product are talking bikes and scooters at TC\u2026 https://t.co/slwJLKAJim",
    "truncated": true,
    "entities": {
        "hashtags": [],
        "symbols": [],
        "user_mentions": [],
        "urls": [
            {
                "url": "https://t.co/1MwaU3Ceul",
                "expanded_url": "http://www.globalnewsbase.com",
                "display_url": "globalnewsbase.com",
                "indices": [
                    0,
                    23
                ]
            },
            {
                "url": "https://t.co/slwJLKAJim",
                "expanded_url": "https://twitter.com/i/web/status/1117837686851743744",
                "display_url": "twitter.com/i/web/status/1\u2026",
                "indices": [
                    116,
                    139
                ]
            }
        ]
    },
    "metadata": {
        "iso_language_code": "en",
        "result_type": "recent"
    },
    "source": "<a href=\"https://ifttt.com\" rel=\"nofollow\">IFTTT</a>",
    "in_reply_to_status_id": null,
    "in_reply_to_status_id_str": null,
    "in_reply_to_user_id": null,
    "in_reply_to_user_id_str": null,
    "in_reply_to_screen_name": null,
    "user": {
        "id": 819996317342715904,
        "id_str": "819996317342715904",
        "name": "Daniel Dallas Info-Tech",
        "screen_name": "TheDanielDallas",
        "location": "Lagos, Nigeria",
        "description": "#Apps #Software #InfoGraphics #Blockchain #Database #IoT #Web Developer \u2022#Tech Statistic Futurist #ReactJS #Python #PHP #MySQL #NodeJS #SocialMedia #DataScience",
        "url": "https://t.co/Re7FqCaVV8",
        "entities": {
            "url": {
                "urls": [
                    {
                        "url": "https://t.co/Re7FqCaVV8",
                        "expanded_url": "http://www.globalnewsbase.com",
                        "display_url": "globalnewsbase.com",
                        "indices": [
                            0,
                            23
                        ]
                    }
                ]
            },
            "description": {
                "urls": []
            }
        },
        "protected": false,
        "followers_count": 3534,
        "friends_count": 236,
        "listed_count": 35,
        "created_at": "Fri Jan 13 19:55:31 +0000 2017",
        "favourites_count": 38398,
        "utc_offset": null,
        "time_zone": null,
        "geo_enabled": true,
        "verified": false,
        "statuses_count": 36699,
        "lang": "en",
        "contributors_enabled": false,
        "is_translator": false,
        "is_translation_enabled": false,
        "profile_background_color": "000000",
        "profile_background_image_url": "http://abs.twimg.com/images/themes/theme1/bg.png",
        "profile_background_image_url_https": "https://abs.twimg.com/images/themes/theme1/bg.png",
        "profile_background_tile": false,
        "profile_image_url": "http://pbs.twimg.com/profile_images/1045692728238067712/pUTnjaA7_normal.jpg",
        "profile_image_url_https": "https://pbs.twimg.com/profile_images/1045692728238067712/pUTnjaA7_normal.jpg",
        "profile_banner_url": "https://pbs.twimg.com/profile_banners/819996317342715904/1537962583",
        "profile_link_color": "E81C4F",
        "profile_sidebar_border_color": "000000",
        "profile_sidebar_fill_color": "000000",
        "profile_text_color": "000000",
        "profile_use_background_image": false,
        "has_extended_profile": true,
        "default_profile": false,
        "default_profile_image": false,
        "following": null,
        "follow_request_sent": null,
        "notifications": null,
        "translator_type": "none"
    },
    "geo": null,
    "coordinates": null,
    "place": null,
    "contributors": null,
    "is_quote_status": false,
    "retweet_count": 0,
    "favorite_count": 1,
    "favorited": false,
    "retweeted": false,
    "possibly_sensitive": false,
    "lang": "en"
}