{
    "created_at": "Mon Apr 15 17:07:58 +0000 2019",
    "id": 1117836978249187328,
    "id_str": "1117836978249187328",
    "text": "Uber\u2019s JUMP Bikes founder and Scoot\u2019s SVP of Product are talking bikes and scooters at TC Sessions: Mobility https://t.co/VjnWbNRufc",
    "truncated": false,
    "entities": {
        "hashtags": [],
        "symbols": [],
        "user_mentions": [],
        "urls": [
            {
                "url": "https://t.co/VjnWbNRufc",
                "expanded_url": "https://tcrn.ch/2Gekf8r",
                "display_url": "tcrn.ch/2Gekf8r",
                "indices": [
                    109,
                    132
                ]
            }
        ]
    },
    "metadata": {
        "iso_language_code": "en",
        "result_type": "recent"
    },
    "source": "<a href=\"https://ifttt.com\" rel=\"nofollow\">IFTTT</a>",
    "in_reply_to_status_id": null,
    "in_reply_to_status_id_str": null,
    "in_reply_to_user_id": null,
    "in_reply_to_user_id_str": null,
    "in_reply_to_screen_name": null,
    "user": {
        "id": 722583252,
        "id_str": "722583252",
        "name": "Mahesh Khuman",
        "screen_name": "MKhumanthem",
        "location": "India",
        "description": "Public Figure, Influencer",
        "url": "https://t.co/nQ233hLwHL",
        "entities": {
            "url": {
                "urls": [
                    {
                        "url": "https://t.co/nQ233hLwHL",
                        "expanded_url": "https://about.me/maheshkhuman",
                        "display_url": "about.me/maheshkhuman",
                        "indices": [
                            0,
                            23
                        ]
                    }
                ]
            },
            "description": {
                "urls": []
            }
        },
        "protected": false,
        "followers_count": 27931,
        "friends_count": 6539,
        "listed_count": 66,
        "created_at": "Sat Jul 28 18:01:08 +0000 2012",
        "favourites_count": 3082,
        "utc_offset": null,
        "time_zone": null,
        "geo_enabled": true,
        "verified": false,
        "statuses_count": 134629,
        "lang": "en",
        "contributors_enabled": false,
        "is_translator": false,
        "is_translation_enabled": false,
        "profile_background_color": "C0DEED",
        "profile_background_image_url": "http://abs.twimg.com/images/themes/theme1/bg.png",
        "profile_background_image_url_https": "https://abs.twimg.com/images/themes/theme1/bg.png",
        "profile_background_tile": true,
        "profile_image_url": "http://pbs.twimg.com/profile_images/1116701314933596160/Zldqi9Lp_normal.png",
        "profile_image_url_https": "https://pbs.twimg.com/profile_images/1116701314933596160/Zldqi9Lp_normal.png",
        "profile_banner_url": "https://pbs.twimg.com/profile_banners/722583252/1555097433",
        "profile_link_color": "19CF86",
        "profile_sidebar_border_color": "000000",
        "profile_sidebar_fill_color": "DDEEF6",
        "profile_text_color": "333333",
        "profile_use_background_image": true,
        "has_extended_profile": false,
        "default_profile": false,
        "default_profile_image": false,
        "following": null,
        "follow_request_sent": null,
        "notifications": null,
        "translator_type": "none"
    },
    "geo": null,
    "coordinates": null,
    "place": null,
    "contributors": null,
    "is_quote_status": false,
    "retweet_count": 0,
    "favorite_count": 0,
    "favorited": false,
    "retweeted": false,
    "possibly_sensitive": false,
    "lang": "en"
}