{
    "created_at": "Mon Apr 15 17:02:18 +0000 2019",
    "id": 1117835552802340865,
    "id_str": "1117835552802340865",
    "text": "Uber\u2019s JUMP Bikes founder and Scoot\u2019s SVP of Product are talking bikes and scooters at TC Sessions: Mobility\u2026 https://t.co/61HhNDV9Jw",
    "truncated": true,
    "entities": {
        "hashtags": [],
        "symbols": [],
        "user_mentions": [],
        "urls": [
            {
                "url": "https://t.co/61HhNDV9Jw",
                "expanded_url": "https://twitter.com/i/web/status/1117835552802340865",
                "display_url": "twitter.com/i/web/status/1\u2026",
                "indices": [
                    110,
                    133
                ]
            }
        ]
    },
    "metadata": {
        "iso_language_code": "en",
        "result_type": "recent"
    },
    "source": "<a href=\"http://publicize.wp.com/\" rel=\"nofollow\">WordPress.com</a>",
    "in_reply_to_status_id": null,
    "in_reply_to_status_id_str": null,
    "in_reply_to_user_id": null,
    "in_reply_to_user_id_str": null,
    "in_reply_to_screen_name": null,
    "user": {
        "id": 816653,
        "id_str": "816653",
        "name": "TechCrunch",
        "screen_name": "TechCrunch",
        "location": "San Francisco, CA",
        "description": "TechCrunch is excited to announce our new membership program, Extra Crunch. Start your free trial at https://t.co/UP0CP1zqK6",
        "url": "https://t.co/b5Oyx1k1ye",
        "entities": {
            "url": {
                "urls": [
                    {
                        "url": "https://t.co/b5Oyx1k1ye",
                        "expanded_url": "http://techcrunch.com",
                        "display_url": "techcrunch.com",
                        "indices": [
                            0,
                            23
                        ]
                    }
                ]
            },
            "description": {
                "urls": [
                    {
                        "url": "https://t.co/UP0CP1zqK6",
                        "expanded_url": "http://techcrunch.com/subscribe",
                        "display_url": "techcrunch.com/subscribe",
                        "indices": [
                            101,
                            124
                        ]
                    }
                ]
            }
        },
        "protected": false,
        "followers_count": 10049807,
        "friends_count": 1051,
        "listed_count": 111638,
        "created_at": "Wed Mar 07 01:27:09 +0000 2007",
        "favourites_count": 5460,
        "utc_offset": null,
        "time_zone": null,
        "geo_enabled": true,
        "verified": true,
        "statuses_count": 198001,
        "lang": "en",
        "contributors_enabled": false,
        "is_translator": false,
        "is_translation_enabled": true,
        "profile_background_color": "149500",
        "profile_background_image_url": "http://abs.twimg.com/images/themes/theme1/bg.png",
        "profile_background_image_url_https": "https://abs.twimg.com/images/themes/theme1/bg.png",
        "profile_background_tile": false,
        "profile_image_url": "http://pbs.twimg.com/profile_images/1096066608034918401/m8wnTWsX_normal.png",
        "profile_image_url_https": "https://pbs.twimg.com/profile_images/1096066608034918401/m8wnTWsX_normal.png",
        "profile_banner_url": "https://pbs.twimg.com/profile_banners/816653/1549990985",
        "profile_link_color": "00A562",
        "profile_sidebar_border_color": "FFFFFF",
        "profile_sidebar_fill_color": "DDFFCC",
        "profile_text_color": "222222",
        "profile_use_background_image": true,
        "has_extended_profile": false,
        "default_profile": false,
        "default_profile_image": false,
        "following": null,
        "follow_request_sent": null,
        "notifications": null,
        "translator_type": "none"
    },
    "geo": null,
    "coordinates": null,
    "place": null,
    "contributors": null,
    "is_quote_status": false,
    "retweet_count": 6,
    "favorite_count": 10,
    "favorited": false,
    "retweeted": false,
    "possibly_sensitive": false,
    "lang": "en"
}