{
    "created_at": "Mon Apr 15 21:14:48 +0000 2019",
    "id": 1117899095572660224,
    "id_str": "1117899095572660224",
    "text": "@Uber ur #UberJump scooters don't work in Baltimore. Dumping a crapton of them on the ground doesn't equal a launch\u2026 https://t.co/qpkFp1FZ3f",
    "truncated": true,
    "entities": {
        "hashtags": [
            {
                "text": "UberJump",
                "indices": [
                    9,
                    18
                ]
            }
        ],
        "symbols": [],
        "user_mentions": [
            {
                "screen_name": "Uber",
                "name": "Uber",
                "id": 19103481,
                "id_str": "19103481",
                "indices": [
                    0,
                    5
                ]
            }
        ],
        "urls": [
            {
                "url": "https://t.co/qpkFp1FZ3f",
                "expanded_url": "https://twitter.com/i/web/status/1117899095572660224",
                "display_url": "twitter.com/i/web/status/1\u2026",
                "indices": [
                    117,
                    140
                ]
            }
        ]
    },
    "metadata": {
        "iso_language_code": "en",
        "result_type": "recent"
    },
    "source": "<a href=\"http://twitter.com/download/android\" rel=\"nofollow\">Twitter for Android</a>",
    "in_reply_to_status_id": null,
    "in_reply_to_status_id_str": null,
    "in_reply_to_user_id": 19103481,
    "in_reply_to_user_id_str": "19103481",
    "in_reply_to_screen_name": "Uber",
    "user": {
        "id": 2400942301,
        "id_str": "2400942301",
        "name": "Neysan Sturdivant",
        "screen_name": "morpheoush9",
        "location": "",
        "description": "Human. Baha'i. retro scifi realist. poet. athlete. techgeek. photog. foodie. bookish. blackish. mostly funny. me.",
        "url": null,
        "entities": {
            "description": {
                "urls": []
            }
        },
        "protected": false,
        "followers_count": 246,
        "friends_count": 715,
        "listed_count": 8,
        "created_at": "Fri Mar 21 04:26:08 +0000 2014",
        "favourites_count": 2446,
        "utc_offset": null,
        "time_zone": null,
        "geo_enabled": true,
        "verified": false,
        "statuses_count": 749,
        "lang": "en",
        "contributors_enabled": false,
        "is_translator": false,
        "is_translation_enabled": false,
        "profile_background_color": "1A1B1F",
        "profile_background_image_url": "http://abs.twimg.com/images/themes/theme9/bg.gif",
        "profile_background_image_url_https": "https://abs.twimg.com/images/themes/theme9/bg.gif",
        "profile_background_tile": false,
        "profile_image_url": "http://pbs.twimg.com/profile_images/447389327283068928/VK9fmMDX_normal.jpeg",
        "profile_image_url_https": "https://pbs.twimg.com/profile_images/447389327283068928/VK9fmMDX_normal.jpeg",
        "profile_banner_url": "https://pbs.twimg.com/profile_banners/2400942301/1517115683",
        "profile_link_color": "2FC2EF",
        "profile_sidebar_border_color": "181A1E",
        "profile_sidebar_fill_color": "252429",
        "profile_text_color": "666666",
        "profile_use_background_image": true,
        "has_extended_profile": false,
        "default_profile": false,
        "default_profile_image": false,
        "following": null,
        "follow_request_sent": null,
        "notifications": null,
        "translator_type": "none"
    },
    "geo": null,
    "coordinates": null,
    "place": null,
    "contributors": null,
    "is_quote_status": false,
    "retweet_count": 0,
    "favorite_count": 0,
    "favorited": false,
    "retweeted": false,
    "lang": "en"
}