{
    "created_at": "Mon Apr 15 17:09:13 +0000 2019",
    "id": 1117837294029955074,
    "id_str": "1117837294029955074",
    "text": "Uber\u2019s JUMP Bikes founder and Scoot\u2019s SVP of Product are talking bikes and scooters at TC\u2026 https://t.co/3ZjCZtoTr5",
    "truncated": false,
    "entities": {
        "hashtags": [],
        "symbols": [],
        "user_mentions": [],
        "urls": [
            {
                "url": "https://t.co/3ZjCZtoTr5",
                "expanded_url": "https://goo.gl/fb/9N48eU",
                "display_url": "goo.gl/fb/9N48eU",
                "indices": [
                    91,
                    114
                ]
            }
        ]
    },
    "metadata": {
        "iso_language_code": "en",
        "result_type": "recent"
    },
    "source": "<a href=\"https://www.google.com/\" rel=\"nofollow\">Google</a>",
    "in_reply_to_status_id": null,
    "in_reply_to_status_id_str": null,
    "in_reply_to_user_id": null,
    "in_reply_to_user_id_str": null,
    "in_reply_to_screen_name": null,
    "user": {
        "id": 47332651,
        "id_str": "47332651",
        "name": "Feedjunkie",
        "screen_name": "Feedjunkie",
        "location": "World",
        "description": "Junk Food for Tech News Addicts",
        "url": "http://t.co/z5jRsZHSRr",
        "entities": {
            "url": {
                "urls": [
                    {
                        "url": "http://t.co/z5jRsZHSRr",
                        "expanded_url": "http://feedjunkie.com/",
                        "display_url": "feedjunkie.com",
                        "indices": [
                            0,
                            22
                        ]
                    }
                ]
            },
            "description": {
                "urls": []
            }
        },
        "protected": false,
        "followers_count": 1963,
        "friends_count": 36,
        "listed_count": 262,
        "created_at": "Mon Jun 15 13:22:52 +0000 2009",
        "favourites_count": 0,
        "utc_offset": null,
        "time_zone": null,
        "geo_enabled": false,
        "verified": false,
        "statuses_count": 1003116,
        "lang": "en",
        "contributors_enabled": false,
        "is_translator": false,
        "is_translation_enabled": false,
        "profile_background_color": "C0DEED",
        "profile_background_image_url": "http://abs.twimg.com/images/themes/theme1/bg.png",
        "profile_background_image_url_https": "https://abs.twimg.com/images/themes/theme1/bg.png",
        "profile_background_tile": false,
        "profile_image_url": "http://pbs.twimg.com/profile_images/1860624684/Feeds_normal.png",
        "profile_image_url_https": "https://pbs.twimg.com/profile_images/1860624684/Feeds_normal.png",
        "profile_link_color": "1DA1F2",
        "profile_sidebar_border_color": "C0DEED",
        "profile_sidebar_fill_color": "DDEEF6",
        "profile_text_color": "333333",
        "profile_use_background_image": true,
        "has_extended_profile": false,
        "default_profile": true,
        "default_profile_image": false,
        "following": null,
        "follow_request_sent": null,
        "notifications": null,
        "translator_type": "none"
    },
    "geo": null,
    "coordinates": null,
    "place": null,
    "contributors": null,
    "is_quote_status": false,
    "retweet_count": 0,
    "favorite_count": 0,
    "favorited": false,
    "retweeted": false,
    "possibly_sensitive": false,
    "lang": "en"
}