{
    "created_at": "Mon Apr 15 20:56:31 +0000 2019",
    "id": 1117894493167083520,
    "id_str": "1117894493167083520",
    "text": "You know you ain't moving proper\nYou could jump in, take you \u2018round town\nJust like I was your uber driver",
    "truncated": false,
    "entities": {
        "hashtags": [],
        "symbols": [],
        "user_mentions": [],
        "urls": []
    },
    "metadata": {
        "iso_language_code": "en",
        "result_type": "recent"
    },
    "source": "<a href=\"http://twitter.com/download/android\" rel=\"nofollow\">Twitter for Android</a>",
    "in_reply_to_status_id": null,
    "in_reply_to_status_id_str": null,
    "in_reply_to_user_id": null,
    "in_reply_to_user_id_str": null,
    "in_reply_to_screen_name": null,
    "user": {
        "id": 1252954500,
        "id_str": "1252954500",
        "name": "Mariline",
        "screen_name": "marilinesilva1",
        "location": "Leiria ",
        "description": "19y - ESGTS \ud83c\udf93 - @slbenfica \u2764\ufe0f",
        "url": "https://t.co/cPqsEedQI4",
        "entities": {
            "url": {
                "urls": [
                    {
                        "url": "https://t.co/cPqsEedQI4",
                        "expanded_url": "https://www.instagram.com/mariline.silva/",
                        "display_url": "instagram.com/mariline.silva/",
                        "indices": [
                            0,
                            23
                        ]
                    }
                ]
            },
            "description": {
                "urls": []
            }
        },
        "protected": false,
        "followers_count": 1183,
        "friends_count": 487,
        "listed_count": 10,
        "created_at": "Fri Mar 08 23:26:23 +0000 2013",
        "favourites_count": 131610,
        "utc_offset": null,
        "time_zone": null,
        "geo_enabled": false,
        "verified": false,
        "statuses_count": 102429,
        "lang": "pt",
        "contributors_enabled": false,
        "is_translator": false,
        "is_translation_enabled": false,
        "profile_background_color": "0099B5",
        "profile_background_image_url": "http://abs.twimg.com/images/themes/theme1/bg.png",
        "profile_background_image_url_https": "https://abs.twimg.com/images/themes/theme1/bg.png",
        "profile_background_tile": true,
        "profile_image_url": "http://pbs.twimg.com/profile_images/1111035782058389504/4qfH1GqJ_normal.jpg",
        "profile_image_url_https": "https://pbs.twimg.com/profile_images/1111035782058389504/4qfH1GqJ_normal.jpg",
        "profile_banner_url": "https://pbs.twimg.com/profile_banners/1252954500/1555025014",
        "profile_link_color": "E81C4F",
        "profile_sidebar_border_color": "FFFFFF",
        "profile_sidebar_fill_color": "DDEEF6",
        "profile_text_color": "333333",
        "profile_use_background_image": true,
        "has_extended_profile": true,
        "default_profile": false,
        "default_profile_image": false,
        "following": null,
        "follow_request_sent": null,
        "notifications": null,
        "translator_type": "regular"
    },
    "geo": null,
    "coordinates": null,
    "place": null,
    "contributors": null,
    "is_quote_status": false,
    "retweet_count": 0,
    "favorite_count": 1,
    "favorited": false,
    "retweeted": false,
    "lang": "en"
}