{
    "created_at": "Mon Apr 15 17:12:02 +0000 2019",
    "id": 1117838001386684416,
    "id_str": "1117838001386684416",
    "text": "[TECHCRUNCH] Uber\u2019s JUMP Bikes founder and Scoot\u2019s SVP of Product are talking bikes and scooters at TC Sessions: Mo\u2026 https://t.co/WU7TM9KAZE",
    "truncated": true,
    "entities": {
        "hashtags": [],
        "symbols": [],
        "user_mentions": [],
        "urls": [
            {
                "url": "https://t.co/WU7TM9KAZE",
                "expanded_url": "https://twitter.com/i/web/status/1117838001386684416",
                "display_url": "twitter.com/i/web/status/1\u2026",
                "indices": [
                    117,
                    140
                ]
            }
        ]
    },
    "metadata": {
        "iso_language_code": "en",
        "result_type": "recent"
    },
    "source": "<a href=\"https://buffer.com\" rel=\"nofollow\">Buffer</a>",
    "in_reply_to_status_id": null,
    "in_reply_to_status_id_str": null,
    "in_reply_to_user_id": null,
    "in_reply_to_user_id_str": null,
    "in_reply_to_screen_name": null,
    "user": {
        "id": 107547335,
        "id_str": "107547335",
        "name": "David Papp",
        "screen_name": "DavidPapp",
        "location": "Canada",
        "description": "Speaker, Consultant, Creator on anything tech. CyberSecurity, Blockchain, Social Media and Technology Management. I share links on technology and social media.",
        "url": "https://t.co/FmwA2bZJ95",
        "entities": {
            "url": {
                "urls": [
                    {
                        "url": "https://t.co/FmwA2bZJ95",
                        "expanded_url": "http://linktr.ee/david_papp",
                        "display_url": "linktr.ee/david_papp",
                        "indices": [
                            0,
                            23
                        ]
                    }
                ]
            },
            "description": {
                "urls": []
            }
        },
        "protected": false,
        "followers_count": 76828,
        "friends_count": 33308,
        "listed_count": 834,
        "created_at": "Fri Jan 22 23:09:42 +0000 2010",
        "favourites_count": 193,
        "utc_offset": null,
        "time_zone": null,
        "geo_enabled": false,
        "verified": true,
        "statuses_count": 636416,
        "lang": "en",
        "contributors_enabled": false,
        "is_translator": false,
        "is_translation_enabled": false,
        "profile_background_color": "3D3E42",
        "profile_background_image_url": "http://abs.twimg.com/images/themes/theme9/bg.gif",
        "profile_background_image_url_https": "https://abs.twimg.com/images/themes/theme9/bg.gif",
        "profile_background_tile": true,
        "profile_image_url": "http://pbs.twimg.com/profile_images/1104464857179385856/f1FuTW_O_normal.png",
        "profile_image_url_https": "https://pbs.twimg.com/profile_images/1104464857179385856/f1FuTW_O_normal.png",
        "profile_banner_url": "https://pbs.twimg.com/profile_banners/107547335/1462312937",
        "profile_link_color": "3C8F3F",
        "profile_sidebar_border_color": "FFFFFF",
        "profile_sidebar_fill_color": "EDFAFA",
        "profile_text_color": "557387",
        "profile_use_background_image": true,
        "has_extended_profile": true,
        "default_profile": false,
        "default_profile_image": false,
        "following": null,
        "follow_request_sent": null,
        "notifications": null,
        "translator_type": "none"
    },
    "geo": null,
    "coordinates": null,
    "place": null,
    "contributors": null,
    "is_quote_status": false,
    "retweet_count": 0,
    "favorite_count": 0,
    "favorited": false,
    "retweeted": false,
    "possibly_sensitive": false,
    "lang": "en"
}