{
    "created_at": "Mon Apr 15 17:29:40 +0000 2019",
    "id": 1117842437429288960,
    "id_str": "1117842437429288960",
    "text": "#LosAngeles #Hollywood (Uber\u2019s JUMP Bikes founder and Scoot\u2019s SVP of Product are\ntalking bikes and scooters at TC S\u2026 https://t.co/sNiExPBPy0",
    "truncated": true,
    "entities": {
        "hashtags": [
            {
                "text": "LosAngeles",
                "indices": [
                    0,
                    11
                ]
            },
            {
                "text": "Hollywood",
                "indices": [
                    12,
                    22
                ]
            }
        ],
        "symbols": [],
        "user_mentions": [],
        "urls": [
            {
                "url": "https://t.co/sNiExPBPy0",
                "expanded_url": "https://twitter.com/i/web/status/1117842437429288960",
                "display_url": "twitter.com/i/web/status/1\u2026",
                "indices": [
                    117,
                    140
                ]
            }
        ]
    },
    "metadata": {
        "iso_language_code": "en",
        "result_type": "recent"
    },
    "source": "<a href=\"http://rr-magazine.com/\" rel=\"nofollow\">rrmagazinesite</a>",
    "in_reply_to_status_id": null,
    "in_reply_to_status_id_str": null,
    "in_reply_to_user_id": null,
    "in_reply_to_user_id_str": null,
    "in_reply_to_screen_name": null,
    "user": {
        "id": 1881746834,
        "id_str": "1881746834",
        "name": "RR-Magazine",
        "screen_name": "rrmagazine_",
        "location": "#Hollywood #LosAngeles",
        "description": "The leading voice coming from the streets of southern California: News, Music, Fashion, Sports and Technology",
        "url": "http://t.co/NDPzcEPxY2",
        "entities": {
            "url": {
                "urls": [
                    {
                        "url": "http://t.co/NDPzcEPxY2",
                        "expanded_url": "http://rr-magazine.com",
                        "display_url": "rr-magazine.com",
                        "indices": [
                            0,
                            22
                        ]
                    }
                ]
            },
            "description": {
                "urls": []
            }
        },
        "protected": false,
        "followers_count": 2897,
        "friends_count": 648,
        "listed_count": 40,
        "created_at": "Thu Sep 19 03:20:07 +0000 2013",
        "favourites_count": 10569,
        "utc_offset": null,
        "time_zone": null,
        "geo_enabled": true,
        "verified": false,
        "statuses_count": 29648,
        "lang": "en",
        "contributors_enabled": false,
        "is_translator": false,
        "is_translation_enabled": false,
        "profile_background_color": "000000",
        "profile_background_image_url": "http://abs.twimg.com/images/themes/theme1/bg.png",
        "profile_background_image_url_https": "https://abs.twimg.com/images/themes/theme1/bg.png",
        "profile_background_tile": false,
        "profile_image_url": "http://pbs.twimg.com/profile_images/1102436772942774272/GmTilB1h_normal.png",
        "profile_image_url_https": "https://pbs.twimg.com/profile_images/1102436772942774272/GmTilB1h_normal.png",
        "profile_banner_url": "https://pbs.twimg.com/profile_banners/1881746834/1551678397",
        "profile_link_color": "000000",
        "profile_sidebar_border_color": "000000",
        "profile_sidebar_fill_color": "DDEEF6",
        "profile_text_color": "333333",
        "profile_use_background_image": true,
        "has_extended_profile": false,
        "default_profile": false,
        "default_profile_image": false,
        "following": null,
        "follow_request_sent": null,
        "notifications": null,
        "translator_type": "none"
    },
    "geo": null,
    "coordinates": null,
    "place": null,
    "contributors": null,
    "is_quote_status": false,
    "retweet_count": 0,
    "favorite_count": 0,
    "favorited": false,
    "retweeted": false,
    "possibly_sensitive": false,
    "lang": "en"
}