{
    "created_at": "Mon Apr 15 22:50:15 +0000 2019",
    "id": 1117923115710013440,
    "id_str": "1117923115710013440",
    "text": "La otra guerra de las aplicaciones: as\u00ed reparten sus patines en Espa\u00f1a https://t.co/elxaYgi5uL",
    "truncated": false,
    "entities": {
        "hashtags": [],
        "symbols": [],
        "user_mentions": [],
        "urls": [
            {
                "url": "https://t.co/elxaYgi5uL",
                "expanded_url": "https://www.economiadigital.es/directivos-y-empresas/guerra-de-uber-y-cabify-movo-jump-patinetes-espana-paris-estados-unidos_617948_102.html",
                "display_url": "economiadigital.es/directivos-y-e\u2026",
                "indices": [
                    71,
                    94
                ]
            }
        ]
    },
    "metadata": {
        "iso_language_code": "es",
        "result_type": "recent"
    },
    "source": "<a href=\"http://www.facebook.com/twitter\" rel=\"nofollow\">Facebook</a>",
    "in_reply_to_status_id": null,
    "in_reply_to_status_id_str": null,
    "in_reply_to_user_id": null,
    "in_reply_to_user_id_str": null,
    "in_reply_to_screen_name": null,
    "user": {
        "id": 376966268,
        "id_str": "376966268",
        "name": "Taxi Informante",
        "screen_name": "Taxi_Informante",
        "location": "Distrito Federal",
        "description": "Compartiendo informaci\u00f3n de importancia a todos los taxistas de M\u00e9xico. El taxi es un oficio que podr\u00eda tener escuela.",
        "url": "https://t.co/DrLyJct59M",
        "entities": {
            "url": {
                "urls": [
                    {
                        "url": "https://t.co/DrLyJct59M",
                        "expanded_url": "http://www.taxinformante.com",
                        "display_url": "taxinformante.com",
                        "indices": [
                            0,
                            23
                        ]
                    }
                ]
            },
            "description": {
                "urls": []
            }
        },
        "protected": false,
        "followers_count": 976,
        "friends_count": 312,
        "listed_count": 8,
        "created_at": "Tue Sep 20 19:59:38 +0000 2011",
        "favourites_count": 121,
        "utc_offset": null,
        "time_zone": null,
        "geo_enabled": false,
        "verified": false,
        "statuses_count": 2841,
        "lang": "es",
        "contributors_enabled": false,
        "is_translator": false,
        "is_translation_enabled": false,
        "profile_background_color": "C0DEED",
        "profile_background_image_url": "http://abs.twimg.com/images/themes/theme1/bg.png",
        "profile_background_image_url_https": "https://abs.twimg.com/images/themes/theme1/bg.png",
        "profile_background_tile": false,
        "profile_image_url": "http://pbs.twimg.com/profile_images/1582567875/avatar_normal.jpg",
        "profile_image_url_https": "https://pbs.twimg.com/profile_images/1582567875/avatar_normal.jpg",
        "profile_link_color": "1DA1F2",
        "profile_sidebar_border_color": "C0DEED",
        "profile_sidebar_fill_color": "DDEEF6",
        "profile_text_color": "333333",
        "profile_use_background_image": true,
        "has_extended_profile": false,
        "default_profile": true,
        "default_profile_image": false,
        "following": null,
        "follow_request_sent": null,
        "notifications": null,
        "translator_type": "none"
    },
    "geo": null,
    "coordinates": null,
    "place": null,
    "contributors": null,
    "is_quote_status": false,
    "retweet_count": 0,
    "favorite_count": 0,
    "favorited": false,
    "retweeted": false,
    "possibly_sensitive": false,
    "lang": "es"
}