{
    "created_at": "Mon Apr 15 17:18:32 +0000 2019",
    "id": 1117839638679490560,
    "id_str": "1117839638679490560",
    "text": "Uber\u2019s JUMP Bikes founder and Scoot\u2019s SVP of Product are talking bikes and scooters at TC Sessions: Mobility\u2026 https://t.co/Tmfs92wb4O",
    "truncated": true,
    "entities": {
        "hashtags": [],
        "symbols": [],
        "user_mentions": [],
        "urls": [
            {
                "url": "https://t.co/Tmfs92wb4O",
                "expanded_url": "https://twitter.com/i/web/status/1117839638679490560",
                "display_url": "twitter.com/i/web/status/1\u2026",
                "indices": [
                    110,
                    133
                ]
            }
        ]
    },
    "metadata": {
        "iso_language_code": "en",
        "result_type": "recent"
    },
    "source": "<a href=\"http://twibble.io\" rel=\"nofollow\">Twibble.io</a>",
    "in_reply_to_status_id": null,
    "in_reply_to_status_id_str": null,
    "in_reply_to_user_id": null,
    "in_reply_to_user_id_str": null,
    "in_reply_to_screen_name": null,
    "user": {
        "id": 41117405,
        "id_str": "41117405",
        "name": "Jim Bourke",
        "screen_name": "JimBourke",
        "location": "Planet Earth",
        "description": "CPA/Managing Director of Advisory Services @ Withum Accounting Today Top 100/CPA Focus & Passion for Technology & the Changing Profession-Global Thought Leader",
        "url": "https://t.co/pnEDiafRUW",
        "entities": {
            "url": {
                "urls": [
                    {
                        "url": "https://t.co/pnEDiafRUW",
                        "expanded_url": "http://www.withum.com",
                        "display_url": "withum.com",
                        "indices": [
                            0,
                            23
                        ]
                    }
                ]
            },
            "description": {
                "urls": []
            }
        },
        "protected": false,
        "followers_count": 5232,
        "friends_count": 4106,
        "listed_count": 248,
        "created_at": "Tue May 19 13:43:34 +0000 2009",
        "favourites_count": 597,
        "utc_offset": null,
        "time_zone": null,
        "geo_enabled": true,
        "verified": false,
        "statuses_count": 245188,
        "lang": "en",
        "contributors_enabled": false,
        "is_translator": false,
        "is_translation_enabled": false,
        "profile_background_color": "642D8B",
        "profile_background_image_url": "http://abs.twimg.com/images/themes/theme1/bg.png",
        "profile_background_image_url_https": "https://abs.twimg.com/images/themes/theme1/bg.png",
        "profile_background_tile": true,
        "profile_image_url": "http://pbs.twimg.com/profile_images/751144023461474304/Av7zKjyE_normal.jpg",
        "profile_image_url_https": "https://pbs.twimg.com/profile_images/751144023461474304/Av7zKjyE_normal.jpg",
        "profile_banner_url": "https://pbs.twimg.com/profile_banners/41117405/1536536359",
        "profile_link_color": "1B95E0",
        "profile_sidebar_border_color": "65B0DA",
        "profile_sidebar_fill_color": "7AC3EE",
        "profile_text_color": "3D1957",
        "profile_use_background_image": true,
        "has_extended_profile": false,
        "default_profile": false,
        "default_profile_image": false,
        "following": null,
        "follow_request_sent": null,
        "notifications": null,
        "translator_type": "none"
    },
    "geo": null,
    "coordinates": null,
    "place": null,
    "contributors": null,
    "is_quote_status": false,
    "retweet_count": 0,
    "favorite_count": 0,
    "favorited": false,
    "retweeted": false,
    "possibly_sensitive": false,
    "lang": "en"
}