{
    "created_at": "Mon Apr 15 14:00:00 +0000 2019",
    "id": 1117789672908791809,
    "id_str": "1117789672908791809",
    "text": "Uber-owned Jump is rolling out more than 500 dockless scooters across D.C. https://t.co/SUJFmv7YHJ https://t.co/oRgKI9xysJ",
    "truncated": false,
    "entities": {
        "hashtags": [],
        "symbols": [],
        "user_mentions": [],
        "urls": [
            {
                "url": "https://t.co/SUJFmv7YHJ",
                "expanded_url": "https://dc.curbed.com/2019/4/9/18302036/dc-uber-jump-electric-scooters-dockless-mobility",
                "display_url": "dc.curbed.com/2019/4/9/18302\u2026",
                "indices": [
                    75,
                    98
                ]
            }
        ],
        "media": [
            {
                "id": 1115654746877067269,
                "id_str": "1115654746877067269",
                "indices": [
                    99,
                    122
                ],
                "media_url": "http://pbs.twimg.com/media/D3uaFM-WAAUzKPe.jpg",
                "media_url_https": "https://pbs.twimg.com/media/D3uaFM-WAAUzKPe.jpg",
                "url": "https://t.co/oRgKI9xysJ",
                "display_url": "pic.twitter.com/oRgKI9xysJ",
                "expanded_url": "https://twitter.com/CurbedDC/status/1117789672908791809/photo/1",
                "type": "photo",
                "sizes": {
                    "thumb": {
                        "w": 150,
                        "h": 150,
                        "resize": "crop"
                    },
                    "small": {
                        "w": 680,
                        "h": 453,
                        "resize": "fit"
                    },
                    "medium": {
                        "w": 920,
                        "h": 613,
                        "resize": "fit"
                    },
                    "large": {
                        "w": 920,
                        "h": 613,
                        "resize": "fit"
                    }
                }
            }
        ]
    },
    "extended_entities": {
        "media": [
            {
                "id": 1115654746877067269,
                "id_str": "1115654746877067269",
                "indices": [
                    99,
                    122
                ],
                "media_url": "http://pbs.twimg.com/media/D3uaFM-WAAUzKPe.jpg",
                "media_url_https": "https://pbs.twimg.com/media/D3uaFM-WAAUzKPe.jpg",
                "url": "https://t.co/oRgKI9xysJ",
                "display_url": "pic.twitter.com/oRgKI9xysJ",
                "expanded_url": "https://twitter.com/CurbedDC/status/1117789672908791809/photo/1",
                "type": "photo",
                "sizes": {
                    "thumb": {
                        "w": 150,
                        "h": 150,
                        "resize": "crop"
                    },
                    "small": {
                        "w": 680,
                        "h": 453,
                        "resize": "fit"
                    },
                    "medium": {
                        "w": 920,
                        "h": 613,
                        "resize": "fit"
                    },
                    "large": {
                        "w": 920,
                        "h": 613,
                        "resize": "fit"
                    }
                }
            }
        ]
    },
    "metadata": {
        "iso_language_code": "en",
        "result_type": "recent"
    },
    "source": "<a href=\"https://about.twitter.com/products/tweetdeck\" rel=\"nofollow\">TweetDeck</a>",
    "in_reply_to_status_id": null,
    "in_reply_to_status_id_str": null,
    "in_reply_to_user_id": null,
    "in_reply_to_user_id_str": null,
    "in_reply_to_screen_name": null,
    "user": {
        "id": 235229195,
        "id_str": "235229195",
        "name": "Curbed DC",
        "screen_name": "CurbedDC",
        "location": "Washington DC",
        "description": "Every aspect of living in DC, for people who care about their city, their streets, and their homes.",
        "url": "http://t.co/gFSOUnLaMa",
        "entities": {
            "url": {
                "urls": [
                    {
                        "url": "http://t.co/gFSOUnLaMa",
                        "expanded_url": "http://dc.curbed.com",
                        "display_url": "dc.curbed.com",
                        "indices": [
                            0,
                            22
                        ]
                    }
                ]
            },
            "description": {
                "urls": []
            }
        },
        "protected": false,
        "followers_count": 11530,
        "friends_count": 609,
        "listed_count": 417,
        "created_at": "Fri Jan 07 17:36:00 +0000 2011",
        "favourites_count": 772,
        "utc_offset": null,
        "time_zone": null,
        "geo_enabled": true,
        "verified": true,
        "statuses_count": 14856,
        "lang": "en",
        "contributors_enabled": false,
        "is_translator": false,
        "is_translation_enabled": false,
        "profile_background_color": "FFFFFF",
        "profile_background_image_url": "http://abs.twimg.com/images/themes/theme1/bg.png",
        "profile_background_image_url_https": "https://abs.twimg.com/images/themes/theme1/bg.png",
        "profile_background_tile": false,
        "profile_image_url": "http://pbs.twimg.com/profile_images/823571394655088640/_US5zjAU_normal.jpg",
        "profile_image_url_https": "https://pbs.twimg.com/profile_images/823571394655088640/_US5zjAU_normal.jpg",
        "profile_banner_url": "https://pbs.twimg.com/profile_banners/235229195/1464037467",
        "profile_link_color": "FF604A",
        "profile_sidebar_border_color": "FFFFFF",
        "profile_sidebar_fill_color": "DDEEF6",
        "profile_text_color": "333333",
        "profile_use_background_image": true,
        "has_extended_profile": false,
        "default_profile": false,
        "default_profile_image": false,
        "following": null,
        "follow_request_sent": null,
        "notifications": null,
        "translator_type": "none"
    },
    "geo": null,
    "coordinates": null,
    "place": null,
    "contributors": null,
    "is_quote_status": false,
    "retweet_count": 0,
    "favorite_count": 0,
    "favorited": false,
    "retweeted": false,
    "possibly_sensitive": false,
    "lang": "en"
}