{
    "created_at": "Mon Apr 15 22:23:44 +0000 2019",
    "id": 1117916441762775040,
    "id_str": "1117916441762775040",
    "text": "Uber's JUMP Bikes founder and Scoot's SVP of Product are talking bikes and scooters at TC Sessions: Mobility\u2026 https://t.co/IgSPgRMe2z",
    "truncated": true,
    "entities": {
        "hashtags": [],
        "symbols": [],
        "user_mentions": [],
        "urls": [
            {
                "url": "https://t.co/IgSPgRMe2z",
                "expanded_url": "https://twitter.com/i/web/status/1117916441762775040",
                "display_url": "twitter.com/i/web/status/1\u2026",
                "indices": [
                    110,
                    133
                ]
            }
        ]
    },
    "metadata": {
        "iso_language_code": "en",
        "result_type": "recent"
    },
    "source": "<a href=\"http://twitter.com\" rel=\"nofollow\">Twitter Web Client</a>",
    "in_reply_to_status_id": null,
    "in_reply_to_status_id_str": null,
    "in_reply_to_user_id": null,
    "in_reply_to_user_id_str": null,
    "in_reply_to_screen_name": null,
    "user": {
        "id": 2220440436,
        "id_str": "2220440436",
        "name": "\ud835\udc97\ud835\udc86\ud835\udc94\ud835\udc95\ud835\udc8a\ud835\udc88\ud835\udc8a\ud835\udc82 \ud835\udc93\ud835\udc86\ud835\udc95\ud835\udc93\ud835\udc90`",
        "screen_name": "Rovadeber",
        "location": "\ud835\udc47\ud835\udc5c\ud835\udc5d \ud835\udc59\ud835\udc52\ud835\udc4e\ud835\udc51\ud835\udc52\ud835\udc5f\ud835\udc60 \ud835\udc4e\ud835\udc5f\ud835\udc52 \ud835\udc54\ud835\udc5f\ud835\udc52\ud835\udc4e\ud835\udc61 \ud835\udc53\ud835\udc5c\ud835\udc59\ud835\udc59\ud835\udc5c\ud835\udc64\ud835\udc52\ud835\udc5f\ud835\udc60",
        "description": "\ud835\udd4b\ud835\udd68\ud835\udd5a\ud835\udd65\ud835\udd65\ud835\udd56\ud835\udd63 \ud835\udc13\ud835\udc2b\ud835\udc1a\ud835\udc27\ud835\udc2c\ud835\udc25\ud835\udc1a\ud835\udc2d\ud835\udc28\ud835\udc2b \ud835\udd64\ud835\udd5a\ud835\udd5f\ud835\udd54\ud835\udd56 \ud835\udfda\ud835\udfd8\ud835\udfd9\ud835\udfdb #\ud835\udc00\ud835\udc27\ud835\udc22\ud835\udc26\ud835\udc1a\ud835\udc25\ud835\udc2b\ud835\udc22\ud835\udc20\ud835\udc21\ud835\udc2d\ud835\udc2c #\ud835\udc0c\ud835\udc1e\ud835\udc1d\ud835\udc22\ud835\udc2e\ud835\udc26 #\ud835\udc04\ud835\udc27\ud835\udc2d\ud835\udc2b\ud835\udc1e\ud835\udc29\ud835\udc2b\ud835\udc1e\ud835\udc27\ud835\udc1e\ud835\udc2er \ud835\udd50\ud835\udd61\ud835\udd63\ud835\udd56\ud835\udd64-\ud835\udd4e\ud835\udd56\ud835\udd64\ud835\udd65\u2102\ud835\udd60\ud835\udd63\ud835\udd5f\ud835\udd56\ud835\udd63 #\ud835\ude4f\ud835\ude5a\ud835\ude56\ud835\ude62\ud835\ude41\ud835\ude64\ud835\ude61\ud835\ude61\ud835\ude64\ud835\ude6c\ud835\ude3d\ud835\ude56\ud835\ude58\ud835\ude60   \ud83d\udd17https://t.co/Sf30sF07p2",
        "url": "https://t.co/qdCxm0qZ5n",
        "entities": {
            "url": {
                "urls": [
                    {
                        "url": "https://t.co/qdCxm0qZ5n",
                        "expanded_url": "https://www.linkedin.com/in/rovadeber",
                        "display_url": "linkedin.com/in/rovadeber",
                        "indices": [
                            0,
                            23
                        ]
                    }
                ]
            },
            "description": {
                "urls": [
                    {
                        "url": "https://t.co/Sf30sF07p2",
                        "expanded_url": "http://rovadeber.kred",
                        "display_url": "rovadeber.kred",
                        "indices": [
                            102,
                            125
                        ]
                    }
                ]
            }
        },
        "protected": false,
        "followers_count": 161334,
        "friends_count": 158620,
        "listed_count": 595,
        "created_at": "Thu Nov 28 22:32:56 +0000 2013",
        "favourites_count": 108524,
        "utc_offset": null,
        "time_zone": null,
        "geo_enabled": true,
        "verified": false,
        "statuses_count": 266301,
        "lang": "nl",
        "contributors_enabled": false,
        "is_translator": true,
        "is_translation_enabled": false,
        "profile_background_color": "12D9F0",
        "profile_background_image_url": "http://abs.twimg.com/images/themes/theme4/bg.gif",
        "profile_background_image_url_https": "https://abs.twimg.com/images/themes/theme4/bg.gif",
        "profile_background_tile": true,
        "profile_image_url": "http://pbs.twimg.com/profile_images/1118199498344419329/JL4q2e_Q_normal.png",
        "profile_image_url_https": "https://pbs.twimg.com/profile_images/1118199498344419329/JL4q2e_Q_normal.png",
        "profile_banner_url": "https://pbs.twimg.com/profile_banners/2220440436/1555524082",
        "profile_link_color": "1B95E0",
        "profile_sidebar_border_color": "FFFFFF",
        "profile_sidebar_fill_color": "95E8EC",
        "profile_text_color": "3C3940",
        "profile_use_background_image": true,
        "has_extended_profile": false,
        "default_profile": false,
        "default_profile_image": false,
        "following": null,
        "follow_request_sent": null,
        "notifications": null,
        "translator_type": "badged"
    },
    "geo": null,
    "coordinates": null,
    "place": null,
    "contributors": null,
    "is_quote_status": false,
    "retweet_count": 0,
    "favorite_count": 0,
    "favorited": false,
    "retweeted": false,
    "possibly_sensitive": false,
    "lang": "en"
}