{
    "created_at": "Mon Apr 15 17:16:33 +0000 2019",
    "id": 1117839135551754240,
    "id_str": "1117839135551754240",
    "text": "Uber\u2019s JUMP Bikes founder and Scoot\u2019s SVP of Product are talking bikes and scooters at TC Sessions: Mobility\u2026 https://t.co/cYpoP7HqL5",
    "truncated": true,
    "entities": {
        "hashtags": [],
        "symbols": [],
        "user_mentions": [],
        "urls": [
            {
                "url": "https://t.co/cYpoP7HqL5",
                "expanded_url": "https://twitter.com/i/web/status/1117839135551754240",
                "display_url": "twitter.com/i/web/status/1\u2026",
                "indices": [
                    110,
                    133
                ]
            }
        ]
    },
    "metadata": {
        "iso_language_code": "en",
        "result_type": "recent"
    },
    "source": "<a href=\"http://twibble.io\" rel=\"nofollow\">Twibble.io</a>",
    "in_reply_to_status_id": null,
    "in_reply_to_status_id_str": null,
    "in_reply_to_user_id": null,
    "in_reply_to_user_id_str": null,
    "in_reply_to_screen_name": null,
    "user": {
        "id": 1274894250,
        "id_str": "1274894250",
        "name": "Raghu Vohra",
        "screen_name": "BlackstoneVG",
        "location": "LA/Dubai/Bangalore",
        "description": "Angel Investor-Fintech executive, Entrepreneur, ExecTeam @4startups in fintech,Dog lover,java junkie-data,ideas,metrics,deals!RTs \u2260 endorsements!Views personal!",
        "url": "https://t.co/VH3KLbKKzb",
        "entities": {
            "url": {
                "urls": [
                    {
                        "url": "https://t.co/VH3KLbKKzb",
                        "expanded_url": "http://www.blackstonevalleygroup.com",
                        "display_url": "blackstonevalleygroup.com",
                        "indices": [
                            0,
                            23
                        ]
                    }
                ]
            },
            "description": {
                "urls": []
            }
        },
        "protected": false,
        "followers_count": 14532,
        "friends_count": 693,
        "listed_count": 280,
        "created_at": "Sun Mar 17 12:55:54 +0000 2013",
        "favourites_count": 1656,
        "utc_offset": null,
        "time_zone": null,
        "geo_enabled": false,
        "verified": false,
        "statuses_count": 23597,
        "lang": "en",
        "contributors_enabled": false,
        "is_translator": false,
        "is_translation_enabled": false,
        "profile_background_color": "C0DEED",
        "profile_background_image_url": "http://abs.twimg.com/images/themes/theme1/bg.png",
        "profile_background_image_url_https": "https://abs.twimg.com/images/themes/theme1/bg.png",
        "profile_background_tile": false,
        "profile_image_url": "http://pbs.twimg.com/profile_images/559386746324930560/Ocon5rdM_normal.jpeg",
        "profile_image_url_https": "https://pbs.twimg.com/profile_images/559386746324930560/Ocon5rdM_normal.jpeg",
        "profile_banner_url": "https://pbs.twimg.com/profile_banners/1274894250/1458031975",
        "profile_link_color": "1DA1F2",
        "profile_sidebar_border_color": "C0DEED",
        "profile_sidebar_fill_color": "DDEEF6",
        "profile_text_color": "333333",
        "profile_use_background_image": true,
        "has_extended_profile": false,
        "default_profile": true,
        "default_profile_image": false,
        "following": null,
        "follow_request_sent": null,
        "notifications": null,
        "translator_type": "none"
    },
    "geo": null,
    "coordinates": null,
    "place": null,
    "contributors": null,
    "is_quote_status": false,
    "retweet_count": 0,
    "favorite_count": 0,
    "favorited": false,
    "retweeted": false,
    "possibly_sensitive": false,
    "lang": "en"
}