{
    "created_at": "Mon Apr 15 18:53:33 +0000 2019",
    "id": 1117863549370392579,
    "id_str": "1117863549370392579",
    "text": "Uber\u2019s JUMP Bikes founder and Scoot\u2019s SVP of Product are talking bikes and scooters at TC Sessions: Mobility \u2013 Tech\u2026 https://t.co/cMozqHKqqi",
    "truncated": true,
    "entities": {
        "hashtags": [],
        "symbols": [],
        "user_mentions": [],
        "urls": [
            {
                "url": "https://t.co/cMozqHKqqi",
                "expanded_url": "https://twitter.com/i/web/status/1117863549370392579",
                "display_url": "twitter.com/i/web/status/1\u2026",
                "indices": [
                    117,
                    140
                ]
            }
        ]
    },
    "metadata": {
        "iso_language_code": "en",
        "result_type": "recent"
    },
    "source": "<a href=\"https://dlvrit.com/\" rel=\"nofollow\">dlvr.it</a>",
    "in_reply_to_status_id": null,
    "in_reply_to_status_id_str": null,
    "in_reply_to_user_id": null,
    "in_reply_to_user_id_str": null,
    "in_reply_to_screen_name": null,
    "user": {
        "id": 231147350,
        "id_str": "231147350",
        "name": "Top Tech Solutions",
        "screen_name": "TopTechSolution",
        "location": "Lafayette Hill, PA",
        "description": "Reliable Computer Support for businesses throughout the Philadelphia Metropolitan Area. \r\n\r\nProviding Technical Solutions that make Business sense.",
        "url": "http://t.co/55556O9R2i",
        "entities": {
            "url": {
                "urls": [
                    {
                        "url": "http://t.co/55556O9R2i",
                        "expanded_url": "http://www.toptechnicalsolutions.com",
                        "display_url": "toptechnicalsolutions.com",
                        "indices": [
                            0,
                            22
                        ]
                    }
                ]
            },
            "description": {
                "urls": []
            }
        },
        "protected": false,
        "followers_count": 66,
        "friends_count": 16,
        "listed_count": 3,
        "created_at": "Mon Dec 27 18:44:15 +0000 2010",
        "favourites_count": 0,
        "utc_offset": null,
        "time_zone": null,
        "geo_enabled": false,
        "verified": false,
        "statuses_count": 56566,
        "lang": "en",
        "contributors_enabled": false,
        "is_translator": false,
        "is_translation_enabled": false,
        "profile_background_color": "000000",
        "profile_background_image_url": "http://abs.twimg.com/images/themes/theme1/bg.png",
        "profile_background_image_url_https": "https://abs.twimg.com/images/themes/theme1/bg.png",
        "profile_background_tile": false,
        "profile_image_url": "http://pbs.twimg.com/profile_images/1200166066/image001_normal.jpg",
        "profile_image_url_https": "https://pbs.twimg.com/profile_images/1200166066/image001_normal.jpg",
        "profile_link_color": "1B95E0",
        "profile_sidebar_border_color": "000000",
        "profile_sidebar_fill_color": "000000",
        "profile_text_color": "000000",
        "profile_use_background_image": false,
        "has_extended_profile": true,
        "default_profile": false,
        "default_profile_image": false,
        "following": null,
        "follow_request_sent": null,
        "notifications": null,
        "translator_type": "none"
    },
    "geo": null,
    "coordinates": null,
    "place": null,
    "contributors": null,
    "is_quote_status": false,
    "retweet_count": 0,
    "favorite_count": 0,
    "favorited": false,
    "retweeted": false,
    "possibly_sensitive": false,
    "lang": "en"
}