{
    "created_at": "Mon Apr 15 17:17:52 +0000 2019",
    "id": 1117839469141471232,
    "id_str": "1117839469141471232",
    "text": "Uber\u2019s JUMP Bikes founder and Scoot\u2019s SVP of Product are talking bikes and scooters at TC Sessions: Mobility\u2026 https://t.co/jcpuqY8T9q",
    "truncated": true,
    "entities": {
        "hashtags": [],
        "symbols": [],
        "user_mentions": [],
        "urls": [
            {
                "url": "https://t.co/jcpuqY8T9q",
                "expanded_url": "https://twitter.com/i/web/status/1117839469141471232",
                "display_url": "twitter.com/i/web/status/1\u2026",
                "indices": [
                    110,
                    133
                ]
            }
        ]
    },
    "metadata": {
        "iso_language_code": "en",
        "result_type": "recent"
    },
    "source": "<a href=\"http://twibble.io\" rel=\"nofollow\">Twibble.io</a>",
    "in_reply_to_status_id": null,
    "in_reply_to_status_id_str": null,
    "in_reply_to_user_id": null,
    "in_reply_to_user_id_str": null,
    "in_reply_to_screen_name": null,
    "user": {
        "id": 217950186,
        "id_str": "217950186",
        "name": "Touch It Media",
        "screen_name": "TouchItMedia_",
        "location": "Canada",
        "description": "Delivering #innovative, #costeffective and #engaging #advertising #ideas which help #brands deliver a big #impact using unique #nontraditional tactics. #ooh\ud83d\udcaf",
        "url": "https://t.co/NPCuGkBUDK",
        "entities": {
            "url": {
                "urls": [
                    {
                        "url": "https://t.co/NPCuGkBUDK",
                        "expanded_url": "http://www.touchitmedia.ca",
                        "display_url": "touchitmedia.ca",
                        "indices": [
                            0,
                            23
                        ]
                    }
                ]
            },
            "description": {
                "urls": []
            }
        },
        "protected": false,
        "followers_count": 3908,
        "friends_count": 4699,
        "listed_count": 188,
        "created_at": "Sun Nov 21 00:28:56 +0000 2010",
        "favourites_count": 815,
        "utc_offset": null,
        "time_zone": null,
        "geo_enabled": true,
        "verified": false,
        "statuses_count": 55836,
        "lang": "en",
        "contributors_enabled": false,
        "is_translator": false,
        "is_translation_enabled": false,
        "profile_background_color": "C0DEED",
        "profile_background_image_url": "http://abs.twimg.com/images/themes/theme1/bg.png",
        "profile_background_image_url_https": "https://abs.twimg.com/images/themes/theme1/bg.png",
        "profile_background_tile": false,
        "profile_image_url": "http://pbs.twimg.com/profile_images/997435461034430465/cF3jWVhf_normal.jpg",
        "profile_image_url_https": "https://pbs.twimg.com/profile_images/997435461034430465/cF3jWVhf_normal.jpg",
        "profile_banner_url": "https://pbs.twimg.com/profile_banners/217950186/1526560353",
        "profile_link_color": "EB5E00",
        "profile_sidebar_border_color": "FFFFFF",
        "profile_sidebar_fill_color": "DDEEF6",
        "profile_text_color": "333333",
        "profile_use_background_image": true,
        "has_extended_profile": false,
        "default_profile": false,
        "default_profile_image": false,
        "following": null,
        "follow_request_sent": null,
        "notifications": null,
        "translator_type": "none"
    },
    "geo": null,
    "coordinates": null,
    "place": null,
    "contributors": null,
    "is_quote_status": false,
    "retweet_count": 0,
    "favorite_count": 0,
    "favorited": false,
    "retweeted": false,
    "possibly_sensitive": false,
    "lang": "en"
}