{
    "created_at": "Mon Apr 15 08:52:30 +0000 2019",
    "id": 1117712290164424704,
    "id_str": "1117712290164424704",
    "text": "@Uberrats @sajidjavid Uber/TfL minicabs have a different rule book to driving laws, as in, they don't apply to them\u2026 https://t.co/VxrPYFYre0",
    "truncated": true,
    "entities": {
        "hashtags": [],
        "symbols": [],
        "user_mentions": [
            {
                "screen_name": "Uberrats",
                "name": "Bryz",
                "id": 789140250606141444,
                "id_str": "789140250606141444",
                "indices": [
                    0,
                    9
                ]
            },
            {
                "screen_name": "sajidjavid",
                "name": "Sajid Javid",
                "id": 20052899,
                "id_str": "20052899",
                "indices": [
                    10,
                    21
                ]
            }
        ],
        "urls": [
            {
                "url": "https://t.co/VxrPYFYre0",
                "expanded_url": "https://twitter.com/i/web/status/1117712290164424704",
                "display_url": "twitter.com/i/web/status/1\u2026",
                "indices": [
                    117,
                    140
                ]
            }
        ]
    },
    "metadata": {
        "iso_language_code": "en",
        "result_type": "recent"
    },
    "source": "<a href=\"http://twitter.com\" rel=\"nofollow\">Twitter Web Client</a>",
    "in_reply_to_status_id": 1117709068003684352,
    "in_reply_to_status_id_str": "1117709068003684352",
    "in_reply_to_user_id": 789140250606141444,
    "in_reply_to_user_id_str": "789140250606141444",
    "in_reply_to_screen_name": "Uberrats",
    "user": {
        "id": 270416438,
        "id_str": "270416438",
        "name": "Liarpoliticians",
        "screen_name": "liarpoliticians",
        "location": "Planet Earth.",
        "description": "A B'stard who hates lies+deception of politicians, and bastard Youtube abuse copyright to hide MPs crimes.\nhttps://t.co/BjdFl7QpVp",
        "url": "http://t.co/LzQ2HWCXXE",
        "entities": {
            "url": {
                "urls": [
                    {
                        "url": "http://t.co/LzQ2HWCXXE",
                        "expanded_url": "http://www.liarpoliticians.com",
                        "display_url": "liarpoliticians.com",
                        "indices": [
                            0,
                            22
                        ]
                    }
                ]
            },
            "description": {
                "urls": [
                    {
                        "url": "https://t.co/BjdFl7QpVp",
                        "expanded_url": "https://www.youtube.com/user/liarpoliticians2",
                        "display_url": "youtube.com/user/liarpolit\u2026",
                        "indices": [
                            107,
                            130
                        ]
                    }
                ]
            }
        },
        "protected": false,
        "followers_count": 15605,
        "friends_count": 204,
        "listed_count": 333,
        "created_at": "Tue Mar 22 15:43:14 +0000 2011",
        "favourites_count": 20631,
        "utc_offset": null,
        "time_zone": null,
        "geo_enabled": false,
        "verified": false,
        "statuses_count": 185927,
        "lang": "en",
        "contributors_enabled": false,
        "is_translator": false,
        "is_translation_enabled": false,
        "profile_background_color": "C0DEED",
        "profile_background_image_url": "http://abs.twimg.com/images/themes/theme1/bg.png",
        "profile_background_image_url_https": "https://abs.twimg.com/images/themes/theme1/bg.png",
        "profile_background_tile": true,
        "profile_image_url": "http://pbs.twimg.com/profile_images/1282825200/Alan_B_stard_normal.jpg",
        "profile_image_url_https": "https://pbs.twimg.com/profile_images/1282825200/Alan_B_stard_normal.jpg",
        "profile_banner_url": "https://pbs.twimg.com/profile_banners/270416438/1548492909",
        "profile_link_color": "1B95E0",
        "profile_sidebar_border_color": "000000",
        "profile_sidebar_fill_color": "DDEEF6",
        "profile_text_color": "333333",
        "profile_use_background_image": true,
        "has_extended_profile": false,
        "default_profile": false,
        "default_profile_image": false,
        "following": null,
        "follow_request_sent": null,
        "notifications": null,
        "translator_type": "none"
    },
    "geo": null,
    "coordinates": null,
    "place": null,
    "contributors": null,
    "is_quote_status": false,
    "retweet_count": 0,
    "favorite_count": 1,
    "favorited": false,
    "retweeted": false,
    "lang": "en"
}