{
    "created_at": "Mon Apr 15 17:01:28 +0000 2019",
    "id": 1117835342827196417,
    "id_str": "1117835342827196417",
    "text": "Uber\u2019s JUMP Bikes founder and Scoot\u2019s SVP of Product are talking bikes and scooters at TC Sessions: Mobility1: https://t.co/7C52ZOHN1S",
    "truncated": false,
    "entities": {
        "hashtags": [],
        "symbols": [],
        "user_mentions": [],
        "urls": [
            {
                "url": "https://t.co/7C52ZOHN1S",
                "expanded_url": "http://feedproxy.google.com/~r/Techcrunch/~3/BsxPhFe0s78/",
                "display_url": "feedproxy.google.com/~r/Techcrunch/\u2026",
                "indices": [
                    111,
                    134
                ]
            }
        ]
    },
    "metadata": {
        "iso_language_code": "en",
        "result_type": "recent"
    },
    "source": "<a href=\"http://www.powerapps.com\" rel=\"nofollow\">Microsoft PowerApps and Flow</a>",
    "in_reply_to_status_id": null,
    "in_reply_to_status_id_str": null,
    "in_reply_to_user_id": null,
    "in_reply_to_user_id_str": null,
    "in_reply_to_screen_name": null,
    "user": {
        "id": 38614775,
        "id_str": "38614775",
        "name": "Juan Iraola",
        "screen_name": "juaniraola",
        "location": "43.301279,-2.011885",
        "description": "Cuando un hombre no sabe hacia donde navega, ning\u00fan viento le es favorable. #transformacion #digital #app #marketingonline #cloud #industria4.0 #deporte #retail",
        "url": "https://t.co/PWpRxiZ8k4",
        "entities": {
            "url": {
                "urls": [
                    {
                        "url": "https://t.co/PWpRxiZ8k4",
                        "expanded_url": "https://juaniraola.wordpress.com/",
                        "display_url": "juaniraola.wordpress.com",
                        "indices": [
                            0,
                            23
                        ]
                    }
                ]
            },
            "description": {
                "urls": []
            }
        },
        "protected": false,
        "followers_count": 7102,
        "friends_count": 5747,
        "listed_count": 559,
        "created_at": "Fri May 08 05:35:26 +0000 2009",
        "favourites_count": 288,
        "utc_offset": null,
        "time_zone": null,
        "geo_enabled": true,
        "verified": false,
        "statuses_count": 73363,
        "lang": "en",
        "contributors_enabled": false,
        "is_translator": false,
        "is_translation_enabled": false,
        "profile_background_color": "9AE4E8",
        "profile_background_image_url": "http://abs.twimg.com/images/themes/theme16/bg.gif",
        "profile_background_image_url_https": "https://abs.twimg.com/images/themes/theme16/bg.gif",
        "profile_background_tile": false,
        "profile_image_url": "http://pbs.twimg.com/profile_images/440440227048337408/Kkd38LIZ_normal.jpeg",
        "profile_image_url_https": "https://pbs.twimg.com/profile_images/440440227048337408/Kkd38LIZ_normal.jpeg",
        "profile_banner_url": "https://pbs.twimg.com/profile_banners/38614775/1513533695",
        "profile_link_color": "1B95E0",
        "profile_sidebar_border_color": "BDDCAD",
        "profile_sidebar_fill_color": "DDFFCC",
        "profile_text_color": "333333",
        "profile_use_background_image": true,
        "has_extended_profile": true,
        "default_profile": false,
        "default_profile_image": false,
        "following": null,
        "follow_request_sent": null,
        "notifications": null,
        "translator_type": "none"
    },
    "geo": null,
    "coordinates": null,
    "place": null,
    "contributors": null,
    "is_quote_status": false,
    "retweet_count": 0,
    "favorite_count": 0,
    "favorited": false,
    "retweeted": false,
    "possibly_sensitive": false,
    "lang": "en"
}