{
    "created_at": "Mon Apr 15 10:42:26 +0000 2019",
    "id": 1117739956754108418,
    "id_str": "1117739956754108418",
    "text": "Pilot Program For Uber\u2019s JUMP Scooter Service Underway In\u00a0Baltimore https://t.co/UrDOSu01xN https://t.co/rZJbemJhQs",
    "truncated": false,
    "entities": {
        "hashtags": [],
        "symbols": [],
        "user_mentions": [],
        "urls": [
            {
                "url": "https://t.co/UrDOSu01xN",
                "expanded_url": "https://cbsloc.al/2UkkyDw",
                "display_url": "cbsloc.al/2UkkyDw",
                "indices": [
                    68,
                    91
                ]
            }
        ],
        "media": [
            {
                "id": 1117739955621593089,
                "id_str": "1117739955621593089",
                "indices": [
                    92,
                    115
                ],
                "media_url": "http://pbs.twimg.com/media/D4MCkU4WAAEkIjL.jpg",
                "media_url_https": "https://pbs.twimg.com/media/D4MCkU4WAAEkIjL.jpg",
                "url": "https://t.co/rZJbemJhQs",
                "display_url": "pic.twitter.com/rZJbemJhQs",
                "expanded_url": "https://twitter.com/wjz/status/1117739956754108418/photo/1",
                "type": "photo",
                "sizes": {
                    "thumb": {
                        "w": 150,
                        "h": 150,
                        "resize": "crop"
                    },
                    "small": {
                        "w": 680,
                        "h": 383,
                        "resize": "fit"
                    },
                    "medium": {
                        "w": 1024,
                        "h": 576,
                        "resize": "fit"
                    },
                    "large": {
                        "w": 1024,
                        "h": 576,
                        "resize": "fit"
                    }
                }
            }
        ]
    },
    "extended_entities": {
        "media": [
            {
                "id": 1117739955621593089,
                "id_str": "1117739955621593089",
                "indices": [
                    92,
                    115
                ],
                "media_url": "http://pbs.twimg.com/media/D4MCkU4WAAEkIjL.jpg",
                "media_url_https": "https://pbs.twimg.com/media/D4MCkU4WAAEkIjL.jpg",
                "url": "https://t.co/rZJbemJhQs",
                "display_url": "pic.twitter.com/rZJbemJhQs",
                "expanded_url": "https://twitter.com/wjz/status/1117739956754108418/photo/1",
                "type": "photo",
                "sizes": {
                    "thumb": {
                        "w": 150,
                        "h": 150,
                        "resize": "crop"
                    },
                    "small": {
                        "w": 680,
                        "h": 383,
                        "resize": "fit"
                    },
                    "medium": {
                        "w": 1024,
                        "h": 576,
                        "resize": "fit"
                    },
                    "large": {
                        "w": 1024,
                        "h": 576,
                        "resize": "fit"
                    }
                }
            }
        ]
    },
    "metadata": {
        "iso_language_code": "en",
        "result_type": "recent"
    },
    "source": "<a href=\"http://trueanthem.com/\" rel=\"nofollow\">trueAnthem</a>",
    "in_reply_to_status_id": null,
    "in_reply_to_status_id_str": null,
    "in_reply_to_user_id": null,
    "in_reply_to_user_id_str": null,
    "in_reply_to_screen_name": null,
    "user": {
        "id": 24920395,
        "id_str": "24920395",
        "name": "WJZ | CBS Baltimore",
        "screen_name": "wjz",
        "location": "Baltimore",
        "description": "The latest #Maryland news, weather, sports and traffic from #WJZ. News tips: 410-578-7568. E-mail: newsroom@wjz.com. Download our apps.",
        "url": "https://t.co/UfAKCVc9iI",
        "entities": {
            "url": {
                "urls": [
                    {
                        "url": "https://t.co/UfAKCVc9iI",
                        "expanded_url": "http://wjz.com",
                        "display_url": "wjz.com",
                        "indices": [
                            0,
                            23
                        ]
                    }
                ]
            },
            "description": {
                "urls": []
            }
        },
        "protected": false,
        "followers_count": 242270,
        "friends_count": 556,
        "listed_count": 1713,
        "created_at": "Tue Mar 17 17:48:44 +0000 2009",
        "favourites_count": 1222,
        "utc_offset": null,
        "time_zone": null,
        "geo_enabled": true,
        "verified": true,
        "statuses_count": 316478,
        "lang": "en",
        "contributors_enabled": false,
        "is_translator": false,
        "is_translation_enabled": false,
        "profile_background_color": "0099B9",
        "profile_background_image_url": "http://abs.twimg.com/images/themes/theme4/bg.gif",
        "profile_background_image_url_https": "https://abs.twimg.com/images/themes/theme4/bg.gif",
        "profile_background_tile": false,
        "profile_image_url": "http://pbs.twimg.com/profile_images/1082348049098256384/t4yl-n8S_normal.jpg",
        "profile_image_url_https": "https://pbs.twimg.com/profile_images/1082348049098256384/t4yl-n8S_normal.jpg",
        "profile_banner_url": "https://pbs.twimg.com/profile_banners/24920395/1554817479",
        "profile_link_color": "0099B9",
        "profile_sidebar_border_color": "FFFFFF",
        "profile_sidebar_fill_color": "95E8EC",
        "profile_text_color": "3C3940",
        "profile_use_background_image": true,
        "has_extended_profile": false,
        "default_profile": false,
        "default_profile_image": false,
        "following": null,
        "follow_request_sent": null,
        "notifications": null,
        "translator_type": "none"
    },
    "geo": null,
    "coordinates": null,
    "place": null,
    "contributors": null,
    "is_quote_status": false,
    "retweet_count": 2,
    "favorite_count": 0,
    "favorited": false,
    "retweeted": false,
    "possibly_sensitive": false,
    "lang": "en"
}