{
    "created_at": "Mon Apr 15 18:58:33 +0000 2019",
    "id": 1117864806512386048,
    "id_str": "1117864806512386048",
    "text": "Uber\u2019s JUMP Bikes founder and Scoot\u2019s SVP of Product are talking bikes and scooters at TC Sessions: Mobility\u2026 https://t.co/83RaeOSUPG",
    "truncated": true,
    "entities": {
        "hashtags": [],
        "symbols": [],
        "user_mentions": [],
        "urls": [
            {
                "url": "https://t.co/83RaeOSUPG",
                "expanded_url": "https://twitter.com/i/web/status/1117864806512386048",
                "display_url": "twitter.com/i/web/status/1\u2026",
                "indices": [
                    110,
                    133
                ]
            }
        ]
    },
    "metadata": {
        "iso_language_code": "en",
        "result_type": "recent"
    },
    "source": "<a href=\"https://dlvrit.com/\" rel=\"nofollow\">dlvr.it</a>",
    "in_reply_to_status_id": null,
    "in_reply_to_status_id_str": null,
    "in_reply_to_user_id": null,
    "in_reply_to_user_id_str": null,
    "in_reply_to_screen_name": null,
    "user": {
        "id": 804391745094057985,
        "id_str": "804391745094057985",
        "name": "APX3D",
        "screen_name": "APX3D_Printing",
        "location": "Atlanta, GA",
        "description": "APX3D",
        "url": "https://t.co/WarB25om56",
        "entities": {
            "url": {
                "urls": [
                    {
                        "url": "https://t.co/WarB25om56",
                        "expanded_url": "http://www.apx3d.com",
                        "display_url": "apx3d.com",
                        "indices": [
                            0,
                            23
                        ]
                    }
                ]
            },
            "description": {
                "urls": []
            }
        },
        "protected": false,
        "followers_count": 27,
        "friends_count": 51,
        "listed_count": 7,
        "created_at": "Thu Dec 01 18:28:31 +0000 2016",
        "favourites_count": 0,
        "utc_offset": null,
        "time_zone": null,
        "geo_enabled": false,
        "verified": false,
        "statuses_count": 14414,
        "lang": "en",
        "contributors_enabled": false,
        "is_translator": false,
        "is_translation_enabled": false,
        "profile_background_color": "F5F8FA",
        "profile_background_image_url": null,
        "profile_background_image_url_https": null,
        "profile_background_tile": false,
        "profile_image_url": "http://pbs.twimg.com/profile_images/809862792601890817/7b0FSIZN_normal.jpg",
        "profile_image_url_https": "https://pbs.twimg.com/profile_images/809862792601890817/7b0FSIZN_normal.jpg",
        "profile_banner_url": "https://pbs.twimg.com/profile_banners/804391745094057985/1482094662",
        "profile_link_color": "1DA1F2",
        "profile_sidebar_border_color": "C0DEED",
        "profile_sidebar_fill_color": "DDEEF6",
        "profile_text_color": "333333",
        "profile_use_background_image": true,
        "has_extended_profile": false,
        "default_profile": true,
        "default_profile_image": false,
        "following": null,
        "follow_request_sent": null,
        "notifications": null,
        "translator_type": "none"
    },
    "geo": null,
    "coordinates": null,
    "place": null,
    "contributors": null,
    "is_quote_status": false,
    "retweet_count": 0,
    "favorite_count": 0,
    "favorited": false,
    "retweeted": false,
    "possibly_sensitive": false,
    "lang": "en"
}