{
    "created_at": "Mon Apr 15 01:44:54 +0000 2019",
    "id": 1117604679272161280,
    "id_str": "1117604679272161280",
    "text": "@thecliffbar @Uber @lyft @chariot @jump_rides I\u2019m thinking that we get the @ourbikes team to have everyone take tur\u2026 https://t.co/J864FcXYNg",
    "truncated": true,
    "entities": {
        "hashtags": [],
        "symbols": [],
        "user_mentions": [
            {
                "screen_name": "thecliffbar",
                "name": "Cliff Bargar",
                "id": 255340704,
                "id_str": "255340704",
                "indices": [
                    0,
                    12
                ]
            },
            {
                "screen_name": "Uber",
                "name": "Uber",
                "id": 19103481,
                "id_str": "19103481",
                "indices": [
                    13,
                    18
                ]
            },
            {
                "screen_name": "lyft",
                "name": "Lyft",
                "id": 569569550,
                "id_str": "569569550",
                "indices": [
                    19,
                    24
                ]
            },
            {
                "screen_name": "chariot",
                "name": "Chariot",
                "id": 2330867624,
                "id_str": "2330867624",
                "indices": [
                    25,
                    33
                ]
            },
            {
                "screen_name": "jump_rides",
                "name": "JUMP",
                "id": 868126911817502721,
                "id_str": "868126911817502721",
                "indices": [
                    34,
                    45
                ]
            },
            {
                "screen_name": "ourbikes",
                "name": "Our Bikes \u26a1",
                "id": 1027629454699294721,
                "id_str": "1027629454699294721",
                "indices": [
                    75,
                    84
                ]
            }
        ],
        "urls": [
            {
                "url": "https://t.co/J864FcXYNg",
                "expanded_url": "https://twitter.com/i/web/status/1117604679272161280",
                "display_url": "twitter.com/i/web/status/1\u2026",
                "indices": [
                    117,
                    140
                ]
            }
        ]
    },
    "metadata": {
        "iso_language_code": "en",
        "result_type": "recent"
    },
    "source": "<a href=\"http://twitter.com/download/iphone\" rel=\"nofollow\">Twitter for iPhone</a>",
    "in_reply_to_status_id": 1117603078444933120,
    "in_reply_to_status_id_str": "1117603078444933120",
    "in_reply_to_user_id": 255340704,
    "in_reply_to_user_id_str": "255340704",
    "in_reply_to_screen_name": "thecliffbar",
    "user": {
        "id": 807734012311502849,
        "id_str": "807734012311502849",
        "name": "DrivingMzStacey\ud83d\udeb4\ud83c\udffc\u200d\u2640\ufe0f\ud83d\udef4\ud83d\ude86\ud83c\udfce",
        "screen_name": "drivingmzstacey",
        "location": "San Francisco, CA",
        "description": "\ud83d\udeb4\ud83c\udffc\u200d\u2640\ufe0f\ud83d\udef4\ud83d\ude8a\u26f4\ud83d\udef5\ud83c\udfce \ud83d\ude98\u2708\ufe0f\ud83d\ude81\ud83d\ude8d Optimized mobility of people, goods & energy.  Go lighter, safer. @flyingcarshow on @KGO810 Saturdays 9-10am PST https://t.co/Tf7nGCyqWe",
        "url": "https://t.co/QblcTSQbXX",
        "entities": {
            "url": {
                "urls": [
                    {
                        "url": "https://t.co/QblcTSQbXX",
                        "expanded_url": "http://drivingmzstacey.com",
                        "display_url": "drivingmzstacey.com",
                        "indices": [
                            0,
                            23
                        ]
                    }
                ]
            },
            "description": {
                "urls": [
                    {
                        "url": "https://t.co/Tf7nGCyqWe",
                        "expanded_url": "http://bit.ly/FCS-KGO",
                        "display_url": "bit.ly/FCS-KGO",
                        "indices": [
                            130,
                            153
                        ]
                    }
                ]
            }
        },
        "protected": false,
        "followers_count": 1520,
        "friends_count": 932,
        "listed_count": 37,
        "created_at": "Sat Dec 10 23:49:30 +0000 2016",
        "favourites_count": 20947,
        "utc_offset": null,
        "time_zone": null,
        "geo_enabled": true,
        "verified": false,
        "statuses_count": 12136,
        "lang": "en",
        "contributors_enabled": false,
        "is_translator": false,
        "is_translation_enabled": false,
        "profile_background_color": "000000",
        "profile_background_image_url": "http://abs.twimg.com/images/themes/theme1/bg.png",
        "profile_background_image_url_https": "https://abs.twimg.com/images/themes/theme1/bg.png",
        "profile_background_tile": false,
        "profile_image_url": "http://pbs.twimg.com/profile_images/807741123334533120/tYp84ZBA_normal.jpg",
        "profile_image_url_https": "https://pbs.twimg.com/profile_images/807741123334533120/tYp84ZBA_normal.jpg",
        "profile_banner_url": "https://pbs.twimg.com/profile_banners/807734012311502849/1543896593",
        "profile_link_color": "262E4B",
        "profile_sidebar_border_color": "000000",
        "profile_sidebar_fill_color": "000000",
        "profile_text_color": "000000",
        "profile_use_background_image": false,
        "has_extended_profile": true,
        "default_profile": false,
        "default_profile_image": false,
        "following": null,
        "follow_request_sent": null,
        "notifications": null,
        "translator_type": "none"
    },
    "geo": null,
    "coordinates": null,
    "place": {
        "id": "5a110d312052166f",
        "url": "https://api.twitter.com/1.1/geo/id/5a110d312052166f.json",
        "place_type": "city",
        "name": "San Francisco",
        "full_name": "San Francisco, CA",
        "country_code": "US",
        "country": "United States",
        "contained_within": [],
        "bounding_box": {
            "type": "Polygon",
            "coordinates": [
                [
                    [
                        -122.514926,
                        37.708075
                    ],
                    [
                        -122.357031,
                        37.708075
                    ],
                    [
                        -122.357031,
                        37.833238
                    ],
                    [
                        -122.514926,
                        37.833238
                    ]
                ]
            ]
        },
        "attributes": {}
    },
    "contributors": null,
    "is_quote_status": false,
    "retweet_count": 0,
    "favorite_count": 0,
    "favorited": false,
    "retweeted": false,
    "lang": "en"
}