{
    "created_at": "Mon Apr 15 14:38:12 +0000 2019",
    "id": 1117799288015290368,
    "id_str": "1117799288015290368",
    "text": "@lcc_licensing What was the advice ? Was it jump on uber cos the council are killing the hackney trade in the city ?",
    "truncated": false,
    "entities": {
        "hashtags": [],
        "symbols": [],
        "user_mentions": [
            {
                "screen_name": "lcc_licensing",
                "name": "LCC LICENSING",
                "id": 760836109190492160,
                "id_str": "760836109190492160",
                "indices": [
                    0,
                    14
                ]
            }
        ],
        "urls": []
    },
    "metadata": {
        "iso_language_code": "en",
        "result_type": "recent"
    },
    "source": "<a href=\"https://mobile.twitter.com\" rel=\"nofollow\">Twitter Web App</a>",
    "in_reply_to_status_id": 1117788397676974081,
    "in_reply_to_status_id_str": "1117788397676974081",
    "in_reply_to_user_id": 760836109190492160,
    "in_reply_to_user_id_str": "760836109190492160",
    "in_reply_to_screen_name": "lcc_licensing",
    "user": {
        "id": 585537287,
        "id_str": "585537287",
        "name": "Ed Butt",
        "screen_name": "TomStock1",
        "location": "",
        "description": "I can tell people are judgmental just by looking at them.",
        "url": null,
        "entities": {
            "description": {
                "urls": []
            }
        },
        "protected": false,
        "followers_count": 220,
        "friends_count": 205,
        "listed_count": 4,
        "created_at": "Sun May 20 10:00:38 +0000 2012",
        "favourites_count": 129,
        "utc_offset": null,
        "time_zone": null,
        "geo_enabled": true,
        "verified": false,
        "statuses_count": 717,
        "lang": "en",
        "contributors_enabled": false,
        "is_translator": false,
        "is_translation_enabled": false,
        "profile_background_color": "C0DEED",
        "profile_background_image_url": "http://abs.twimg.com/images/themes/theme1/bg.png",
        "profile_background_image_url_https": "https://abs.twimg.com/images/themes/theme1/bg.png",
        "profile_background_tile": false,
        "profile_image_url": "http://pbs.twimg.com/profile_images/3733461387/98ef2292ed6bbb455b9a068a0712242c_normal.jpeg",
        "profile_image_url_https": "https://pbs.twimg.com/profile_images/3733461387/98ef2292ed6bbb455b9a068a0712242c_normal.jpeg",
        "profile_banner_url": "https://pbs.twimg.com/profile_banners/585537287/1421527643",
        "profile_link_color": "1DA1F2",
        "profile_sidebar_border_color": "C0DEED",
        "profile_sidebar_fill_color": "DDEEF6",
        "profile_text_color": "333333",
        "profile_use_background_image": true,
        "has_extended_profile": false,
        "default_profile": true,
        "default_profile_image": false,
        "following": null,
        "follow_request_sent": null,
        "notifications": null,
        "translator_type": "none"
    },
    "geo": null,
    "coordinates": null,
    "place": null,
    "contributors": null,
    "is_quote_status": false,
    "retweet_count": 0,
    "favorite_count": 1,
    "favorited": false,
    "retweeted": false,
    "lang": "en"
}