{
    "created_at": "Mon Apr 15 17:10:13 +0000 2019",
    "id": 1117837544115331072,
    "id_str": "1117837544115331072",
    "text": "Uber\u2019s JUMP Bikes founder and Scoot\u2019s SVP of Product are talking bikes and scooters at TC Sessions: Mobility https://t.co/HAQAJWPKJG",
    "truncated": false,
    "entities": {
        "hashtags": [],
        "symbols": [],
        "user_mentions": [],
        "urls": [
            {
                "url": "https://t.co/HAQAJWPKJG",
                "expanded_url": "https://tcrn.ch/2Gekf8r",
                "display_url": "tcrn.ch/2Gekf8r",
                "indices": [
                    109,
                    132
                ]
            }
        ]
    },
    "metadata": {
        "iso_language_code": "en",
        "result_type": "recent"
    },
    "source": "<a href=\"https://ifttt.com\" rel=\"nofollow\">IFTTT</a>",
    "in_reply_to_status_id": null,
    "in_reply_to_status_id_str": null,
    "in_reply_to_user_id": null,
    "in_reply_to_user_id_str": null,
    "in_reply_to_screen_name": null,
    "user": {
        "id": 111348610,
        "id_str": "111348610",
        "name": "Alejandro Serra",
        "screen_name": "a_somao",
        "location": "25.841027,-80.316406",
        "description": "Entrepreneur / owner of @panzerino_",
        "url": "https://t.co/6YKCcplC5T",
        "entities": {
            "url": {
                "urls": [
                    {
                        "url": "https://t.co/6YKCcplC5T",
                        "expanded_url": "http://panzerino.com",
                        "display_url": "panzerino.com",
                        "indices": [
                            0,
                            23
                        ]
                    }
                ]
            },
            "description": {
                "urls": []
            }
        },
        "protected": false,
        "followers_count": 400,
        "friends_count": 255,
        "listed_count": 6,
        "created_at": "Thu Feb 04 16:19:05 +0000 2010",
        "favourites_count": 281,
        "utc_offset": null,
        "time_zone": null,
        "geo_enabled": true,
        "verified": false,
        "statuses_count": 15573,
        "lang": "en",
        "contributors_enabled": false,
        "is_translator": false,
        "is_translation_enabled": false,
        "profile_background_color": "022330",
        "profile_background_image_url": "http://abs.twimg.com/images/themes/theme15/bg.png",
        "profile_background_image_url_https": "https://abs.twimg.com/images/themes/theme15/bg.png",
        "profile_background_tile": true,
        "profile_image_url": "http://pbs.twimg.com/profile_images/1077874120954654722/EkMNXlkh_normal.jpg",
        "profile_image_url_https": "https://pbs.twimg.com/profile_images/1077874120954654722/EkMNXlkh_normal.jpg",
        "profile_banner_url": "https://pbs.twimg.com/profile_banners/111348610/1426811124",
        "profile_link_color": "0084B4",
        "profile_sidebar_border_color": "FFFFFF",
        "profile_sidebar_fill_color": "000000",
        "profile_text_color": "000000",
        "profile_use_background_image": true,
        "has_extended_profile": false,
        "default_profile": false,
        "default_profile_image": false,
        "following": null,
        "follow_request_sent": null,
        "notifications": null,
        "translator_type": "none"
    },
    "geo": null,
    "coordinates": null,
    "place": null,
    "contributors": null,
    "is_quote_status": false,
    "retweet_count": 0,
    "favorite_count": 0,
    "favorited": false,
    "retweeted": false,
    "possibly_sensitive": false,
    "lang": "en"
}