{
    "created_at": "Mon Apr 15 08:55:52 +0000 2019",
    "id": 1117713134826020869,
    "id_str": "1117713134826020869",
    "text": "#TransfoNum \u23e9 #UBER soci\u00e9t\u00e9 de #transport a dix ans. Voir les dix chiffres fous de cette entreprise. Ex : 457 milli\u2026 https://t.co/BYBETArCOd",
    "truncated": true,
    "entities": {
        "hashtags": [
            {
                "text": "TransfoNum",
                "indices": [
                    0,
                    11
                ]
            },
            {
                "text": "UBER",
                "indices": [
                    14,
                    19
                ]
            },
            {
                "text": "transport",
                "indices": [
                    31,
                    41
                ]
            }
        ],
        "symbols": [],
        "user_mentions": [],
        "urls": [
            {
                "url": "https://t.co/BYBETArCOd",
                "expanded_url": "https://twitter.com/i/web/status/1117713134826020869",
                "display_url": "twitter.com/i/web/status/1\u2026",
                "indices": [
                    117,
                    140
                ]
            }
        ]
    },
    "metadata": {
        "iso_language_code": "fr",
        "result_type": "recent"
    },
    "source": "<a href=\"http://twitter.com/#!/download/ipad\" rel=\"nofollow\">Twitter for iPad</a>",
    "in_reply_to_status_id": null,
    "in_reply_to_status_id_str": null,
    "in_reply_to_user_id": null,
    "in_reply_to_user_id_str": null,
    "in_reply_to_screen_name": null,
    "user": {
        "id": 1452346028,
        "id_str": "1452346028",
        "name": "DIGITALY",
        "screen_name": "Digitaly_FR",
        "location": "Nantes, Pays de la Loire ",
        "description": "#Startup partenaire de #PME #TransfoNum & #mixit\u00e9 | Fondatrice @SandrineSCC Associ\u00e9e @DominiqueCrochu | #innovation #digital #Frenchtech #Diversit\u00e9 #Mixitech",
        "url": "https://t.co/92V6oo3PQu",
        "entities": {
            "url": {
                "urls": [
                    {
                        "url": "https://t.co/92V6oo3PQu",
                        "expanded_url": "http://digitaly-france.com",
                        "display_url": "digitaly-france.com",
                        "indices": [
                            0,
                            23
                        ]
                    }
                ]
            },
            "description": {
                "urls": []
            }
        },
        "protected": false,
        "followers_count": 3268,
        "friends_count": 1228,
        "listed_count": 612,
        "created_at": "Thu May 23 19:34:07 +0000 2013",
        "favourites_count": 1252,
        "utc_offset": null,
        "time_zone": null,
        "geo_enabled": true,
        "verified": false,
        "statuses_count": 7495,
        "lang": "fr",
        "contributors_enabled": false,
        "is_translator": false,
        "is_translation_enabled": false,
        "profile_background_color": "ABB8C2",
        "profile_background_image_url": "http://abs.twimg.com/images/themes/theme1/bg.png",
        "profile_background_image_url_https": "https://abs.twimg.com/images/themes/theme1/bg.png",
        "profile_background_tile": true,
        "profile_image_url": "http://pbs.twimg.com/profile_images/723848807717462016/427uEiZ3_normal.jpg",
        "profile_image_url_https": "https://pbs.twimg.com/profile_images/723848807717462016/427uEiZ3_normal.jpg",
        "profile_banner_url": "https://pbs.twimg.com/profile_banners/1452346028/1520747644",
        "profile_link_color": "3CA1B5",
        "profile_sidebar_border_color": "FFFFFF",
        "profile_sidebar_fill_color": "E792B3",
        "profile_text_color": "FBB3C2",
        "profile_use_background_image": true,
        "has_extended_profile": false,
        "default_profile": false,
        "default_profile_image": false,
        "following": null,
        "follow_request_sent": null,
        "notifications": null,
        "translator_type": "none"
    },
    "geo": null,
    "coordinates": null,
    "place": null,
    "contributors": null,
    "is_quote_status": false,
    "retweet_count": 4,
    "favorite_count": 0,
    "favorited": false,
    "retweeted": false,
    "possibly_sensitive": false,
    "lang": "fr"
}