{
    "created_at": "Mon Apr 15 17:50:56 +0000 2019",
    "id": 1117847792100106240,
    "id_str": "1117847792100106240",
    "text": "Uber\u2019s JUMP Bikes founder and Scoot\u2019s SVP of Product are talking bikes and scooters at TC Sessions: Mobility \u2013\u00a0Tech\u2026 https://t.co/HyZZ6Hdec9",
    "truncated": true,
    "entities": {
        "hashtags": [],
        "symbols": [],
        "user_mentions": [],
        "urls": [
            {
                "url": "https://t.co/HyZZ6Hdec9",
                "expanded_url": "https://twitter.com/i/web/status/1117847792100106240",
                "display_url": "twitter.com/i/web/status/1\u2026",
                "indices": [
                    117,
                    140
                ]
            }
        ]
    },
    "metadata": {
        "iso_language_code": "en",
        "result_type": "recent"
    },
    "source": "<a href=\"http://publicize.wp.com/\" rel=\"nofollow\">WordPress.com</a>",
    "in_reply_to_status_id": null,
    "in_reply_to_status_id_str": null,
    "in_reply_to_user_id": null,
    "in_reply_to_user_id_str": null,
    "in_reply_to_screen_name": null,
    "user": {
        "id": 14989736,
        "id_str": "14989736",
        "name": "Anith Gopal",
        "screen_name": "anith",
        "location": "Doha, Qatar",
        "description": "IT Consultant at @kataraqatar, IT Manager, CISO & Infrastructure and Information Security Professional. Rocking life with @SiniAnith from #Doha #Qatar",
        "url": "https://t.co/CvvEc9vSBx",
        "entities": {
            "url": {
                "urls": [
                    {
                        "url": "https://t.co/CvvEc9vSBx",
                        "expanded_url": "http://www.anith.com",
                        "display_url": "anith.com",
                        "indices": [
                            0,
                            23
                        ]
                    }
                ]
            },
            "description": {
                "urls": []
            }
        },
        "protected": false,
        "followers_count": 6564,
        "friends_count": 555,
        "listed_count": 11,
        "created_at": "Tue Jun 03 05:41:09 +0000 2008",
        "favourites_count": 32,
        "utc_offset": null,
        "time_zone": null,
        "geo_enabled": true,
        "verified": false,
        "statuses_count": 112357,
        "lang": "en",
        "contributors_enabled": false,
        "is_translator": false,
        "is_translation_enabled": false,
        "profile_background_color": "000000",
        "profile_background_image_url": "http://abs.twimg.com/images/themes/theme12/bg.gif",
        "profile_background_image_url_https": "https://abs.twimg.com/images/themes/theme12/bg.gif",
        "profile_background_tile": false,
        "profile_image_url": "http://pbs.twimg.com/profile_images/1002125387986587648/u8zHlmbF_normal.jpg",
        "profile_image_url_https": "https://pbs.twimg.com/profile_images/1002125387986587648/u8zHlmbF_normal.jpg",
        "profile_banner_url": "https://pbs.twimg.com/profile_banners/14989736/1511771708",
        "profile_link_color": "8D1B3D",
        "profile_sidebar_border_color": "FFDB28",
        "profile_sidebar_fill_color": "17A8F0",
        "profile_text_color": "7B4800",
        "profile_use_background_image": true,
        "has_extended_profile": true,
        "default_profile": false,
        "default_profile_image": false,
        "following": null,
        "follow_request_sent": null,
        "notifications": null,
        "translator_type": "none"
    },
    "geo": null,
    "coordinates": null,
    "place": null,
    "contributors": null,
    "is_quote_status": false,
    "retweet_count": 0,
    "favorite_count": 0,
    "favorited": false,
    "retweeted": false,
    "possibly_sensitive": false,
    "lang": "en"
}