{
    "created_at": "Mon Apr 15 17:10:24 +0000 2019",
    "id": 1117837589875085313,
    "id_str": "1117837589875085313",
    "text": "Uber\u2019s JUMP Bikes founder and Scoot\u2019s SVP of Product are talking bikes and scooters at TC Sessions: Mobility \u2013\u00a0Tech\u2026 https://t.co/L6kt9munVZ",
    "truncated": true,
    "entities": {
        "hashtags": [],
        "symbols": [],
        "user_mentions": [],
        "urls": [
            {
                "url": "https://t.co/L6kt9munVZ",
                "expanded_url": "https://twitter.com/i/web/status/1117837589875085313",
                "display_url": "twitter.com/i/web/status/1\u2026",
                "indices": [
                    117,
                    140
                ]
            }
        ]
    },
    "metadata": {
        "iso_language_code": "en",
        "result_type": "recent"
    },
    "source": "<a href=\"http://publicize.wp.com/\" rel=\"nofollow\">WordPress.com</a>",
    "in_reply_to_status_id": null,
    "in_reply_to_status_id_str": null,
    "in_reply_to_user_id": null,
    "in_reply_to_user_id_str": null,
    "in_reply_to_screen_name": null,
    "user": {
        "id": 916638610845290497,
        "id_str": "916638610845290497",
        "name": "bintroo",
        "screen_name": "bintroo",
        "location": "Pakistan",
        "description": "",
        "url": "https://t.co/0Ph5J2B3CS",
        "entities": {
            "url": {
                "urls": [
                    {
                        "url": "https://t.co/0Ph5J2B3CS",
                        "expanded_url": "http://www.bintroo.com",
                        "display_url": "bintroo.com",
                        "indices": [
                            0,
                            23
                        ]
                    }
                ]
            },
            "description": {
                "urls": []
            }
        },
        "protected": false,
        "followers_count": 84,
        "friends_count": 3,
        "listed_count": 2,
        "created_at": "Sat Oct 07 12:17:29 +0000 2017",
        "favourites_count": 2,
        "utc_offset": null,
        "time_zone": null,
        "geo_enabled": false,
        "verified": false,
        "statuses_count": 51636,
        "lang": "en",
        "contributors_enabled": false,
        "is_translator": false,
        "is_translation_enabled": false,
        "profile_background_color": "F5F8FA",
        "profile_background_image_url": null,
        "profile_background_image_url_https": null,
        "profile_background_tile": false,
        "profile_image_url": "http://pbs.twimg.com/profile_images/1113338594654130176/Nbp7R1Ld_normal.png",
        "profile_image_url_https": "https://pbs.twimg.com/profile_images/1113338594654130176/Nbp7R1Ld_normal.png",
        "profile_banner_url": "https://pbs.twimg.com/profile_banners/916638610845290497/1554275599",
        "profile_link_color": "1DA1F2",
        "profile_sidebar_border_color": "C0DEED",
        "profile_sidebar_fill_color": "DDEEF6",
        "profile_text_color": "333333",
        "profile_use_background_image": true,
        "has_extended_profile": false,
        "default_profile": true,
        "default_profile_image": false,
        "following": null,
        "follow_request_sent": null,
        "notifications": null,
        "translator_type": "none"
    },
    "geo": null,
    "coordinates": null,
    "place": null,
    "contributors": null,
    "is_quote_status": false,
    "retweet_count": 0,
    "favorite_count": 0,
    "favorited": false,
    "retweeted": false,
    "possibly_sensitive": false,
    "lang": "en"
}