{
    "created_at": "Mon Apr 15 03:05:36 +0000 2019",
    "id": 1117624990533206016,
    "id_str": "1117624990533206016",
    "text": "@Uber If you're concerned about safety, maybe fine or throw off the app people who leave Jump Bikes in the middle o\u2026 https://t.co/ViGbVzPhZi",
    "truncated": true,
    "entities": {
        "hashtags": [],
        "symbols": [],
        "user_mentions": [
            {
                "screen_name": "Uber",
                "name": "Uber",
                "id": 19103481,
                "id_str": "19103481",
                "indices": [
                    0,
                    5
                ]
            }
        ],
        "urls": [
            {
                "url": "https://t.co/ViGbVzPhZi",
                "expanded_url": "https://twitter.com/i/web/status/1117624990533206016",
                "display_url": "twitter.com/i/web/status/1\u2026",
                "indices": [
                    117,
                    140
                ]
            }
        ]
    },
    "metadata": {
        "iso_language_code": "en",
        "result_type": "recent"
    },
    "source": "<a href=\"http://twitter.com/download/android\" rel=\"nofollow\">Twitter for Android</a>",
    "in_reply_to_status_id": 1113579654898565120,
    "in_reply_to_status_id_str": "1113579654898565120",
    "in_reply_to_user_id": 19103481,
    "in_reply_to_user_id_str": "19103481",
    "in_reply_to_screen_name": "Uber",
    "user": {
        "id": 1413911040,
        "id_str": "1413911040",
        "name": "Nick Gorton MD\ud83c\udff3\ufe0f\u200d\ud83c\udf08\ud83e\udd84",
        "screen_name": "RNickGorton",
        "location": "",
        "description": "Proud member of the #AltLeft & a CDC banned word. Transgender health care provider, educator, & sometimes agitator. Satanic Temple member. All opinions my own.",
        "url": null,
        "entities": {
            "description": {
                "urls": []
            }
        },
        "protected": false,
        "followers_count": 1203,
        "friends_count": 954,
        "listed_count": 14,
        "created_at": "Wed May 08 21:59:41 +0000 2013",
        "favourites_count": 59826,
        "utc_offset": null,
        "time_zone": null,
        "geo_enabled": true,
        "verified": false,
        "statuses_count": 13572,
        "lang": "en",
        "contributors_enabled": false,
        "is_translator": false,
        "is_translation_enabled": false,
        "profile_background_color": "000000",
        "profile_background_image_url": "http://abs.twimg.com/images/themes/theme1/bg.png",
        "profile_background_image_url_https": "https://abs.twimg.com/images/themes/theme1/bg.png",
        "profile_background_tile": false,
        "profile_image_url": "http://pbs.twimg.com/profile_images/1005541664033656832/yRxiLgNF_normal.jpg",
        "profile_image_url_https": "https://pbs.twimg.com/profile_images/1005541664033656832/yRxiLgNF_normal.jpg",
        "profile_banner_url": "https://pbs.twimg.com/profile_banners/1413911040/1502838804",
        "profile_link_color": "981CEB",
        "profile_sidebar_border_color": "000000",
        "profile_sidebar_fill_color": "000000",
        "profile_text_color": "000000",
        "profile_use_background_image": false,
        "has_extended_profile": true,
        "default_profile": false,
        "default_profile_image": false,
        "following": null,
        "follow_request_sent": null,
        "notifications": null,
        "translator_type": "none"
    },
    "geo": null,
    "coordinates": null,
    "place": null,
    "contributors": null,
    "is_quote_status": false,
    "retweet_count": 0,
    "favorite_count": 0,
    "favorited": false,
    "retweeted": false,
    "possibly_sensitive": false,
    "lang": "en"
}