{
    "created_at": "Mon Apr 15 18:30:41 +0000 2019",
    "id": 1117857795238289409,
    "id_str": "1117857795238289409",
    "text": "So I had a year membership with @jump_rides and $13 in credit accrued from dropping off at charging hubs along the\u2026 https://t.co/v9S0StbSNf",
    "truncated": true,
    "entities": {
        "hashtags": [],
        "symbols": [],
        "user_mentions": [
            {
                "screen_name": "jump_rides",
                "name": "JUMP",
                "id": 868126911817502721,
                "id_str": "868126911817502721",
                "indices": [
                    32,
                    43
                ]
            }
        ],
        "urls": [
            {
                "url": "https://t.co/v9S0StbSNf",
                "expanded_url": "https://twitter.com/i/web/status/1117857795238289409",
                "display_url": "twitter.com/i/web/status/1\u2026",
                "indices": [
                    116,
                    139
                ]
            }
        ]
    },
    "metadata": {
        "iso_language_code": "en",
        "result_type": "recent"
    },
    "source": "<a href=\"https://mobile.twitter.com\" rel=\"nofollow\">Twitter Web App</a>",
    "in_reply_to_status_id": null,
    "in_reply_to_status_id_str": null,
    "in_reply_to_user_id": null,
    "in_reply_to_user_id_str": null,
    "in_reply_to_screen_name": null,
    "user": {
        "id": 25898397,
        "id_str": "25898397",
        "name": "Trevor P. Stewart",
        "screen_name": "Tpstewart8",
        "location": "Davis, CA",
        "description": "Senior Writer @ucdavis. Fantasy Football Writer for @SportsTalkLine Network. Views are my own.",
        "url": "https://t.co/u9j56ydJd0",
        "entities": {
            "url": {
                "urls": [
                    {
                        "url": "https://t.co/u9j56ydJd0",
                        "expanded_url": "http://profootballtalkline.com/author/trevorstewart/",
                        "display_url": "profootballtalkline.com/author/trevors\u2026",
                        "indices": [
                            0,
                            23
                        ]
                    }
                ]
            },
            "description": {
                "urls": []
            }
        },
        "protected": false,
        "followers_count": 147,
        "friends_count": 226,
        "listed_count": 7,
        "created_at": "Sun Mar 22 22:50:13 +0000 2009",
        "favourites_count": 2929,
        "utc_offset": null,
        "time_zone": null,
        "geo_enabled": true,
        "verified": false,
        "statuses_count": 3067,
        "lang": "en",
        "contributors_enabled": false,
        "is_translator": false,
        "is_translation_enabled": false,
        "profile_background_color": "9AE4E8",
        "profile_background_image_url": "http://abs.twimg.com/images/themes/theme1/bg.png",
        "profile_background_image_url_https": "https://abs.twimg.com/images/themes/theme1/bg.png",
        "profile_background_tile": true,
        "profile_image_url": "http://pbs.twimg.com/profile_images/480609539947917312/8wD_kjVj_normal.jpeg",
        "profile_image_url_https": "https://pbs.twimg.com/profile_images/480609539947917312/8wD_kjVj_normal.jpeg",
        "profile_link_color": "1B95E0",
        "profile_sidebar_border_color": "BDDCAD",
        "profile_sidebar_fill_color": "DDFFCC",
        "profile_text_color": "333333",
        "profile_use_background_image": true,
        "has_extended_profile": false,
        "default_profile": false,
        "default_profile_image": false,
        "following": null,
        "follow_request_sent": null,
        "notifications": null,
        "translator_type": "none"
    },
    "geo": null,
    "coordinates": null,
    "place": null,
    "contributors": null,
    "is_quote_status": false,
    "retweet_count": 0,
    "favorite_count": 0,
    "favorited": false,
    "retweeted": false,
    "lang": "en"
}