{
    "created_at": "Mon Apr 15 12:00:00 +0000 2019",
    "id": 1117759477187399681,
    "id_str": "1117759477187399681",
    "text": "@Uber @jump_rides deploys dockless #electricscooters in the area joining the scooterpalooza in #WashingtonDC\nhttps://t.co/dNbhfK275w\n@WTOP",
    "truncated": false,
    "entities": {
        "hashtags": [
            {
                "text": "electricscooters",
                "indices": [
                    35,
                    52
                ]
            },
            {
                "text": "WashingtonDC",
                "indices": [
                    95,
                    108
                ]
            }
        ],
        "symbols": [],
        "user_mentions": [
            {
                "screen_name": "Uber",
                "name": "Uber",
                "id": 19103481,
                "id_str": "19103481",
                "indices": [
                    0,
                    5
                ]
            },
            {
                "screen_name": "jump_rides",
                "name": "JUMP",
                "id": 868126911817502721,
                "id_str": "868126911817502721",
                "indices": [
                    6,
                    17
                ]
            },
            {
                "screen_name": "WTOP",
                "name": "WTOP",
                "id": 17906632,
                "id_str": "17906632",
                "indices": [
                    133,
                    138
                ]
            }
        ],
        "urls": [
            {
                "url": "https://t.co/dNbhfK275w",
                "expanded_url": "https://bit.ly/2IeezP4",
                "display_url": "bit.ly/2IeezP4",
                "indices": [
                    109,
                    132
                ]
            }
        ]
    },
    "metadata": {
        "iso_language_code": "en",
        "result_type": "recent"
    },
    "source": "<a href=\"https://about.twitter.com/products/tweetdeck\" rel=\"nofollow\">TweetDeck</a>",
    "in_reply_to_status_id": null,
    "in_reply_to_status_id_str": null,
    "in_reply_to_user_id": 19103481,
    "in_reply_to_user_id_str": "19103481",
    "in_reply_to_screen_name": "Uber",
    "user": {
        "id": 3880337056,
        "id_str": "3880337056",
        "name": "Northern Virginia's Transportation Authority",
        "screen_name": "NVTAuthority",
        "location": "Fairfax, VA",
        "description": "The NVTA is focused on delivering real transportation solutions & value for NoVa by bringing the region together to prioritize projects & implement solutions.",
        "url": "https://t.co/29HzfRarWb",
        "entities": {
            "url": {
                "urls": [
                    {
                        "url": "https://t.co/29HzfRarWb",
                        "expanded_url": "http://www.TheNoVaAuthority.org/",
                        "display_url": "TheNoVaAuthority.org",
                        "indices": [
                            0,
                            23
                        ]
                    }
                ]
            },
            "description": {
                "urls": []
            }
        },
        "protected": false,
        "followers_count": 570,
        "friends_count": 261,
        "listed_count": 8,
        "created_at": "Tue Oct 06 11:57:49 +0000 2015",
        "favourites_count": 1578,
        "utc_offset": null,
        "time_zone": null,
        "geo_enabled": true,
        "verified": false,
        "statuses_count": 1282,
        "lang": "en",
        "contributors_enabled": false,
        "is_translator": false,
        "is_translation_enabled": false,
        "profile_background_color": "000000",
        "profile_background_image_url": "http://abs.twimg.com/images/themes/theme1/bg.png",
        "profile_background_image_url_https": "https://abs.twimg.com/images/themes/theme1/bg.png",
        "profile_background_tile": false,
        "profile_image_url": "http://pbs.twimg.com/profile_images/969245882741911552/RjBKOjp9_normal.jpg",
        "profile_image_url_https": "https://pbs.twimg.com/profile_images/969245882741911552/RjBKOjp9_normal.jpg",
        "profile_banner_url": "https://pbs.twimg.com/profile_banners/3880337056/1553694651",
        "profile_link_color": "1B95E0",
        "profile_sidebar_border_color": "000000",
        "profile_sidebar_fill_color": "000000",
        "profile_text_color": "000000",
        "profile_use_background_image": false,
        "has_extended_profile": true,
        "default_profile": false,
        "default_profile_image": false,
        "following": null,
        "follow_request_sent": null,
        "notifications": null,
        "translator_type": "none"
    },
    "geo": null,
    "coordinates": null,
    "place": null,
    "contributors": null,
    "is_quote_status": false,
    "retweet_count": 0,
    "favorite_count": 0,
    "favorited": false,
    "retweeted": false,
    "possibly_sensitive": false,
    "lang": "en"
}