{
    "created_at": "Mon Apr 15 22:52:45 +0000 2019",
    "id": 1117923747057557504,
    "id_str": "1117923747057557504",
    "text": "Oh yea nice support! I totally see that you guys are reading my message! I am trying to get my @UberEats account su\u2026 https://t.co/3MK5cd4eox",
    "truncated": true,
    "entities": {
        "hashtags": [],
        "symbols": [],
        "user_mentions": [
            {
                "screen_name": "UberEats",
                "name": "Uber Eats",
                "id": 3100005042,
                "id_str": "3100005042",
                "indices": [
                    95,
                    104
                ]
            }
        ],
        "urls": [
            {
                "url": "https://t.co/3MK5cd4eox",
                "expanded_url": "https://twitter.com/i/web/status/1117923747057557504",
                "display_url": "twitter.com/i/web/status/1\u2026",
                "indices": [
                    117,
                    140
                ]
            }
        ]
    },
    "metadata": {
        "iso_language_code": "en",
        "result_type": "recent"
    },
    "source": "<a href=\"http://twitter.com/download/iphone\" rel=\"nofollow\">Twitter for iPhone</a>",
    "in_reply_to_status_id": null,
    "in_reply_to_status_id_str": null,
    "in_reply_to_user_id": null,
    "in_reply_to_user_id_str": null,
    "in_reply_to_screen_name": null,
    "user": {
        "id": 1012235956177514496,
        "id_str": "1012235956177514496",
        "name": "x-Mitchum",
        "screen_name": "NothingSince99",
        "location": "Dallas, TX",
        "description": "#HockeyIsLife #DallasStarsDiehard #DallasStarsSTH #MFFL #TCU #HornedFrogs #Gamer #XboxOne #FullTimeBartender #XGCMember #ForTheHorde",
        "url": null,
        "entities": {
            "description": {
                "urls": []
            }
        },
        "protected": false,
        "followers_count": 96,
        "friends_count": 888,
        "listed_count": 1,
        "created_at": "Thu Jun 28 07:27:13 +0000 2018",
        "favourites_count": 732,
        "utc_offset": null,
        "time_zone": null,
        "geo_enabled": false,
        "verified": false,
        "statuses_count": 772,
        "lang": "en",
        "contributors_enabled": false,
        "is_translator": false,
        "is_translation_enabled": false,
        "profile_background_color": "000000",
        "profile_background_image_url": "http://abs.twimg.com/images/themes/theme1/bg.png",
        "profile_background_image_url_https": "https://abs.twimg.com/images/themes/theme1/bg.png",
        "profile_background_tile": false,
        "profile_image_url": "http://pbs.twimg.com/profile_images/1116061087995240449/-0dP2AJo_normal.jpg",
        "profile_image_url_https": "https://pbs.twimg.com/profile_images/1116061087995240449/-0dP2AJo_normal.jpg",
        "profile_banner_url": "https://pbs.twimg.com/profile_banners/1012235956177514496/1554924674",
        "profile_link_color": "19CF86",
        "profile_sidebar_border_color": "000000",
        "profile_sidebar_fill_color": "000000",
        "profile_text_color": "000000",
        "profile_use_background_image": false,
        "has_extended_profile": true,
        "default_profile": false,
        "default_profile_image": false,
        "following": null,
        "follow_request_sent": null,
        "notifications": null,
        "translator_type": "none"
    },
    "geo": null,
    "coordinates": null,
    "place": null,
    "contributors": null,
    "is_quote_status": false,
    "retweet_count": 0,
    "favorite_count": 0,
    "favorited": false,
    "retweeted": false,
    "lang": "en"
}