{
    "created_at": "Mon Apr 15 12:31:31 +0000 2019",
    "id": 1117767407391502337,
    "id_str": "1117767407391502337",
    "text": "@CharlottaDupont @SusanSolomon @kenvogel @BernieSanders @amprog @CAPAction @SenSanders I don\u2019t know charlotta, but\u2026 https://t.co/8Cum0A7XEu",
    "truncated": true,
    "entities": {
        "hashtags": [],
        "symbols": [],
        "user_mentions": [
            {
                "screen_name": "CharlottaDupont",
                "name": "Charlotta Dupont",
                "id": 1539370494,
                "id_str": "1539370494",
                "indices": [
                    0,
                    16
                ]
            },
            {
                "screen_name": "SusanSolomon",
                "name": "Susan Solomon",
                "id": 23193547,
                "id_str": "23193547",
                "indices": [
                    17,
                    30
                ]
            },
            {
                "screen_name": "kenvogel",
                "name": "Kenneth P. Vogel",
                "id": 112526560,
                "id_str": "112526560",
                "indices": [
                    31,
                    40
                ]
            },
            {
                "screen_name": "BernieSanders",
                "name": "Bernie Sanders",
                "id": 216776631,
                "id_str": "216776631",
                "indices": [
                    41,
                    55
                ]
            },
            {
                "screen_name": "amprog",
                "name": "American Progress",
                "id": 17171111,
                "id_str": "17171111",
                "indices": [
                    56,
                    63
                ]
            },
            {
                "screen_name": "CAPAction",
                "name": "CAP Action",
                "id": 15554922,
                "id_str": "15554922",
                "indices": [
                    64,
                    74
                ]
            },
            {
                "screen_name": "SenSanders",
                "name": "Bernie Sanders",
                "id": 29442313,
                "id_str": "29442313",
                "indices": [
                    75,
                    86
                ]
            }
        ],
        "urls": [
            {
                "url": "https://t.co/8Cum0A7XEu",
                "expanded_url": "https://twitter.com/i/web/status/1117767407391502337",
                "display_url": "twitter.com/i/web/status/1\u2026",
                "indices": [
                    116,
                    139
                ]
            }
        ]
    },
    "metadata": {
        "iso_language_code": "en",
        "result_type": "recent"
    },
    "source": "<a href=\"http://twitter.com/download/iphone\" rel=\"nofollow\">Twitter for iPhone</a>",
    "in_reply_to_status_id": 1117739840102117376,
    "in_reply_to_status_id_str": "1117739840102117376",
    "in_reply_to_user_id": 1539370494,
    "in_reply_to_user_id_str": "1539370494",
    "in_reply_to_screen_name": "CharlottaDupont",
    "user": {
        "id": 216224712,
        "id_str": "216224712",
        "name": "Brian Alford",
        "screen_name": "Brian_Alford",
        "location": "United States",
        "description": "",
        "url": null,
        "entities": {
            "description": {
                "urls": []
            }
        },
        "protected": false,
        "followers_count": 98,
        "friends_count": 276,
        "listed_count": 4,
        "created_at": "Tue Nov 16 03:02:55 +0000 2010",
        "favourites_count": 12103,
        "utc_offset": null,
        "time_zone": null,
        "geo_enabled": false,
        "verified": false,
        "statuses_count": 18600,
        "lang": "en",
        "contributors_enabled": false,
        "is_translator": false,
        "is_translation_enabled": false,
        "profile_background_color": "C0DEED",
        "profile_background_image_url": "http://abs.twimg.com/images/themes/theme1/bg.png",
        "profile_background_image_url_https": "https://abs.twimg.com/images/themes/theme1/bg.png",
        "profile_background_tile": false,
        "profile_image_url": "http://pbs.twimg.com/profile_images/2218425652/me_and_squatch_normal.jpg",
        "profile_image_url_https": "https://pbs.twimg.com/profile_images/2218425652/me_and_squatch_normal.jpg",
        "profile_link_color": "1DA1F2",
        "profile_sidebar_border_color": "C0DEED",
        "profile_sidebar_fill_color": "DDEEF6",
        "profile_text_color": "333333",
        "profile_use_background_image": true,
        "has_extended_profile": false,
        "default_profile": true,
        "default_profile_image": false,
        "following": null,
        "follow_request_sent": null,
        "notifications": null,
        "translator_type": "none"
    },
    "geo": null,
    "coordinates": null,
    "place": null,
    "contributors": null,
    "is_quote_status": false,
    "retweet_count": 1,
    "favorite_count": 1,
    "favorited": false,
    "retweeted": false,
    "possibly_sensitive": false,
    "lang": "en"
}