{
    "created_at": "Mon Apr 15 05:32:30 +0000 2019",
    "id": 1117661956704546821,
    "id_str": "1117661956704546821",
    "text": "Les nouveaux venus dans les v\u00e9los en libre service : #Jump, by @Uber https://t.co/ZAuSBsYioD",
    "truncated": false,
    "entities": {
        "hashtags": [
            {
                "text": "Jump",
                "indices": [
                    53,
                    58
                ]
            }
        ],
        "symbols": [],
        "user_mentions": [
            {
                "screen_name": "Uber",
                "name": "Uber",
                "id": 19103481,
                "id_str": "19103481",
                "indices": [
                    63,
                    68
                ]
            }
        ],
        "urls": [],
        "media": [
            {
                "id": 1117661936735399936,
                "id_str": "1117661936735399936",
                "indices": [
                    69,
                    92
                ],
                "media_url": "http://pbs.twimg.com/media/D4K7nB4WsAAznrX.jpg",
                "media_url_https": "https://pbs.twimg.com/media/D4K7nB4WsAAznrX.jpg",
                "url": "https://t.co/ZAuSBsYioD",
                "display_url": "pic.twitter.com/ZAuSBsYioD",
                "expanded_url": "https://twitter.com/G_Hugues/status/1117661956704546821/photo/1",
                "type": "photo",
                "sizes": {
                    "small": {
                        "w": 680,
                        "h": 510,
                        "resize": "fit"
                    },
                    "thumb": {
                        "w": 150,
                        "h": 150,
                        "resize": "crop"
                    },
                    "medium": {
                        "w": 1200,
                        "h": 900,
                        "resize": "fit"
                    },
                    "large": {
                        "w": 2048,
                        "h": 1536,
                        "resize": "fit"
                    }
                }
            }
        ]
    },
    "extended_entities": {
        "media": [
            {
                "id": 1117661936735399936,
                "id_str": "1117661936735399936",
                "indices": [
                    69,
                    92
                ],
                "media_url": "http://pbs.twimg.com/media/D4K7nB4WsAAznrX.jpg",
                "media_url_https": "https://pbs.twimg.com/media/D4K7nB4WsAAznrX.jpg",
                "url": "https://t.co/ZAuSBsYioD",
                "display_url": "pic.twitter.com/ZAuSBsYioD",
                "expanded_url": "https://twitter.com/G_Hugues/status/1117661956704546821/photo/1",
                "type": "photo",
                "sizes": {
                    "small": {
                        "w": 680,
                        "h": 510,
                        "resize": "fit"
                    },
                    "thumb": {
                        "w": 150,
                        "h": 150,
                        "resize": "crop"
                    },
                    "medium": {
                        "w": 1200,
                        "h": 900,
                        "resize": "fit"
                    },
                    "large": {
                        "w": 2048,
                        "h": 1536,
                        "resize": "fit"
                    }
                }
            }
        ]
    },
    "metadata": {
        "iso_language_code": "fr",
        "result_type": "recent"
    },
    "source": "<a href=\"http://twitter.com/download/android\" rel=\"nofollow\">Twitter for Android</a>",
    "in_reply_to_status_id": null,
    "in_reply_to_status_id_str": null,
    "in_reply_to_user_id": null,
    "in_reply_to_user_id_str": null,
    "in_reply_to_screen_name": null,
    "user": {
        "id": 509153609,
        "id_str": "509153609",
        "name": "Hugues G.",
        "screen_name": "G_Hugues",
        "location": "",
        "description": "Jeune ing\u00e9nieur (mais de moins en moins). #SNCF. Mes propos n'engagent que moi",
        "url": null,
        "entities": {
            "description": {
                "urls": []
            }
        },
        "protected": false,
        "followers_count": 1722,
        "friends_count": 2168,
        "listed_count": 59,
        "created_at": "Wed Feb 29 19:46:50 +0000 2012",
        "favourites_count": 2725,
        "utc_offset": null,
        "time_zone": null,
        "geo_enabled": true,
        "verified": false,
        "statuses_count": 7320,
        "lang": "fr",
        "contributors_enabled": false,
        "is_translator": false,
        "is_translation_enabled": false,
        "profile_background_color": "C0DEED",
        "profile_background_image_url": "http://abs.twimg.com/images/themes/theme1/bg.png",
        "profile_background_image_url_https": "https://abs.twimg.com/images/themes/theme1/bg.png",
        "profile_background_tile": false,
        "profile_image_url": "http://pbs.twimg.com/profile_images/2553536722/image_normal.jpg",
        "profile_image_url_https": "https://pbs.twimg.com/profile_images/2553536722/image_normal.jpg",
        "profile_banner_url": "https://pbs.twimg.com/profile_banners/509153609/1474229709",
        "profile_link_color": "1DA1F2",
        "profile_sidebar_border_color": "C0DEED",
        "profile_sidebar_fill_color": "DDEEF6",
        "profile_text_color": "333333",
        "profile_use_background_image": true,
        "has_extended_profile": false,
        "default_profile": true,
        "default_profile_image": false,
        "following": null,
        "follow_request_sent": null,
        "notifications": null,
        "translator_type": "none"
    },
    "geo": null,
    "coordinates": null,
    "place": null,
    "contributors": null,
    "is_quote_status": false,
    "retweet_count": 0,
    "favorite_count": 2,
    "favorited": false,
    "retweeted": false,
    "possibly_sensitive": false,
    "lang": "fr"
}