{
    "created_at": "Mon Apr 15 07:49:35 +0000 2019",
    "id": 1117696455861592068,
    "id_str": "1117696455861592068",
    "text": "La otra guerra de Uber y Cabify: as\u00ed reparten sus patinetes en Espa\u00f1a https://t.co/4HFk1KSRAF v\u00eda @EconomiaED_ @CristianReche",
    "truncated": false,
    "entities": {
        "hashtags": [],
        "symbols": [],
        "user_mentions": [
            {
                "screen_name": "EconomiaED_",
                "name": "Econom\u00eda Digital",
                "id": 20063063,
                "id_str": "20063063",
                "indices": [
                    98,
                    110
                ]
            },
            {
                "screen_name": "CristianReche",
                "name": "Cristian Reche",
                "id": 303831079,
                "id_str": "303831079",
                "indices": [
                    111,
                    125
                ]
            }
        ],
        "urls": [
            {
                "url": "https://t.co/4HFk1KSRAF",
                "expanded_url": "https://www.economiadigital.es/directivos-y-empresas/guerra-de-uber-y-cabify-movo-jump-patinetes-espana-paris-estados-unidos_617948_102.html",
                "display_url": "economiadigital.es/directivos-y-e\u2026",
                "indices": [
                    70,
                    93
                ]
            }
        ]
    },
    "metadata": {
        "iso_language_code": "es",
        "result_type": "recent"
    },
    "source": "<a href=\"http://twitter.com/download/iphone\" rel=\"nofollow\">Twitter for iPhone</a>",
    "in_reply_to_status_id": null,
    "in_reply_to_status_id_str": null,
    "in_reply_to_user_id": null,
    "in_reply_to_user_id_str": null,
    "in_reply_to_screen_name": null,
    "user": {
        "id": 208068265,
        "id_str": "208068265",
        "name": "Juan Garc\u00eda",
        "screen_name": "jgarcia_ed",
        "location": "Barcelona",
        "description": "Periodista. CEO de Econom\u00eda Digital, Cerodosb\u00e9 y Diario Gol En FB: https://t.co/w3ko8t9S1L. Periodismo, pol\u00edtica, arte...",
        "url": "https://t.co/mp4cCxYnTb",
        "entities": {
            "url": {
                "urls": [
                    {
                        "url": "https://t.co/mp4cCxYnTb",
                        "expanded_url": "http://www.economiadigital.es",
                        "display_url": "economiadigital.es",
                        "indices": [
                            0,
                            23
                        ]
                    }
                ]
            },
            "description": {
                "urls": [
                    {
                        "url": "https://t.co/w3ko8t9S1L",
                        "expanded_url": "http://facebook.com/juan.garcia.ed",
                        "display_url": "facebook.com/juan.garcia.ed",
                        "indices": [
                            67,
                            90
                        ]
                    }
                ]
            }
        },
        "protected": false,
        "followers_count": 1317,
        "friends_count": 590,
        "listed_count": 68,
        "created_at": "Tue Oct 26 15:30:31 +0000 2010",
        "favourites_count": 213,
        "utc_offset": null,
        "time_zone": null,
        "geo_enabled": false,
        "verified": false,
        "statuses_count": 12331,
        "lang": "es",
        "contributors_enabled": false,
        "is_translator": false,
        "is_translation_enabled": false,
        "profile_background_color": "C6E2EE",
        "profile_background_image_url": "http://abs.twimg.com/images/themes/theme2/bg.gif",
        "profile_background_image_url_https": "https://abs.twimg.com/images/themes/theme2/bg.gif",
        "profile_background_tile": false,
        "profile_image_url": "http://pbs.twimg.com/profile_images/977488441415012352/o30wdpto_normal.jpg",
        "profile_image_url_https": "https://pbs.twimg.com/profile_images/977488441415012352/o30wdpto_normal.jpg",
        "profile_banner_url": "https://pbs.twimg.com/profile_banners/208068265/1520110932",
        "profile_link_color": "1F98C7",
        "profile_sidebar_border_color": "C6E2EE",
        "profile_sidebar_fill_color": "DAECF4",
        "profile_text_color": "663B12",
        "profile_use_background_image": true,
        "has_extended_profile": false,
        "default_profile": false,
        "default_profile_image": false,
        "following": null,
        "follow_request_sent": null,
        "notifications": null,
        "translator_type": "none"
    },
    "geo": null,
    "coordinates": null,
    "place": null,
    "contributors": null,
    "is_quote_status": false,
    "retweet_count": 0,
    "favorite_count": 0,
    "favorited": false,
    "retweeted": false,
    "possibly_sensitive": false,
    "lang": "es"
}