{
    "created_at": "Mon Apr 15 17:04:05 +0000 2019",
    "id": 1117836002272223232,
    "id_str": "1117836002272223232",
    "text": "Uber\u2019s JUMP Bikes founder and Scoot\u2019s SVP of Product are talking bikes and scooters at TC Sessions: Mobility\u2026 https://t.co/Kk5nghD8GS",
    "truncated": true,
    "entities": {
        "hashtags": [],
        "symbols": [],
        "user_mentions": [],
        "urls": [
            {
                "url": "https://t.co/Kk5nghD8GS",
                "expanded_url": "https://twitter.com/i/web/status/1117836002272223232",
                "display_url": "twitter.com/i/web/status/1\u2026",
                "indices": [
                    110,
                    133
                ]
            }
        ]
    },
    "metadata": {
        "iso_language_code": "en",
        "result_type": "recent"
    },
    "source": "<a href=\"https://dlvrit.com/\" rel=\"nofollow\">dlvr.it</a>",
    "in_reply_to_status_id": null,
    "in_reply_to_status_id_str": null,
    "in_reply_to_user_id": null,
    "in_reply_to_user_id_str": null,
    "in_reply_to_screen_name": null,
    "user": {
        "id": 948014469044678656,
        "id_str": "948014469044678656",
        "name": "Igor Os",
        "screen_name": "igor_os777",
        "location": "Delaware, USA",
        "description": "Experienced #Unix/#Linux System Administrator with 20-year background in Systems Analysis, Problem Resolution, Application Support, and Process #Automation.",
        "url": "https://t.co/fFtPhqGHsR",
        "entities": {
            "url": {
                "urls": [
                    {
                        "url": "https://t.co/fFtPhqGHsR",
                        "expanded_url": "https://igoros.com",
                        "display_url": "igoros.com",
                        "indices": [
                            0,
                            23
                        ]
                    }
                ]
            },
            "description": {
                "urls": []
            }
        },
        "protected": false,
        "followers_count": 4393,
        "friends_count": 4960,
        "listed_count": 29,
        "created_at": "Tue Jan 02 02:13:57 +0000 2018",
        "favourites_count": 6049,
        "utc_offset": null,
        "time_zone": null,
        "geo_enabled": false,
        "verified": false,
        "statuses_count": 19153,
        "lang": "en",
        "contributors_enabled": false,
        "is_translator": false,
        "is_translation_enabled": false,
        "profile_background_color": "000000",
        "profile_background_image_url": "http://abs.twimg.com/images/themes/theme1/bg.png",
        "profile_background_image_url_https": "https://abs.twimg.com/images/themes/theme1/bg.png",
        "profile_background_tile": false,
        "profile_image_url": "http://pbs.twimg.com/profile_images/1056800087073083393/e-ZSepTy_normal.jpg",
        "profile_image_url_https": "https://pbs.twimg.com/profile_images/1056800087073083393/e-ZSepTy_normal.jpg",
        "profile_banner_url": "https://pbs.twimg.com/profile_banners/948014469044678656/1542043334",
        "profile_link_color": "ABB8C2",
        "profile_sidebar_border_color": "000000",
        "profile_sidebar_fill_color": "000000",
        "profile_text_color": "000000",
        "profile_use_background_image": false,
        "has_extended_profile": false,
        "default_profile": false,
        "default_profile_image": false,
        "following": null,
        "follow_request_sent": null,
        "notifications": null,
        "translator_type": "none"
    },
    "geo": null,
    "coordinates": null,
    "place": null,
    "contributors": null,
    "is_quote_status": false,
    "retweet_count": 1,
    "favorite_count": 1,
    "favorited": false,
    "retweeted": false,
    "possibly_sensitive": false,
    "lang": "en"
}