{
    "created_at": "Tue Apr 16 20:42:42 +0000 2019",
    "id": 1118253404483203077,
    "id_str": "1118253404483203077",
    "text": "Uber says it fixed its e-bikes with similar brake problems as Lyft, but some riders were still injured  https://t.co/yXnKOPhHKP",
    "truncated": false,
    "entities": {
        "hashtags": [],
        "symbols": [],
        "user_mentions": [],
        "urls": [
            {
                "url": "https://t.co/yXnKOPhHKP",
                "expanded_url": "http://bit.ly/2Xj8kwY",
                "display_url": "bit.ly/2Xj8kwY",
                "indices": [
                    104,
                    127
                ]
            }
        ]
    },
    "metadata": {
        "iso_language_code": "en",
        "result_type": "recent"
    },
    "source": "<a href=\"https://ifttt.com\" rel=\"nofollow\">IFTTT</a>",
    "in_reply_to_status_id": null,
    "in_reply_to_status_id_str": null,
    "in_reply_to_user_id": null,
    "in_reply_to_user_id_str": null,
    "in_reply_to_screen_name": null,
    "user": {
        "id": 2339393324,
        "id_str": "2339393324",
        "name": "Rafael R. \ud83c\uddfa\ud83c\uddf2",
        "screen_name": "rafoleiro",
        "location": "",
        "description": "Developer, Writer, Musician and cat lover. \u2022  rafa@resumotec.net",
        "url": "https://t.co/un6GtOsFNC",
        "entities": {
            "url": {
                "urls": [
                    {
                        "url": "https://t.co/un6GtOsFNC",
                        "expanded_url": "http://resumotec.net",
                        "display_url": "resumotec.net",
                        "indices": [
                            0,
                            23
                        ]
                    }
                ]
            },
            "description": {
                "urls": []
            }
        },
        "protected": false,
        "followers_count": 72,
        "friends_count": 246,
        "listed_count": 48,
        "created_at": "Tue Feb 11 22:58:56 +0000 2014",
        "favourites_count": 4,
        "utc_offset": null,
        "time_zone": null,
        "geo_enabled": false,
        "verified": false,
        "statuses_count": 47727,
        "lang": "pt",
        "contributors_enabled": false,
        "is_translator": false,
        "is_translation_enabled": false,
        "profile_background_color": "000000",
        "profile_background_image_url": "http://abs.twimg.com/images/themes/theme1/bg.png",
        "profile_background_image_url_https": "https://abs.twimg.com/images/themes/theme1/bg.png",
        "profile_background_tile": false,
        "profile_image_url": "http://pbs.twimg.com/profile_images/700100456274661376/dUYpSOU9_normal.jpg",
        "profile_image_url_https": "https://pbs.twimg.com/profile_images/700100456274661376/dUYpSOU9_normal.jpg",
        "profile_banner_url": "https://pbs.twimg.com/profile_banners/2339393324/1455752089",
        "profile_link_color": "333333",
        "profile_sidebar_border_color": "000000",
        "profile_sidebar_fill_color": "000000",
        "profile_text_color": "000000",
        "profile_use_background_image": false,
        "has_extended_profile": false,
        "default_profile": false,
        "default_profile_image": false,
        "following": null,
        "follow_request_sent": null,
        "notifications": null,
        "translator_type": "none"
    },
    "geo": null,
    "coordinates": null,
    "place": null,
    "contributors": null,
    "is_quote_status": false,
    "retweet_count": 0,
    "favorite_count": 0,
    "favorited": false,
    "retweeted": false,
    "possibly_sensitive": false,
    "lang": "en"
}