{
    "created_at": "Tue Apr 16 11:04:59 +0000 2019",
    "id": 1118108016459563008,
    "id_str": "1118108016459563008",
    "text": "RT @Crhedrys: Everyday, we jump buses, BRT and yellow ones, use Uber and Taxify, shake hands, use the toilet, exchange money, sneeze, do do\u2026",
    "truncated": false,
    "entities": {
        "hashtags": [],
        "symbols": [],
        "user_mentions": [
            {
                "screen_name": "Crhedrys",
                "name": "Idris",
                "id": 204298812,
                "id_str": "204298812",
                "indices": [
                    3,
                    12
                ]
            }
        ],
        "urls": []
    },
    "metadata": {
        "iso_language_code": "en",
        "result_type": "recent"
    },
    "source": "<a href=\"http://twitter.com\" rel=\"nofollow\">Twitter Web Client</a>",
    "in_reply_to_status_id": null,
    "in_reply_to_status_id_str": null,
    "in_reply_to_user_id": null,
    "in_reply_to_user_id_str": null,
    "in_reply_to_screen_name": null,
    "user": {
        "id": 177533962,
        "id_str": "177533962",
        "name": "Ekitikan omo Naija",
        "screen_name": "perogunner",
        "location": "Federal Capital Territory, Nig",
        "description": "INTEGRITY IS A BIG VIRTUE\ud83d\ude0d\ud83d\ude0d\nResearcher, Psychologist, Social media person, footballer #Arsenal",
        "url": null,
        "entities": {
            "description": {
                "urls": []
            }
        },
        "protected": false,
        "followers_count": 207,
        "friends_count": 335,
        "listed_count": 0,
        "created_at": "Thu Aug 12 11:33:05 +0000 2010",
        "favourites_count": 3200,
        "utc_offset": null,
        "time_zone": null,
        "geo_enabled": true,
        "verified": false,
        "statuses_count": 4340,
        "lang": "en",
        "contributors_enabled": false,
        "is_translator": false,
        "is_translation_enabled": false,
        "profile_background_color": "C0DEED",
        "profile_background_image_url": "http://abs.twimg.com/images/themes/theme1/bg.png",
        "profile_background_image_url_https": "https://abs.twimg.com/images/themes/theme1/bg.png",
        "profile_background_tile": true,
        "profile_image_url": "http://pbs.twimg.com/profile_images/1099044605184610304/H6zfyrZW_normal.jpg",
        "profile_image_url_https": "https://pbs.twimg.com/profile_images/1099044605184610304/H6zfyrZW_normal.jpg",
        "profile_banner_url": "https://pbs.twimg.com/profile_banners/177533962/1553153467",
        "profile_link_color": "981CEB",
        "profile_sidebar_border_color": "C0DEED",
        "profile_sidebar_fill_color": "DDEEF6",
        "profile_text_color": "333333",
        "profile_use_background_image": true,
        "has_extended_profile": true,
        "default_profile": false,
        "default_profile_image": false,
        "following": null,
        "follow_request_sent": null,
        "notifications": null,
        "translator_type": "none"
    },
    "geo": null,
    "coordinates": null,
    "place": null,
    "contributors": null,
    "retweeted_status": {
        "created_at": "Tue Apr 16 11:03:37 +0000 2019",
        "id": 1118107672459534336,
        "id_str": "1118107672459534336",
        "text": "Everyday, we jump buses, BRT and yellow ones, use Uber and Taxify, shake hands, use the toilet, exchange money, sne\u2026 https://t.co/cIi9Lt2zZc",
        "truncated": true,
        "entities": {
            "hashtags": [],
            "symbols": [],
            "user_mentions": [],
            "urls": [
                {
                    "url": "https://t.co/cIi9Lt2zZc",
                    "expanded_url": "https://twitter.com/i/web/status/1118107672459534336",
                    "display_url": "twitter.com/i/web/status/1\u2026",
                    "indices": [
                        117,
                        140
                    ]
                }
            ]
        },
        "metadata": {
            "iso_language_code": "en",
            "result_type": "recent"
        },
        "source": "<a href=\"http://twitter.com/download/iphone\" rel=\"nofollow\">Twitter for iPhone</a>",
        "in_reply_to_status_id": null,
        "in_reply_to_status_id_str": null,
        "in_reply_to_user_id": null,
        "in_reply_to_user_id_str": null,
        "in_reply_to_screen_name": null,
        "user": {
            "id": 204298812,
            "id_str": "204298812",
            "name": "Idris",
            "screen_name": "Crhedrys",
            "location": "Nigeria",
            "description": "Digital Marketer | Problem solver | Social Media Strategist | Solution provider | CSE/B2B/Escalations/Operations. DM for (Promotions&Ads) \ud83d\udce8 -crhedrys@gmail.com",
            "url": null,
            "entities": {
                "description": {
                    "urls": []
                }
            },
            "protected": false,
            "followers_count": 17571,
            "friends_count": 7449,
            "listed_count": 94,
            "created_at": "Mon Oct 18 11:47:15 +0000 2010",
            "favourites_count": 689,
            "utc_offset": null,
            "time_zone": null,
            "geo_enabled": true,
            "verified": false,
            "statuses_count": 215448,
            "lang": "en",
            "contributors_enabled": false,
            "is_translator": false,
            "is_translation_enabled": false,
            "profile_background_color": "C0DEED",
            "profile_background_image_url": "http://abs.twimg.com/images/themes/theme1/bg.png",
            "profile_background_image_url_https": "https://abs.twimg.com/images/themes/theme1/bg.png",
            "profile_background_tile": false,
            "profile_image_url": "http://pbs.twimg.com/profile_images/1072051840240545793/H2tJf2se_normal.jpg",
            "profile_image_url_https": "https://pbs.twimg.com/profile_images/1072051840240545793/H2tJf2se_normal.jpg",
            "profile_banner_url": "https://pbs.twimg.com/profile_banners/204298812/1518162125",
            "profile_link_color": "1DA1F2",
            "profile_sidebar_border_color": "C0DEED",
            "profile_sidebar_fill_color": "DDEEF6",
            "profile_text_color": "333333",
            "profile_use_background_image": true,
            "has_extended_profile": true,
            "default_profile": true,
            "default_profile_image": false,
            "following": null,
            "follow_request_sent": null,
            "notifications": null,
            "translator_type": "none"
        },
        "geo": null,
        "coordinates": null,
        "place": null,
        "contributors": null,
        "is_quote_status": false,
        "retweet_count": 1,
        "favorite_count": 3,
        "favorited": false,
        "retweeted": false,
        "possibly_sensitive": false,
        "lang": "en"
    },
    "is_quote_status": false,
    "retweet_count": 1,
    "favorite_count": 0,
    "favorited": false,
    "retweeted": false,
    "lang": "en"
}