{
    "created_at": "Tue Apr 16 20:34:33 +0000 2019",
    "id": 1118251351862075392,
    "id_str": "1118251351862075392",
    "text": "Uber says it fixed its e-bikes with similar brake problems as Lyft, but some riders were still injured https://t.co/mj6JjMc9YE",
    "truncated": false,
    "entities": {
        "hashtags": [],
        "symbols": [],
        "user_mentions": [],
        "urls": [
            {
                "url": "https://t.co/mj6JjMc9YE",
                "expanded_url": "https://www.theverge.com/2019/4/16/18410812/uber-jump-ebike-braking-malfunction-injuries?utm_campaign=theverge&utm_content=chorus&utm_medium=social&utm_source=twitter",
                "display_url": "theverge.com/2019/4/16/1841\u2026",
                "indices": [
                    103,
                    126
                ]
            }
        ]
    },
    "metadata": {
        "iso_language_code": "en",
        "result_type": "recent"
    },
    "source": "<a href=\"https://ifttt.com\" rel=\"nofollow\">IFTTT</a>",
    "in_reply_to_status_id": null,
    "in_reply_to_status_id_str": null,
    "in_reply_to_user_id": null,
    "in_reply_to_user_id_str": null,
    "in_reply_to_screen_name": null,
    "user": {
        "id": 26735105,
        "id_str": "26735105",
        "name": "Sachintha Gunasena",
        "screen_name": "sachiketi",
        "location": "Selangor, Malaysia",
        "description": "#ProjectManager #BusinessAnalyst #Trainer #IT #techie #blogger #travel #cars #music #iphoneography #ps4gamer",
        "url": "https://t.co/oVdPsRooat",
        "entities": {
            "url": {
                "urls": [
                    {
                        "url": "https://t.co/oVdPsRooat",
                        "expanded_url": "http://thesachintha.com",
                        "display_url": "thesachintha.com",
                        "indices": [
                            0,
                            23
                        ]
                    }
                ]
            },
            "description": {
                "urls": []
            }
        },
        "protected": false,
        "followers_count": 993,
        "friends_count": 865,
        "listed_count": 365,
        "created_at": "Thu Mar 26 12:12:04 +0000 2009",
        "favourites_count": 11575,
        "utc_offset": null,
        "time_zone": null,
        "geo_enabled": true,
        "verified": false,
        "statuses_count": 133021,
        "lang": "en",
        "contributors_enabled": false,
        "is_translator": false,
        "is_translation_enabled": false,
        "profile_background_color": "000000",
        "profile_background_image_url": "http://abs.twimg.com/images/themes/theme14/bg.gif",
        "profile_background_image_url_https": "https://abs.twimg.com/images/themes/theme14/bg.gif",
        "profile_background_tile": false,
        "profile_image_url": "http://pbs.twimg.com/profile_images/1110085794734043139/f9c7FvvD_normal.jpg",
        "profile_image_url_https": "https://pbs.twimg.com/profile_images/1110085794734043139/f9c7FvvD_normal.jpg",
        "profile_banner_url": "https://pbs.twimg.com/profile_banners/26735105/1489769196",
        "profile_link_color": "1B95E0",
        "profile_sidebar_border_color": "000000",
        "profile_sidebar_fill_color": "000000",
        "profile_text_color": "000000",
        "profile_use_background_image": false,
        "has_extended_profile": true,
        "default_profile": false,
        "default_profile_image": false,
        "following": null,
        "follow_request_sent": null,
        "notifications": null,
        "translator_type": "none"
    },
    "geo": null,
    "coordinates": null,
    "place": null,
    "contributors": null,
    "is_quote_status": false,
    "retweet_count": 0,
    "favorite_count": 0,
    "favorited": false,
    "retweeted": false,
    "possibly_sensitive": false,
    "lang": "en"
}