{
    "created_at": "Thu Apr 18 17:29:30 +0000 2019",
    "id": 1118929562073743360,
    "id_str": "1118929562073743360",
    "text": "#Uber \u2019s #ebikes had braking problems like #Lyft, and rider were injured \n\nhttps://t.co/ZXXyWpPN7i\n#autonomous\u2026 https://t.co/pndwb8V8N8",
    "truncated": true,
    "entities": {
        "hashtags": [
            {
                "text": "Uber",
                "indices": [
                    0,
                    5
                ]
            },
            {
                "text": "ebikes",
                "indices": [
                    9,
                    16
                ]
            },
            {
                "text": "Lyft",
                "indices": [
                    43,
                    48
                ]
            },
            {
                "text": "autonomous",
                "indices": [
                    99,
                    110
                ]
            }
        ],
        "symbols": [],
        "user_mentions": [],
        "urls": [
            {
                "url": "https://t.co/ZXXyWpPN7i",
                "expanded_url": "https://www.theverge.com/2019/4/16/18410812/uber-jump-ebike-braking-malfunction-injuries",
                "display_url": "theverge.com/2019/4/16/1841\u2026",
                "indices": [
                    75,
                    98
                ]
            },
            {
                "url": "https://t.co/pndwb8V8N8",
                "expanded_url": "https://twitter.com/i/web/status/1118929562073743360",
                "display_url": "twitter.com/i/web/status/1\u2026",
                "indices": [
                    112,
                    135
                ]
            }
        ]
    },
    "metadata": {
        "iso_language_code": "en",
        "result_type": "recent"
    },
    "source": "<a href=\"http://twitter.com/download/android\" rel=\"nofollow\">Twitter for Android</a>",
    "in_reply_to_status_id": null,
    "in_reply_to_status_id_str": null,
    "in_reply_to_user_id": null,
    "in_reply_to_user_id_str": null,
    "in_reply_to_screen_name": null,
    "user": {
        "id": 728441661429141505,
        "id_str": "728441661429141505",
        "name": "guidaautonoma",
        "screen_name": "guidaautonoma",
        "location": "Genova Italy",
        "description": "#driverless #autonomous #selfdriving #vehicles :welcome to the #robot on the road revolution\nIn italiano,in english #smartcity #startup #AI #IoT #tech #mobility",
        "url": "https://t.co/Aq28QLEW3R",
        "entities": {
            "url": {
                "urls": [
                    {
                        "url": "https://t.co/Aq28QLEW3R",
                        "expanded_url": "https://medium.com/@guidaautonoma",
                        "display_url": "medium.com/@guidaautonoma",
                        "indices": [
                            0,
                            23
                        ]
                    }
                ]
            },
            "description": {
                "urls": []
            }
        },
        "protected": false,
        "followers_count": 5937,
        "friends_count": 5957,
        "listed_count": 412,
        "created_at": "Fri May 06 04:30:00 +0000 2016",
        "favourites_count": 1667,
        "utc_offset": null,
        "time_zone": null,
        "geo_enabled": false,
        "verified": false,
        "statuses_count": 12802,
        "lang": "it",
        "contributors_enabled": false,
        "is_translator": false,
        "is_translation_enabled": false,
        "profile_background_color": "F5F8FA",
        "profile_background_image_url": null,
        "profile_background_image_url_https": null,
        "profile_background_tile": false,
        "profile_image_url": "http://pbs.twimg.com/profile_images/728675456971583488/AVbaFxlK_normal.jpg",
        "profile_image_url_https": "https://pbs.twimg.com/profile_images/728675456971583488/AVbaFxlK_normal.jpg",
        "profile_banner_url": "https://pbs.twimg.com/profile_banners/728441661429141505/1488608070",
        "profile_link_color": "1DA1F2",
        "profile_sidebar_border_color": "C0DEED",
        "profile_sidebar_fill_color": "DDEEF6",
        "profile_text_color": "333333",
        "profile_use_background_image": true,
        "has_extended_profile": false,
        "default_profile": true,
        "default_profile_image": false,
        "following": null,
        "follow_request_sent": null,
        "notifications": null,
        "translator_type": "none"
    },
    "geo": null,
    "coordinates": null,
    "place": null,
    "contributors": null,
    "is_quote_status": false,
    "retweet_count": 2,
    "favorite_count": 0,
    "favorited": false,
    "retweeted": false,
    "possibly_sensitive": false,
    "lang": "en"
}