{
    "created_at": "Wed Apr 17 12:56:39 +0000 2019",
    "id": 1118498505927077889,
    "id_str": "1118498505927077889",
    "text": "With all the talk of Lyft and Uber, this IPO has almost been overlooked - and Zoom are actually profitable #ipo https://t.co/hnqEOHrx6n",
    "truncated": false,
    "entities": {
        "hashtags": [
            {
                "text": "ipo",
                "indices": [
                    107,
                    111
                ]
            }
        ],
        "symbols": [],
        "user_mentions": [],
        "urls": [
            {
                "url": "https://t.co/hnqEOHrx6n",
                "expanded_url": "https://lnkd.in/e6v24iw",
                "display_url": "lnkd.in/e6v24iw",
                "indices": [
                    112,
                    135
                ]
            }
        ]
    },
    "metadata": {
        "iso_language_code": "en",
        "result_type": "recent"
    },
    "source": "<a href=\"http://www.linkedin.com/\" rel=\"nofollow\">LinkedIn</a>",
    "in_reply_to_status_id": null,
    "in_reply_to_status_id_str": null,
    "in_reply_to_user_id": null,
    "in_reply_to_user_id_str": null,
    "in_reply_to_screen_name": null,
    "user": {
        "id": 2380599222,
        "id_str": "2380599222",
        "name": "Conor Smyth",
        "screen_name": "ConorJamesSmyth",
        "location": "New York, London, Dublin",
        "description": "CEO of @TritonLake, a boutique placement agent for private and alternative fund managers.",
        "url": "https://t.co/2j86NJMWzP",
        "entities": {
            "url": {
                "urls": [
                    {
                        "url": "https://t.co/2j86NJMWzP",
                        "expanded_url": "http://www.tritonlake.com",
                        "display_url": "tritonlake.com",
                        "indices": [
                            0,
                            23
                        ]
                    }
                ]
            },
            "description": {
                "urls": []
            }
        },
        "protected": false,
        "followers_count": 133,
        "friends_count": 419,
        "listed_count": 8,
        "created_at": "Sun Mar 09 15:10:09 +0000 2014",
        "favourites_count": 200,
        "utc_offset": null,
        "time_zone": null,
        "geo_enabled": false,
        "verified": false,
        "statuses_count": 1106,
        "lang": "en",
        "contributors_enabled": false,
        "is_translator": false,
        "is_translation_enabled": false,
        "profile_background_color": "C0DEED",
        "profile_background_image_url": "http://abs.twimg.com/images/themes/theme1/bg.png",
        "profile_background_image_url_https": "https://abs.twimg.com/images/themes/theme1/bg.png",
        "profile_background_tile": false,
        "profile_image_url": "http://pbs.twimg.com/profile_images/816731536372486144/SP1wqIrh_normal.jpg",
        "profile_image_url_https": "https://pbs.twimg.com/profile_images/816731536372486144/SP1wqIrh_normal.jpg",
        "profile_banner_url": "https://pbs.twimg.com/profile_banners/2380599222/1543919292",
        "profile_link_color": "0084B4",
        "profile_sidebar_border_color": "C0DEED",
        "profile_sidebar_fill_color": "DDEEF6",
        "profile_text_color": "333333",
        "profile_use_background_image": true,
        "has_extended_profile": true,
        "default_profile": false,
        "default_profile_image": false,
        "following": null,
        "follow_request_sent": null,
        "notifications": null,
        "translator_type": "none"
    },
    "geo": null,
    "coordinates": null,
    "place": null,
    "contributors": null,
    "is_quote_status": false,
    "retweet_count": 0,
    "favorite_count": 0,
    "favorited": false,
    "retweeted": false,
    "possibly_sensitive": false,
    "lang": "en"
}