{
    "created_at": "Tue Apr 16 12:40:04 +0000 2019",
    "id": 1118131947866292225,
    "id_str": "1118131947866292225",
    "text": "Los patinetes de Uber llegan a Madrid: https://t.co/JGZcRFOvOK https://t.co/mKl5oohk0j",
    "truncated": false,
    "entities": {
        "hashtags": [],
        "symbols": [],
        "user_mentions": [],
        "urls": [
            {
                "url": "https://t.co/JGZcRFOvOK",
                "expanded_url": "http://ow.ly/QsPa101yo9u",
                "display_url": "ow.ly/QsPa101yo9u",
                "indices": [
                    39,
                    62
                ]
            }
        ],
        "media": [
            {
                "id": 1118131946721353728,
                "id_str": "1118131946721353728",
                "indices": [
                    63,
                    86
                ],
                "media_url": "http://pbs.twimg.com/media/D4RnFNhXoAAWWo5.jpg",
                "media_url_https": "https://pbs.twimg.com/media/D4RnFNhXoAAWWo5.jpg",
                "url": "https://t.co/mKl5oohk0j",
                "display_url": "pic.twitter.com/mKl5oohk0j",
                "expanded_url": "https://twitter.com/RyG_seguros/status/1118131947866292225/photo/1",
                "type": "photo",
                "sizes": {
                    "thumb": {
                        "w": 150,
                        "h": 150,
                        "resize": "crop"
                    },
                    "large": {
                        "w": 1280,
                        "h": 720,
                        "resize": "fit"
                    },
                    "small": {
                        "w": 680,
                        "h": 383,
                        "resize": "fit"
                    },
                    "medium": {
                        "w": 1200,
                        "h": 675,
                        "resize": "fit"
                    }
                }
            }
        ]
    },
    "extended_entities": {
        "media": [
            {
                "id": 1118131946721353728,
                "id_str": "1118131946721353728",
                "indices": [
                    63,
                    86
                ],
                "media_url": "http://pbs.twimg.com/media/D4RnFNhXoAAWWo5.jpg",
                "media_url_https": "https://pbs.twimg.com/media/D4RnFNhXoAAWWo5.jpg",
                "url": "https://t.co/mKl5oohk0j",
                "display_url": "pic.twitter.com/mKl5oohk0j",
                "expanded_url": "https://twitter.com/RyG_seguros/status/1118131947866292225/photo/1",
                "type": "photo",
                "sizes": {
                    "thumb": {
                        "w": 150,
                        "h": 150,
                        "resize": "crop"
                    },
                    "large": {
                        "w": 1280,
                        "h": 720,
                        "resize": "fit"
                    },
                    "small": {
                        "w": 680,
                        "h": 383,
                        "resize": "fit"
                    },
                    "medium": {
                        "w": 1200,
                        "h": 675,
                        "resize": "fit"
                    }
                }
            }
        ]
    },
    "metadata": {
        "iso_language_code": "es",
        "result_type": "recent"
    },
    "source": "<a href=\"https://www.hootsuite.com\" rel=\"nofollow\">Hootsuite Inc.</a>",
    "in_reply_to_status_id": null,
    "in_reply_to_status_id_str": null,
    "in_reply_to_user_id": null,
    "in_reply_to_user_id_str": null,
    "in_reply_to_screen_name": null,
    "user": {
        "id": 867308651475808260,
        "id_str": "867308651475808260",
        "name": "RyG Zurichseguros",
        "screen_name": "RyG_seguros",
        "location": "Zaragoza, Espa\u00f1a",
        "description": "Agente exclusivo de seguros Zurich.\nTe asesoramos y acompa\u00f1amos en tus necesidades de cobertura de riesgos - Negocios y Particulares\n- Cont\u00e1ctanos 619304330 -",
        "url": "https://t.co/qkMkmnTUq8",
        "entities": {
            "url": {
                "urls": [
                    {
                        "url": "https://t.co/qkMkmnTUq8",
                        "expanded_url": "http://grseguros.es/oficina.html",
                        "display_url": "grseguros.es/oficina.html",
                        "indices": [
                            0,
                            23
                        ]
                    }
                ]
            },
            "description": {
                "urls": []
            }
        },
        "protected": false,
        "followers_count": 53,
        "friends_count": 173,
        "listed_count": 0,
        "created_at": "Wed May 24 09:17:51 +0000 2017",
        "favourites_count": 68,
        "utc_offset": null,
        "time_zone": null,
        "geo_enabled": true,
        "verified": false,
        "statuses_count": 918,
        "lang": "es",
        "contributors_enabled": false,
        "is_translator": false,
        "is_translation_enabled": false,
        "profile_background_color": "000000",
        "profile_background_image_url": "http://abs.twimg.com/images/themes/theme1/bg.png",
        "profile_background_image_url_https": "https://abs.twimg.com/images/themes/theme1/bg.png",
        "profile_background_tile": false,
        "profile_image_url": "http://pbs.twimg.com/profile_images/922766788349382656/sMWZSvKp_normal.jpg",
        "profile_image_url_https": "https://pbs.twimg.com/profile_images/922766788349382656/sMWZSvKp_normal.jpg",
        "profile_banner_url": "https://pbs.twimg.com/profile_banners/867308651475808260/1508839670",
        "profile_link_color": "000088",
        "profile_sidebar_border_color": "000000",
        "profile_sidebar_fill_color": "000000",
        "profile_text_color": "000000",
        "profile_use_background_image": false,
        "has_extended_profile": false,
        "default_profile": false,
        "default_profile_image": false,
        "following": null,
        "follow_request_sent": null,
        "notifications": null,
        "translator_type": "none"
    },
    "geo": null,
    "coordinates": null,
    "place": null,
    "contributors": null,
    "is_quote_status": false,
    "retweet_count": 0,
    "favorite_count": 1,
    "favorited": false,
    "retweeted": false,
    "possibly_sensitive": false,
    "lang": "es"
}