{
    "created_at": "Wed Apr 17 06:08:09 +0000 2019",
    "id": 1118395704773349376,
    "id_str": "1118395704773349376",
    "text": "Uber estrena hoy en Madrid su servicio de patinetes el\u00e9ctricos Jump https://t.co/mbQUrdExkl v\u00eda @elpais_economia",
    "truncated": false,
    "entities": {
        "hashtags": [],
        "symbols": [],
        "user_mentions": [
            {
                "screen_name": "elpais_economia",
                "name": "EL PA\u00cdS Econom\u00eda",
                "id": 54179670,
                "id_str": "54179670",
                "indices": [
                    96,
                    112
                ]
            }
        ],
        "urls": [
            {
                "url": "https://t.co/mbQUrdExkl",
                "expanded_url": "https://elpais.com/economia/2019/04/08/actualidad/1554741503_048433.html?id_externo_rsoc=TW_CC",
                "display_url": "elpais.com/economia/2019/\u2026",
                "indices": [
                    68,
                    91
                ]
            }
        ]
    },
    "metadata": {
        "iso_language_code": "es",
        "result_type": "recent"
    },
    "source": "<a href=\"http://twitter.com/download/android\" rel=\"nofollow\">Twitter for Android</a>",
    "in_reply_to_status_id": null,
    "in_reply_to_status_id_str": null,
    "in_reply_to_user_id": null,
    "in_reply_to_user_id_str": null,
    "in_reply_to_screen_name": null,
    "user": {
        "id": 780648376534642688,
        "id_str": "780648376534642688",
        "name": "David Diaz",
        "screen_name": "davidelmagico36",
        "location": "",
        "description": "veh\u00edculos el\u00e9ctricos, energ\u00edas renovables y amante de la naturaleza.",
        "url": null,
        "entities": {
            "description": {
                "urls": []
            }
        },
        "protected": false,
        "followers_count": 181,
        "friends_count": 299,
        "listed_count": 10,
        "created_at": "Tue Sep 27 06:00:51 +0000 2016",
        "favourites_count": 7951,
        "utc_offset": null,
        "time_zone": null,
        "geo_enabled": true,
        "verified": false,
        "statuses_count": 4699,
        "lang": "es",
        "contributors_enabled": false,
        "is_translator": false,
        "is_translation_enabled": false,
        "profile_background_color": "F5F8FA",
        "profile_background_image_url": null,
        "profile_background_image_url_https": null,
        "profile_background_tile": false,
        "profile_image_url": "http://pbs.twimg.com/profile_images/1076270669258768384/sjY7xoet_normal.jpg",
        "profile_image_url_https": "https://pbs.twimg.com/profile_images/1076270669258768384/sjY7xoet_normal.jpg",
        "profile_banner_url": "https://pbs.twimg.com/profile_banners/780648376534642688/1474956909",
        "profile_link_color": "1DA1F2",
        "profile_sidebar_border_color": "C0DEED",
        "profile_sidebar_fill_color": "DDEEF6",
        "profile_text_color": "333333",
        "profile_use_background_image": true,
        "has_extended_profile": true,
        "default_profile": true,
        "default_profile_image": false,
        "following": null,
        "follow_request_sent": null,
        "notifications": null,
        "translator_type": "none"
    },
    "geo": null,
    "coordinates": null,
    "place": null,
    "contributors": null,
    "is_quote_status": false,
    "retweet_count": 0,
    "favorite_count": 0,
    "favorited": false,
    "retweeted": false,
    "possibly_sensitive": false,
    "lang": "es"
}