{
    "created_at": "Tue Apr 16 21:53:03 +0000 2019",
    "id": 1118271107314806784,
    "id_str": "1118271107314806784",
    "text": "Uber says it fixed its e-bikes with similar brake problems as Lyft, but some riders were still injured\u2026 https://t.co/ZBmI6q2WIt",
    "truncated": true,
    "entities": {
        "hashtags": [],
        "symbols": [],
        "user_mentions": [],
        "urls": [
            {
                "url": "https://t.co/ZBmI6q2WIt",
                "expanded_url": "https://twitter.com/i/web/status/1118271107314806784",
                "display_url": "twitter.com/i/web/status/1\u2026",
                "indices": [
                    104,
                    127
                ]
            }
        ]
    },
    "metadata": {
        "iso_language_code": "en",
        "result_type": "recent"
    },
    "source": "<a href=\"https://dlvrit.com/\" rel=\"nofollow\">dlvr.it</a>",
    "in_reply_to_status_id": null,
    "in_reply_to_status_id_str": null,
    "in_reply_to_user_id": null,
    "in_reply_to_user_id_str": null,
    "in_reply_to_screen_name": null,
    "user": {
        "id": 968883368912982017,
        "id_str": "968883368912982017",
        "name": "TechWheel",
        "screen_name": "techwheelorg",
        "location": "",
        "description": "Investing in people via technology.",
        "url": "https://t.co/4IndDKKZRs",
        "entities": {
            "url": {
                "urls": [
                    {
                        "url": "https://t.co/4IndDKKZRs",
                        "expanded_url": "http://techwheel.org",
                        "display_url": "techwheel.org",
                        "indices": [
                            0,
                            23
                        ]
                    }
                ]
            },
            "description": {
                "urls": []
            }
        },
        "protected": false,
        "followers_count": 126,
        "friends_count": 368,
        "listed_count": 0,
        "created_at": "Wed Feb 28 16:19:30 +0000 2018",
        "favourites_count": 172,
        "utc_offset": null,
        "time_zone": null,
        "geo_enabled": false,
        "verified": false,
        "statuses_count": 979,
        "lang": "en",
        "contributors_enabled": false,
        "is_translator": false,
        "is_translation_enabled": false,
        "profile_background_color": "000000",
        "profile_background_image_url": "http://abs.twimg.com/images/themes/theme1/bg.png",
        "profile_background_image_url_https": "https://abs.twimg.com/images/themes/theme1/bg.png",
        "profile_background_tile": false,
        "profile_image_url": "http://pbs.twimg.com/profile_images/976877963567403014/VqpagUUy_normal.jpg",
        "profile_image_url_https": "https://pbs.twimg.com/profile_images/976877963567403014/VqpagUUy_normal.jpg",
        "profile_banner_url": "https://pbs.twimg.com/profile_banners/968883368912982017/1521740806",
        "profile_link_color": "7FDBB6",
        "profile_sidebar_border_color": "000000",
        "profile_sidebar_fill_color": "000000",
        "profile_text_color": "000000",
        "profile_use_background_image": false,
        "has_extended_profile": false,
        "default_profile": false,
        "default_profile_image": false,
        "following": null,
        "follow_request_sent": null,
        "notifications": null,
        "translator_type": "none"
    },
    "geo": null,
    "coordinates": null,
    "place": null,
    "contributors": null,
    "is_quote_status": false,
    "retweet_count": 0,
    "favorite_count": 0,
    "favorited": false,
    "retweeted": false,
    "possibly_sensitive": false,
    "lang": "en"
}