{
    "created_at": "Tue Apr 16 18:06:44 +0000 2019",
    "id": 1118214155096526852,
    "id_str": "1118214155096526852",
    "text": "@Uber estrena hoy en Madrid su servicio de patinetes el\u00e9ctricos Jump https://t.co/mf5Uzlvpag via @elpais_economia",
    "truncated": false,
    "entities": {
        "hashtags": [],
        "symbols": [],
        "user_mentions": [
            {
                "screen_name": "Uber",
                "name": "Uber",
                "id": 19103481,
                "id_str": "19103481",
                "indices": [
                    0,
                    5
                ]
            },
            {
                "screen_name": "elpais_economia",
                "name": "EL PA\u00cdS Econom\u00eda",
                "id": 54179670,
                "id_str": "54179670",
                "indices": [
                    97,
                    113
                ]
            }
        ],
        "urls": [
            {
                "url": "https://t.co/mf5Uzlvpag",
                "expanded_url": "https://elpais.com/economia/2019/04/08/actualidad/1554741503_048433.html?id_externo_rsoc=TW_CC",
                "display_url": "elpais.com/economia/2019/\u2026",
                "indices": [
                    69,
                    92
                ]
            }
        ]
    },
    "metadata": {
        "iso_language_code": "es",
        "result_type": "recent"
    },
    "source": "<a href=\"http://twitter.com\" rel=\"nofollow\">Twitter Web Client</a>",
    "in_reply_to_status_id": null,
    "in_reply_to_status_id_str": null,
    "in_reply_to_user_id": 19103481,
    "in_reply_to_user_id_str": "19103481",
    "in_reply_to_screen_name": "Uber",
    "user": {
        "id": 25529840,
        "id_str": "25529840",
        "name": "Larissa Pereira Mayer",
        "screen_name": "LarissaMayerpp",
        "location": "Porto Alegre, Brasil",
        "description": "Advertising. I love sports, music and creative idleness. And I'm the newest citizen of the world. Expert in @Uber_Brasil \ud83d\ude09",
        "url": "https://t.co/Z2IzA0lelB",
        "entities": {
            "url": {
                "urls": [
                    {
                        "url": "https://t.co/Z2IzA0lelB",
                        "expanded_url": "http://br.linkedin.com/in/larissamayerpp",
                        "display_url": "br.linkedin.com/in/larissamaye\u2026",
                        "indices": [
                            0,
                            23
                        ]
                    }
                ]
            },
            "description": {
                "urls": []
            }
        },
        "protected": false,
        "followers_count": 658,
        "friends_count": 1220,
        "listed_count": 16,
        "created_at": "Fri Mar 20 16:28:49 +0000 2009",
        "favourites_count": 6784,
        "utc_offset": null,
        "time_zone": null,
        "geo_enabled": true,
        "verified": false,
        "statuses_count": 7894,
        "lang": "pt",
        "contributors_enabled": false,
        "is_translator": false,
        "is_translation_enabled": false,
        "profile_background_color": "000000",
        "profile_background_image_url": "http://abs.twimg.com/images/themes/theme5/bg.gif",
        "profile_background_image_url_https": "https://abs.twimg.com/images/themes/theme5/bg.gif",
        "profile_background_tile": false,
        "profile_image_url": "http://pbs.twimg.com/profile_images/845506570377146370/-v35zasO_normal.jpg",
        "profile_image_url_https": "https://pbs.twimg.com/profile_images/845506570377146370/-v35zasO_normal.jpg",
        "profile_banner_url": "https://pbs.twimg.com/profile_banners/25529840/1507138031",
        "profile_link_color": "FB840E",
        "profile_sidebar_border_color": "373737",
        "profile_sidebar_fill_color": "373737",
        "profile_text_color": "FDB31C",
        "profile_use_background_image": true,
        "has_extended_profile": true,
        "default_profile": false,
        "default_profile_image": false,
        "following": null,
        "follow_request_sent": null,
        "notifications": null,
        "translator_type": "none"
    },
    "geo": null,
    "coordinates": null,
    "place": null,
    "contributors": null,
    "is_quote_status": false,
    "retweet_count": 0,
    "favorite_count": 0,
    "favorited": false,
    "retweeted": false,
    "possibly_sensitive": false,
    "lang": "es"
}