{
    "created_at": "Tue Apr 16 20:42:15 +0000 2019",
    "id": 1118253290590998529,
    "id_str": "1118253290590998529",
    "text": "#uber says it fixed its e-bikes with similar brake problems as Lyft, but some riders were still injured #theverge\u2026 https://t.co/YWl6H9pNHC",
    "truncated": true,
    "entities": {
        "hashtags": [
            {
                "text": "uber",
                "indices": [
                    0,
                    5
                ]
            },
            {
                "text": "theverge",
                "indices": [
                    104,
                    113
                ]
            }
        ],
        "symbols": [],
        "user_mentions": [],
        "urls": [
            {
                "url": "https://t.co/YWl6H9pNHC",
                "expanded_url": "https://twitter.com/i/web/status/1118253290590998529",
                "display_url": "twitter.com/i/web/status/1\u2026",
                "indices": [
                    115,
                    138
                ]
            }
        ]
    },
    "metadata": {
        "iso_language_code": "en",
        "result_type": "recent"
    },
    "source": "<a href=\"http://www.iero.org\" rel=\"nofollow\">NewsKrunch</a>",
    "in_reply_to_status_id": null,
    "in_reply_to_status_id_str": null,
    "in_reply_to_user_id": null,
    "in_reply_to_user_id_str": null,
    "in_reply_to_screen_name": null,
    "user": {
        "id": 827495764049981442,
        "id_str": "827495764049981442",
        "name": "G.Fabre Digital",
        "screen_name": "gfabre_digital",
        "location": "San Francisco - California",
        "description": "Fil d'info en continu (french/english) #digital par Gregori Fabre, COO Total EP AI & Geosciences #innovation #greentech #crypto #startup #disrupt",
        "url": "https://t.co/wB0UvgVuex",
        "entities": {
            "url": {
                "urls": [
                    {
                        "url": "https://t.co/wB0UvgVuex",
                        "expanded_url": "http://www.total.com",
                        "display_url": "total.com",
                        "indices": [
                            0,
                            23
                        ]
                    }
                ]
            },
            "description": {
                "urls": []
            }
        },
        "protected": false,
        "followers_count": 2517,
        "friends_count": 3456,
        "listed_count": 83,
        "created_at": "Fri Feb 03 12:35:39 +0000 2017",
        "favourites_count": 407,
        "utc_offset": null,
        "time_zone": null,
        "geo_enabled": false,
        "verified": false,
        "statuses_count": 78674,
        "lang": "fr",
        "contributors_enabled": false,
        "is_translator": false,
        "is_translation_enabled": false,
        "profile_background_color": "000000",
        "profile_background_image_url": "http://abs.twimg.com/images/themes/theme1/bg.png",
        "profile_background_image_url_https": "https://abs.twimg.com/images/themes/theme1/bg.png",
        "profile_background_tile": false,
        "profile_image_url": "http://pbs.twimg.com/profile_images/830140094606692352/Oz9aOYge_normal.jpg",
        "profile_image_url_https": "https://pbs.twimg.com/profile_images/830140094606692352/Oz9aOYge_normal.jpg",
        "profile_banner_url": "https://pbs.twimg.com/profile_banners/827495764049981442/1520764308",
        "profile_link_color": "1B95E0",
        "profile_sidebar_border_color": "000000",
        "profile_sidebar_fill_color": "000000",
        "profile_text_color": "000000",
        "profile_use_background_image": false,
        "has_extended_profile": false,
        "default_profile": false,
        "default_profile_image": false,
        "following": null,
        "follow_request_sent": null,
        "notifications": null,
        "translator_type": "none"
    },
    "geo": null,
    "coordinates": null,
    "place": null,
    "contributors": null,
    "is_quote_status": false,
    "retweet_count": 0,
    "favorite_count": 0,
    "favorited": false,
    "retweeted": false,
    "possibly_sensitive": false,
    "lang": "en"
}