{
    "created_at": "Wed Apr 17 20:05:52 +0000 2019",
    "id": 1118606524471857152,
    "id_str": "1118606524471857152",
    "text": "@Uber @Uber_Support You got to fix your system. Just reset my password, and when I try to login it says \u201cwrong pass\u2026 https://t.co/e3RrzHc6uG",
    "truncated": true,
    "entities": {
        "hashtags": [],
        "symbols": [],
        "user_mentions": [
            {
                "screen_name": "Uber",
                "name": "Uber",
                "id": 19103481,
                "id_str": "19103481",
                "indices": [
                    0,
                    5
                ]
            },
            {
                "screen_name": "Uber_Support",
                "name": "Uber Support",
                "id": 2815754953,
                "id_str": "2815754953",
                "indices": [
                    6,
                    19
                ]
            }
        ],
        "urls": [
            {
                "url": "https://t.co/e3RrzHc6uG",
                "expanded_url": "https://twitter.com/i/web/status/1118606524471857152",
                "display_url": "twitter.com/i/web/status/1\u2026",
                "indices": [
                    117,
                    140
                ]
            }
        ]
    },
    "metadata": {
        "iso_language_code": "en",
        "result_type": "recent"
    },
    "source": "<a href=\"http://twitter.com/download/iphone\" rel=\"nofollow\">Twitter for iPhone</a>",
    "in_reply_to_status_id": null,
    "in_reply_to_status_id_str": null,
    "in_reply_to_user_id": 19103481,
    "in_reply_to_user_id_str": "19103481",
    "in_reply_to_screen_name": "Uber",
    "user": {
        "id": 283727542,
        "id_str": "283727542",
        "name": "Zlaja Divjakinja",
        "screen_name": "monsterdiv",
        "location": "San Francisco, CA",
        "description": "I grew up as a child, then I got into my teens, then onto my 20s, and here I am in my 30s.",
        "url": "https://t.co/b2Qp5rpMf2",
        "entities": {
            "url": {
                "urls": [
                    {
                        "url": "https://t.co/b2Qp5rpMf2",
                        "expanded_url": "http://none.com",
                        "display_url": "none.com",
                        "indices": [
                            0,
                            23
                        ]
                    }
                ]
            },
            "description": {
                "urls": []
            }
        },
        "protected": false,
        "followers_count": 121,
        "friends_count": 262,
        "listed_count": 9,
        "created_at": "Sun Apr 17 22:16:50 +0000 2011",
        "favourites_count": 84,
        "utc_offset": null,
        "time_zone": null,
        "geo_enabled": true,
        "verified": false,
        "statuses_count": 717,
        "lang": "en",
        "contributors_enabled": false,
        "is_translator": false,
        "is_translation_enabled": false,
        "profile_background_color": "C0DEED",
        "profile_background_image_url": "http://abs.twimg.com/images/themes/theme1/bg.png",
        "profile_background_image_url_https": "https://abs.twimg.com/images/themes/theme1/bg.png",
        "profile_background_tile": false,
        "profile_image_url": "http://pbs.twimg.com/profile_images/699462175560077312/9ximVvvu_normal.jpg",
        "profile_image_url_https": "https://pbs.twimg.com/profile_images/699462175560077312/9ximVvvu_normal.jpg",
        "profile_banner_url": "https://pbs.twimg.com/profile_banners/283727542/1367646213",
        "profile_link_color": "1DA1F2",
        "profile_sidebar_border_color": "C0DEED",
        "profile_sidebar_fill_color": "DDEEF6",
        "profile_text_color": "333333",
        "profile_use_background_image": true,
        "has_extended_profile": true,
        "default_profile": true,
        "default_profile_image": false,
        "following": null,
        "follow_request_sent": null,
        "notifications": null,
        "translator_type": "none"
    },
    "geo": null,
    "coordinates": null,
    "place": null,
    "contributors": null,
    "is_quote_status": false,
    "retweet_count": 0,
    "favorite_count": 0,
    "favorited": false,
    "retweeted": false,
    "lang": "en"
}