{
    "created_at": "Tue Apr 16 04:31:52 +0000 2019",
    "id": 1118009086723936256,
    "id_str": "1118009086723936256",
    "text": "if i ever get in an Uber and the driver is playing Nickelback i'm going to wait until they're going over 30mph and jump out",
    "truncated": false,
    "entities": {
        "hashtags": [],
        "symbols": [],
        "user_mentions": [],
        "urls": []
    },
    "metadata": {
        "iso_language_code": "en",
        "result_type": "recent"
    },
    "source": "<a href=\"http://twitter.com/download/iphone\" rel=\"nofollow\">Twitter for iPhone</a>",
    "in_reply_to_status_id": null,
    "in_reply_to_status_id_str": null,
    "in_reply_to_user_id": null,
    "in_reply_to_user_id_str": null,
    "in_reply_to_screen_name": null,
    "user": {
        "id": 612523158,
        "id_str": "612523158",
        "name": "L. Lawliet",
        "screen_name": "KingJuulius",
        "location": "North Adams, MA",
        "description": "Tobirama would beat Minato in a fight //MCLA 21",
        "url": null,
        "entities": {
            "description": {
                "urls": []
            }
        },
        "protected": false,
        "followers_count": 312,
        "friends_count": 135,
        "listed_count": 1,
        "created_at": "Tue Jun 19 10:17:40 +0000 2012",
        "favourites_count": 6414,
        "utc_offset": null,
        "time_zone": null,
        "geo_enabled": true,
        "verified": false,
        "statuses_count": 7371,
        "lang": "en",
        "contributors_enabled": false,
        "is_translator": false,
        "is_translation_enabled": true,
        "profile_background_color": "000000",
        "profile_background_image_url": "http://abs.twimg.com/images/themes/theme1/bg.png",
        "profile_background_image_url_https": "https://abs.twimg.com/images/themes/theme1/bg.png",
        "profile_background_tile": false,
        "profile_image_url": "http://pbs.twimg.com/profile_images/1082728811731603458/qbke7kDU_normal.jpg",
        "profile_image_url_https": "https://pbs.twimg.com/profile_images/1082728811731603458/qbke7kDU_normal.jpg",
        "profile_banner_url": "https://pbs.twimg.com/profile_banners/612523158/1545475882",
        "profile_link_color": "93ADCC",
        "profile_sidebar_border_color": "000000",
        "profile_sidebar_fill_color": "000000",
        "profile_text_color": "000000",
        "profile_use_background_image": false,
        "has_extended_profile": true,
        "default_profile": false,
        "default_profile_image": false,
        "following": null,
        "follow_request_sent": null,
        "notifications": null,
        "translator_type": "none"
    },
    "geo": null,
    "coordinates": null,
    "place": null,
    "contributors": null,
    "is_quote_status": false,
    "retweet_count": 0,
    "favorite_count": 3,
    "favorited": false,
    "retweeted": false,
    "lang": "en"
}