{
    "created_at": "Wed Apr 17 23:12:48 +0000 2019",
    "id": 1118653566749696000,
    "id_str": "1118653566749696000",
    "text": "@StreetsblogNYC @Uber @lyft @CitiBikeNYC @jump_rides User error",
    "truncated": false,
    "entities": {
        "hashtags": [],
        "symbols": [],
        "user_mentions": [
            {
                "screen_name": "StreetsblogNYC",
                "name": "Streetsblog New York",
                "id": 128750686,
                "id_str": "128750686",
                "indices": [
                    0,
                    15
                ]
            },
            {
                "screen_name": "Uber",
                "name": "Uber",
                "id": 19103481,
                "id_str": "19103481",
                "indices": [
                    16,
                    21
                ]
            },
            {
                "screen_name": "lyft",
                "name": "Lyft",
                "id": 569569550,
                "id_str": "569569550",
                "indices": [
                    22,
                    27
                ]
            },
            {
                "screen_name": "CitiBikeNYC",
                "name": "Citi Bike",
                "id": 366631688,
                "id_str": "366631688",
                "indices": [
                    28,
                    40
                ]
            },
            {
                "screen_name": "jump_rides",
                "name": "JUMP",
                "id": 868126911817502721,
                "id_str": "868126911817502721",
                "indices": [
                    41,
                    52
                ]
            }
        ],
        "urls": []
    },
    "metadata": {
        "iso_language_code": "es",
        "result_type": "recent"
    },
    "source": "<a href=\"http://twitter.com/download/iphone\" rel=\"nofollow\">Twitter for iPhone</a>",
    "in_reply_to_status_id": 1118636785972785152,
    "in_reply_to_status_id_str": "1118636785972785152",
    "in_reply_to_user_id": 128750686,
    "in_reply_to_user_id_str": "128750686",
    "in_reply_to_screen_name": "StreetsblogNYC",
    "user": {
        "id": 785256498481987584,
        "id_str": "785256498481987584",
        "name": "Mr. Mxyzptlk",
        "screen_name": "niggiwwerdna",
        "location": "Malus Malum",
        "description": "I warn y\u2019all cornballs, I hush puppies",
        "url": null,
        "entities": {
            "description": {
                "urls": []
            }
        },
        "protected": false,
        "followers_count": 64,
        "friends_count": 541,
        "listed_count": 1,
        "created_at": "Sun Oct 09 23:11:53 +0000 2016",
        "favourites_count": 17140,
        "utc_offset": null,
        "time_zone": null,
        "geo_enabled": false,
        "verified": false,
        "statuses_count": 7360,
        "lang": "en",
        "contributors_enabled": false,
        "is_translator": false,
        "is_translation_enabled": false,
        "profile_background_color": "000000",
        "profile_background_image_url": "http://abs.twimg.com/images/themes/theme1/bg.png",
        "profile_background_image_url_https": "https://abs.twimg.com/images/themes/theme1/bg.png",
        "profile_background_tile": false,
        "profile_image_url": "http://pbs.twimg.com/profile_images/932086102705541121/i3gD2rLd_normal.jpg",
        "profile_image_url_https": "https://pbs.twimg.com/profile_images/932086102705541121/i3gD2rLd_normal.jpg",
        "profile_banner_url": "https://pbs.twimg.com/profile_banners/785256498481987584/1547753988",
        "profile_link_color": "1B95E0",
        "profile_sidebar_border_color": "000000",
        "profile_sidebar_fill_color": "000000",
        "profile_text_color": "000000",
        "profile_use_background_image": false,
        "has_extended_profile": true,
        "default_profile": false,
        "default_profile_image": false,
        "following": null,
        "follow_request_sent": null,
        "notifications": null,
        "translator_type": "none"
    },
    "geo": null,
    "coordinates": null,
    "place": null,
    "contributors": null,
    "is_quote_status": false,
    "retweet_count": 0,
    "favorite_count": 0,
    "favorited": false,
    "retweeted": false,
    "lang": "es"
}