{
    "created_at": "Tue Apr 16 22:31:52 +0000 2019",
    "id": 1118280877572874242,
    "id_str": "1118280877572874242",
    "text": "RT @AsherDeMontreal: Apparently Uber/JUMP faced the same issues as Lyft now is with their ebikes. It didn't publicize it, or tell Lyft (whi\u2026",
    "truncated": false,
    "entities": {
        "hashtags": [],
        "symbols": [],
        "user_mentions": [
            {
                "screen_name": "AsherDeMontreal",
                "name": "Asher \ud83d\udeb6\ud83c\udff0\ud83d\udd30",
                "id": 3064857108,
                "id_str": "3064857108",
                "indices": [
                    3,
                    19
                ]
            }
        ],
        "urls": []
    },
    "metadata": {
        "iso_language_code": "en",
        "result_type": "recent"
    },
    "source": "<a href=\"http://techmeme.com/about\" rel=\"nofollow\">Techmeme Editors</a>",
    "in_reply_to_status_id": null,
    "in_reply_to_status_id_str": null,
    "in_reply_to_user_id": null,
    "in_reply_to_user_id_str": null,
    "in_reply_to_screen_name": null,
    "user": {
        "id": 771810098025037824,
        "id_str": "771810098025037824",
        "name": "Techmeme Chatter",
        "screen_name": "TechmemeChatter",
        "location": "San Francisco, CA",
        "description": "This account retweets the tweets that Techmeme links to.",
        "url": "https://t.co/WkkclBShsZ",
        "entities": {
            "url": {
                "urls": [
                    {
                        "url": "https://t.co/WkkclBShsZ",
                        "expanded_url": "http://techmeme.com/",
                        "display_url": "techmeme.com",
                        "indices": [
                            0,
                            23
                        ]
                    }
                ]
            },
            "description": {
                "urls": []
            }
        },
        "protected": false,
        "followers_count": 2264,
        "friends_count": 1,
        "listed_count": 163,
        "created_at": "Fri Sep 02 20:40:42 +0000 2016",
        "favourites_count": 0,
        "utc_offset": null,
        "time_zone": null,
        "geo_enabled": false,
        "verified": false,
        "statuses_count": 55452,
        "lang": "en",
        "contributors_enabled": false,
        "is_translator": false,
        "is_translation_enabled": false,
        "profile_background_color": "000000",
        "profile_background_image_url": "http://abs.twimg.com/images/themes/theme1/bg.png",
        "profile_background_image_url_https": "https://abs.twimg.com/images/themes/theme1/bg.png",
        "profile_background_tile": false,
        "profile_image_url": "http://pbs.twimg.com/profile_images/774742521612087296/LHhg-vrL_normal.jpg",
        "profile_image_url_https": "https://pbs.twimg.com/profile_images/774742521612087296/LHhg-vrL_normal.jpg",
        "profile_banner_url": "https://pbs.twimg.com/profile_banners/771810098025037824/1472849617",
        "profile_link_color": "1530B0",
        "profile_sidebar_border_color": "000000",
        "profile_sidebar_fill_color": "000000",
        "profile_text_color": "000000",
        "profile_use_background_image": false,
        "has_extended_profile": false,
        "default_profile": false,
        "default_profile_image": false,
        "following": null,
        "follow_request_sent": null,
        "notifications": null,
        "translator_type": "none"
    },
    "geo": null,
    "coordinates": null,
    "place": null,
    "contributors": null,
    "retweeted_status": {
        "created_at": "Tue Apr 16 18:55:36 +0000 2019",
        "id": 1118226452242227200,
        "id_str": "1118226452242227200",
        "text": "Apparently Uber/JUMP faced the same issues as Lyft now is with their ebikes. It didn't publicize it, or tell Lyft (\u2026 https://t.co/KVwHK65FoF",
        "truncated": true,
        "entities": {
            "hashtags": [],
            "symbols": [],
            "user_mentions": [],
            "urls": [
                {
                    "url": "https://t.co/KVwHK65FoF",
                    "expanded_url": "https://twitter.com/i/web/status/1118226452242227200",
                    "display_url": "twitter.com/i/web/status/1\u2026",
                    "indices": [
                        117,
                        140
                    ]
                }
            ]
        },
        "metadata": {
            "iso_language_code": "en",
            "result_type": "recent"
        },
        "source": "<a href=\"http://twitter.com\" rel=\"nofollow\">Twitter Web Client</a>",
        "in_reply_to_status_id": null,
        "in_reply_to_status_id_str": null,
        "in_reply_to_user_id": null,
        "in_reply_to_user_id_str": null,
        "in_reply_to_screen_name": null,
        "user": {
            "id": 3064857108,
            "id_str": "3064857108",
            "name": "Asher \ud83d\udeb6\ud83c\udff0\ud83d\udd30",
            "screen_name": "AsherDeMontreal",
            "location": "Montr\u00e9al, Qu\u00e9bec",
            "description": "Old urbanism revanchist. Influences: Henry George, Ivan Illich, Bernard Rudofsky, E.F. Schumacher, Donald Shoup. \"Stadtluft macht frei.\" DMs welcome.",
            "url": null,
            "entities": {
                "description": {
                    "urls": []
                }
            },
            "protected": false,
            "followers_count": 1102,
            "friends_count": 270,
            "listed_count": 25,
            "created_at": "Fri Mar 06 13:37:17 +0000 2015",
            "favourites_count": 8183,
            "utc_offset": null,
            "time_zone": null,
            "geo_enabled": false,
            "verified": false,
            "statuses_count": 8929,
            "lang": "en",
            "contributors_enabled": false,
            "is_translator": false,
            "is_translation_enabled": false,
            "profile_background_color": "000000",
            "profile_background_image_url": "http://abs.twimg.com/images/themes/theme1/bg.png",
            "profile_background_image_url_https": "https://abs.twimg.com/images/themes/theme1/bg.png",
            "profile_background_tile": false,
            "profile_image_url": "http://pbs.twimg.com/profile_images/910600779030970368/Q10zpG7M_normal.jpg",
            "profile_image_url_https": "https://pbs.twimg.com/profile_images/910600779030970368/Q10zpG7M_normal.jpg",
            "profile_banner_url": "https://pbs.twimg.com/profile_banners/3064857108/1505939111",
            "profile_link_color": "1353F3",
            "profile_sidebar_border_color": "000000",
            "profile_sidebar_fill_color": "000000",
            "profile_text_color": "000000",
            "profile_use_background_image": false,
            "has_extended_profile": false,
            "default_profile": false,
            "default_profile_image": false,
            "following": null,
            "follow_request_sent": null,
            "notifications": null,
            "translator_type": "none"
        },
        "geo": null,
        "coordinates": null,
        "place": null,
        "contributors": null,
        "is_quote_status": false,
        "retweet_count": 2,
        "favorite_count": 10,
        "favorited": false,
        "retweeted": false,
        "possibly_sensitive": false,
        "lang": "en"
    },
    "is_quote_status": false,
    "retweet_count": 2,
    "favorite_count": 0,
    "favorited": false,
    "retweeted": false,
    "lang": "en"
}