{
    "created_at": "Tue Apr 16 16:50:25 +0000 2019",
    "id": 1118194950330408960,
    "id_str": "1118194950330408960",
    "text": "No mention on JUMP or Uber websites or Facebook about any changes, but in the absence of other information, I have\u2026 https://t.co/8gG0x1F3v4",
    "truncated": true,
    "entities": {
        "hashtags": [],
        "symbols": [],
        "user_mentions": [],
        "urls": [
            {
                "url": "https://t.co/8gG0x1F3v4",
                "expanded_url": "https://twitter.com/i/web/status/1118194950330408960",
                "display_url": "twitter.com/i/web/status/1\u2026",
                "indices": [
                    116,
                    139
                ]
            }
        ]
    },
    "metadata": {
        "iso_language_code": "en",
        "result_type": "recent"
    },
    "source": "<a href=\"http://twitter.com/#!/download/ipad\" rel=\"nofollow\">Twitter for iPad</a>",
    "in_reply_to_status_id": 1118181797706121216,
    "in_reply_to_status_id_str": "1118181797706121216",
    "in_reply_to_user_id": 2249640337,
    "in_reply_to_user_id_str": "2249640337",
    "in_reply_to_screen_name": "GetAroundSac",
    "user": {
        "id": 2249640337,
        "id_str": "2249640337",
        "name": "Getting Around Sac",
        "screen_name": "GetAroundSac",
        "location": "Sacramento CA",
        "description": "by foot, bicycle, and public transit (car-free!)",
        "url": "http://t.co/hD6ju2mz5C",
        "entities": {
            "url": {
                "urls": [
                    {
                        "url": "http://t.co/hD6ju2mz5C",
                        "expanded_url": "http://gettingaroundsac.wordpress.com",
                        "display_url": "gettingaroundsac.wordpress.com",
                        "indices": [
                            0,
                            22
                        ]
                    }
                ]
            },
            "description": {
                "urls": []
            }
        },
        "protected": false,
        "followers_count": 372,
        "friends_count": 239,
        "listed_count": 21,
        "created_at": "Tue Dec 17 02:02:09 +0000 2013",
        "favourites_count": 206,
        "utc_offset": null,
        "time_zone": null,
        "geo_enabled": false,
        "verified": false,
        "statuses_count": 4808,
        "lang": "en",
        "contributors_enabled": false,
        "is_translator": false,
        "is_translation_enabled": false,
        "profile_background_color": "C0DEED",
        "profile_background_image_url": "http://abs.twimg.com/images/themes/theme1/bg.png",
        "profile_background_image_url_https": "https://abs.twimg.com/images/themes/theme1/bg.png",
        "profile_background_tile": false,
        "profile_image_url": "http://pbs.twimg.com/profile_images/412779463290519552/qk_9XT_G_normal.png",
        "profile_image_url_https": "https://pbs.twimg.com/profile_images/412779463290519552/qk_9XT_G_normal.png",
        "profile_banner_url": "https://pbs.twimg.com/profile_banners/2249640337/1423502940",
        "profile_link_color": "1DA1F2",
        "profile_sidebar_border_color": "C0DEED",
        "profile_sidebar_fill_color": "DDEEF6",
        "profile_text_color": "333333",
        "profile_use_background_image": true,
        "has_extended_profile": false,
        "default_profile": true,
        "default_profile_image": false,
        "following": null,
        "follow_request_sent": null,
        "notifications": null,
        "translator_type": "none"
    },
    "geo": null,
    "coordinates": null,
    "place": null,
    "contributors": null,
    "is_quote_status": false,
    "retweet_count": 0,
    "favorite_count": 0,
    "favorited": false,
    "retweeted": false,
    "lang": "en"
}