{
    "created_at": "Wed Apr 17 02:08:01 +0000 2019",
    "id": 1118335272108867584,
    "id_str": "1118335272108867584",
    "text": "Jump bikes ftw! Missed my bus home from work, looked over and saw a Jump bike. Easy 10 minute ride. \ud83d\udc4c thanks um @Uber ?",
    "truncated": false,
    "entities": {
        "hashtags": [],
        "symbols": [],
        "user_mentions": [
            {
                "screen_name": "Uber",
                "name": "Uber",
                "id": 19103481,
                "id_str": "19103481",
                "indices": [
                    112,
                    117
                ]
            }
        ],
        "urls": []
    },
    "metadata": {
        "iso_language_code": "en",
        "result_type": "recent"
    },
    "source": "<a href=\"http://twitter.com/download/iphone\" rel=\"nofollow\">Twitter for iPhone</a>",
    "in_reply_to_status_id": null,
    "in_reply_to_status_id_str": null,
    "in_reply_to_user_id": null,
    "in_reply_to_user_id_str": null,
    "in_reply_to_screen_name": null,
    "user": {
        "id": 25888758,
        "id_str": "25888758",
        "name": "Joshua Walsh",
        "screen_name": "_jtwalsh",
        "location": "Providence, RI",
        "description": "Still bearded...",
        "url": null,
        "entities": {
            "description": {
                "urls": []
            }
        },
        "protected": false,
        "followers_count": 129,
        "friends_count": 182,
        "listed_count": 11,
        "created_at": "Sun Mar 22 21:54:05 +0000 2009",
        "favourites_count": 271,
        "utc_offset": null,
        "time_zone": null,
        "geo_enabled": true,
        "verified": false,
        "statuses_count": 7,
        "lang": "en",
        "contributors_enabled": false,
        "is_translator": false,
        "is_translation_enabled": false,
        "profile_background_color": "000000",
        "profile_background_image_url": "http://abs.twimg.com/images/themes/theme9/bg.gif",
        "profile_background_image_url_https": "https://abs.twimg.com/images/themes/theme9/bg.gif",
        "profile_background_tile": false,
        "profile_image_url": "http://pbs.twimg.com/profile_images/504058091927646208/ocjWHYek_normal.jpeg",
        "profile_image_url_https": "https://pbs.twimg.com/profile_images/504058091927646208/ocjWHYek_normal.jpeg",
        "profile_banner_url": "https://pbs.twimg.com/profile_banners/25888758/1409011765",
        "profile_link_color": "3E9997",
        "profile_sidebar_border_color": "000000",
        "profile_sidebar_fill_color": "000000",
        "profile_text_color": "000000",
        "profile_use_background_image": false,
        "has_extended_profile": false,
        "default_profile": false,
        "default_profile_image": false,
        "following": null,
        "follow_request_sent": null,
        "notifications": null,
        "translator_type": "none"
    },
    "geo": null,
    "coordinates": null,
    "place": null,
    "contributors": null,
    "is_quote_status": false,
    "retweet_count": 0,
    "favorite_count": 0,
    "favorited": false,
    "retweeted": false,
    "lang": "en"
}