{
    "created_at": "Wed Apr 17 05:07:17 +0000 2019",
    "id": 1118380388974583808,
    "id_str": "1118380388974583808",
    "text": "Uber\u2019in kullan\u0131c\u0131 kaybetmesine yol a\u00e7an uygulama JUMP nedir? (Uber, uygulamay\u0131 sat\u0131n ald\u0131) \n https://t.co/cT5JjUPRj6",
    "truncated": false,
    "entities": {
        "hashtags": [],
        "symbols": [],
        "user_mentions": [],
        "urls": [
            {
                "url": "https://t.co/cT5JjUPRj6",
                "expanded_url": "https://bundle.app/RVKdfJEN",
                "display_url": "bundle.app/RVKdfJEN",
                "indices": [
                    93,
                    116
                ]
            }
        ]
    },
    "metadata": {
        "result_type": "recent",
        "iso_language_code": "tr"
    },
    "source": "<a href=\"http://twitter.com/download/iphone\" rel=\"nofollow\">Twitter for iPhone</a>",
    "in_reply_to_status_id": null,
    "in_reply_to_status_id_str": null,
    "in_reply_to_user_id": null,
    "in_reply_to_user_id_str": null,
    "in_reply_to_screen_name": null,
    "user": {
        "id": 717699784207900672,
        "id_str": "717699784207900672",
        "name": "G\u00dcNG\u00d6R HEPBAY",
        "screen_name": "Gungor42691394",
        "location": "\u0130stanbul, T\u00fcrkiye",
        "description": "Spor:FENERBAH\u00c7E.                                                         i\u015e: \u0130MAS MAD AK\u015eAM SAN VE T\u0130C.                                  \u0130\u015e:HEPBAYTUR\u0130Z\u0130M LTD \u015eT",
        "url": null,
        "entities": {
            "description": {
                "urls": []
            }
        },
        "protected": false,
        "followers_count": 202,
        "friends_count": 1173,
        "listed_count": 3,
        "created_at": "Wed Apr 06 13:05:37 +0000 2016",
        "favourites_count": 5244,
        "utc_offset": null,
        "time_zone": null,
        "geo_enabled": true,
        "verified": false,
        "statuses_count": 11235,
        "lang": "en",
        "contributors_enabled": false,
        "is_translator": false,
        "is_translation_enabled": false,
        "profile_background_color": "F5F8FA",
        "profile_background_image_url": null,
        "profile_background_image_url_https": null,
        "profile_background_tile": false,
        "profile_image_url": "http://pbs.twimg.com/profile_images/908601675690242049/qArY8seS_normal.jpg",
        "profile_image_url_https": "https://pbs.twimg.com/profile_images/908601675690242049/qArY8seS_normal.jpg",
        "profile_banner_url": "https://pbs.twimg.com/profile_banners/717699784207900672/1528751133",
        "profile_link_color": "1DA1F2",
        "profile_sidebar_border_color": "C0DEED",
        "profile_sidebar_fill_color": "DDEEF6",
        "profile_text_color": "333333",
        "profile_use_background_image": true,
        "has_extended_profile": true,
        "default_profile": true,
        "default_profile_image": false,
        "following": null,
        "follow_request_sent": null,
        "notifications": null,
        "translator_type": "none"
    },
    "geo": null,
    "coordinates": null,
    "place": null,
    "contributors": null,
    "is_quote_status": false,
    "retweet_count": 0,
    "favorite_count": 1,
    "favorited": false,
    "retweeted": false,
    "possibly_sensitive": false,
    "lang": "tr"
}