{
    "created_at": "Wed Apr 17 19:15:17 +0000 2019",
    "id": 1118593793941540867,
    "id_str": "1118593793941540867",
    "text": "\"I\u2019d rather that you not increase the price of Jump bikes, a service I have enjoyed and relied on,\u201d Tucker Cholvin\u2026 https://t.co/VPaQ8tHhOg",
    "truncated": true,
    "entities": {
        "hashtags": [],
        "symbols": [],
        "user_mentions": [],
        "urls": [
            {
                "url": "https://t.co/VPaQ8tHhOg",
                "expanded_url": "https://twitter.com/i/web/status/1118593793941540867",
                "display_url": "twitter.com/i/web/status/1\u2026",
                "indices": [
                    116,
                    139
                ]
            }
        ]
    },
    "metadata": {
        "iso_language_code": "en",
        "result_type": "recent"
    },
    "source": "<a href=\"http://twitter.com\" rel=\"nofollow\">Twitter Web Client</a>",
    "in_reply_to_status_id": 1118593603469750272,
    "in_reply_to_status_id_str": "1118593603469750272",
    "in_reply_to_user_id": 63631386,
    "in_reply_to_user_id_str": "63631386",
    "in_reply_to_screen_name": "tuckerhimself",
    "user": {
        "id": 63631386,
        "id_str": "63631386",
        "name": "Tucker Cholvin",
        "screen_name": "tuckerhimself",
        "location": "Washington, DC",
        "description": "hype boy for bicycles, public transit, better urban spaces, NPR, and stevie nicks.",
        "url": null,
        "entities": {
            "description": {
                "urls": []
            }
        },
        "protected": false,
        "followers_count": 955,
        "friends_count": 960,
        "listed_count": 8,
        "created_at": "Fri Aug 07 03:57:14 +0000 2009",
        "favourites_count": 8144,
        "utc_offset": null,
        "time_zone": null,
        "geo_enabled": true,
        "verified": false,
        "statuses_count": 3730,
        "lang": "en",
        "contributors_enabled": false,
        "is_translator": false,
        "is_translation_enabled": false,
        "profile_background_color": "C0DEED",
        "profile_background_image_url": "http://abs.twimg.com/images/themes/theme1/bg.png",
        "profile_background_image_url_https": "https://abs.twimg.com/images/themes/theme1/bg.png",
        "profile_background_tile": false,
        "profile_image_url": "http://pbs.twimg.com/profile_images/1022879052540112903/XfOtOWNE_normal.jpg",
        "profile_image_url_https": "https://pbs.twimg.com/profile_images/1022879052540112903/XfOtOWNE_normal.jpg",
        "profile_banner_url": "https://pbs.twimg.com/profile_banners/63631386/1532708477",
        "profile_link_color": "ABB8C2",
        "profile_sidebar_border_color": "C0DEED",
        "profile_sidebar_fill_color": "DDEEF6",
        "profile_text_color": "333333",
        "profile_use_background_image": true,
        "has_extended_profile": false,
        "default_profile": false,
        "default_profile_image": false,
        "following": null,
        "follow_request_sent": null,
        "notifications": null,
        "translator_type": "none"
    },
    "geo": null,
    "coordinates": null,
    "place": null,
    "contributors": null,
    "is_quote_status": false,
    "retweet_count": 0,
    "favorite_count": 3,
    "favorited": false,
    "retweeted": false,
    "lang": "en"
}