{
    "created_at": "Wed Apr 17 17:29:57 +0000 2019",
    "id": 1118567287236247553,
    "id_str": "1118567287236247553",
    "text": "@1okhooker Absolutely I would jump in the limo instead of an uber.",
    "truncated": false,
    "entities": {
        "hashtags": [],
        "symbols": [],
        "user_mentions": [
            {
                "screen_name": "1okhooker",
                "name": "1okhooker",
                "id": 4173258794,
                "id_str": "4173258794",
                "indices": [
                    0,
                    10
                ]
            }
        ],
        "urls": []
    },
    "metadata": {
        "iso_language_code": "en",
        "result_type": "recent"
    },
    "source": "<a href=\"http://twitter.com/download/iphone\" rel=\"nofollow\">Twitter for iPhone</a>",
    "in_reply_to_status_id": 1118562849956290561,
    "in_reply_to_status_id_str": "1118562849956290561",
    "in_reply_to_user_id": 4173258794,
    "in_reply_to_user_id_str": "4173258794",
    "in_reply_to_screen_name": "1okhooker",
    "user": {
        "id": 1083948603893272576,
        "id_str": "1083948603893272576",
        "name": "deresa hughes",
        "screen_name": "DeresaHughes",
        "location": "",
        "description": "I am a registered dental hygienist and BURST ambassador!",
        "url": null,
        "entities": {
            "description": {
                "urls": []
            }
        },
        "protected": false,
        "followers_count": 122,
        "friends_count": 238,
        "listed_count": 0,
        "created_at": "Sat Jan 12 04:47:40 +0000 2019",
        "favourites_count": 1892,
        "utc_offset": null,
        "time_zone": null,
        "geo_enabled": false,
        "verified": false,
        "statuses_count": 324,
        "lang": "en",
        "contributors_enabled": false,
        "is_translator": false,
        "is_translation_enabled": false,
        "profile_background_color": "F5F8FA",
        "profile_background_image_url": null,
        "profile_background_image_url_https": null,
        "profile_background_tile": false,
        "profile_image_url": "http://pbs.twimg.com/profile_images/1111470059011092480/__nSTcYD_normal.jpg",
        "profile_image_url_https": "https://pbs.twimg.com/profile_images/1111470059011092480/__nSTcYD_normal.jpg",
        "profile_link_color": "1DA1F2",
        "profile_sidebar_border_color": "C0DEED",
        "profile_sidebar_fill_color": "DDEEF6",
        "profile_text_color": "333333",
        "profile_use_background_image": true,
        "has_extended_profile": false,
        "default_profile": true,
        "default_profile_image": false,
        "following": null,
        "follow_request_sent": null,
        "notifications": null,
        "translator_type": "none"
    },
    "geo": null,
    "coordinates": null,
    "place": null,
    "contributors": null,
    "is_quote_status": false,
    "retweet_count": 0,
    "favorite_count": 1,
    "favorited": false,
    "retweeted": false,
    "lang": "en"
}