{
    "created_at": "Wed Apr 17 18:58:16 +0000 2019",
    "id": 1118589509107691521,
    "id_str": "1118589509107691521",
    "text": "J'ai test\u00e9 pour vous : #JUMP, le nouveau service de v\u00e9lo en #freefloating mis en place par #Uber \n\nEt j'ai du mal \u00e0\u2026 https://t.co/VAwBF5nfnc",
    "truncated": true,
    "entities": {
        "hashtags": [
            {
                "text": "JUMP",
                "indices": [
                    23,
                    28
                ]
            },
            {
                "text": "freefloating",
                "indices": [
                    60,
                    73
                ]
            },
            {
                "text": "Uber",
                "indices": [
                    91,
                    96
                ]
            }
        ],
        "symbols": [],
        "user_mentions": [],
        "urls": [
            {
                "url": "https://t.co/VAwBF5nfnc",
                "expanded_url": "https://twitter.com/i/web/status/1118589509107691521",
                "display_url": "twitter.com/i/web/status/1\u2026",
                "indices": [
                    117,
                    140
                ]
            }
        ]
    },
    "metadata": {
        "iso_language_code": "fr",
        "result_type": "recent"
    },
    "source": "<a href=\"http://twitter.com/download/android\" rel=\"nofollow\">Twitter for Android</a>",
    "in_reply_to_status_id": null,
    "in_reply_to_status_id_str": null,
    "in_reply_to_user_id": null,
    "in_reply_to_user_id_str": null,
    "in_reply_to_screen_name": null,
    "user": {
        "id": 915479060997902336,
        "id_str": "915479060997902336",
        "name": "Mozilette \ud83d\udeb4\ud83c\udffc",
        "screen_name": "mozilette",
        "location": "Paris, France",
        "description": "Des kilom\u00e8tres en plus, des probl\u00e8mes en moins.",
        "url": null,
        "entities": {
            "description": {
                "urls": []
            }
        },
        "protected": false,
        "followers_count": 696,
        "friends_count": 381,
        "listed_count": 15,
        "created_at": "Wed Oct 04 07:29:51 +0000 2017",
        "favourites_count": 17181,
        "utc_offset": null,
        "time_zone": null,
        "geo_enabled": true,
        "verified": false,
        "statuses_count": 4790,
        "lang": "fr",
        "contributors_enabled": false,
        "is_translator": false,
        "is_translation_enabled": false,
        "profile_background_color": "000000",
        "profile_background_image_url": "http://abs.twimg.com/images/themes/theme1/bg.png",
        "profile_background_image_url_https": "https://abs.twimg.com/images/themes/theme1/bg.png",
        "profile_background_tile": false,
        "profile_image_url": "http://pbs.twimg.com/profile_images/915481264722972674/jXxzYEi2_normal.jpg",
        "profile_image_url_https": "https://pbs.twimg.com/profile_images/915481264722972674/jXxzYEi2_normal.jpg",
        "profile_banner_url": "https://pbs.twimg.com/profile_banners/915479060997902336/1528107458",
        "profile_link_color": "1B95E0",
        "profile_sidebar_border_color": "000000",
        "profile_sidebar_fill_color": "000000",
        "profile_text_color": "000000",
        "profile_use_background_image": false,
        "has_extended_profile": false,
        "default_profile": false,
        "default_profile_image": false,
        "following": null,
        "follow_request_sent": null,
        "notifications": null,
        "translator_type": "none"
    },
    "geo": null,
    "coordinates": null,
    "place": null,
    "contributors": null,
    "is_quote_status": false,
    "retweet_count": 1,
    "favorite_count": 7,
    "favorited": false,
    "retweeted": false,
    "possibly_sensitive": false,
    "lang": "fr"
}