{
    "created_at": "Wed Apr 17 18:20:50 +0000 2019",
    "id": 1118580090277961728,
    "id_str": "1118580090277961728",
    "text": "Combien d'entit\u00e9s \u00e0 plus d'un milliard de dollars a cr\u00e9\u00e9 Uber ? Eats, Freight, JUMP,...et maintenant AV. https://t.co/BR5EQRizaP",
    "truncated": false,
    "entities": {
        "hashtags": [],
        "symbols": [],
        "user_mentions": [],
        "urls": [
            {
                "url": "https://t.co/BR5EQRizaP",
                "expanded_url": "https://twitter.com/eliotwb/status/1118579144835518464",
                "display_url": "twitter.com/eliotwb/status\u2026",
                "indices": [
                    105,
                    128
                ]
            }
        ]
    },
    "metadata": {
        "iso_language_code": "fr",
        "result_type": "recent"
    },
    "source": "<a href=\"http://twitter.com\" rel=\"nofollow\">Twitter Web Client</a>",
    "in_reply_to_status_id": null,
    "in_reply_to_status_id_str": null,
    "in_reply_to_user_id": null,
    "in_reply_to_user_id_str": null,
    "in_reply_to_screen_name": null,
    "user": {
        "id": 865911696,
        "id_str": "865911696",
        "name": "15marches",
        "screen_name": "15marches",
        "location": "France, on the move",
        "description": "Creative consulting  #innovation #businessmodel #gotomarket Check out our blog \ud83d\udca1https://t.co/iesZ8mR78x my weekly newsletter \u270d\ufe0f https://t.co/vaNOQlFfBI",
        "url": "https://t.co/slASbw79l6",
        "entities": {
            "url": {
                "urls": [
                    {
                        "url": "https://t.co/slASbw79l6",
                        "expanded_url": "http://www.15marches.fr",
                        "display_url": "15marches.fr",
                        "indices": [
                            0,
                            23
                        ]
                    }
                ]
            },
            "description": {
                "urls": [
                    {
                        "url": "https://t.co/iesZ8mR78x",
                        "expanded_url": "https://15marches.fr/blog",
                        "display_url": "15marches.fr/blog",
                        "indices": [
                            80,
                            103
                        ]
                    },
                    {
                        "url": "https://t.co/vaNOQlFfBI",
                        "expanded_url": "http://eepurl.com/dfqLDr",
                        "display_url": "eepurl.com/dfqLDr",
                        "indices": [
                            128,
                            151
                        ]
                    }
                ]
            }
        },
        "protected": false,
        "followers_count": 7199,
        "friends_count": 5016,
        "listed_count": 684,
        "created_at": "Sun Oct 07 07:23:13 +0000 2012",
        "favourites_count": 15178,
        "utc_offset": null,
        "time_zone": null,
        "geo_enabled": false,
        "verified": false,
        "statuses_count": 26171,
        "lang": "fr",
        "contributors_enabled": false,
        "is_translator": false,
        "is_translation_enabled": false,
        "profile_background_color": "C0DEED",
        "profile_background_image_url": "http://abs.twimg.com/images/themes/theme1/bg.png",
        "profile_background_image_url_https": "https://abs.twimg.com/images/themes/theme1/bg.png",
        "profile_background_tile": false,
        "profile_image_url": "http://pbs.twimg.com/profile_images/3170633887/ddc0a97b055296b07fef36e27c9c3582_normal.png",
        "profile_image_url_https": "https://pbs.twimg.com/profile_images/3170633887/ddc0a97b055296b07fef36e27c9c3582_normal.png",
        "profile_banner_url": "https://pbs.twimg.com/profile_banners/865911696/1535570713",
        "profile_link_color": "1F97C2",
        "profile_sidebar_border_color": "FFFFFF",
        "profile_sidebar_fill_color": "DDEEF6",
        "profile_text_color": "333333",
        "profile_use_background_image": true,
        "has_extended_profile": false,
        "default_profile": false,
        "default_profile_image": false,
        "following": null,
        "follow_request_sent": null,
        "notifications": null,
        "translator_type": "none"
    },
    "geo": null,
    "coordinates": null,
    "place": null,
    "contributors": null,
    "is_quote_status": true,
    "quoted_status_id": 1118579144835518464,
    "quoted_status_id_str": "1118579144835518464",
    "quoted_status": {
        "created_at": "Wed Apr 17 18:17:04 +0000 2019",
        "id": 1118579144835518464,
        "id_str": "1118579144835518464",
        "text": "Uber prepping to sell chunk of self-driving unit to SoftBank consortium before IPO; $1 B investment valuing unit at\u2026 https://t.co/WmBOzEjt7l",
        "truncated": true,
        "entities": {
            "hashtags": [],
            "symbols": [],
            "user_mentions": [],
            "urls": [
                {
                    "url": "https://t.co/WmBOzEjt7l",
                    "expanded_url": "https://twitter.com/i/web/status/1118579144835518464",
                    "display_url": "twitter.com/i/web/status/1\u2026",
                    "indices": [
                        117,
                        140
                    ]
                }
            ]
        },
        "metadata": {
            "iso_language_code": "fr",
            "result_type": "recent"
        },
        "source": "<a href=\"http://twitter.com\" rel=\"nofollow\">Twitter Web Client</a>",
        "in_reply_to_status_id": null,
        "in_reply_to_status_id_str": null,
        "in_reply_to_user_id": null,
        "in_reply_to_user_id_str": null,
        "in_reply_to_screen_name": null,
        "user": {
            "id": 39403756,
            "id_str": "39403756",
            "name": "Eliot Brown",
            "screen_name": "eliotwb",
            "location": "San Francisco, CA",
            "description": "Reporter for the Wall Street Journal covering aging startups / ridehailing / money. If you're wondering if a tweet was sarcastic, the answer is yes.",
            "url": null,
            "entities": {
                "description": {
                    "urls": []
                }
            },
            "protected": false,
            "followers_count": 15667,
            "friends_count": 760,
            "listed_count": 483,
            "created_at": "Tue May 12 01:53:22 +0000 2009",
            "favourites_count": 5758,
            "utc_offset": null,
            "time_zone": null,
            "geo_enabled": true,
            "verified": true,
            "statuses_count": 11096,
            "lang": "en",
            "contributors_enabled": false,
            "is_translator": false,
            "is_translation_enabled": false,
            "profile_background_color": "C0DEED",
            "profile_background_image_url": "http://abs.twimg.com/images/themes/theme1/bg.png",
            "profile_background_image_url_https": "https://abs.twimg.com/images/themes/theme1/bg.png",
            "profile_background_tile": false,
            "profile_image_url": "http://pbs.twimg.com/profile_images/878791410769592322/I7EefXmM_normal.jpg",
            "profile_image_url_https": "https://pbs.twimg.com/profile_images/878791410769592322/I7EefXmM_normal.jpg",
            "profile_banner_url": "https://pbs.twimg.com/profile_banners/39403756/1354392052",
            "profile_link_color": "1DA1F2",
            "profile_sidebar_border_color": "C0DEED",
            "profile_sidebar_fill_color": "DDEEF6",
            "profile_text_color": "333333",
            "profile_use_background_image": true,
            "has_extended_profile": false,
            "default_profile": true,
            "default_profile_image": false,
            "following": null,
            "follow_request_sent": null,
            "notifications": null,
            "translator_type": "none"
        },
        "geo": null,
        "coordinates": null,
        "place": null,
        "contributors": null,
        "is_quote_status": false,
        "retweet_count": 14,
        "favorite_count": 16,
        "favorited": false,
        "retweeted": false,
        "possibly_sensitive": false,
        "lang": "en"
    },
    "retweet_count": 0,
    "favorite_count": 3,
    "favorited": false,
    "retweeted": false,
    "possibly_sensitive": false,
    "lang": "fr"
}