{
    "created_at": "Wed Apr 17 15:00:44 +0000 2019",
    "id": 1118529735125028871,
    "id_str": "1118529735125028871",
    "text": "[#Transport] Vous pourriez r\u00e9server une voiture, mais pourquoi pas essayer le v\u00e9lo \u00e9lectrique ou la trottinette ?\u2026 https://t.co/LBs35VAlox",
    "truncated": true,
    "entities": {
        "hashtags": [
            {
                "text": "Transport",
                "indices": [
                    1,
                    11
                ]
            }
        ],
        "symbols": [],
        "user_mentions": [],
        "urls": [
            {
                "url": "https://t.co/LBs35VAlox",
                "expanded_url": "https://twitter.com/i/web/status/1118529735125028871",
                "display_url": "twitter.com/i/web/status/1\u2026",
                "indices": [
                    115,
                    138
                ]
            }
        ]
    },
    "metadata": {
        "iso_language_code": "fr",
        "result_type": "recent"
    },
    "source": "<a href=\"https://app.agorapulse.com\" rel=\"nofollow\">AgoraPulse Manager</a>",
    "in_reply_to_status_id": null,
    "in_reply_to_status_id_str": null,
    "in_reply_to_user_id": null,
    "in_reply_to_user_id_str": null,
    "in_reply_to_screen_name": null,
    "user": {
        "id": 960441721313284096,
        "id_str": "960441721313284096",
        "name": "Live in a Living City",
        "screen_name": "LiveLivingCity",
        "location": "",
        "description": "Live in a Living City est la plateforme internationale de la #VilleVivante. The international platform of the Human #SmartCity #CiudadViva #LivingCity",
        "url": "https://t.co/JB06uXWs4p",
        "entities": {
            "url": {
                "urls": [
                    {
                        "url": "https://t.co/JB06uXWs4p",
                        "expanded_url": "http://www.liveinalivingcity.com",
                        "display_url": "liveinalivingcity.com",
                        "indices": [
                            0,
                            23
                        ]
                    }
                ]
            },
            "description": {
                "urls": []
            }
        },
        "protected": false,
        "followers_count": 388,
        "friends_count": 253,
        "listed_count": 13,
        "created_at": "Mon Feb 05 09:15:25 +0000 2018",
        "favourites_count": 816,
        "utc_offset": null,
        "time_zone": null,
        "geo_enabled": false,
        "verified": false,
        "statuses_count": 1645,
        "lang": "fr",
        "contributors_enabled": false,
        "is_translator": false,
        "is_translation_enabled": false,
        "profile_background_color": "000000",
        "profile_background_image_url": "http://abs.twimg.com/images/themes/theme1/bg.png",
        "profile_background_image_url_https": "https://abs.twimg.com/images/themes/theme1/bg.png",
        "profile_background_tile": false,
        "profile_image_url": "http://pbs.twimg.com/profile_images/960444257181020160/YsbjmQ8e_normal.jpg",
        "profile_image_url_https": "https://pbs.twimg.com/profile_images/960444257181020160/YsbjmQ8e_normal.jpg",
        "profile_banner_url": "https://pbs.twimg.com/profile_banners/960441721313284096/1547038591",
        "profile_link_color": "ABCB6A",
        "profile_sidebar_border_color": "000000",
        "profile_sidebar_fill_color": "000000",
        "profile_text_color": "000000",
        "profile_use_background_image": false,
        "has_extended_profile": true,
        "default_profile": false,
        "default_profile_image": false,
        "following": null,
        "follow_request_sent": null,
        "notifications": null,
        "translator_type": "none"
    },
    "geo": null,
    "coordinates": null,
    "place": null,
    "contributors": null,
    "is_quote_status": false,
    "retweet_count": 0,
    "favorite_count": 0,
    "favorited": false,
    "retweeted": false,
    "possibly_sensitive": false,
    "lang": "fr"
}