{
    "created_at": "Wed Apr 17 04:20:05 +0000 2019",
    "id": 1118368509753475074,
    "id_str": "1118368509753475074",
    "text": "De la concurrence pour Lime-S \u00e0 Paris. \ud83d\udc49\nhttps://t.co/Sya0ECg3hl\n#uber #lime-s #trottinette #Paris https://t.co/DLGjVGHQy1",
    "truncated": false,
    "entities": {
        "hashtags": [
            {
                "text": "uber",
                "indices": [
                    65,
                    70
                ]
            },
            {
                "text": "lime",
                "indices": [
                    71,
                    76
                ]
            },
            {
                "text": "trottinette",
                "indices": [
                    79,
                    91
                ]
            },
            {
                "text": "Paris",
                "indices": [
                    92,
                    98
                ]
            }
        ],
        "symbols": [],
        "user_mentions": [],
        "urls": [
            {
                "url": "https://t.co/Sya0ECg3hl",
                "expanded_url": "http://ow.ly/nW7B50qiQgJ",
                "display_url": "ow.ly/nW7B50qiQgJ",
                "indices": [
                    41,
                    64
                ]
            }
        ],
        "media": [
            {
                "id": 1118368508503646208,
                "id_str": "1118368508503646208",
                "indices": [
                    99,
                    122
                ],
                "media_url": "http://pbs.twimg.com/media/D4U-O61X4AA6N0C.jpg",
                "media_url_https": "https://pbs.twimg.com/media/D4U-O61X4AA6N0C.jpg",
                "url": "https://t.co/DLGjVGHQy1",
                "display_url": "pic.twitter.com/DLGjVGHQy1",
                "expanded_url": "https://twitter.com/AltersisInfo/status/1118368509753475074/photo/1",
                "type": "photo",
                "sizes": {
                    "thumb": {
                        "w": 150,
                        "h": 150,
                        "resize": "crop"
                    },
                    "small": {
                        "w": 540,
                        "h": 360,
                        "resize": "fit"
                    },
                    "medium": {
                        "w": 540,
                        "h": 360,
                        "resize": "fit"
                    },
                    "large": {
                        "w": 540,
                        "h": 360,
                        "resize": "fit"
                    }
                }
            }
        ]
    },
    "extended_entities": {
        "media": [
            {
                "id": 1118368508503646208,
                "id_str": "1118368508503646208",
                "indices": [
                    99,
                    122
                ],
                "media_url": "http://pbs.twimg.com/media/D4U-O61X4AA6N0C.jpg",
                "media_url_https": "https://pbs.twimg.com/media/D4U-O61X4AA6N0C.jpg",
                "url": "https://t.co/DLGjVGHQy1",
                "display_url": "pic.twitter.com/DLGjVGHQy1",
                "expanded_url": "https://twitter.com/AltersisInfo/status/1118368509753475074/photo/1",
                "type": "photo",
                "sizes": {
                    "thumb": {
                        "w": 150,
                        "h": 150,
                        "resize": "crop"
                    },
                    "small": {
                        "w": 540,
                        "h": 360,
                        "resize": "fit"
                    },
                    "medium": {
                        "w": 540,
                        "h": 360,
                        "resize": "fit"
                    },
                    "large": {
                        "w": 540,
                        "h": 360,
                        "resize": "fit"
                    }
                }
            }
        ]
    },
    "metadata": {
        "iso_language_code": "fr",
        "result_type": "recent"
    },
    "source": "<a href=\"https://www.hootsuite.com\" rel=\"nofollow\">Hootsuite Inc.</a>",
    "in_reply_to_status_id": null,
    "in_reply_to_status_id_str": null,
    "in_reply_to_user_id": null,
    "in_reply_to_user_id_str": null,
    "in_reply_to_screen_name": null,
    "user": {
        "id": 776042414804959232,
        "id_str": "776042414804959232",
        "name": "ALTERSIS Jobs & Innovation",
        "screen_name": "AltersisInfo",
        "location": "Aix-en-Provence, France",
        "description": "Nous sommes une entreprise de services num\u00e9riques. La sp\u00e9cificit\u00e9 du groupe r\u00e9side dans le partage de valeurs humaines issues du judo. Rejoignez-nous...",
        "url": "https://t.co/ddBy7uzp3q",
        "entities": {
            "url": {
                "urls": [
                    {
                        "url": "https://t.co/ddBy7uzp3q",
                        "expanded_url": "http://www.altersis.com",
                        "display_url": "altersis.com",
                        "indices": [
                            0,
                            23
                        ]
                    }
                ]
            },
            "description": {
                "urls": []
            }
        },
        "protected": false,
        "followers_count": 1550,
        "friends_count": 1234,
        "listed_count": 27,
        "created_at": "Wed Sep 14 12:58:24 +0000 2016",
        "favourites_count": 77,
        "utc_offset": null,
        "time_zone": null,
        "geo_enabled": false,
        "verified": false,
        "statuses_count": 521,
        "lang": "fr",
        "contributors_enabled": false,
        "is_translator": false,
        "is_translation_enabled": false,
        "profile_background_color": "000000",
        "profile_background_image_url": "http://abs.twimg.com/images/themes/theme1/bg.png",
        "profile_background_image_url_https": "https://abs.twimg.com/images/themes/theme1/bg.png",
        "profile_background_tile": false,
        "profile_image_url": "http://pbs.twimg.com/profile_images/1088459941101285381/2vrfDPfq_normal.jpg",
        "profile_image_url_https": "https://pbs.twimg.com/profile_images/1088459941101285381/2vrfDPfq_normal.jpg",
        "profile_banner_url": "https://pbs.twimg.com/profile_banners/776042414804959232/1548344001",
        "profile_link_color": "E81C4F",
        "profile_sidebar_border_color": "000000",
        "profile_sidebar_fill_color": "000000",
        "profile_text_color": "000000",
        "profile_use_background_image": false,
        "has_extended_profile": true,
        "default_profile": false,
        "default_profile_image": false,
        "following": null,
        "follow_request_sent": null,
        "notifications": null,
        "translator_type": "none"
    },
    "geo": null,
    "coordinates": null,
    "place": null,
    "contributors": null,
    "is_quote_status": false,
    "retweet_count": 0,
    "favorite_count": 0,
    "favorited": false,
    "retweeted": false,
    "possibly_sensitive": false,
    "lang": "fr"
}