{
    "created_at": "Tue Apr 16 20:56:19 +0000 2019",
    "id": 1118256831707537410,
    "id_str": "1118256831707537410",
    "text": "Uber\u2019s e-bikes had braking problems like Lyft, and rider were injured https://t.co/WJMSuq9OmW",
    "truncated": false,
    "entities": {
        "hashtags": [],
        "symbols": [],
        "user_mentions": [],
        "urls": [
            {
                "url": "https://t.co/WJMSuq9OmW",
                "expanded_url": "https://www.theverge.com/2019/4/16/18410812/uber-jump-ebike-braking-malfunction-injuries?utm_campaign=theverge&utm_content=entry&utm_medium=social&utm_source=twitter",
                "display_url": "theverge.com/2019/4/16/1841\u2026",
                "indices": [
                    70,
                    93
                ]
            }
        ]
    },
    "metadata": {
        "iso_language_code": "en",
        "result_type": "recent"
    },
    "source": "<a href=\"http://twitter.com\" rel=\"nofollow\">Twitter Web Client</a>",
    "in_reply_to_status_id": null,
    "in_reply_to_status_id_str": null,
    "in_reply_to_user_id": null,
    "in_reply_to_user_id_str": null,
    "in_reply_to_screen_name": null,
    "user": {
        "id": 11594432,
        "id_str": "11594432",
        "name": "Sandesh Rao",
        "screen_name": "sandeshr",
        "location": "Foster City",
        "description": "Machine Learning and AI at Oracle. Amateur photographer , reader , traveller. Opinions expressed here are my own and not my employers",
        "url": "https://t.co/jKpynLxORi",
        "entities": {
            "url": {
                "urls": [
                    {
                        "url": "https://t.co/jKpynLxORi",
                        "expanded_url": "http://oracle.com",
                        "display_url": "oracle.com",
                        "indices": [
                            0,
                            23
                        ]
                    }
                ]
            },
            "description": {
                "urls": []
            }
        },
        "protected": false,
        "followers_count": 1310,
        "friends_count": 3515,
        "listed_count": 70,
        "created_at": "Fri Dec 28 07:36:43 +0000 2007",
        "favourites_count": 4017,
        "utc_offset": null,
        "time_zone": null,
        "geo_enabled": false,
        "verified": false,
        "statuses_count": 39199,
        "lang": "en",
        "contributors_enabled": false,
        "is_translator": false,
        "is_translation_enabled": false,
        "profile_background_color": "FFF04D",
        "profile_background_image_url": "http://abs.twimg.com/images/themes/theme19/bg.gif",
        "profile_background_image_url_https": "https://abs.twimg.com/images/themes/theme19/bg.gif",
        "profile_background_tile": false,
        "profile_image_url": "http://pbs.twimg.com/profile_images/1196228867/41469_666816469_2699_n_normal.jpg",
        "profile_image_url_https": "https://pbs.twimg.com/profile_images/1196228867/41469_666816469_2699_n_normal.jpg",
        "profile_link_color": "0099CC",
        "profile_sidebar_border_color": "FFF8AD",
        "profile_sidebar_fill_color": "F6FFD1",
        "profile_text_color": "333333",
        "profile_use_background_image": true,
        "has_extended_profile": false,
        "default_profile": false,
        "default_profile_image": false,
        "following": null,
        "follow_request_sent": null,
        "notifications": null,
        "translator_type": "none"
    },
    "geo": null,
    "coordinates": null,
    "place": null,
    "contributors": null,
    "is_quote_status": false,
    "retweet_count": 0,
    "favorite_count": 0,
    "favorited": false,
    "retweeted": false,
    "possibly_sensitive": false,
    "lang": "en"
}