{
    "created_at": "Wed Apr 17 06:48:13 +0000 2019",
    "id": 1118405790073798656,
    "id_str": "1118405790073798656",
    "text": "@Uber_Support bonjour, j\u2019ai \u00e9t\u00e9 factur\u00e9 injustement de 50\u20ac apr\u00e8s l\u2019utilisation de votre service de v\u00e9lo Jump. Comme\u2026 https://t.co/cX3lbdKnzd",
    "truncated": true,
    "entities": {
        "hashtags": [],
        "symbols": [],
        "user_mentions": [
            {
                "screen_name": "Uber_Support",
                "name": "Uber Support",
                "id": 2815754953,
                "id_str": "2815754953",
                "indices": [
                    0,
                    13
                ]
            }
        ],
        "urls": [
            {
                "url": "https://t.co/cX3lbdKnzd",
                "expanded_url": "https://twitter.com/i/web/status/1118405790073798656",
                "display_url": "twitter.com/i/web/status/1\u2026",
                "indices": [
                    117,
                    140
                ]
            }
        ]
    },
    "metadata": {
        "iso_language_code": "fr",
        "result_type": "recent"
    },
    "source": "<a href=\"http://twitter.com/download/iphone\" rel=\"nofollow\">Twitter for iPhone</a>",
    "in_reply_to_status_id": null,
    "in_reply_to_status_id_str": null,
    "in_reply_to_user_id": 2815754953,
    "in_reply_to_user_id_str": "2815754953",
    "in_reply_to_screen_name": "Uber_Support",
    "user": {
        "id": 1113030132657217536,
        "id_str": "1113030132657217536",
        "name": "Petit Fabrice",
        "screen_name": "PetitFabrice12",
        "location": "",
        "description": "",
        "url": null,
        "entities": {
            "description": {
                "urls": []
            }
        },
        "protected": false,
        "followers_count": 0,
        "friends_count": 1,
        "listed_count": 0,
        "created_at": "Tue Apr 02 10:47:17 +0000 2019",
        "favourites_count": 0,
        "utc_offset": null,
        "time_zone": null,
        "geo_enabled": false,
        "verified": false,
        "statuses_count": 1,
        "lang": "en",
        "contributors_enabled": false,
        "is_translator": false,
        "is_translation_enabled": false,
        "profile_background_color": "F5F8FA",
        "profile_background_image_url": null,
        "profile_background_image_url_https": null,
        "profile_background_tile": false,
        "profile_image_url": "http://pbs.twimg.com/profile_images/1113030418096447498/cRPf0aLN_normal.jpg",
        "profile_image_url_https": "https://pbs.twimg.com/profile_images/1113030418096447498/cRPf0aLN_normal.jpg",
        "profile_link_color": "1DA1F2",
        "profile_sidebar_border_color": "C0DEED",
        "profile_sidebar_fill_color": "DDEEF6",
        "profile_text_color": "333333",
        "profile_use_background_image": true,
        "has_extended_profile": false,
        "default_profile": true,
        "default_profile_image": false,
        "following": null,
        "follow_request_sent": null,
        "notifications": null,
        "translator_type": "none"
    },
    "geo": null,
    "coordinates": null,
    "place": null,
    "contributors": null,
    "is_quote_status": false,
    "retweet_count": 0,
    "favorite_count": 0,
    "favorited": false,
    "retweeted": false,
    "lang": "fr"
}