{
    "created_at": "Wed Apr 17 15:50:13 +0000 2019",
    "id": 1118542187887845378,
    "id_str": "1118542187887845378",
    "text": "City Council makes Lyft exclusive operator of Divvy bike-sharing for nine years https://t.co/dTSQ8rPAM7",
    "truncated": false,
    "entities": {
        "hashtags": [],
        "symbols": [],
        "user_mentions": [],
        "urls": [
            {
                "url": "https://t.co/dTSQ8rPAM7",
                "expanded_url": "https://chicago.suntimes.com/business/city-council-lyft-divvy-bike-share-uber-jump",
                "display_url": "chicago.suntimes.com/business/city-\u2026",
                "indices": [
                    80,
                    103
                ]
            }
        ]
    },
    "metadata": {
        "iso_language_code": "en",
        "result_type": "recent"
    },
    "source": "<a href=\"http://www.facebook.com/twitter\" rel=\"nofollow\">Facebook</a>",
    "in_reply_to_status_id": null,
    "in_reply_to_status_id_str": null,
    "in_reply_to_user_id": null,
    "in_reply_to_user_id_str": null,
    "in_reply_to_screen_name": null,
    "user": {
        "id": 91485571,
        "id_str": "91485571",
        "name": "Leanne Edwards",
        "screen_name": "edwardslea2008",
        "location": "West Des Moines, IA",
        "description": "",
        "url": null,
        "entities": {
            "description": {
                "urls": []
            }
        },
        "protected": false,
        "followers_count": 243,
        "friends_count": 837,
        "listed_count": 4,
        "created_at": "Sat Nov 21 02:50:11 +0000 2009",
        "favourites_count": 15855,
        "utc_offset": null,
        "time_zone": null,
        "geo_enabled": true,
        "verified": false,
        "statuses_count": 170291,
        "lang": "en",
        "contributors_enabled": false,
        "is_translator": false,
        "is_translation_enabled": false,
        "profile_background_color": "C0DEED",
        "profile_background_image_url": "http://abs.twimg.com/images/themes/theme1/bg.png",
        "profile_background_image_url_https": "https://abs.twimg.com/images/themes/theme1/bg.png",
        "profile_background_tile": false,
        "profile_image_url": "http://pbs.twimg.com/profile_images/3499091733/1766c1c9a75d79f1669c950a174782dd_normal.jpeg",
        "profile_image_url_https": "https://pbs.twimg.com/profile_images/3499091733/1766c1c9a75d79f1669c950a174782dd_normal.jpeg",
        "profile_banner_url": "https://pbs.twimg.com/profile_banners/91485571/1500668010",
        "profile_link_color": "0084B4",
        "profile_sidebar_border_color": "C0DEED",
        "profile_sidebar_fill_color": "DDEEF6",
        "profile_text_color": "333333",
        "profile_use_background_image": true,
        "has_extended_profile": false,
        "default_profile": false,
        "default_profile_image": false,
        "following": null,
        "follow_request_sent": null,
        "notifications": null,
        "translator_type": "none"
    },
    "geo": null,
    "coordinates": null,
    "place": null,
    "contributors": null,
    "is_quote_status": false,
    "retweet_count": 0,
    "favorite_count": 0,
    "favorited": false,
    "retweeted": false,
    "possibly_sensitive": false,
    "lang": "en"
}