{
    "created_at": "Wed Apr 17 22:26:56 +0000 2019",
    "id": 1118642022548561920,
    "id_str": "1118642022548561920",
    "text": "@jakeonrails @VictorPontis Seems like such a simple concept that I\u2019m honestly surprised JUMP isn\u2019t doing that. Espe\u2026 https://t.co/SP2gDa4UDv",
    "truncated": true,
    "entities": {
        "hashtags": [],
        "symbols": [],
        "user_mentions": [
            {
                "screen_name": "jakeonrails",
                "name": "Jake Moffatt",
                "id": 242177294,
                "id_str": "242177294",
                "indices": [
                    0,
                    12
                ]
            },
            {
                "screen_name": "VictorPontis",
                "name": "Victor Pontis",
                "id": 186993579,
                "id_str": "186993579",
                "indices": [
                    13,
                    26
                ]
            }
        ],
        "urls": [
            {
                "url": "https://t.co/SP2gDa4UDv",
                "expanded_url": "https://twitter.com/i/web/status/1118642022548561920",
                "display_url": "twitter.com/i/web/status/1\u2026",
                "indices": [
                    117,
                    140
                ]
            }
        ]
    },
    "metadata": {
        "iso_language_code": "en",
        "result_type": "recent"
    },
    "source": "<a href=\"http://twitter.com/download/iphone\" rel=\"nofollow\">Twitter for iPhone</a>",
    "in_reply_to_status_id": 1118641754134106112,
    "in_reply_to_status_id_str": "1118641754134106112",
    "in_reply_to_user_id": 1009226975100133376,
    "in_reply_to_user_id_str": "1009226975100133376",
    "in_reply_to_screen_name": "chasestubb",
    "user": {
        "id": 1009226975100133376,
        "id_str": "1009226975100133376",
        "name": "Chase Stubblefield \ud83d\udef4",
        "screen_name": "chasestubb",
        "location": "Portland, OR",
        "description": "Building an informed and passionate community @MicromobilityCo | CS \u21e8 Product :: prev. @moovel / @daimler, @nike",
        "url": "https://t.co/KJi3jXpBS2",
        "entities": {
            "url": {
                "urls": [
                    {
                        "url": "https://t.co/KJi3jXpBS2",
                        "expanded_url": "https://www.micromobility.io",
                        "display_url": "micromobility.io",
                        "indices": [
                            0,
                            23
                        ]
                    }
                ]
            },
            "description": {
                "urls": []
            }
        },
        "protected": false,
        "followers_count": 191,
        "friends_count": 196,
        "listed_count": 8,
        "created_at": "Wed Jun 20 00:10:36 +0000 2018",
        "favourites_count": 1222,
        "utc_offset": null,
        "time_zone": null,
        "geo_enabled": true,
        "verified": false,
        "statuses_count": 816,
        "lang": "en",
        "contributors_enabled": false,
        "is_translator": false,
        "is_translation_enabled": false,
        "profile_background_color": "F5F8FA",
        "profile_background_image_url": null,
        "profile_background_image_url_https": null,
        "profile_background_tile": false,
        "profile_image_url": "http://pbs.twimg.com/profile_images/1009326785723392000/aTwaWXPl_normal.jpg",
        "profile_image_url_https": "https://pbs.twimg.com/profile_images/1009326785723392000/aTwaWXPl_normal.jpg",
        "profile_banner_url": "https://pbs.twimg.com/profile_banners/1009226975100133376/1535430339",
        "profile_link_color": "1DA1F2",
        "profile_sidebar_border_color": "C0DEED",
        "profile_sidebar_fill_color": "DDEEF6",
        "profile_text_color": "333333",
        "profile_use_background_image": true,
        "has_extended_profile": false,
        "default_profile": true,
        "default_profile_image": false,
        "following": null,
        "follow_request_sent": null,
        "notifications": null,
        "translator_type": "none"
    },
    "geo": null,
    "coordinates": null,
    "place": null,
    "contributors": null,
    "is_quote_status": false,
    "retweet_count": 0,
    "favorite_count": 0,
    "favorited": false,
    "retweeted": false,
    "lang": "en"
}