{
    "created_at": "Tue Apr 16 13:30:47 +0000 2019",
    "id": 1118144707736080384,
    "id_str": "1118144707736080384",
    "text": "San Francisco'da Jump adl\u0131 uygulama Uber kullan\u0131c\u0131 say\u0131s\u0131nda d\u00fc\u015f\u00fc\u015fe yol a\u00e7m\u0131\u015f. Bize ne zaman ula\u015f\u0131r bilemem ama ilg\u2026 https://t.co/fFzbblth2W",
    "truncated": true,
    "entities": {
        "hashtags": [],
        "symbols": [],
        "user_mentions": [],
        "urls": [
            {
                "url": "https://t.co/fFzbblth2W",
                "expanded_url": "https://twitter.com/i/web/status/1118144707736080384",
                "display_url": "twitter.com/i/web/status/1\u2026",
                "indices": [
                    117,
                    140
                ]
            }
        ]
    },
    "metadata": {
        "result_type": "recent",
        "iso_language_code": "tr"
    },
    "source": "<a href=\"http://twitter.com\" rel=\"nofollow\">Twitter Web Client</a>",
    "in_reply_to_status_id": null,
    "in_reply_to_status_id_str": null,
    "in_reply_to_user_id": null,
    "in_reply_to_user_id_str": null,
    "in_reply_to_screen_name": null,
    "user": {
        "id": 3344489901,
        "id_str": "3344489901",
        "name": "H\u00fcmeyra Topuz",
        "screen_name": "humeyratpz",
        "location": "T\u00fcrkiye",
        "description": "Economy MA/ \u0130stanbul \u015eehir University",
        "url": null,
        "entities": {
            "description": {
                "urls": []
            }
        },
        "protected": false,
        "followers_count": 249,
        "friends_count": 311,
        "listed_count": 1,
        "created_at": "Wed Jun 24 20:20:22 +0000 2015",
        "favourites_count": 3589,
        "utc_offset": null,
        "time_zone": null,
        "geo_enabled": false,
        "verified": false,
        "statuses_count": 1300,
        "lang": "tr",
        "contributors_enabled": false,
        "is_translator": false,
        "is_translation_enabled": false,
        "profile_background_color": "000000",
        "profile_background_image_url": "http://abs.twimg.com/images/themes/theme1/bg.png",
        "profile_background_image_url_https": "https://abs.twimg.com/images/themes/theme1/bg.png",
        "profile_background_tile": false,
        "profile_image_url": "http://pbs.twimg.com/profile_images/1095438262594912258/2AH1vwtm_normal.jpg",
        "profile_image_url_https": "https://pbs.twimg.com/profile_images/1095438262594912258/2AH1vwtm_normal.jpg",
        "profile_banner_url": "https://pbs.twimg.com/profile_banners/3344489901/1550007407",
        "profile_link_color": "981CEB",
        "profile_sidebar_border_color": "000000",
        "profile_sidebar_fill_color": "000000",
        "profile_text_color": "000000",
        "profile_use_background_image": false,
        "has_extended_profile": true,
        "default_profile": false,
        "default_profile_image": false,
        "following": null,
        "follow_request_sent": null,
        "notifications": null,
        "translator_type": "none"
    },
    "geo": null,
    "coordinates": null,
    "place": null,
    "contributors": null,
    "is_quote_status": false,
    "retweet_count": 0,
    "favorite_count": 0,
    "favorited": false,
    "retweeted": false,
    "possibly_sensitive": false,
    "lang": "tr"
}