{
    "created_at": "Thu Apr 18 12:56:07 +0000 2019",
    "id": 1118860759780425729,
    "id_str": "1118860759780425729",
    "text": "#Uber #jump Toujours dans les bons coups pour \u00e9viter la d\u00eeme ou la gabelle #0% Merci pour le service rendu quand m\u00ea\u2026 https://t.co/xagUL0A7ky",
    "truncated": true,
    "entities": {
        "hashtags": [
            {
                "text": "Uber",
                "indices": [
                    0,
                    5
                ]
            },
            {
                "text": "jump",
                "indices": [
                    6,
                    11
                ]
            }
        ],
        "symbols": [],
        "user_mentions": [],
        "urls": [
            {
                "url": "https://t.co/xagUL0A7ky",
                "expanded_url": "https://twitter.com/i/web/status/1118860759780425729",
                "display_url": "twitter.com/i/web/status/1\u2026",
                "indices": [
                    117,
                    140
                ]
            }
        ]
    },
    "metadata": {
        "iso_language_code": "fr",
        "result_type": "recent"
    },
    "source": "<a href=\"http://twitter.com/download/iphone\" rel=\"nofollow\">Twitter for iPhone</a>",
    "in_reply_to_status_id": null,
    "in_reply_to_status_id_str": null,
    "in_reply_to_user_id": null,
    "in_reply_to_user_id_str": null,
    "in_reply_to_screen_name": null,
    "user": {
        "id": 129444874,
        "id_str": "129444874",
        "name": "Guillaume CHATEAU",
        "screen_name": "Gchateau",
        "location": "Brest, Bretagne",
        "description": "#intrapreneur, #voile, #golf, #bike, #Bretagne, #BZH, #Brest #photographie, #nouvellestechno, #life",
        "url": null,
        "entities": {
            "description": {
                "urls": []
            }
        },
        "protected": false,
        "followers_count": 160,
        "friends_count": 421,
        "listed_count": 17,
        "created_at": "Sun Apr 04 08:58:45 +0000 2010",
        "favourites_count": 760,
        "utc_offset": null,
        "time_zone": null,
        "geo_enabled": false,
        "verified": false,
        "statuses_count": 455,
        "lang": "fr",
        "contributors_enabled": false,
        "is_translator": false,
        "is_translation_enabled": false,
        "profile_background_color": "C0DEED",
        "profile_background_image_url": "http://abs.twimg.com/images/themes/theme1/bg.png",
        "profile_background_image_url_https": "https://abs.twimg.com/images/themes/theme1/bg.png",
        "profile_background_tile": false,
        "profile_image_url": "http://pbs.twimg.com/profile_images/745199138606833664/GUMmpu4N_normal.jpg",
        "profile_image_url_https": "https://pbs.twimg.com/profile_images/745199138606833664/GUMmpu4N_normal.jpg",
        "profile_banner_url": "https://pbs.twimg.com/profile_banners/129444874/1418291054",
        "profile_link_color": "002FA7",
        "profile_sidebar_border_color": "C0DEED",
        "profile_sidebar_fill_color": "DDEEF6",
        "profile_text_color": "333333",
        "profile_use_background_image": true,
        "has_extended_profile": false,
        "default_profile": false,
        "default_profile_image": false,
        "following": null,
        "follow_request_sent": null,
        "notifications": null,
        "translator_type": "none"
    },
    "geo": null,
    "coordinates": null,
    "place": null,
    "contributors": null,
    "is_quote_status": false,
    "retweet_count": 0,
    "favorite_count": 1,
    "favorited": false,
    "retweeted": false,
    "possibly_sensitive": false,
    "lang": "fr"
}