{
    "created_at": "Tue Apr 16 08:35:19 +0000 2019",
    "id": 1118070351613894657,
    "id_str": "1118070351613894657",
    "text": "I know there\u2019s a lot of other news in Paris today but had my first trip on one of Uber\u2019s @jump_rides electric bikes\u2026 https://t.co/yzmU79WHld",
    "truncated": true,
    "entities": {
        "hashtags": [],
        "symbols": [],
        "user_mentions": [
            {
                "screen_name": "jump_rides",
                "name": "JUMP",
                "id": 868126911817502721,
                "id_str": "868126911817502721",
                "indices": [
                    89,
                    100
                ]
            }
        ],
        "urls": [
            {
                "url": "https://t.co/yzmU79WHld",
                "expanded_url": "https://twitter.com/i/web/status/1118070351613894657",
                "display_url": "twitter.com/i/web/status/1\u2026",
                "indices": [
                    117,
                    140
                ]
            }
        ]
    },
    "metadata": {
        "iso_language_code": "en",
        "result_type": "recent"
    },
    "source": "<a href=\"http://twitter.com/download/iphone\" rel=\"nofollow\">Twitter for iPhone</a>",
    "in_reply_to_status_id": null,
    "in_reply_to_status_id_str": null,
    "in_reply_to_user_id": null,
    "in_reply_to_user_id_str": null,
    "in_reply_to_screen_name": null,
    "user": {
        "id": 212169053,
        "id_str": "212169053",
        "name": "Neil Dodds",
        "screen_name": "neildodds",
        "location": "Paris, France",
        "description": "actor, film producer and activist",
        "url": null,
        "entities": {
            "description": {
                "urls": []
            }
        },
        "protected": false,
        "followers_count": 203,
        "friends_count": 718,
        "listed_count": 8,
        "created_at": "Fri Nov 05 10:08:55 +0000 2010",
        "favourites_count": 5503,
        "utc_offset": null,
        "time_zone": null,
        "geo_enabled": false,
        "verified": false,
        "statuses_count": 1453,
        "lang": "en",
        "contributors_enabled": false,
        "is_translator": false,
        "is_translation_enabled": false,
        "profile_background_color": "C0DEED",
        "profile_background_image_url": "http://abs.twimg.com/images/themes/theme1/bg.png",
        "profile_background_image_url_https": "https://abs.twimg.com/images/themes/theme1/bg.png",
        "profile_background_tile": false,
        "profile_image_url": "http://pbs.twimg.com/profile_images/713252920872009728/8oDSjEhM_normal.jpg",
        "profile_image_url_https": "https://pbs.twimg.com/profile_images/713252920872009728/8oDSjEhM_normal.jpg",
        "profile_banner_url": "https://pbs.twimg.com/profile_banners/212169053/1395419319",
        "profile_link_color": "1DA1F2",
        "profile_sidebar_border_color": "C0DEED",
        "profile_sidebar_fill_color": "DDEEF6",
        "profile_text_color": "333333",
        "profile_use_background_image": true,
        "has_extended_profile": false,
        "default_profile": true,
        "default_profile_image": false,
        "following": null,
        "follow_request_sent": null,
        "notifications": null,
        "translator_type": "none"
    },
    "geo": null,
    "coordinates": null,
    "place": null,
    "contributors": null,
    "is_quote_status": false,
    "retweet_count": 0,
    "favorite_count": 0,
    "favorited": false,
    "retweeted": false,
    "lang": "en"
}