{
    "created_at": "Tue Apr 16 10:57:29 +0000 2019",
    "id": 1118106132147593216,
    "id_str": "1118106132147593216",
    "text": "Uber\u2019s JUMP Bikes founder and Scoot\u2019s SVP of Product are talking bikes and scooters at TC Sessions: Mobility | Tech\u2026 https://t.co/xYPkFJoCJQ",
    "truncated": true,
    "entities": {
        "hashtags": [],
        "symbols": [],
        "user_mentions": [],
        "urls": [
            {
                "url": "https://t.co/xYPkFJoCJQ",
                "expanded_url": "https://twitter.com/i/web/status/1118106132147593216",
                "display_url": "twitter.com/i/web/status/1\u2026",
                "indices": [
                    117,
                    140
                ]
            }
        ]
    },
    "metadata": {
        "iso_language_code": "en",
        "result_type": "recent"
    },
    "source": "<a href=\"http://twitter.com/#!/download/ipad\" rel=\"nofollow\">Twitter for iPad</a>",
    "in_reply_to_status_id": null,
    "in_reply_to_status_id_str": null,
    "in_reply_to_user_id": null,
    "in_reply_to_user_id_str": null,
    "in_reply_to_screen_name": null,
    "user": {
        "id": 106605708,
        "id_str": "106605708",
        "name": "Mia Sharrow2020",
        "screen_name": "SharrowMia",
        "location": "In a bike lane near you.",
        "description": "Your pro bike lane Candidate for POTUS 2020 has firmed an exploratory committee. Against automotive dominance, pestilence, famine and dooring. Sharrows for All!",
        "url": "https://t.co/ngYCEai2ya",
        "entities": {
            "url": {
                "urls": [
                    {
                        "url": "https://t.co/ngYCEai2ya",
                        "expanded_url": "http://Areyoukidding.com",
                        "display_url": "Areyoukidding.com",
                        "indices": [
                            0,
                            23
                        ]
                    }
                ]
            },
            "description": {
                "urls": []
            }
        },
        "protected": false,
        "followers_count": 279,
        "friends_count": 730,
        "listed_count": 32,
        "created_at": "Wed Jan 20 02:51:46 +0000 2010",
        "favourites_count": 1941,
        "utc_offset": null,
        "time_zone": null,
        "geo_enabled": false,
        "verified": false,
        "statuses_count": 4417,
        "lang": "en",
        "contributors_enabled": false,
        "is_translator": false,
        "is_translation_enabled": false,
        "profile_background_color": "000000",
        "profile_background_image_url": "http://abs.twimg.com/images/themes/theme1/bg.png",
        "profile_background_image_url_https": "https://abs.twimg.com/images/themes/theme1/bg.png",
        "profile_background_tile": false,
        "profile_image_url": "http://pbs.twimg.com/profile_images/871671028140953600/bP1o0Wp5_normal.jpg",
        "profile_image_url_https": "https://pbs.twimg.com/profile_images/871671028140953600/bP1o0Wp5_normal.jpg",
        "profile_banner_url": "https://pbs.twimg.com/profile_banners/106605708/1494626879",
        "profile_link_color": "1B95E0",
        "profile_sidebar_border_color": "000000",
        "profile_sidebar_fill_color": "000000",
        "profile_text_color": "000000",
        "profile_use_background_image": false,
        "has_extended_profile": false,
        "default_profile": false,
        "default_profile_image": false,
        "following": null,
        "follow_request_sent": null,
        "notifications": null,
        "translator_type": "none"
    },
    "geo": null,
    "coordinates": null,
    "place": null,
    "contributors": null,
    "is_quote_status": false,
    "retweet_count": 0,
    "favorite_count": 0,
    "favorited": false,
    "retweeted": false,
    "possibly_sensitive": false,
    "lang": "en"
}