{
    "created_at": "Tue Apr 16 15:25:55 +0000 2019",
    "id": 1118173683552485377,
    "id_str": "1118173683552485377",
    "text": "@theretroviking @Willie_Fleming @ashleybesslane @vonny_bravo Prejudice confers a power that renders every conclusio\u2026 https://t.co/pgC8sEceR2",
    "truncated": true,
    "entities": {
        "hashtags": [],
        "symbols": [],
        "user_mentions": [
            {
                "screen_name": "theretroviking",
                "name": "Hanne-Marie",
                "id": 963812590500679682,
                "id_str": "963812590500679682",
                "indices": [
                    0,
                    15
                ]
            },
            {
                "screen_name": "Willie_Fleming",
                "name": "Spotcheck Billy",
                "id": 478687663,
                "id_str": "478687663",
                "indices": [
                    16,
                    31
                ]
            },
            {
                "screen_name": "ashleybesslane",
                "name": "Ashley Lane\ud83d\udd25",
                "id": 23038685,
                "id_str": "23038685",
                "indices": [
                    32,
                    47
                ]
            },
            {
                "screen_name": "vonny_bravo",
                "name": "Vonny LeClerc",
                "id": 1130662165,
                "id_str": "1130662165",
                "indices": [
                    48,
                    60
                ]
            }
        ],
        "urls": [
            {
                "url": "https://t.co/pgC8sEceR2",
                "expanded_url": "https://twitter.com/i/web/status/1118173683552485377",
                "display_url": "twitter.com/i/web/status/1\u2026",
                "indices": [
                    117,
                    140
                ]
            }
        ]
    },
    "metadata": {
        "iso_language_code": "en",
        "result_type": "recent"
    },
    "source": "<a href=\"http://twitter.com/download/android\" rel=\"nofollow\">Twitter for Android</a>",
    "in_reply_to_status_id": 1118167264078049280,
    "in_reply_to_status_id_str": "1118167264078049280",
    "in_reply_to_user_id": 963812590500679682,
    "in_reply_to_user_id_str": "963812590500679682",
    "in_reply_to_screen_name": "theretroviking",
    "user": {
        "id": 2675567166,
        "id_str": "2675567166",
        "name": "The Mo' Flo' Mojo",
        "screen_name": "MoFloMoJo",
        "location": "Glasgow, Scotland",
        "description": "Random musings from Mount Florida, Glasgow. Blog: https://t.co/SzeecOSwZV. Unusual disclaimers. Pronoun: all the pronouns. Veins my own.",
        "url": "https://t.co/SzeecOSwZV",
        "entities": {
            "url": {
                "urls": [
                    {
                        "url": "https://t.co/SzeecOSwZV",
                        "expanded_url": "http://moflomojo.blogspot.com",
                        "display_url": "moflomojo.blogspot.com",
                        "indices": [
                            0,
                            23
                        ]
                    }
                ]
            },
            "description": {
                "urls": [
                    {
                        "url": "https://t.co/SzeecOSwZV",
                        "expanded_url": "http://moflomojo.blogspot.com",
                        "display_url": "moflomojo.blogspot.com",
                        "indices": [
                            50,
                            73
                        ]
                    }
                ]
            }
        },
        "protected": false,
        "followers_count": 2174,
        "friends_count": 4994,
        "listed_count": 29,
        "created_at": "Thu Jul 24 02:22:17 +0000 2014",
        "favourites_count": 78298,
        "utc_offset": null,
        "time_zone": null,
        "geo_enabled": false,
        "verified": false,
        "statuses_count": 28567,
        "lang": "en",
        "contributors_enabled": false,
        "is_translator": false,
        "is_translation_enabled": false,
        "profile_background_color": "C0DEED",
        "profile_background_image_url": "http://abs.twimg.com/images/themes/theme1/bg.png",
        "profile_background_image_url_https": "https://abs.twimg.com/images/themes/theme1/bg.png",
        "profile_background_tile": false,
        "profile_image_url": "http://pbs.twimg.com/profile_images/771883469731426304/dF7OKEpy_normal.jpg",
        "profile_image_url_https": "https://pbs.twimg.com/profile_images/771883469731426304/dF7OKEpy_normal.jpg",
        "profile_banner_url": "https://pbs.twimg.com/profile_banners/2675567166/1529054695",
        "profile_link_color": "1DA1F2",
        "profile_sidebar_border_color": "C0DEED",
        "profile_sidebar_fill_color": "DDEEF6",
        "profile_text_color": "333333",
        "profile_use_background_image": true,
        "has_extended_profile": true,
        "default_profile": true,
        "default_profile_image": false,
        "following": null,
        "follow_request_sent": null,
        "notifications": null,
        "translator_type": "none"
    },
    "geo": null,
    "coordinates": null,
    "place": null,
    "contributors": null,
    "is_quote_status": false,
    "retweet_count": 0,
    "favorite_count": 0,
    "favorited": false,
    "retweeted": false,
    "lang": "en"
}