{
    "created_at": "Tue Apr 16 06:26:42 +0000 2019",
    "id": 1118037984379461632,
    "id_str": "1118037984379461632",
    "text": "RT @r0h1n: And this part from the WSJ is even more mind boggling. 2/2\n\n- $20B in funding to get to $11B in revenue. \n- $10B in losses betwe\u2026",
    "truncated": false,
    "entities": {
        "hashtags": [],
        "symbols": [],
        "user_mentions": [
            {
                "screen_name": "r0h1n",
                "name": "Rohin Dharmakumar",
                "id": 198795374,
                "id_str": "198795374",
                "indices": [
                    3,
                    9
                ]
            }
        ],
        "urls": []
    },
    "metadata": {
        "iso_language_code": "en",
        "result_type": "recent"
    },
    "source": "<a href=\"http://twitter.com\" rel=\"nofollow\">Twitter Web Client</a>",
    "in_reply_to_status_id": null,
    "in_reply_to_status_id_str": null,
    "in_reply_to_user_id": null,
    "in_reply_to_user_id_str": null,
    "in_reply_to_screen_name": null,
    "user": {
        "id": 1425894672,
        "id_str": "1425894672",
        "name": "AcadNomad/Apoorva",
        "screen_name": "ab_myriad_bird_",
        "location": "Moon, PA",
        "description": "Looking for #UXResearcher roles| #HCI & #ICTD | #VUIs, #egov, #accessibility, #privacy, #labor & #platforms, #socialmedia, #mentalhealth, #gender, #DigitalIDs",
        "url": null,
        "entities": {
            "description": {
                "urls": []
            }
        },
        "protected": false,
        "followers_count": 1017,
        "friends_count": 5000,
        "listed_count": 55,
        "created_at": "Mon May 13 17:00:29 +0000 2013",
        "favourites_count": 13258,
        "utc_offset": null,
        "time_zone": null,
        "geo_enabled": false,
        "verified": false,
        "statuses_count": 4680,
        "lang": "en",
        "contributors_enabled": false,
        "is_translator": false,
        "is_translation_enabled": false,
        "profile_background_color": "709397",
        "profile_background_image_url": "http://abs.twimg.com/images/themes/theme6/bg.gif",
        "profile_background_image_url_https": "https://abs.twimg.com/images/themes/theme6/bg.gif",
        "profile_background_tile": false,
        "profile_image_url": "http://pbs.twimg.com/profile_images/1081493088432844800/7kAQWqX__normal.jpg",
        "profile_image_url_https": "https://pbs.twimg.com/profile_images/1081493088432844800/7kAQWqX__normal.jpg",
        "profile_banner_url": "https://pbs.twimg.com/profile_banners/1425894672/1440524050",
        "profile_link_color": "981CEB",
        "profile_sidebar_border_color": "86A4A6",
        "profile_sidebar_fill_color": "A0C5C7",
        "profile_text_color": "333333",
        "profile_use_background_image": true,
        "has_extended_profile": true,
        "default_profile": false,
        "default_profile_image": false,
        "following": null,
        "follow_request_sent": null,
        "notifications": null,
        "translator_type": "none"
    },
    "geo": null,
    "coordinates": null,
    "place": null,
    "contributors": null,
    "retweeted_status": {
        "created_at": "Tue Apr 16 06:23:46 +0000 2019",
        "id": 1118037245263405056,
        "id_str": "1118037245263405056",
        "text": "And this part from the WSJ is even more mind boggling. 2/2\n\n- $20B in funding to get to $11B in revenue. \n- $10B in\u2026 https://t.co/hDVpErQ2Q3",
        "truncated": true,
        "entities": {
            "hashtags": [],
            "symbols": [],
            "user_mentions": [],
            "urls": [
                {
                    "url": "https://t.co/hDVpErQ2Q3",
                    "expanded_url": "https://twitter.com/i/web/status/1118037245263405056",
                    "display_url": "twitter.com/i/web/status/1\u2026",
                    "indices": [
                        117,
                        140
                    ]
                }
            ]
        },
        "metadata": {
            "iso_language_code": "en",
            "result_type": "recent"
        },
        "source": "<a href=\"http://twitter.com\" rel=\"nofollow\">Twitter Web Client</a>",
        "in_reply_to_status_id": 1118036039010930688,
        "in_reply_to_status_id_str": "1118036039010930688",
        "in_reply_to_user_id": 198795374,
        "in_reply_to_user_id_str": "198795374",
        "in_reply_to_screen_name": "r0h1n",
        "user": {
            "id": 198795374,
            "id_str": "198795374",
            "name": "Rohin Dharmakumar",
            "screen_name": "r0h1n",
            "location": "Bengaluru, India",
            "description": "CEO, @thekenweb. Journopreneur. \ud83d\udce7 rohin at the-ken dot com",
            "url": "https://t.co/oTTtjSJ87E",
            "entities": {
                "url": {
                    "urls": [
                        {
                            "url": "https://t.co/oTTtjSJ87E",
                            "expanded_url": "http://the-ken.com",
                            "display_url": "the-ken.com",
                            "indices": [
                                0,
                                23
                            ]
                        }
                    ]
                },
                "description": {
                    "urls": []
                }
            },
            "protected": false,
            "followers_count": 16514,
            "friends_count": 19,
            "listed_count": 421,
            "created_at": "Tue Oct 05 08:04:38 +0000 2010",
            "favourites_count": 0,
            "utc_offset": null,
            "time_zone": null,
            "geo_enabled": false,
            "verified": false,
            "statuses_count": 100303,
            "lang": "en",
            "contributors_enabled": false,
            "is_translator": false,
            "is_translation_enabled": false,
            "profile_background_color": "000000",
            "profile_background_image_url": "http://abs.twimg.com/images/themes/theme14/bg.gif",
            "profile_background_image_url_https": "https://abs.twimg.com/images/themes/theme14/bg.gif",
            "profile_background_tile": false,
            "profile_image_url": "http://pbs.twimg.com/profile_images/1092385774262079493/4WqxVjaO_normal.jpg",
            "profile_image_url_https": "https://pbs.twimg.com/profile_images/1092385774262079493/4WqxVjaO_normal.jpg",
            "profile_banner_url": "https://pbs.twimg.com/profile_banners/198795374/1554188483",
            "profile_link_color": "1B95E0",
            "profile_sidebar_border_color": "000000",
            "profile_sidebar_fill_color": "000000",
            "profile_text_color": "000000",
            "profile_use_background_image": false,
            "has_extended_profile": false,
            "default_profile": false,
            "default_profile_image": false,
            "following": null,
            "follow_request_sent": null,
            "notifications": null,
            "translator_type": "none"
        },
        "geo": null,
        "coordinates": null,
        "place": null,
        "contributors": null,
        "is_quote_status": false,
        "retweet_count": 11,
        "favorite_count": 28,
        "favorited": false,
        "retweeted": false,
        "possibly_sensitive": false,
        "lang": "en"
    },
    "is_quote_status": false,
    "retweet_count": 11,
    "favorite_count": 0,
    "favorited": false,
    "retweeted": false,
    "lang": "en"
}