{
    "created_at": "Wed Apr 17 23:25:02 +0000 2019",
    "id": 1118656645481893888,
    "id_str": "1118656645481893888",
    "text": "@JesseTorresCA @BrookTaylorCA @Uber PSA I broke both of my wrists on Christmas Day in San Diego falling off a jump\u2026 https://t.co/ySLISNFayD",
    "truncated": true,
    "entities": {
        "hashtags": [],
        "symbols": [],
        "user_mentions": [
            {
                "screen_name": "JesseTorresCA",
                "name": "Jesse Torres",
                "id": 14836599,
                "id_str": "14836599",
                "indices": [
                    0,
                    14
                ]
            },
            {
                "screen_name": "BrookTaylorCA",
                "name": "Brook Taylor",
                "id": 176862523,
                "id_str": "176862523",
                "indices": [
                    15,
                    29
                ]
            },
            {
                "screen_name": "Uber",
                "name": "Uber",
                "id": 19103481,
                "id_str": "19103481",
                "indices": [
                    30,
                    35
                ]
            }
        ],
        "urls": [
            {
                "url": "https://t.co/ySLISNFayD",
                "expanded_url": "https://twitter.com/i/web/status/1118656645481893888",
                "display_url": "twitter.com/i/web/status/1\u2026",
                "indices": [
                    116,
                    139
                ]
            }
        ]
    },
    "metadata": {
        "iso_language_code": "en",
        "result_type": "recent"
    },
    "source": "<a href=\"http://twitter.com/download/iphone\" rel=\"nofollow\">Twitter for iPhone</a>",
    "in_reply_to_status_id": 1115788388844466176,
    "in_reply_to_status_id_str": "1115788388844466176",
    "in_reply_to_user_id": 14836599,
    "in_reply_to_user_id_str": "14836599",
    "in_reply_to_screen_name": "JesseTorresCA",
    "user": {
        "id": 4500750854,
        "id_str": "4500750854",
        "name": "Nancee Robles",
        "screen_name": "TrombleyNancee",
        "location": "",
        "description": "-all opinions are my own -tweets represent my opinion, not my employer",
        "url": null,
        "entities": {
            "description": {
                "urls": []
            }
        },
        "protected": false,
        "followers_count": 38,
        "friends_count": 47,
        "listed_count": 0,
        "created_at": "Tue Dec 08 21:43:25 +0000 2015",
        "favourites_count": 68,
        "utc_offset": null,
        "time_zone": null,
        "geo_enabled": true,
        "verified": false,
        "statuses_count": 52,
        "lang": "en",
        "contributors_enabled": false,
        "is_translator": false,
        "is_translation_enabled": false,
        "profile_background_color": "000000",
        "profile_background_image_url": "http://abs.twimg.com/images/themes/theme1/bg.png",
        "profile_background_image_url_https": "https://abs.twimg.com/images/themes/theme1/bg.png",
        "profile_background_tile": false,
        "profile_image_url": "http://pbs.twimg.com/profile_images/677907539061673988/MOgsz0zh_normal.jpg",
        "profile_image_url_https": "https://pbs.twimg.com/profile_images/677907539061673988/MOgsz0zh_normal.jpg",
        "profile_banner_url": "https://pbs.twimg.com/profile_banners/4500750854/1455493501",
        "profile_link_color": "3B94D9",
        "profile_sidebar_border_color": "000000",
        "profile_sidebar_fill_color": "000000",
        "profile_text_color": "000000",
        "profile_use_background_image": false,
        "has_extended_profile": false,
        "default_profile": false,
        "default_profile_image": false,
        "following": null,
        "follow_request_sent": null,
        "notifications": null,
        "translator_type": "none"
    },
    "geo": null,
    "coordinates": null,
    "place": {
        "id": "b71fac2ee9792cbe",
        "url": "https://api.twitter.com/1.1/geo/id/b71fac2ee9792cbe.json",
        "place_type": "city",
        "name": "Sacramento",
        "full_name": "Sacramento, CA",
        "country_code": "US",
        "country": "United States",
        "contained_within": [],
        "bounding_box": {
            "type": "Polygon",
            "coordinates": [
                [
                    [
                        -121.576613,
                        38.43792
                    ],
                    [
                        -121.362715,
                        38.43792
                    ],
                    [
                        -121.362715,
                        38.6855236
                    ],
                    [
                        -121.576613,
                        38.6855236
                    ]
                ]
            ]
        },
        "attributes": {}
    },
    "contributors": null,
    "is_quote_status": false,
    "retweet_count": 0,
    "favorite_count": 0,
    "favorited": false,
    "retweeted": false,
    "lang": "en"
}