{
    "created_at": "Wed Apr 17 10:10:02 +0000 2019",
    "id": 1118456578674270210,
    "id_str": "1118456578674270210",
    "text": "UPDATE: #SanFrancisco to require stricter scrunity of bikeshare companies after defective brakes found in Uber [Jum\u2026 https://t.co/VOMTNs7sQ8",
    "truncated": true,
    "entities": {
        "hashtags": [
            {
                "text": "SanFrancisco",
                "indices": [
                    8,
                    21
                ]
            }
        ],
        "symbols": [],
        "user_mentions": [],
        "urls": [
            {
                "url": "https://t.co/VOMTNs7sQ8",
                "expanded_url": "https://twitter.com/i/web/status/1118456578674270210",
                "display_url": "twitter.com/i/web/status/1\u2026",
                "indices": [
                    117,
                    140
                ]
            }
        ]
    },
    "metadata": {
        "iso_language_code": "en",
        "result_type": "recent"
    },
    "source": "<a href=\"http://twitter.com/download/android\" rel=\"nofollow\">Twitter for Android</a>",
    "in_reply_to_status_id": null,
    "in_reply_to_status_id_str": null,
    "in_reply_to_user_id": null,
    "in_reply_to_user_id_str": null,
    "in_reply_to_screen_name": null,
    "user": {
        "id": 23853647,
        "id_str": "23853647",
        "name": "#pelosiownstrump #resist #nosurrender #FBR",
        "screen_name": "paxxman",
        "location": "3rd planet in minor solar sys",
        "description": "#fighth8 | #CaliforniaNative #\ud83c\udf08 | #Winelover #\ud83c\udf77 | #CraftBeer #\ud83c\udf7a | \u2660\u2665\u2666\u2663 | #\u270c#\u262e #\ud83d\udd4a#\ud83e\udd84",
        "url": null,
        "entities": {
            "description": {
                "urls": []
            }
        },
        "protected": false,
        "followers_count": 2453,
        "friends_count": 5000,
        "listed_count": 823,
        "created_at": "Wed Mar 11 23:36:38 +0000 2009",
        "favourites_count": 182791,
        "utc_offset": null,
        "time_zone": null,
        "geo_enabled": true,
        "verified": false,
        "statuses_count": 155597,
        "lang": "en",
        "contributors_enabled": false,
        "is_translator": false,
        "is_translation_enabled": false,
        "profile_background_color": "C0DEED",
        "profile_background_image_url": "http://abs.twimg.com/images/themes/theme1/bg.png",
        "profile_background_image_url_https": "https://abs.twimg.com/images/themes/theme1/bg.png",
        "profile_background_tile": false,
        "profile_image_url": "http://pbs.twimg.com/profile_images/797477084008312832/ffUp362t_normal.jpg",
        "profile_image_url_https": "https://pbs.twimg.com/profile_images/797477084008312832/ffUp362t_normal.jpg",
        "profile_banner_url": "https://pbs.twimg.com/profile_banners/23853647/1405558975",
        "profile_link_color": "1DA1F2",
        "profile_sidebar_border_color": "C0DEED",
        "profile_sidebar_fill_color": "DDEEF6",
        "profile_text_color": "333333",
        "profile_use_background_image": true,
        "has_extended_profile": false,
        "default_profile": true,
        "default_profile_image": false,
        "following": null,
        "follow_request_sent": null,
        "notifications": null,
        "translator_type": "none"
    },
    "geo": null,
    "coordinates": null,
    "place": null,
    "contributors": null,
    "is_quote_status": false,
    "retweet_count": 0,
    "favorite_count": 0,
    "favorited": false,
    "retweeted": false,
    "possibly_sensitive": false,
    "lang": "en"
}