{
    "created_at": "Wed Apr 17 13:59:13 +0000 2019",
    "id": 1118514252761976833,
    "id_str": "1118514252761976833",
    "text": "@lizdrabick The red scooters? Jump - they belong to Uber.",
    "truncated": false,
    "entities": {
        "hashtags": [],
        "symbols": [],
        "user_mentions": [
            {
                "screen_name": "lizdrabick",
                "name": "liz drabick",
                "id": 30640324,
                "id_str": "30640324",
                "indices": [
                    0,
                    11
                ]
            }
        ],
        "urls": []
    },
    "metadata": {
        "iso_language_code": "en",
        "result_type": "recent"
    },
    "source": "<a href=\"https://about.twitter.com/products/tweetdeck\" rel=\"nofollow\">TweetDeck</a>",
    "in_reply_to_status_id": 1118491371000803328,
    "in_reply_to_status_id_str": "1118491371000803328",
    "in_reply_to_user_id": 30640324,
    "in_reply_to_user_id_str": "30640324",
    "in_reply_to_screen_name": "lizdrabick",
    "user": {
        "id": 478647114,
        "id_str": "478647114",
        "name": "Jim Russ WBAL NewsRadio 1090 & FM 101.5 \ud83d\udcfb\ud83d\udea8",
        "screen_name": "JimWBALTraffic",
        "location": "Baltimore, MD",
        "description": "Baltimore traffic updates on the Mighty WBAL Newsradio 1090 & FM 1015. 5 am-12:15 pm, M-F. Traffic? Verizon *AUTO or 410.261.2309.",
        "url": "https://t.co/mCRh37CJxc",
        "entities": {
            "url": {
                "urls": [
                    {
                        "url": "https://t.co/mCRh37CJxc",
                        "expanded_url": "http://www.wbal.com/traffic",
                        "display_url": "wbal.com/traffic",
                        "indices": [
                            0,
                            23
                        ]
                    }
                ]
            },
            "description": {
                "urls": []
            }
        },
        "protected": false,
        "followers_count": 5741,
        "friends_count": 1936,
        "listed_count": 215,
        "created_at": "Mon Jan 30 14:22:49 +0000 2012",
        "favourites_count": 983,
        "utc_offset": null,
        "time_zone": null,
        "geo_enabled": true,
        "verified": true,
        "statuses_count": 80405,
        "lang": "en",
        "contributors_enabled": false,
        "is_translator": false,
        "is_translation_enabled": false,
        "profile_background_color": "A6DED3",
        "profile_background_image_url": "http://abs.twimg.com/images/themes/theme1/bg.png",
        "profile_background_image_url_https": "https://abs.twimg.com/images/themes/theme1/bg.png",
        "profile_background_tile": false,
        "profile_image_url": "http://pbs.twimg.com/profile_images/1110573374810537984/AaSOJpfl_normal.jpg",
        "profile_image_url_https": "https://pbs.twimg.com/profile_images/1110573374810537984/AaSOJpfl_normal.jpg",
        "profile_banner_url": "https://pbs.twimg.com/profile_banners/478647114/1492517040",
        "profile_link_color": "F50C0C",
        "profile_sidebar_border_color": "FFFFFF",
        "profile_sidebar_fill_color": "05121A",
        "profile_text_color": "092032",
        "profile_use_background_image": true,
        "has_extended_profile": true,
        "default_profile": false,
        "default_profile_image": false,
        "following": null,
        "follow_request_sent": null,
        "notifications": null,
        "translator_type": "none"
    },
    "geo": null,
    "coordinates": null,
    "place": null,
    "contributors": null,
    "is_quote_status": false,
    "retweet_count": 0,
    "favorite_count": 1,
    "favorited": false,
    "retweeted": false,
    "lang": "en"
}