{
    "created_at": "Tue Apr 16 20:46:30 +0000 2019",
    "id": 1118254360172146690,
    "id_str": "1118254360172146690",
    "text": "Uber says it fixed its e-bikes with similar brake problems as Lyft, but some riders were still injured  https://t.co/lPFcpHY3Gu #news #tech",
    "truncated": false,
    "entities": {
        "hashtags": [
            {
                "text": "news",
                "indices": [
                    128,
                    133
                ]
            },
            {
                "text": "tech",
                "indices": [
                    134,
                    139
                ]
            }
        ],
        "symbols": [],
        "user_mentions": [],
        "urls": [
            {
                "url": "https://t.co/lPFcpHY3Gu",
                "expanded_url": "http://bit.ly/2Pdj1OG",
                "display_url": "bit.ly/2Pdj1OG",
                "indices": [
                    104,
                    127
                ]
            }
        ]
    },
    "metadata": {
        "iso_language_code": "en",
        "result_type": "recent"
    },
    "source": "<a href=\"https://ifttt.com\" rel=\"nofollow\">IFTTT</a>",
    "in_reply_to_status_id": null,
    "in_reply_to_status_id_str": null,
    "in_reply_to_user_id": null,
    "in_reply_to_user_id_str": null,
    "in_reply_to_screen_name": null,
    "user": {
        "id": 27276155,
        "id_str": "27276155",
        "name": "\u2605 Claudia @ ./lsd",
        "screen_name": "liquidskydesign",
        "location": "Switzerland",
        "description": "Full Stack Graphic & Visual Designer, @TeamQLASH Italian Social & Community Manager \u2665 \u65e5\u672c, #jazz, #esport, #crypto, #opensource, rabblerouser girl",
        "url": "https://t.co/2HFGwtiFvX",
        "entities": {
            "url": {
                "urls": [
                    {
                        "url": "https://t.co/2HFGwtiFvX",
                        "expanded_url": "http://www.liquidskydesign.org",
                        "display_url": "liquidskydesign.org",
                        "indices": [
                            0,
                            23
                        ]
                    }
                ]
            },
            "description": {
                "urls": []
            }
        },
        "protected": false,
        "followers_count": 1564,
        "friends_count": 836,
        "listed_count": 706,
        "created_at": "Sat Mar 28 18:04:45 +0000 2009",
        "favourites_count": 707,
        "utc_offset": null,
        "time_zone": null,
        "geo_enabled": false,
        "verified": false,
        "statuses_count": 523646,
        "lang": "en",
        "contributors_enabled": false,
        "is_translator": false,
        "is_translation_enabled": true,
        "profile_background_color": "FFFFFF",
        "profile_background_image_url": "http://abs.twimg.com/images/themes/theme9/bg.gif",
        "profile_background_image_url_https": "https://abs.twimg.com/images/themes/theme9/bg.gif",
        "profile_background_tile": false,
        "profile_image_url": "http://pbs.twimg.com/profile_images/970347286969704449/xNe344R-_normal.jpg",
        "profile_image_url_https": "https://pbs.twimg.com/profile_images/970347286969704449/xNe344R-_normal.jpg",
        "profile_banner_url": "https://pbs.twimg.com/profile_banners/27276155/1508181815",
        "profile_link_color": "9E457F",
        "profile_sidebar_border_color": "FFFFFF",
        "profile_sidebar_fill_color": "FFFFFF",
        "profile_text_color": "333333",
        "profile_use_background_image": true,
        "has_extended_profile": true,
        "default_profile": false,
        "default_profile_image": false,
        "following": null,
        "follow_request_sent": null,
        "notifications": null,
        "translator_type": "none"
    },
    "geo": null,
    "coordinates": null,
    "place": null,
    "contributors": null,
    "is_quote_status": false,
    "retweet_count": 0,
    "favorite_count": 0,
    "favorited": false,
    "retweeted": false,
    "possibly_sensitive": false,
    "lang": "en"
}