{
    "created_at": "Wed Apr 17 21:11:24 +0000 2019",
    "id": 1118623015225393152,
    "id_str": "1118623015225393152",
    "text": "\"Ol\u00e1, Manuel. Como consequ\u00eancia da atual greve dos motoristas, os servi\u00e7os... da Uber poder\u00e3o apresentar condiciona\u2026 https://t.co/1Tj6rRcq4y",
    "truncated": true,
    "entities": {
        "hashtags": [],
        "symbols": [],
        "user_mentions": [],
        "urls": [
            {
                "url": "https://t.co/1Tj6rRcq4y",
                "expanded_url": "https://twitter.com/i/web/status/1118623015225393152",
                "display_url": "twitter.com/i/web/status/1\u2026",
                "indices": [
                    117,
                    140
                ]
            }
        ]
    },
    "metadata": {
        "iso_language_code": "pt",
        "result_type": "recent"
    },
    "source": "<a href=\"http://twitter.com/download/android\" rel=\"nofollow\">Twitter for Android</a>",
    "in_reply_to_status_id": null,
    "in_reply_to_status_id_str": null,
    "in_reply_to_user_id": null,
    "in_reply_to_user_id_str": null,
    "in_reply_to_screen_name": null,
    "user": {
        "id": 17463098,
        "id_str": "17463098",
        "name": "Manuel Ribeiro",
        "screen_name": "manuelribeiro",
        "location": "Portugal",
        "description": "Content Editor",
        "url": "https://t.co/t5fXv7XuKL",
        "entities": {
            "url": {
                "urls": [
                    {
                        "url": "https://t.co/t5fXv7XuKL",
                        "expanded_url": "http://manuelribeiro.com",
                        "display_url": "manuelribeiro.com",
                        "indices": [
                            0,
                            23
                        ]
                    }
                ]
            },
            "description": {
                "urls": []
            }
        },
        "protected": false,
        "followers_count": 1394,
        "friends_count": 627,
        "listed_count": 61,
        "created_at": "Tue Nov 18 12:29:05 +0000 2008",
        "favourites_count": 623,
        "utc_offset": null,
        "time_zone": null,
        "geo_enabled": true,
        "verified": false,
        "statuses_count": 8367,
        "lang": "pt",
        "contributors_enabled": false,
        "is_translator": false,
        "is_translation_enabled": false,
        "profile_background_color": "215154",
        "profile_background_image_url": "http://abs.twimg.com/images/themes/theme1/bg.png",
        "profile_background_image_url_https": "https://abs.twimg.com/images/themes/theme1/bg.png",
        "profile_background_tile": true,
        "profile_image_url": "http://pbs.twimg.com/profile_images/909097858929954817/VNNNl3wm_normal.jpg",
        "profile_image_url_https": "https://pbs.twimg.com/profile_images/909097858929954817/VNNNl3wm_normal.jpg",
        "profile_banner_url": "https://pbs.twimg.com/profile_banners/17463098/1405667590",
        "profile_link_color": "01080D",
        "profile_sidebar_border_color": "FFFFFF",
        "profile_sidebar_fill_color": "DDFFCC",
        "profile_text_color": "333333",
        "profile_use_background_image": false,
        "has_extended_profile": false,
        "default_profile": false,
        "default_profile_image": false,
        "following": null,
        "follow_request_sent": null,
        "notifications": null,
        "translator_type": "none"
    },
    "geo": null,
    "coordinates": null,
    "place": null,
    "contributors": null,
    "is_quote_status": false,
    "retweet_count": 0,
    "favorite_count": 0,
    "favorited": false,
    "retweeted": false,
    "lang": "pt"
}