{
    "created_at": "Tue Apr 16 17:13:07 +0000 2019",
    "id": 1118200660170817536,
    "id_str": "1118200660170817536",
    "text": "Two happy @jump_rides scooter riders here at Eastern Market on a lovely #EmancipationDay afternoon! Want to try? Fi\u2026 https://t.co/VT58aozTsC",
    "truncated": true,
    "entities": {
        "hashtags": [
            {
                "text": "EmancipationDay",
                "indices": [
                    72,
                    88
                ]
            }
        ],
        "symbols": [],
        "user_mentions": [
            {
                "screen_name": "jump_rides",
                "name": "JUMP",
                "id": 868126911817502721,
                "id_str": "868126911817502721",
                "indices": [
                    10,
                    21
                ]
            }
        ],
        "urls": [
            {
                "url": "https://t.co/VT58aozTsC",
                "expanded_url": "https://twitter.com/i/web/status/1118200660170817536",
                "display_url": "twitter.com/i/web/status/1\u2026",
                "indices": [
                    117,
                    140
                ]
            }
        ]
    },
    "metadata": {
        "iso_language_code": "en",
        "result_type": "recent"
    },
    "source": "<a href=\"http://tapbots.com/tweetbot\" rel=\"nofollow\">Tweetbot for i\u039fS</a>",
    "in_reply_to_status_id": null,
    "in_reply_to_status_id_str": null,
    "in_reply_to_user_id": null,
    "in_reply_to_user_id_str": null,
    "in_reply_to_screen_name": null,
    "user": {
        "id": 8144422,
        "id_str": "8144422",
        "name": "Rudi Riet",
        "screen_name": "randomduck",
        "location": "Washington, DC",
        "description": "IT & transpo analyst in DC. Currently JUMPing. Political activist & cycling advocate. Former chair of @PotomacPedalers. Alpine skiing coach. All views my own.",
        "url": "https://t.co/cUJ8p85BwM",
        "entities": {
            "url": {
                "urls": [
                    {
                        "url": "https://t.co/cUJ8p85BwM",
                        "expanded_url": "http://www.randomduck.com/",
                        "display_url": "randomduck.com",
                        "indices": [
                            0,
                            23
                        ]
                    }
                ]
            },
            "description": {
                "urls": []
            }
        },
        "protected": false,
        "followers_count": 1344,
        "friends_count": 1546,
        "listed_count": 97,
        "created_at": "Sun Aug 12 19:03:41 +0000 2007",
        "favourites_count": 10929,
        "utc_offset": null,
        "time_zone": null,
        "geo_enabled": true,
        "verified": false,
        "statuses_count": 39144,
        "lang": "en",
        "contributors_enabled": false,
        "is_translator": false,
        "is_translation_enabled": false,
        "profile_background_color": "3555D4",
        "profile_background_image_url": "http://abs.twimg.com/images/themes/theme1/bg.png",
        "profile_background_image_url_https": "https://abs.twimg.com/images/themes/theme1/bg.png",
        "profile_background_tile": false,
        "profile_image_url": "http://pbs.twimg.com/profile_images/1018586145146441731/xCZwAQf5_normal.jpg",
        "profile_image_url_https": "https://pbs.twimg.com/profile_images/1018586145146441731/xCZwAQf5_normal.jpg",
        "profile_banner_url": "https://pbs.twimg.com/profile_banners/8144422/1537498596",
        "profile_link_color": "990000",
        "profile_sidebar_border_color": "87BC44",
        "profile_sidebar_fill_color": "E0FF92",
        "profile_text_color": "000000",
        "profile_use_background_image": true,
        "has_extended_profile": true,
        "default_profile": false,
        "default_profile_image": false,
        "following": null,
        "follow_request_sent": null,
        "notifications": null,
        "translator_type": "none"
    },
    "geo": null,
    "coordinates": null,
    "place": null,
    "contributors": null,
    "is_quote_status": false,
    "retweet_count": 0,
    "favorite_count": 2,
    "favorited": false,
    "retweeted": false,
    "possibly_sensitive": false,
    "lang": "en"
}