{
    "created_at": "Thu Apr 18 04:56:09 +0000 2019",
    "id": 1118739973677568001,
    "id_str": "1118739973677568001",
    "text": "I\u2019m addicted to Uber because of the jump bikes. I really just reserve to cruise around campus. https://t.co/I3bMCKufv8",
    "truncated": false,
    "entities": {
        "hashtags": [],
        "symbols": [],
        "user_mentions": [],
        "urls": [],
        "media": [
            {
                "id": 1118739970275983360,
                "id_str": "1118739970275983360",
                "indices": [
                    95,
                    118
                ],
                "media_url": "http://pbs.twimg.com/media/D4aQE1xUwAAx3gW.jpg",
                "media_url_https": "https://pbs.twimg.com/media/D4aQE1xUwAAx3gW.jpg",
                "url": "https://t.co/I3bMCKufv8",
                "display_url": "pic.twitter.com/I3bMCKufv8",
                "expanded_url": "https://twitter.com/zoloftiana/status/1118739973677568001/photo/1",
                "type": "photo",
                "sizes": {
                    "thumb": {
                        "w": 150,
                        "h": 150,
                        "resize": "crop"
                    },
                    "small": {
                        "w": 680,
                        "h": 680,
                        "resize": "fit"
                    },
                    "medium": {
                        "w": 1080,
                        "h": 1080,
                        "resize": "fit"
                    },
                    "large": {
                        "w": 1080,
                        "h": 1080,
                        "resize": "fit"
                    }
                }
            }
        ]
    },
    "extended_entities": {
        "media": [
            {
                "id": 1118739970275983360,
                "id_str": "1118739970275983360",
                "indices": [
                    95,
                    118
                ],
                "media_url": "http://pbs.twimg.com/media/D4aQE1xUwAAx3gW.jpg",
                "media_url_https": "https://pbs.twimg.com/media/D4aQE1xUwAAx3gW.jpg",
                "url": "https://t.co/I3bMCKufv8",
                "display_url": "pic.twitter.com/I3bMCKufv8",
                "expanded_url": "https://twitter.com/zoloftiana/status/1118739973677568001/photo/1",
                "type": "photo",
                "sizes": {
                    "thumb": {
                        "w": 150,
                        "h": 150,
                        "resize": "crop"
                    },
                    "small": {
                        "w": 680,
                        "h": 680,
                        "resize": "fit"
                    },
                    "medium": {
                        "w": 1080,
                        "h": 1080,
                        "resize": "fit"
                    },
                    "large": {
                        "w": 1080,
                        "h": 1080,
                        "resize": "fit"
                    }
                }
            }
        ]
    },
    "metadata": {
        "iso_language_code": "en",
        "result_type": "recent"
    },
    "source": "<a href=\"http://twitter.com/download/iphone\" rel=\"nofollow\">Twitter for iPhone</a>",
    "in_reply_to_status_id": null,
    "in_reply_to_status_id_str": null,
    "in_reply_to_user_id": null,
    "in_reply_to_user_id_str": null,
    "in_reply_to_screen_name": null,
    "user": {
        "id": 3731936474,
        "id_str": "3731936474",
        "name": "tony",
        "screen_name": "zoloftiana",
        "location": "",
        "description": "I\u2019m a dreamer I dream a lot in my sleep.",
        "url": null,
        "entities": {
            "description": {
                "urls": []
            }
        },
        "protected": false,
        "followers_count": 467,
        "friends_count": 267,
        "listed_count": 4,
        "created_at": "Wed Sep 30 02:00:11 +0000 2015",
        "favourites_count": 11682,
        "utc_offset": null,
        "time_zone": null,
        "geo_enabled": true,
        "verified": false,
        "statuses_count": 7789,
        "lang": "en",
        "contributors_enabled": false,
        "is_translator": false,
        "is_translation_enabled": false,
        "profile_background_color": "000000",
        "profile_background_image_url": "http://abs.twimg.com/images/themes/theme1/bg.png",
        "profile_background_image_url_https": "https://abs.twimg.com/images/themes/theme1/bg.png",
        "profile_background_tile": false,
        "profile_image_url": "http://pbs.twimg.com/profile_images/1117307650503405569/Tz38QKW6_normal.jpg",
        "profile_image_url_https": "https://pbs.twimg.com/profile_images/1117307650503405569/Tz38QKW6_normal.jpg",
        "profile_banner_url": "https://pbs.twimg.com/profile_banners/3731936474/1537233789",
        "profile_link_color": "ABB8C2",
        "profile_sidebar_border_color": "000000",
        "profile_sidebar_fill_color": "000000",
        "profile_text_color": "000000",
        "profile_use_background_image": false,
        "has_extended_profile": true,
        "default_profile": false,
        "default_profile_image": false,
        "following": null,
        "follow_request_sent": null,
        "notifications": null,
        "translator_type": "none"
    },
    "geo": null,
    "coordinates": null,
    "place": null,
    "contributors": null,
    "is_quote_status": false,
    "retweet_count": 0,
    "favorite_count": 6,
    "favorited": false,
    "retweeted": false,
    "possibly_sensitive": false,
    "lang": "en"
}