{
    "created_at": "Tue Apr 16 22:02:34 +0000 2019",
    "id": 1118273503080472580,
    "id_str": "1118273503080472580",
    "text": "@cormerap les v\u00e9los = les voitures Uber. Le service : le rebalancing, l'entretien, la recharge. Le v\u00e9lo seul ne suf\u2026 https://t.co/krT9EHzt98",
    "truncated": true,
    "entities": {
        "hashtags": [],
        "symbols": [],
        "user_mentions": [
            {
                "screen_name": "cormerap",
                "name": "Paula \ud83d\udc34\ud83d\udeb2",
                "id": 247764882,
                "id_str": "247764882",
                "indices": [
                    0,
                    9
                ]
            }
        ],
        "urls": [
            {
                "url": "https://t.co/krT9EHzt98",
                "expanded_url": "https://twitter.com/i/web/status/1118273503080472580",
                "display_url": "twitter.com/i/web/status/1\u2026",
                "indices": [
                    117,
                    140
                ]
            }
        ]
    },
    "metadata": {
        "iso_language_code": "fr",
        "result_type": "recent"
    },
    "source": "<a href=\"http://twitter.com\" rel=\"nofollow\">Twitter Web Client</a>",
    "in_reply_to_status_id": 1118272596716470278,
    "in_reply_to_status_id_str": "1118272596716470278",
    "in_reply_to_user_id": 247764882,
    "in_reply_to_user_id_str": "247764882",
    "in_reply_to_screen_name": "cormerap",
    "user": {
        "id": 865911696,
        "id_str": "865911696",
        "name": "15marches",
        "screen_name": "15marches",
        "location": "France, on the move",
        "description": "Creative consulting  #innovation #businessmodel #gotomarket Check out our blog \ud83d\udca1https://t.co/iesZ8mR78x my weekly newsletter \u270d\ufe0f https://t.co/vaNOQlFfBI",
        "url": "https://t.co/slASbw79l6",
        "entities": {
            "url": {
                "urls": [
                    {
                        "url": "https://t.co/slASbw79l6",
                        "expanded_url": "http://www.15marches.fr",
                        "display_url": "15marches.fr",
                        "indices": [
                            0,
                            23
                        ]
                    }
                ]
            },
            "description": {
                "urls": [
                    {
                        "url": "https://t.co/iesZ8mR78x",
                        "expanded_url": "https://15marches.fr/blog",
                        "display_url": "15marches.fr/blog",
                        "indices": [
                            80,
                            103
                        ]
                    },
                    {
                        "url": "https://t.co/vaNOQlFfBI",
                        "expanded_url": "http://eepurl.com/dfqLDr",
                        "display_url": "eepurl.com/dfqLDr",
                        "indices": [
                            128,
                            151
                        ]
                    }
                ]
            }
        },
        "protected": false,
        "followers_count": 7199,
        "friends_count": 5016,
        "listed_count": 684,
        "created_at": "Sun Oct 07 07:23:13 +0000 2012",
        "favourites_count": 15178,
        "utc_offset": null,
        "time_zone": null,
        "geo_enabled": false,
        "verified": false,
        "statuses_count": 26171,
        "lang": "fr",
        "contributors_enabled": false,
        "is_translator": false,
        "is_translation_enabled": false,
        "profile_background_color": "C0DEED",
        "profile_background_image_url": "http://abs.twimg.com/images/themes/theme1/bg.png",
        "profile_background_image_url_https": "https://abs.twimg.com/images/themes/theme1/bg.png",
        "profile_background_tile": false,
        "profile_image_url": "http://pbs.twimg.com/profile_images/3170633887/ddc0a97b055296b07fef36e27c9c3582_normal.png",
        "profile_image_url_https": "https://pbs.twimg.com/profile_images/3170633887/ddc0a97b055296b07fef36e27c9c3582_normal.png",
        "profile_banner_url": "https://pbs.twimg.com/profile_banners/865911696/1535570713",
        "profile_link_color": "1F97C2",
        "profile_sidebar_border_color": "FFFFFF",
        "profile_sidebar_fill_color": "DDEEF6",
        "profile_text_color": "333333",
        "profile_use_background_image": true,
        "has_extended_profile": false,
        "default_profile": false,
        "default_profile_image": false,
        "following": null,
        "follow_request_sent": null,
        "notifications": null,
        "translator_type": "none"
    },
    "geo": null,
    "coordinates": null,
    "place": null,
    "contributors": null,
    "is_quote_status": true,
    "quoted_status_id": 1118229984542199808,
    "quoted_status_id_str": "1118229984542199808",
    "quoted_status": {
        "created_at": "Tue Apr 16 19:09:38 +0000 2019",
        "id": 1118229984542199808,
        "id_str": "1118229984542199808",
        "text": "Uber is starting to test using  contractors for JUMP scooter charging and deployment.\n\nWhat do you call an Uber sco\u2026 https://t.co/5TOB9Py72y",
        "truncated": true,
        "entities": {
            "hashtags": [],
            "symbols": [],
            "user_mentions": [],
            "urls": [
                {
                    "url": "https://t.co/5TOB9Py72y",
                    "expanded_url": "https://twitter.com/i/web/status/1118229984542199808",
                    "display_url": "twitter.com/i/web/status/1\u2026",
                    "indices": [
                        117,
                        140
                    ]
                }
            ]
        },
        "metadata": {
            "iso_language_code": "fr",
            "result_type": "recent"
        },
        "source": "<a href=\"http://twitter.com/download/iphone\" rel=\"nofollow\">Twitter for iPhone</a>",
        "in_reply_to_status_id": null,
        "in_reply_to_status_id_str": null,
        "in_reply_to_user_id": null,
        "in_reply_to_user_id_str": null,
        "in_reply_to_screen_name": null,
        "user": {
            "id": 14327996,
            "id_str": "14327996",
            "name": "michal Naka\u26a1\ufe0f",
            "screen_name": "michalnaka",
            "location": "Portland, OR",
            "description": "building @ridereport",
            "url": "https://t.co/Qn8b5fe2Am",
            "entities": {
                "url": {
                    "urls": [
                        {
                            "url": "https://t.co/Qn8b5fe2Am",
                            "expanded_url": "https://movements.substack.com/",
                            "display_url": "movements.substack.com",
                            "indices": [
                                0,
                                23
                            ]
                        }
                    ]
                },
                "description": {
                    "urls": []
                }
            },
            "protected": false,
            "followers_count": 3362,
            "friends_count": 425,
            "listed_count": 127,
            "created_at": "Mon Apr 07 23:38:12 +0000 2008",
            "favourites_count": 23482,
            "utc_offset": null,
            "time_zone": null,
            "geo_enabled": true,
            "verified": false,
            "statuses_count": 2284,
            "lang": "en",
            "contributors_enabled": false,
            "is_translator": false,
            "is_translation_enabled": false,
            "profile_background_color": "1A1B1F",
            "profile_background_image_url": "http://abs.twimg.com/images/themes/theme9/bg.gif",
            "profile_background_image_url_https": "https://abs.twimg.com/images/themes/theme9/bg.gif",
            "profile_background_tile": true,
            "profile_image_url": "http://pbs.twimg.com/profile_images/1107118262523854854/DUrf6U-N_normal.jpg",
            "profile_image_url_https": "https://pbs.twimg.com/profile_images/1107118262523854854/DUrf6U-N_normal.jpg",
            "profile_banner_url": "https://pbs.twimg.com/profile_banners/14327996/1455687258",
            "profile_link_color": "1B95E0",
            "profile_sidebar_border_color": "181A1E",
            "profile_sidebar_fill_color": "252429",
            "profile_text_color": "666666",
            "profile_use_background_image": true,
            "has_extended_profile": true,
            "default_profile": false,
            "default_profile_image": false,
            "following": null,
            "follow_request_sent": null,
            "notifications": null,
            "translator_type": "none"
        },
        "geo": null,
        "coordinates": null,
        "place": null,
        "contributors": null,
        "is_quote_status": false,
        "retweet_count": 7,
        "favorite_count": 48,
        "favorited": false,
        "retweeted": false,
        "possibly_sensitive": false,
        "lang": "en"
    },
    "retweet_count": 0,
    "favorite_count": 0,
    "favorited": false,
    "retweeted": false,
    "possibly_sensitive": false,
    "lang": "fr"
}