{
    "created_at": "Tue Apr 16 20:37:02 +0000 2019",
    "id": 1118251979480846336,
    "id_str": "1118251979480846336",
    "text": "Uber says it fixed its e-bikes with similar brake problems as Lyft, but some riders were still injured: Rachelle Ku\u2026 https://t.co/DpQBXkAmMm",
    "truncated": true,
    "entities": {
        "hashtags": [],
        "symbols": [],
        "user_mentions": [],
        "urls": [
            {
                "url": "https://t.co/DpQBXkAmMm",
                "expanded_url": "https://twitter.com/i/web/status/1118251979480846336",
                "display_url": "twitter.com/i/web/status/1\u2026",
                "indices": [
                    117,
                    140
                ]
            }
        ]
    },
    "metadata": {
        "iso_language_code": "en",
        "result_type": "recent"
    },
    "source": "<a href=\"https://dlvrit.com/\" rel=\"nofollow\">dlvr.it</a>",
    "in_reply_to_status_id": null,
    "in_reply_to_status_id_str": null,
    "in_reply_to_user_id": null,
    "in_reply_to_user_id_str": null,
    "in_reply_to_screen_name": null,
    "user": {
        "id": 48470839,
        "id_str": "48470839",
        "name": "Patrick",
        "screen_name": "cahulaan",
        "location": "\u00dcT: 48.195723,-122.119899",
        "description": "IT Net Security \ud83c\udf35\ud83c\udf1e The NEWS is the first rough draft of History! \ud83c\udf0a #ImpeachTrump #TheResistance #MeToo #VoteBlue @TeamPelosi #FBR NO Lists!",
        "url": "https://t.co/SO0Yi9tIdq",
        "entities": {
            "url": {
                "urls": [
                    {
                        "url": "https://t.co/SO0Yi9tIdq",
                        "expanded_url": "https://paper.li/cahulaan/1490159890#/",
                        "display_url": "paper.li/cahulaan/14901\u2026",
                        "indices": [
                            0,
                            23
                        ]
                    }
                ]
            },
            "description": {
                "urls": []
            }
        },
        "protected": false,
        "followers_count": 13003,
        "friends_count": 12008,
        "listed_count": 169,
        "created_at": "Thu Jun 18 20:05:34 +0000 2009",
        "favourites_count": 35636,
        "utc_offset": null,
        "time_zone": null,
        "geo_enabled": true,
        "verified": false,
        "statuses_count": 639152,
        "lang": "en",
        "contributors_enabled": false,
        "is_translator": false,
        "is_translation_enabled": false,
        "profile_background_color": "000000",
        "profile_background_image_url": "http://abs.twimg.com/images/themes/theme1/bg.png",
        "profile_background_image_url_https": "https://abs.twimg.com/images/themes/theme1/bg.png",
        "profile_background_tile": false,
        "profile_image_url": "http://pbs.twimg.com/profile_images/1037457536893345795/6A4r3N9b_normal.jpg",
        "profile_image_url_https": "https://pbs.twimg.com/profile_images/1037457536893345795/6A4r3N9b_normal.jpg",
        "profile_banner_url": "https://pbs.twimg.com/profile_banners/48470839/1550701259",
        "profile_link_color": "000000",
        "profile_sidebar_border_color": "000000",
        "profile_sidebar_fill_color": "000000",
        "profile_text_color": "000000",
        "profile_use_background_image": false,
        "has_extended_profile": true,
        "default_profile": false,
        "default_profile_image": false,
        "following": null,
        "follow_request_sent": null,
        "notifications": null,
        "translator_type": "none"
    },
    "geo": null,
    "coordinates": null,
    "place": null,
    "contributors": null,
    "is_quote_status": false,
    "retweet_count": 1,
    "favorite_count": 0,
    "favorited": false,
    "retweeted": false,
    "possibly_sensitive": false,
    "lang": "en"
}