{
    "created_at": "Tue Apr 16 20:42:06 +0000 2019",
    "id": 1118253254951997440,
    "id_str": "1118253254951997440",
    "text": "Uber says it fixed its e-bikes with similar brake problems as Lyft, but some riders were still injured\u2026 https://t.co/AWnsrITRhA",
    "truncated": true,
    "entities": {
        "hashtags": [],
        "symbols": [],
        "user_mentions": [],
        "urls": [
            {
                "url": "https://t.co/AWnsrITRhA",
                "expanded_url": "https://twitter.com/i/web/status/1118253254951997440",
                "display_url": "twitter.com/i/web/status/1\u2026",
                "indices": [
                    104,
                    127
                ]
            }
        ]
    },
    "metadata": {
        "iso_language_code": "en",
        "result_type": "recent"
    },
    "source": "<a href=\"https://ifttt.com\" rel=\"nofollow\">IFTTT</a>",
    "in_reply_to_status_id": null,
    "in_reply_to_status_id_str": null,
    "in_reply_to_user_id": null,
    "in_reply_to_user_id_str": null,
    "in_reply_to_screen_name": null,
    "user": {
        "id": 1007436965631971330,
        "id_str": "1007436965631971330",
        "name": "Discussion Plan",
        "screen_name": "Discussion_Plan",
        "location": "",
        "description": "Discussion Plan make chatting more planned.",
        "url": null,
        "entities": {
            "description": {
                "urls": []
            }
        },
        "protected": false,
        "followers_count": 3602,
        "friends_count": 4136,
        "listed_count": 11,
        "created_at": "Fri Jun 15 01:37:44 +0000 2018",
        "favourites_count": 28,
        "utc_offset": null,
        "time_zone": null,
        "geo_enabled": false,
        "verified": false,
        "statuses_count": 14016,
        "lang": "en",
        "contributors_enabled": false,
        "is_translator": false,
        "is_translation_enabled": false,
        "profile_background_color": "000000",
        "profile_background_image_url": "http://abs.twimg.com/images/themes/theme1/bg.png",
        "profile_background_image_url_https": "https://abs.twimg.com/images/themes/theme1/bg.png",
        "profile_background_tile": false,
        "profile_image_url": "http://pbs.twimg.com/profile_images/1009763951943540741/OuqvWQ7j_normal.jpg",
        "profile_image_url_https": "https://pbs.twimg.com/profile_images/1009763951943540741/OuqvWQ7j_normal.jpg",
        "profile_banner_url": "https://pbs.twimg.com/profile_banners/1007436965631971330/1529579463",
        "profile_link_color": "1DAFFF",
        "profile_sidebar_border_color": "000000",
        "profile_sidebar_fill_color": "000000",
        "profile_text_color": "000000",
        "profile_use_background_image": false,
        "has_extended_profile": false,
        "default_profile": false,
        "default_profile_image": false,
        "following": null,
        "follow_request_sent": null,
        "notifications": null,
        "translator_type": "none"
    },
    "geo": null,
    "coordinates": null,
    "place": null,
    "contributors": null,
    "is_quote_status": false,
    "retweet_count": 0,
    "favorite_count": 0,
    "favorited": false,
    "retweeted": false,
    "possibly_sensitive": false,
    "lang": "en"
}