{
    "created_at": "Wed Apr 17 19:51:01 +0000 2019",
    "id": 1118602784067280896,
    "id_str": "1118602784067280896",
    "text": "@mysikix @DCYellowCab @DC_DFHV @VinceGrayWard7 @ANC7DCommission @SBunnWard8 @jump_rides @wmata Great deal for folks\u2026 https://t.co/5aKZtMtHp0",
    "truncated": true,
    "entities": {
        "hashtags": [],
        "symbols": [],
        "user_mentions": [
            {
                "screen_name": "mysikix",
                "name": "Mysiki Valentine \ud83c\udf08\ud83c\udf39",
                "id": 382403518,
                "id_str": "382403518",
                "indices": [
                    0,
                    8
                ]
            },
            {
                "screen_name": "DCYellowCab",
                "name": "Yellow Cab of D.C.",
                "id": 1225520731,
                "id_str": "1225520731",
                "indices": [
                    9,
                    21
                ]
            },
            {
                "screen_name": "DC_DFHV",
                "name": "DFHV",
                "id": 384464739,
                "id_str": "384464739",
                "indices": [
                    22,
                    30
                ]
            },
            {
                "screen_name": "VinceGrayWard7",
                "name": "Vince Gray",
                "id": 4851277992,
                "id_str": "4851277992",
                "indices": [
                    31,
                    46
                ]
            },
            {
                "screen_name": "ANC7DCommission",
                "name": "ANC7D",
                "id": 810743845109530625,
                "id_str": "810743845109530625",
                "indices": [
                    47,
                    63
                ]
            },
            {
                "screen_name": "SBunnWard8",
                "name": "Sheila Bunn",
                "id": 2957403610,
                "id_str": "2957403610",
                "indices": [
                    64,
                    75
                ]
            },
            {
                "screen_name": "jump_rides",
                "name": "JUMP",
                "id": 868126911817502721,
                "id_str": "868126911817502721",
                "indices": [
                    76,
                    87
                ]
            },
            {
                "screen_name": "wmata",
                "name": "Metro",
                "id": 18938912,
                "id_str": "18938912",
                "indices": [
                    88,
                    94
                ]
            }
        ],
        "urls": [
            {
                "url": "https://t.co/5aKZtMtHp0",
                "expanded_url": "https://twitter.com/i/web/status/1118602784067280896",
                "display_url": "twitter.com/i/web/status/1\u2026",
                "indices": [
                    117,
                    140
                ]
            }
        ]
    },
    "metadata": {
        "iso_language_code": "en",
        "result_type": "recent"
    },
    "source": "<a href=\"http://twitter.com/download/android\" rel=\"nofollow\">Twitter for Android</a>",
    "in_reply_to_status_id": 1118585768287592450,
    "in_reply_to_status_id_str": "1118585768287592450",
    "in_reply_to_user_id": 382403518,
    "in_reply_to_user_id_str": "382403518",
    "in_reply_to_screen_name": "mysikix",
    "user": {
        "id": 541850210,
        "id_str": "541850210",
        "name": "Anthony Lorenzo Green | Deanwood \u270a\ud83c\udffe",
        "screen_name": "LorenzoANC7C04",
        "location": "Washington, DC",
        "description": "Advisory Neighborhood Commissioner, Single Member District 7C04. Former ANC 8B Chairman. D.C. Native. Deanwood Raised. Fighter for the voiceless. #BeTheVillage",
        "url": "https://t.co/ZaIVNHCFbn",
        "entities": {
            "url": {
                "urls": [
                    {
                        "url": "https://t.co/ZaIVNHCFbn",
                        "expanded_url": "http://www.facebook.com/GreenWard7",
                        "display_url": "facebook.com/GreenWard7",
                        "indices": [
                            0,
                            23
                        ]
                    }
                ]
            },
            "description": {
                "urls": []
            }
        },
        "protected": false,
        "followers_count": 1894,
        "friends_count": 1519,
        "listed_count": 43,
        "created_at": "Sat Mar 31 17:57:30 +0000 2012",
        "favourites_count": 4435,
        "utc_offset": null,
        "time_zone": null,
        "geo_enabled": true,
        "verified": false,
        "statuses_count": 6630,
        "lang": "en",
        "contributors_enabled": false,
        "is_translator": false,
        "is_translation_enabled": false,
        "profile_background_color": "C0DEED",
        "profile_background_image_url": "http://abs.twimg.com/images/themes/theme1/bg.png",
        "profile_background_image_url_https": "https://abs.twimg.com/images/themes/theme1/bg.png",
        "profile_background_tile": true,
        "profile_image_url": "http://pbs.twimg.com/profile_images/1103156873455435777/qxedhqJd_normal.jpg",
        "profile_image_url_https": "https://pbs.twimg.com/profile_images/1103156873455435777/qxedhqJd_normal.jpg",
        "profile_banner_url": "https://pbs.twimg.com/profile_banners/541850210/1543315612",
        "profile_link_color": "0084B4",
        "profile_sidebar_border_color": "FFFFFF",
        "profile_sidebar_fill_color": "DDEEF6",
        "profile_text_color": "333333",
        "profile_use_background_image": true,
        "has_extended_profile": true,
        "default_profile": false,
        "default_profile_image": false,
        "following": null,
        "follow_request_sent": null,
        "notifications": null,
        "translator_type": "none"
    },
    "geo": null,
    "coordinates": null,
    "place": {
        "id": "01fbe706f872cb32",
        "url": "https://api.twitter.com/1.1/geo/id/01fbe706f872cb32.json",
        "place_type": "city",
        "name": "Washington",
        "full_name": "Washington, DC",
        "country_code": "US",
        "country": "United States",
        "contained_within": [],
        "bounding_box": {
            "type": "Polygon",
            "coordinates": [
                [
                    [
                        -77.119401,
                        38.801826
                    ],
                    [
                        -76.909396,
                        38.801826
                    ],
                    [
                        -76.909396,
                        38.9953797
                    ],
                    [
                        -77.119401,
                        38.9953797
                    ]
                ]
            ]
        },
        "attributes": {}
    },
    "contributors": null,
    "is_quote_status": false,
    "retweet_count": 0,
    "favorite_count": 4,
    "favorited": false,
    "retweeted": false,
    "lang": "en"
}