{
    "created_at": "Wed Apr 17 12:16:37 +0000 2019",
    "id": 1118488430630113280,
    "id_str": "1118488430630113280",
    "text": "Uber lance ses v\u00e9los \u00e9lectriques et trottinettes Jump \u00e0 Paris https://t.co/41u5fi0a3N",
    "truncated": false,
    "entities": {
        "hashtags": [],
        "symbols": [],
        "user_mentions": [],
        "urls": [
            {
                "url": "https://t.co/41u5fi0a3N",
                "expanded_url": "http://bit.ly/2Gijzin",
                "display_url": "bit.ly/2Gijzin",
                "indices": [
                    62,
                    85
                ]
            }
        ]
    },
    "metadata": {
        "iso_language_code": "fr",
        "result_type": "recent"
    },
    "source": "<a href=\"https://ifttt.com\" rel=\"nofollow\">IFTTT</a>",
    "in_reply_to_status_id": null,
    "in_reply_to_status_id_str": null,
    "in_reply_to_user_id": null,
    "in_reply_to_user_id_str": null,
    "in_reply_to_screen_name": null,
    "user": {
        "id": 1009818963373690880,
        "id_str": "1009818963373690880",
        "name": "NexxDrive",
        "screen_name": "NexxDrive",
        "location": "",
        "description": "La mobilit\u00e9 de demain\nL'actu, les essais, les tops et les bons plans deux comme quatre roues.",
        "url": "https://t.co/cd4zvGqFjh",
        "entities": {
            "url": {
                "urls": [
                    {
                        "url": "https://t.co/cd4zvGqFjh",
                        "expanded_url": "https://nexxdrive.fr/",
                        "display_url": "nexxdrive.fr",
                        "indices": [
                            0,
                            23
                        ]
                    }
                ]
            },
            "description": {
                "urls": []
            }
        },
        "protected": false,
        "followers_count": 229,
        "friends_count": 42,
        "listed_count": 0,
        "created_at": "Thu Jun 21 15:22:57 +0000 2018",
        "favourites_count": 0,
        "utc_offset": null,
        "time_zone": null,
        "geo_enabled": false,
        "verified": false,
        "statuses_count": 1462,
        "lang": "en",
        "contributors_enabled": false,
        "is_translator": false,
        "is_translation_enabled": false,
        "profile_background_color": "F5F8FA",
        "profile_background_image_url": null,
        "profile_background_image_url_https": null,
        "profile_background_tile": false,
        "profile_image_url": "http://pbs.twimg.com/profile_images/1015229370754125825/b1nZNP-7_normal.jpg",
        "profile_image_url_https": "https://pbs.twimg.com/profile_images/1015229370754125825/b1nZNP-7_normal.jpg",
        "profile_banner_url": "https://pbs.twimg.com/profile_banners/1009818963373690880/1530884536",
        "profile_link_color": "1DA1F2",
        "profile_sidebar_border_color": "C0DEED",
        "profile_sidebar_fill_color": "DDEEF6",
        "profile_text_color": "333333",
        "profile_use_background_image": true,
        "has_extended_profile": false,
        "default_profile": true,
        "default_profile_image": false,
        "following": null,
        "follow_request_sent": null,
        "notifications": null,
        "translator_type": "none"
    },
    "geo": null,
    "coordinates": null,
    "place": null,
    "contributors": null,
    "is_quote_status": false,
    "retweet_count": 1,
    "favorite_count": 1,
    "favorited": false,
    "retweeted": false,
    "possibly_sensitive": false,
    "lang": "fr"
}