{
    "created_at": "Thu Apr 18 04:04:31 +0000 2019",
    "id": 1118726977618350080,
    "id_str": "1118726977618350080",
    "text": "Uber\u2019s JUMP Bikes founder and Scoot\u2019s SVP of Product are talking bikes and scooters at TC Sessions: Mobility\u2026 https://t.co/NIfPzXJc6X",
    "truncated": true,
    "entities": {
        "hashtags": [],
        "symbols": [],
        "user_mentions": [],
        "urls": [
            {
                "url": "https://t.co/NIfPzXJc6X",
                "expanded_url": "https://twitter.com/i/web/status/1118726977618350080",
                "display_url": "twitter.com/i/web/status/1\u2026",
                "indices": [
                    110,
                    133
                ]
            }
        ]
    },
    "metadata": {
        "iso_language_code": "en",
        "result_type": "recent"
    },
    "source": "<a href=\"https://hedgeaccordingly.com\" rel=\"nofollow\">HEDGEP</a>",
    "in_reply_to_status_id": null,
    "in_reply_to_status_id_str": null,
    "in_reply_to_user_id": null,
    "in_reply_to_user_id_str": null,
    "in_reply_to_screen_name": null,
    "user": {
        "id": 790019230389248000,
        "id_str": "790019230389248000",
        "name": "Political HEDGE",
        "screen_name": "politicalHEDGE",
        "location": "United States",
        "description": "On a Minute by Minute Basis We Curate: Political, Business, & World News.",
        "url": "https://t.co/hCLcVDIXtm",
        "entities": {
            "url": {
                "urls": [
                    {
                        "url": "https://t.co/hCLcVDIXtm",
                        "expanded_url": "http://politicalhedge.org",
                        "display_url": "politicalhedge.org",
                        "indices": [
                            0,
                            23
                        ]
                    }
                ]
            },
            "description": {
                "urls": []
            }
        },
        "protected": false,
        "followers_count": 104860,
        "friends_count": 67923,
        "listed_count": 270,
        "created_at": "Sun Oct 23 02:37:17 +0000 2016",
        "favourites_count": 41140,
        "utc_offset": null,
        "time_zone": null,
        "geo_enabled": false,
        "verified": false,
        "statuses_count": 726308,
        "lang": "en",
        "contributors_enabled": false,
        "is_translator": false,
        "is_translation_enabled": false,
        "profile_background_color": "000000",
        "profile_background_image_url": "http://abs.twimg.com/images/themes/theme1/bg.png",
        "profile_background_image_url_https": "https://abs.twimg.com/images/themes/theme1/bg.png",
        "profile_background_tile": false,
        "profile_image_url": "http://pbs.twimg.com/profile_images/1105206166622224385/AEEjOAKf_normal.jpg",
        "profile_image_url_https": "https://pbs.twimg.com/profile_images/1105206166622224385/AEEjOAKf_normal.jpg",
        "profile_banner_url": "https://pbs.twimg.com/profile_banners/790019230389248000/1552336609",
        "profile_link_color": "1B95E0",
        "profile_sidebar_border_color": "000000",
        "profile_sidebar_fill_color": "000000",
        "profile_text_color": "000000",
        "profile_use_background_image": false,
        "has_extended_profile": false,
        "default_profile": false,
        "default_profile_image": false,
        "following": null,
        "follow_request_sent": null,
        "notifications": null,
        "translator_type": "none"
    },
    "geo": null,
    "coordinates": null,
    "place": null,
    "contributors": null,
    "is_quote_status": false,
    "retweet_count": 0,
    "favorite_count": 0,
    "favorited": false,
    "retweeted": false,
    "possibly_sensitive": false,
    "lang": "en"
}