{
    "created_at": "Thu Apr 18 06:26:16 +0000 2019",
    "id": 1118762654003339264,
    "id_str": "1118762654003339264",
    "text": "Uber lance ses v\u00e9los et trottinettes \u00e9lectriques Jump \u00e0 Paris https://t.co/j1pWWvxLbU",
    "truncated": false,
    "entities": {
        "hashtags": [],
        "symbols": [],
        "user_mentions": [],
        "urls": [
            {
                "url": "https://t.co/j1pWWvxLbU",
                "expanded_url": "http://bit.ly/2v8wzSf",
                "display_url": "bit.ly/2v8wzSf",
                "indices": [
                    62,
                    85
                ]
            }
        ]
    },
    "metadata": {
        "iso_language_code": "fr",
        "result_type": "recent"
    },
    "source": "<a href=\"https://bitly.com/\" rel=\"nofollow\">Bitly</a>",
    "in_reply_to_status_id": null,
    "in_reply_to_status_id_str": null,
    "in_reply_to_user_id": null,
    "in_reply_to_user_id_str": null,
    "in_reply_to_screen_name": null,
    "user": {
        "id": 1519656674,
        "id_str": "1519656674",
        "name": "VALORO Path",
        "screen_name": "CABVALORO",
        "location": "Bruxelles",
        "description": "Start-up Financial Architect",
        "url": "http://t.co/MRaqTYyRkY",
        "entities": {
            "url": {
                "urls": [
                    {
                        "url": "http://t.co/MRaqTYyRkY",
                        "expanded_url": "http://www.valoropath.com",
                        "display_url": "valoropath.com",
                        "indices": [
                            0,
                            22
                        ]
                    }
                ]
            },
            "description": {
                "urls": []
            }
        },
        "protected": false,
        "followers_count": 95,
        "friends_count": 111,
        "listed_count": 93,
        "created_at": "Sat Jun 15 15:15:45 +0000 2013",
        "favourites_count": 0,
        "utc_offset": null,
        "time_zone": null,
        "geo_enabled": false,
        "verified": false,
        "statuses_count": 5000,
        "lang": "fr",
        "contributors_enabled": false,
        "is_translator": false,
        "is_translation_enabled": false,
        "profile_background_color": "C0DEED",
        "profile_background_image_url": "http://abs.twimg.com/images/themes/theme1/bg.png",
        "profile_background_image_url_https": "https://abs.twimg.com/images/themes/theme1/bg.png",
        "profile_background_tile": false,
        "profile_image_url": "http://pbs.twimg.com/profile_images/577753171147108352/Q610DRwt_normal.jpeg",
        "profile_image_url_https": "https://pbs.twimg.com/profile_images/577753171147108352/Q610DRwt_normal.jpeg",
        "profile_banner_url": "https://pbs.twimg.com/profile_banners/1519656674/1426582212",
        "profile_link_color": "1DA1F2",
        "profile_sidebar_border_color": "C0DEED",
        "profile_sidebar_fill_color": "DDEEF6",
        "profile_text_color": "333333",
        "profile_use_background_image": true,
        "has_extended_profile": false,
        "default_profile": true,
        "default_profile_image": false,
        "following": null,
        "follow_request_sent": null,
        "notifications": null,
        "translator_type": "none"
    },
    "geo": null,
    "coordinates": null,
    "place": null,
    "contributors": null,
    "is_quote_status": false,
    "retweet_count": 0,
    "favorite_count": 0,
    "favorited": false,
    "retweeted": false,
    "possibly_sensitive": false,
    "lang": "fr"
}