{
    "created_at": "Tue Apr 16 22:06:06 +0000 2019",
    "id": 1118274393312903168,
    "id_str": "1118274393312903168",
    "text": "RT @sfexaminer: Uber\u2019s JUMP bikes had the same defective brakes as recalled Ford GoBikes\n\nCompany quietly pulled bikes from SF without noti\u2026",
    "truncated": false,
    "entities": {
        "hashtags": [],
        "symbols": [],
        "user_mentions": [
            {
                "screen_name": "sfexaminer",
                "name": "SF Examiner",
                "id": 34700777,
                "id_str": "34700777",
                "indices": [
                    3,
                    14
                ]
            }
        ],
        "urls": []
    },
    "metadata": {
        "iso_language_code": "en",
        "result_type": "recent"
    },
    "source": "<a href=\"http://twitter.com/download/android\" rel=\"nofollow\">Twitter for Android</a>",
    "in_reply_to_status_id": null,
    "in_reply_to_status_id_str": null,
    "in_reply_to_user_id": null,
    "in_reply_to_user_id_str": null,
    "in_reply_to_screen_name": null,
    "user": {
        "id": 898988376,
        "id_str": "898988376",
        "name": "Gavin Lohry",
        "screen_name": "gavinlohry",
        "location": "United States",
        "description": "SJSU Urban Planning Student and urbanist living #lakeside in #Oakland #CA. Previously built @fordgobike operation, Asia transport expert & USAF Engineer.",
        "url": null,
        "entities": {
            "description": {
                "urls": []
            }
        },
        "protected": false,
        "followers_count": 218,
        "friends_count": 438,
        "listed_count": 7,
        "created_at": "Tue Oct 23 02:35:27 +0000 2012",
        "favourites_count": 1618,
        "utc_offset": null,
        "time_zone": null,
        "geo_enabled": true,
        "verified": false,
        "statuses_count": 1605,
        "lang": "en",
        "contributors_enabled": false,
        "is_translator": false,
        "is_translation_enabled": false,
        "profile_background_color": "000000",
        "profile_background_image_url": "http://abs.twimg.com/images/themes/theme1/bg.png",
        "profile_background_image_url_https": "https://abs.twimg.com/images/themes/theme1/bg.png",
        "profile_background_tile": false,
        "profile_image_url": "http://pbs.twimg.com/profile_images/1108419560581918721/w06NdAy9_normal.png",
        "profile_image_url_https": "https://pbs.twimg.com/profile_images/1108419560581918721/w06NdAy9_normal.png",
        "profile_banner_url": "https://pbs.twimg.com/profile_banners/898988376/1536866425",
        "profile_link_color": "4A913C",
        "profile_sidebar_border_color": "000000",
        "profile_sidebar_fill_color": "000000",
        "profile_text_color": "000000",
        "profile_use_background_image": false,
        "has_extended_profile": false,
        "default_profile": false,
        "default_profile_image": false,
        "following": null,
        "follow_request_sent": null,
        "notifications": null,
        "translator_type": "none"
    },
    "geo": null,
    "coordinates": null,
    "place": null,
    "contributors": null,
    "retweeted_status": {
        "created_at": "Tue Apr 16 18:58:00 +0000 2019",
        "id": 1118227057534586880,
        "id_str": "1118227057534586880",
        "text": "Uber\u2019s JUMP bikes had the same defective brakes as recalled Ford GoBikes\n\nCompany quietly pulled bikes from SF with\u2026 https://t.co/wTikBVWUo7",
        "truncated": true,
        "entities": {
            "hashtags": [],
            "symbols": [],
            "user_mentions": [],
            "urls": [
                {
                    "url": "https://t.co/wTikBVWUo7",
                    "expanded_url": "https://twitter.com/i/web/status/1118227057534586880",
                    "display_url": "twitter.com/i/web/status/1\u2026",
                    "indices": [
                        117,
                        140
                    ]
                }
            ]
        },
        "metadata": {
            "iso_language_code": "en",
            "result_type": "recent"
        },
        "source": "<a href=\"https://about.twitter.com/products/tweetdeck\" rel=\"nofollow\">TweetDeck</a>",
        "in_reply_to_status_id": null,
        "in_reply_to_status_id_str": null,
        "in_reply_to_user_id": null,
        "in_reply_to_user_id_str": null,
        "in_reply_to_screen_name": null,
        "user": {
            "id": 34700777,
            "id_str": "34700777",
            "name": "SF Examiner",
            "screen_name": "sfexaminer",
            "location": "San Francisco, CA",
            "description": "Local, breaking news from San Francisco since 1865 | Subscribe: https://t.co/V3Su7iSSlX | Mobile app: https://t.co/Sad0cG8tpg",
            "url": "https://t.co/ZiHoSERSPC",
            "entities": {
                "url": {
                    "urls": [
                        {
                            "url": "https://t.co/ZiHoSERSPC",
                            "expanded_url": "http://www.sfexaminer.com",
                            "display_url": "sfexaminer.com",
                            "indices": [
                                0,
                                23
                            ]
                        }
                    ]
                },
                "description": {
                    "urls": [
                        {
                            "url": "https://t.co/V3Su7iSSlX",
                            "expanded_url": "http://www.sfexaminer.com/newsletters/",
                            "display_url": "sfexaminer.com/newsletters/",
                            "indices": [
                                64,
                                87
                            ]
                        },
                        {
                            "url": "https://t.co/Sad0cG8tpg",
                            "expanded_url": "http://www.sfexaminer.com/mobile/",
                            "display_url": "sfexaminer.com/mobile/",
                            "indices": [
                                102,
                                125
                            ]
                        }
                    ]
                }
            },
            "protected": false,
            "followers_count": 58759,
            "friends_count": 455,
            "listed_count": 1517,
            "created_at": "Thu Apr 23 19:18:20 +0000 2009",
            "favourites_count": 331,
            "utc_offset": null,
            "time_zone": null,
            "geo_enabled": true,
            "verified": true,
            "statuses_count": 75122,
            "lang": "en",
            "contributors_enabled": false,
            "is_translator": false,
            "is_translation_enabled": false,
            "profile_background_color": "131516",
            "profile_background_image_url": "http://abs.twimg.com/images/themes/theme14/bg.gif",
            "profile_background_image_url_https": "https://abs.twimg.com/images/themes/theme14/bg.gif",
            "profile_background_tile": false,
            "profile_image_url": "http://pbs.twimg.com/profile_images/793485902236430336/fjpQBAJ9_normal.jpg",
            "profile_image_url_https": "https://pbs.twimg.com/profile_images/793485902236430336/fjpQBAJ9_normal.jpg",
            "profile_banner_url": "https://pbs.twimg.com/profile_banners/34700777/1503426600",
            "profile_link_color": "660E0E",
            "profile_sidebar_border_color": "000000",
            "profile_sidebar_fill_color": "E0E0E0",
            "profile_text_color": "333333",
            "profile_use_background_image": false,
            "has_extended_profile": false,
            "default_profile": false,
            "default_profile_image": false,
            "following": null,
            "follow_request_sent": null,
            "notifications": null,
            "translator_type": "none"
        },
        "geo": null,
        "coordinates": null,
        "place": null,
        "contributors": null,
        "is_quote_status": false,
        "retweet_count": 11,
        "favorite_count": 15,
        "favorited": false,
        "retweeted": false,
        "possibly_sensitive": false,
        "lang": "en"
    },
    "is_quote_status": false,
    "retweet_count": 11,
    "favorite_count": 0,
    "favorited": false,
    "retweeted": false,
    "lang": "en"
}