{
    "created_at": "Tue Apr 16 17:36:06 +0000 2019",
    "id": 1118206445856673795,
    "id_str": "1118206445856673795",
    "text": "If this means one less dipshit almost running me over on a bike, I'm ALL about it https://t.co/W7eZzJVMVD",
    "truncated": false,
    "entities": {
        "hashtags": [],
        "symbols": [],
        "user_mentions": [],
        "urls": [
            {
                "url": "https://t.co/W7eZzJVMVD",
                "expanded_url": "https://www.washingtonpost.com/transportation/2019/04/16/uber-introduces-jump-scooters-dc-changes-its-price-structure-its-popular-e-bikes/?utm_term=.3307876d504e",
                "display_url": "washingtonpost.com/transportation\u2026",
                "indices": [
                    82,
                    105
                ]
            }
        ]
    },
    "metadata": {
        "iso_language_code": "en",
        "result_type": "recent"
    },
    "source": "<a href=\"http://twitter.com\" rel=\"nofollow\">Twitter Web Client</a>",
    "in_reply_to_status_id": null,
    "in_reply_to_status_id_str": null,
    "in_reply_to_user_id": null,
    "in_reply_to_user_id_str": null,
    "in_reply_to_screen_name": null,
    "user": {
        "id": 741762180236730372,
        "id_str": "741762180236730372",
        "name": "Maddie Lawrence",
        "screen_name": "MaddieLLaw",
        "location": "Washington, DC",
        "description": "",
        "url": null,
        "entities": {
            "description": {
                "urls": []
            }
        },
        "protected": false,
        "followers_count": 19,
        "friends_count": 453,
        "listed_count": 0,
        "created_at": "Sat Jun 11 22:40:59 +0000 2016",
        "favourites_count": 259,
        "utc_offset": null,
        "time_zone": null,
        "geo_enabled": false,
        "verified": false,
        "statuses_count": 28,
        "lang": "en",
        "contributors_enabled": false,
        "is_translator": false,
        "is_translation_enabled": false,
        "profile_background_color": "000000",
        "profile_background_image_url": "http://abs.twimg.com/images/themes/theme1/bg.png",
        "profile_background_image_url_https": "https://abs.twimg.com/images/themes/theme1/bg.png",
        "profile_background_tile": false,
        "profile_image_url": "http://pbs.twimg.com/profile_images/1086019891163934720/qhS3NJqf_normal.jpg",
        "profile_image_url_https": "https://pbs.twimg.com/profile_images/1086019891163934720/qhS3NJqf_normal.jpg",
        "profile_banner_url": "https://pbs.twimg.com/profile_banners/741762180236730372/1547762364",
        "profile_link_color": "ABB8C2",
        "profile_sidebar_border_color": "000000",
        "profile_sidebar_fill_color": "000000",
        "profile_text_color": "000000",
        "profile_use_background_image": false,
        "has_extended_profile": false,
        "default_profile": false,
        "default_profile_image": false,
        "following": null,
        "follow_request_sent": null,
        "notifications": null,
        "translator_type": "none"
    },
    "geo": null,
    "coordinates": null,
    "place": null,
    "contributors": null,
    "is_quote_status": false,
    "retweet_count": 1,
    "favorite_count": 1,
    "favorited": false,
    "retweeted": false,
    "possibly_sensitive": false,
    "lang": "en"
}