{
    "created_at": "Wed Apr 17 20:47:54 +0000 2019",
    "id": 1118617101424562177,
    "id_str": "1118617101424562177",
    "text": "Spotted: A test run for @Uber owned @jump_rides coming to Montreal streets in May. https://t.co/jJb9BuScoy",
    "truncated": false,
    "entities": {
        "hashtags": [],
        "symbols": [],
        "user_mentions": [
            {
                "screen_name": "Uber",
                "name": "Uber",
                "id": 19103481,
                "id_str": "19103481",
                "indices": [
                    24,
                    29
                ]
            },
            {
                "screen_name": "jump_rides",
                "name": "JUMP",
                "id": 868126911817502721,
                "id_str": "868126911817502721",
                "indices": [
                    36,
                    47
                ]
            }
        ],
        "urls": [],
        "media": [
            {
                "id": 1118617095615467520,
                "id_str": "1118617095615467520",
                "indices": [
                    83,
                    106
                ],
                "media_url": "http://pbs.twimg.com/media/D4YgUl_W0AA79k3.jpg",
                "media_url_https": "https://pbs.twimg.com/media/D4YgUl_W0AA79k3.jpg",
                "url": "https://t.co/jJb9BuScoy",
                "display_url": "pic.twitter.com/jJb9BuScoy",
                "expanded_url": "https://twitter.com/JRK_Media/status/1118617101424562177/photo/1",
                "type": "photo",
                "sizes": {
                    "small": {
                        "w": 680,
                        "h": 481,
                        "resize": "fit"
                    },
                    "thumb": {
                        "w": 150,
                        "h": 150,
                        "resize": "crop"
                    },
                    "large": {
                        "w": 2048,
                        "h": 1448,
                        "resize": "fit"
                    },
                    "medium": {
                        "w": 1200,
                        "h": 848,
                        "resize": "fit"
                    }
                }
            }
        ]
    },
    "extended_entities": {
        "media": [
            {
                "id": 1118617095615467520,
                "id_str": "1118617095615467520",
                "indices": [
                    83,
                    106
                ],
                "media_url": "http://pbs.twimg.com/media/D4YgUl_W0AA79k3.jpg",
                "media_url_https": "https://pbs.twimg.com/media/D4YgUl_W0AA79k3.jpg",
                "url": "https://t.co/jJb9BuScoy",
                "display_url": "pic.twitter.com/jJb9BuScoy",
                "expanded_url": "https://twitter.com/JRK_Media/status/1118617101424562177/photo/1",
                "type": "photo",
                "sizes": {
                    "small": {
                        "w": 680,
                        "h": 481,
                        "resize": "fit"
                    },
                    "thumb": {
                        "w": 150,
                        "h": 150,
                        "resize": "crop"
                    },
                    "large": {
                        "w": 2048,
                        "h": 1448,
                        "resize": "fit"
                    },
                    "medium": {
                        "w": 1200,
                        "h": 848,
                        "resize": "fit"
                    }
                }
            }
        ]
    },
    "metadata": {
        "iso_language_code": "en",
        "result_type": "recent"
    },
    "source": "<a href=\"http://twitter.com/download/iphone\" rel=\"nofollow\">Twitter for iPhone</a>",
    "in_reply_to_status_id": null,
    "in_reply_to_status_id_str": null,
    "in_reply_to_user_id": null,
    "in_reply_to_user_id_str": null,
    "in_reply_to_screen_name": null,
    "user": {
        "id": 707620748,
        "id_str": "707620748",
        "name": "John R Kennedy",
        "screen_name": "JRK_Media",
        "location": "Montreal | Toronto",
        "description": "Professional journalist, photographer & producer since 1986 | https://t.co/9zXEoHGpon since 2016 | Opinions strictly my own",
        "url": "https://t.co/XgCn6bZMRi",
        "entities": {
            "url": {
                "urls": [
                    {
                        "url": "https://t.co/XgCn6bZMRi",
                        "expanded_url": "http://jrkm.ca",
                        "display_url": "jrkm.ca",
                        "indices": [
                            0,
                            23
                        ]
                    }
                ]
            },
            "description": {
                "urls": [
                    {
                        "url": "https://t.co/9zXEoHGpon",
                        "expanded_url": "http://iHeartRadio.ca",
                        "display_url": "iHeartRadio.ca",
                        "indices": [
                            62,
                            85
                        ]
                    }
                ]
            }
        },
        "protected": false,
        "followers_count": 1126,
        "friends_count": 393,
        "listed_count": 39,
        "created_at": "Fri Jul 20 18:54:10 +0000 2012",
        "favourites_count": 1064,
        "utc_offset": null,
        "time_zone": null,
        "geo_enabled": false,
        "verified": false,
        "statuses_count": 7015,
        "lang": "en",
        "contributors_enabled": false,
        "is_translator": false,
        "is_translation_enabled": false,
        "profile_background_color": "000000",
        "profile_background_image_url": "http://abs.twimg.com/images/themes/theme14/bg.gif",
        "profile_background_image_url_https": "https://abs.twimg.com/images/themes/theme14/bg.gif",
        "profile_background_tile": false,
        "profile_image_url": "http://pbs.twimg.com/profile_images/1056874035508899841/mJ94qTsn_normal.jpg",
        "profile_image_url_https": "https://pbs.twimg.com/profile_images/1056874035508899841/mJ94qTsn_normal.jpg",
        "profile_banner_url": "https://pbs.twimg.com/profile_banners/707620748/1529062114",
        "profile_link_color": "E81C4F",
        "profile_sidebar_border_color": "000000",
        "profile_sidebar_fill_color": "000000",
        "profile_text_color": "000000",
        "profile_use_background_image": false,
        "has_extended_profile": false,
        "default_profile": false,
        "default_profile_image": false,
        "following": null,
        "follow_request_sent": null,
        "notifications": null,
        "translator_type": "none"
    },
    "geo": null,
    "coordinates": null,
    "place": null,
    "contributors": null,
    "is_quote_status": false,
    "retweet_count": 3,
    "favorite_count": 6,
    "favorited": false,
    "retweeted": false,
    "possibly_sensitive": false,
    "lang": "en"
}