{
    "created_at": "Wed Apr 17 17:29:49 +0000 2019",
    "id": 1118567251957825536,
    "id_str": "1118567251957825536",
    "text": "@uber @jump_rides",
    "truncated": false,
    "entities": {
        "hashtags": [],
        "symbols": [],
        "user_mentions": [
            {
                "screen_name": "Uber",
                "name": "Uber",
                "id": 19103481,
                "id_str": "19103481",
                "indices": [
                    0,
                    5
                ]
            },
            {
                "screen_name": "jump_rides",
                "name": "JUMP",
                "id": 868126911817502721,
                "id_str": "868126911817502721",
                "indices": [
                    6,
                    17
                ]
            }
        ],
        "urls": []
    },
    "metadata": {
        "iso_language_code": "und",
        "result_type": "recent"
    },
    "source": "<a href=\"http://twitter.com/download/iphone\" rel=\"nofollow\">Twitter for iPhone</a>",
    "in_reply_to_status_id": 1118550372912492545,
    "in_reply_to_status_id_str": "1118550372912492545",
    "in_reply_to_user_id": 484577965,
    "in_reply_to_user_id_str": "484577965",
    "in_reply_to_screen_name": "_andridri",
    "user": {
        "id": 484577965,
        "id_str": "484577965",
        "name": "&",
        "screen_name": "_andridri",
        "location": "Los Angeles, CA",
        "description": "city lover. breakfast junkie. moongazer. road trip DJ. wandering with purpose \ud83e\udd80",
        "url": "https://t.co/BzS8hKlE0J",
        "entities": {
            "url": {
                "urls": [
                    {
                        "url": "https://t.co/BzS8hKlE0J",
                        "expanded_url": "http://beautywood.tumblr.com",
                        "display_url": "beautywood.tumblr.com",
                        "indices": [
                            0,
                            23
                        ]
                    }
                ]
            },
            "description": {
                "urls": []
            }
        },
        "protected": false,
        "followers_count": 255,
        "friends_count": 1004,
        "listed_count": 13,
        "created_at": "Mon Feb 06 08:15:45 +0000 2012",
        "favourites_count": 13616,
        "utc_offset": null,
        "time_zone": null,
        "geo_enabled": true,
        "verified": false,
        "statuses_count": 10685,
        "lang": "en",
        "contributors_enabled": false,
        "is_translator": false,
        "is_translation_enabled": false,
        "profile_background_color": "0A0A0A",
        "profile_background_image_url": "http://abs.twimg.com/images/themes/theme19/bg.gif",
        "profile_background_image_url_https": "https://abs.twimg.com/images/themes/theme19/bg.gif",
        "profile_background_tile": true,
        "profile_image_url": "http://pbs.twimg.com/profile_images/1097138710087327745/HdFMQ73K_normal.jpg",
        "profile_image_url_https": "https://pbs.twimg.com/profile_images/1097138710087327745/HdFMQ73K_normal.jpg",
        "profile_banner_url": "https://pbs.twimg.com/profile_banners/484577965/1489189557",
        "profile_link_color": "4ECCBB",
        "profile_sidebar_border_color": "FFF8AD",
        "profile_sidebar_fill_color": "F6FFD1",
        "profile_text_color": "333333",
        "profile_use_background_image": true,
        "has_extended_profile": true,
        "default_profile": false,
        "default_profile_image": false,
        "following": null,
        "follow_request_sent": null,
        "notifications": null,
        "translator_type": "none"
    },
    "geo": null,
    "coordinates": null,
    "place": {
        "id": "3b77caf94bfc81fe",
        "url": "https://api.twitter.com/1.1/geo/id/3b77caf94bfc81fe.json",
        "place_type": "city",
        "name": "Los Angeles",
        "full_name": "Los Angeles, CA",
        "country_code": "US",
        "country": "United States",
        "contained_within": [],
        "bounding_box": {
            "type": "Polygon",
            "coordinates": [
                [
                    [
                        -118.668404,
                        33.704538
                    ],
                    [
                        -118.155409,
                        33.704538
                    ],
                    [
                        -118.155409,
                        34.337041
                    ],
                    [
                        -118.668404,
                        34.337041
                    ]
                ]
            ]
        },
        "attributes": {}
    },
    "contributors": null,
    "is_quote_status": false,
    "retweet_count": 0,
    "favorite_count": 0,
    "favorited": false,
    "retweeted": false,
    "lang": "und"
}