{
    "created_at": "Thu Apr 18 16:12:12 +0000 2019",
    "id": 1118910105179840515,
    "id_str": "1118910105179840515",
    "text": "Uber\u2019s e-bikes had braking problems like Lyft, and riders were injured https://t.co/LqbWwRq67v via @Verge",
    "truncated": false,
    "entities": {
        "hashtags": [],
        "symbols": [],
        "user_mentions": [
            {
                "screen_name": "verge",
                "name": "The Verge",
                "id": 275686563,
                "id_str": "275686563",
                "indices": [
                    99,
                    105
                ]
            }
        ],
        "urls": [
            {
                "url": "https://t.co/LqbWwRq67v",
                "expanded_url": "https://www.theverge.com/2019/4/16/18410812/uber-jump-ebike-braking-malfunction-injuries?utm_campaign=theverge&utm_content=entry&utm_medium=social&utm_source=twitter",
                "display_url": "theverge.com/2019/4/16/1841\u2026",
                "indices": [
                    71,
                    94
                ]
            }
        ]
    },
    "metadata": {
        "iso_language_code": "en",
        "result_type": "recent"
    },
    "source": "<a href=\"http://twitter.com/download/android\" rel=\"nofollow\">Twitter for Android</a>",
    "in_reply_to_status_id": null,
    "in_reply_to_status_id_str": null,
    "in_reply_to_user_id": null,
    "in_reply_to_user_id_str": null,
    "in_reply_to_screen_name": null,
    "user": {
        "id": 846073573919920128,
        "id_str": "846073573919920128",
        "name": "RideShare News (UK)",
        "screen_name": "UberBirmingham2",
        "location": "Birmingham, England",
        "description": "All Latest News In One Place Regarding The Taxi/Private Hire Trade.\n\nYoutube:https://t.co/a2EZt6le9g",
        "url": null,
        "entities": {
            "description": {
                "urls": [
                    {
                        "url": "https://t.co/a2EZt6le9g",
                        "expanded_url": "https://www.youtube.com/channel/UCokoB0fOyMDDLJqgNbg81MA",
                        "display_url": "youtube.com/channel/UCokoB\u2026",
                        "indices": [
                            77,
                            100
                        ]
                    }
                ]
            }
        },
        "protected": false,
        "followers_count": 145,
        "friends_count": 87,
        "listed_count": 0,
        "created_at": "Sun Mar 26 18:57:14 +0000 2017",
        "favourites_count": 17,
        "utc_offset": null,
        "time_zone": null,
        "geo_enabled": false,
        "verified": false,
        "statuses_count": 2057,
        "lang": "en",
        "contributors_enabled": false,
        "is_translator": false,
        "is_translation_enabled": false,
        "profile_background_color": "000000",
        "profile_background_image_url": "http://abs.twimg.com/images/themes/theme1/bg.png",
        "profile_background_image_url_https": "https://abs.twimg.com/images/themes/theme1/bg.png",
        "profile_background_tile": false,
        "profile_image_url": "http://pbs.twimg.com/profile_images/846077550044598273/wvXcT514_normal.jpg",
        "profile_image_url_https": "https://pbs.twimg.com/profile_images/846077550044598273/wvXcT514_normal.jpg",
        "profile_banner_url": "https://pbs.twimg.com/profile_banners/846073573919920128/1490556798",
        "profile_link_color": "E81C4F",
        "profile_sidebar_border_color": "000000",
        "profile_sidebar_fill_color": "000000",
        "profile_text_color": "000000",
        "profile_use_background_image": false,
        "has_extended_profile": false,
        "default_profile": false,
        "default_profile_image": false,
        "following": null,
        "follow_request_sent": null,
        "notifications": null,
        "translator_type": "none"
    },
    "geo": null,
    "coordinates": null,
    "place": null,
    "contributors": null,
    "is_quote_status": false,
    "retweet_count": 0,
    "favorite_count": 0,
    "favorited": false,
    "retweeted": false,
    "possibly_sensitive": false,
    "lang": "en"
}