{
    "created_at": "Thu Apr 18 20:20:29 +0000 2019",
    "id": 1118972588066246658,
    "id_str": "1118972588066246658",
    "text": "I tell my Uber driver my destination is going to be on the right side of the road, he proceeds to jump four lanes o\u2026 https://t.co/2lUvJOZW9m",
    "truncated": true,
    "entities": {
        "hashtags": [],
        "symbols": [],
        "user_mentions": [],
        "urls": [
            {
                "url": "https://t.co/2lUvJOZW9m",
                "expanded_url": "https://twitter.com/i/web/status/1118972588066246658",
                "display_url": "twitter.com/i/web/status/1\u2026",
                "indices": [
                    117,
                    140
                ]
            }
        ]
    },
    "metadata": {
        "iso_language_code": "en",
        "result_type": "recent"
    },
    "source": "<a href=\"http://twitter.com/download/iphone\" rel=\"nofollow\">Twitter for iPhone</a>",
    "in_reply_to_status_id": null,
    "in_reply_to_status_id_str": null,
    "in_reply_to_user_id": null,
    "in_reply_to_user_id_str": null,
    "in_reply_to_screen_name": null,
    "user": {
        "id": 3082397037,
        "id_str": "3082397037",
        "name": "B",
        "screen_name": "moneycomment",
        "location": "Scrooge Mcducks Money Vault",
        "description": "Tweets are My Own. #Villain Head of Partnerships and Sponsorships @KustmKontrllerz #ProFarmer  #ProPaladins 4 Koala \ud83d\udc28 Bandits",
        "url": "https://t.co/6zmNeFL72X",
        "entities": {
            "url": {
                "urls": [
                    {
                        "url": "https://t.co/6zmNeFL72X",
                        "expanded_url": "http://www.twitch.tv/moneycomment",
                        "display_url": "twitch.tv/moneycomment",
                        "indices": [
                            0,
                            23
                        ]
                    }
                ]
            },
            "description": {
                "urls": []
            }
        },
        "protected": false,
        "followers_count": 4934,
        "friends_count": 4045,
        "listed_count": 104,
        "created_at": "Mon Mar 09 20:40:23 +0000 2015",
        "favourites_count": 64009,
        "utc_offset": null,
        "time_zone": null,
        "geo_enabled": false,
        "verified": false,
        "statuses_count": 42793,
        "lang": "en",
        "contributors_enabled": false,
        "is_translator": false,
        "is_translation_enabled": false,
        "profile_background_color": "C0DEED",
        "profile_background_image_url": "http://abs.twimg.com/images/themes/theme1/bg.png",
        "profile_background_image_url_https": "https://abs.twimg.com/images/themes/theme1/bg.png",
        "profile_background_tile": false,
        "profile_image_url": "http://pbs.twimg.com/profile_images/1107855033130016768/tTH3pvn3_normal.png",
        "profile_image_url_https": "https://pbs.twimg.com/profile_images/1107855033130016768/tTH3pvn3_normal.png",
        "profile_banner_url": "https://pbs.twimg.com/profile_banners/3082397037/1545864938",
        "profile_link_color": "1DA1F2",
        "profile_sidebar_border_color": "C0DEED",
        "profile_sidebar_fill_color": "DDEEF6",
        "profile_text_color": "333333",
        "profile_use_background_image": true,
        "has_extended_profile": true,
        "default_profile": true,
        "default_profile_image": false,
        "following": null,
        "follow_request_sent": null,
        "notifications": null,
        "translator_type": "none"
    },
    "geo": null,
    "coordinates": null,
    "place": null,
    "contributors": null,
    "is_quote_status": false,
    "retweet_count": 0,
    "favorite_count": 1,
    "favorited": false,
    "retweeted": false,
    "possibly_sensitive": false,
    "lang": "en"
}