{
    "created_at": "Tue Apr 16 04:01:28 +0000 2019",
    "id": 1118001435906650113,
    "id_str": "1118001435906650113",
    "text": "Went to walgreens\nLeft my card at work\nLeft empty-handed\nCar is dead\nNow i have to call an uber for a jump\nIm about to scream",
    "truncated": false,
    "entities": {
        "hashtags": [],
        "symbols": [],
        "user_mentions": [],
        "urls": []
    },
    "metadata": {
        "iso_language_code": "en",
        "result_type": "recent"
    },
    "source": "<a href=\"http://twitter.com/download/android\" rel=\"nofollow\">Twitter for Android</a>",
    "in_reply_to_status_id": null,
    "in_reply_to_status_id_str": null,
    "in_reply_to_user_id": null,
    "in_reply_to_user_id_str": null,
    "in_reply_to_screen_name": null,
    "user": {
        "id": 1576508960,
        "id_str": "1576508960",
        "name": "\u30ef\u30a4\u30f3\u306e\u5973\u795e",
        "screen_name": "Solixlan",
        "location": "Missouri, USA",
        "description": "Starbucks Shift Manager \u2615 \u274721 \u264f \u2747 JFashion Enthusiast\ud83e\udd18\ud83c\udffb\ud83d\udc95 \u2747 \u65e5\u672c\u8a9e\u304c\u8a71\u305b\u308b \u2747 enby",
        "url": null,
        "entities": {
            "description": {
                "urls": []
            }
        },
        "protected": false,
        "followers_count": 103,
        "friends_count": 317,
        "listed_count": 1,
        "created_at": "Mon Jul 08 02:08:44 +0000 2013",
        "favourites_count": 5743,
        "utc_offset": null,
        "time_zone": null,
        "geo_enabled": true,
        "verified": false,
        "statuses_count": 1594,
        "lang": "en",
        "contributors_enabled": false,
        "is_translator": false,
        "is_translation_enabled": false,
        "profile_background_color": "C0DEED",
        "profile_background_image_url": "http://abs.twimg.com/images/themes/theme1/bg.png",
        "profile_background_image_url_https": "https://abs.twimg.com/images/themes/theme1/bg.png",
        "profile_background_tile": false,
        "profile_image_url": "http://pbs.twimg.com/profile_images/1118917693468545025/42TioeH9_normal.jpg",
        "profile_image_url_https": "https://pbs.twimg.com/profile_images/1118917693468545025/42TioeH9_normal.jpg",
        "profile_banner_url": "https://pbs.twimg.com/profile_banners/1576508960/1530841223",
        "profile_link_color": "6FDE7F",
        "profile_sidebar_border_color": "C0DEED",
        "profile_sidebar_fill_color": "DDEEF6",
        "profile_text_color": "333333",
        "profile_use_background_image": true,
        "has_extended_profile": true,
        "default_profile": false,
        "default_profile_image": false,
        "following": null,
        "follow_request_sent": null,
        "notifications": null,
        "translator_type": "none"
    },
    "geo": null,
    "coordinates": null,
    "place": null,
    "contributors": null,
    "is_quote_status": false,
    "retweet_count": 0,
    "favorite_count": 0,
    "favorited": false,
    "retweeted": false,
    "lang": "en"
}