{
    "created_at": "Thu Apr 18 12:37:08 +0000 2019",
    "id": 1118855983181119488,
    "id_str": "1118855983181119488",
    "text": "When they try and jump in the uber pool with 4 people #HereTheyCome https://t.co/QTkMETcWCI",
    "truncated": false,
    "entities": {
        "hashtags": [
            {
                "text": "HereTheyCome",
                "indices": [
                    54,
                    67
                ]
            }
        ],
        "symbols": [],
        "user_mentions": [],
        "urls": [],
        "media": [
            {
                "id": 1118855978860986368,
                "id_str": "1118855978860986368",
                "indices": [
                    68,
                    91
                ],
                "media_url": "http://pbs.twimg.com/media/D4b5lbbUwAAq8eA.jpg",
                "media_url_https": "https://pbs.twimg.com/media/D4b5lbbUwAAq8eA.jpg",
                "url": "https://t.co/QTkMETcWCI",
                "display_url": "pic.twitter.com/QTkMETcWCI",
                "expanded_url": "https://twitter.com/heFADESme/status/1118855983181119488/photo/1",
                "type": "photo",
                "sizes": {
                    "thumb": {
                        "w": 150,
                        "h": 150,
                        "resize": "crop"
                    },
                    "medium": {
                        "w": 1080,
                        "h": 608,
                        "resize": "fit"
                    },
                    "large": {
                        "w": 1080,
                        "h": 608,
                        "resize": "fit"
                    },
                    "small": {
                        "w": 680,
                        "h": 383,
                        "resize": "fit"
                    }
                }
            }
        ]
    },
    "extended_entities": {
        "media": [
            {
                "id": 1118855978860986368,
                "id_str": "1118855978860986368",
                "indices": [
                    68,
                    91
                ],
                "media_url": "http://pbs.twimg.com/media/D4b5lbbUwAAq8eA.jpg",
                "media_url_https": "https://pbs.twimg.com/media/D4b5lbbUwAAq8eA.jpg",
                "url": "https://t.co/QTkMETcWCI",
                "display_url": "pic.twitter.com/QTkMETcWCI",
                "expanded_url": "https://twitter.com/heFADESme/status/1118855983181119488/photo/1",
                "type": "photo",
                "sizes": {
                    "thumb": {
                        "w": 150,
                        "h": 150,
                        "resize": "crop"
                    },
                    "medium": {
                        "w": 1080,
                        "h": 608,
                        "resize": "fit"
                    },
                    "large": {
                        "w": 1080,
                        "h": 608,
                        "resize": "fit"
                    },
                    "small": {
                        "w": 680,
                        "h": 383,
                        "resize": "fit"
                    }
                }
            }
        ]
    },
    "metadata": {
        "iso_language_code": "en",
        "result_type": "recent"
    },
    "source": "<a href=\"http://twitter.com/download/iphone\" rel=\"nofollow\">Twitter for iPhone</a>",
    "in_reply_to_status_id": null,
    "in_reply_to_status_id_str": null,
    "in_reply_to_user_id": null,
    "in_reply_to_user_id_str": null,
    "in_reply_to_screen_name": null,
    "user": {
        "id": 1003407525096484864,
        "id_str": "1003407525096484864",
        "name": "Gameday Cowboy Jimmy Buckets",
        "screen_name": "heFADESme",
        "location": "Las Vegas, NV",
        "description": "I quit my day job to play 25 Line Jacks or Better. #heretheycome",
        "url": "https://t.co/5DDDZqfL4P",
        "entities": {
            "url": {
                "urls": [
                    {
                        "url": "https://t.co/5DDDZqfL4P",
                        "expanded_url": "https://youtu.be/XuxXSw_4R_c",
                        "display_url": "youtu.be/XuxXSw_4R_c",
                        "indices": [
                            0,
                            23
                        ]
                    }
                ]
            },
            "description": {
                "urls": []
            }
        },
        "protected": false,
        "followers_count": 616,
        "friends_count": 485,
        "listed_count": 3,
        "created_at": "Sun Jun 03 22:46:11 +0000 2018",
        "favourites_count": 24494,
        "utc_offset": null,
        "time_zone": null,
        "geo_enabled": true,
        "verified": false,
        "statuses_count": 18442,
        "lang": "en",
        "contributors_enabled": false,
        "is_translator": false,
        "is_translation_enabled": false,
        "profile_background_color": "F5F8FA",
        "profile_background_image_url": null,
        "profile_background_image_url_https": null,
        "profile_background_tile": false,
        "profile_image_url": "http://pbs.twimg.com/profile_images/1117828378193616896/I84NVFRm_normal.jpg",
        "profile_image_url_https": "https://pbs.twimg.com/profile_images/1117828378193616896/I84NVFRm_normal.jpg",
        "profile_banner_url": "https://pbs.twimg.com/profile_banners/1003407525096484864/1554100963",
        "profile_link_color": "1DA1F2",
        "profile_sidebar_border_color": "C0DEED",
        "profile_sidebar_fill_color": "DDEEF6",
        "profile_text_color": "333333",
        "profile_use_background_image": true,
        "has_extended_profile": true,
        "default_profile": true,
        "default_profile_image": false,
        "following": null,
        "follow_request_sent": null,
        "notifications": null,
        "translator_type": "none"
    },
    "geo": null,
    "coordinates": null,
    "place": {
        "id": "5c2b5e46ab891f07",
        "url": "https://api.twitter.com/1.1/geo/id/5c2b5e46ab891f07.json",
        "place_type": "city",
        "name": "Las Vegas",
        "full_name": "Las Vegas, NV",
        "country_code": "US",
        "country": "United States",
        "contained_within": [],
        "bounding_box": {
            "type": "Polygon",
            "coordinates": [
                [
                    [
                        -115.384091,
                        36.129459
                    ],
                    [
                        -115.062159,
                        36.129459
                    ],
                    [
                        -115.062159,
                        36.336371
                    ],
                    [
                        -115.384091,
                        36.336371
                    ]
                ]
            ]
        },
        "attributes": {}
    },
    "contributors": null,
    "is_quote_status": false,
    "retweet_count": 0,
    "favorite_count": 0,
    "favorited": false,
    "retweeted": false,
    "possibly_sensitive": false,
    "lang": "en"
}