{
    "created_at": "Wed Apr 17 21:37:57 +0000 2019",
    "id": 1118629695858167808,
    "id_str": "1118629695858167808",
    "text": "Haven\u2019t heard of this happening in Seattle (thankfully). Uber told the Post they fixed the issue a year ago, before\u2026 https://t.co/OEo3E49ZZc",
    "truncated": true,
    "entities": {
        "hashtags": [],
        "symbols": [],
        "user_mentions": [],
        "urls": [
            {
                "url": "https://t.co/OEo3E49ZZc",
                "expanded_url": "https://twitter.com/i/web/status/1118629695858167808",
                "display_url": "twitter.com/i/web/status/1\u2026",
                "indices": [
                    117,
                    140
                ]
            }
        ]
    },
    "metadata": {
        "iso_language_code": "en",
        "result_type": "recent"
    },
    "source": "<a href=\"http://twitter.com/download/iphone\" rel=\"nofollow\">Twitter for iPhone</a>",
    "in_reply_to_status_id": null,
    "in_reply_to_status_id_str": null,
    "in_reply_to_user_id": null,
    "in_reply_to_user_id_str": null,
    "in_reply_to_screen_name": null,
    "user": {
        "id": 158467611,
        "id_str": "158467611",
        "name": "Seattle Bike Blog",
        "screen_name": "seabikeblog",
        "location": "Seattle",
        "description": "Pedal-powered news and commentary",
        "url": "http://t.co/P5WUX4YNTu",
        "entities": {
            "url": {
                "urls": [
                    {
                        "url": "http://t.co/P5WUX4YNTu",
                        "expanded_url": "http://seattlebikeblog.com",
                        "display_url": "seattlebikeblog.com",
                        "indices": [
                            0,
                            22
                        ]
                    }
                ]
            },
            "description": {
                "urls": []
            }
        },
        "protected": false,
        "followers_count": 12120,
        "friends_count": 687,
        "listed_count": 528,
        "created_at": "Tue Jun 22 19:45:31 +0000 2010",
        "favourites_count": 2041,
        "utc_offset": null,
        "time_zone": null,
        "geo_enabled": true,
        "verified": false,
        "statuses_count": 37470,
        "lang": "en",
        "contributors_enabled": false,
        "is_translator": false,
        "is_translation_enabled": false,
        "profile_background_color": "C6E2EE",
        "profile_background_image_url": "http://abs.twimg.com/images/themes/theme2/bg.gif",
        "profile_background_image_url_https": "https://abs.twimg.com/images/themes/theme2/bg.gif",
        "profile_background_tile": false,
        "profile_image_url": "http://pbs.twimg.com/profile_images/1039800502/sbbtwitter2_normal.jpg",
        "profile_image_url_https": "https://pbs.twimg.com/profile_images/1039800502/sbbtwitter2_normal.jpg",
        "profile_banner_url": "https://pbs.twimg.com/profile_banners/158467611/1398447761",
        "profile_link_color": "1F98C7",
        "profile_sidebar_border_color": "C6E2EE",
        "profile_sidebar_fill_color": "DAECF4",
        "profile_text_color": "663B12",
        "profile_use_background_image": true,
        "has_extended_profile": false,
        "default_profile": false,
        "default_profile_image": false,
        "following": null,
        "follow_request_sent": null,
        "notifications": null,
        "translator_type": "none"
    },
    "geo": null,
    "coordinates": null,
    "place": null,
    "contributors": null,
    "is_quote_status": true,
    "quoted_status_id": 1118189078028148741,
    "quoted_status_id_str": "1118189078028148741",
    "quoted_status": {
        "created_at": "Tue Apr 16 16:27:05 +0000 2019",
        "id": 1118189078028148741,
        "id_str": "1118189078028148741",
        "text": "Uber says it fixed electric bikes that had similar problems to bikes Lyft recalled https://t.co/NJJhfm7sw9",
        "truncated": false,
        "entities": {
            "hashtags": [],
            "symbols": [],
            "user_mentions": [],
            "urls": [
                {
                    "url": "https://t.co/NJJhfm7sw9",
                    "expanded_url": "https://wapo.st/2UCna4A",
                    "display_url": "wapo.st/2UCna4A",
                    "indices": [
                        83,
                        106
                    ]
                }
            ]
        },
        "metadata": {
            "iso_language_code": "en",
            "result_type": "recent"
        },
        "source": "<a href=\"http://www.socialflow.com\" rel=\"nofollow\">SocialFlow</a>",
        "in_reply_to_status_id": null,
        "in_reply_to_status_id_str": null,
        "in_reply_to_user_id": null,
        "in_reply_to_user_id_str": null,
        "in_reply_to_screen_name": null,
        "user": {
            "id": 2467791,
            "id_str": "2467791",
            "name": "The Washington Post",
            "screen_name": "washingtonpost",
            "location": "Washington, DC",
            "description": "Breaking news, analysis, and opinion. Founded in 1877. Our staff on Twitter: https://t.co/VV0UBAMHg8",
            "url": "http://t.co/Hq7hTYkOPg",
            "entities": {
                "url": {
                    "urls": [
                        {
                            "url": "http://t.co/Hq7hTYkOPg",
                            "expanded_url": "http://washingtonpost.com",
                            "display_url": "washingtonpost.com",
                            "indices": [
                                0,
                                22
                            ]
                        }
                    ]
                },
                "description": {
                    "urls": [
                        {
                            "url": "https://t.co/VV0UBAMHg8",
                            "expanded_url": "https://twitter.com/washingtonpost/lists/washington-post-people",
                            "display_url": "twitter.com/washingtonpost\u2026",
                            "indices": [
                                77,
                                100
                            ]
                        }
                    ]
                }
            },
            "protected": false,
            "followers_count": 13589752,
            "friends_count": 1514,
            "listed_count": 89625,
            "created_at": "Tue Mar 27 11:19:39 +0000 2007",
            "favourites_count": 4566,
            "utc_offset": null,
            "time_zone": null,
            "geo_enabled": true,
            "verified": true,
            "statuses_count": 311403,
            "lang": "en",
            "contributors_enabled": false,
            "is_translator": false,
            "is_translation_enabled": true,
            "profile_background_color": "333333",
            "profile_background_image_url": "http://abs.twimg.com/images/themes/theme1/bg.png",
            "profile_background_image_url_https": "https://abs.twimg.com/images/themes/theme1/bg.png",
            "profile_background_tile": false,
            "profile_image_url": "http://pbs.twimg.com/profile_images/1060271522319925257/fJKwJ0r2_normal.jpg",
            "profile_image_url_https": "https://pbs.twimg.com/profile_images/1060271522319925257/fJKwJ0r2_normal.jpg",
            "profile_banner_url": "https://pbs.twimg.com/profile_banners/2467791/1469484132",
            "profile_link_color": "0057EC",
            "profile_sidebar_border_color": "FFFFFF",
            "profile_sidebar_fill_color": "DBDBDB",
            "profile_text_color": "323232",
            "profile_use_background_image": true,
            "has_extended_profile": false,
            "default_profile": false,
            "default_profile_image": false,
            "following": null,
            "follow_request_sent": null,
            "notifications": null,
            "translator_type": "regular"
        },
        "geo": null,
        "coordinates": null,
        "place": null,
        "contributors": null,
        "is_quote_status": false,
        "retweet_count": 12,
        "favorite_count": 39,
        "favorited": false,
        "retweeted": false,
        "possibly_sensitive": false,
        "lang": "en"
    },
    "retweet_count": 0,
    "favorite_count": 0,
    "favorited": false,
    "retweeted": false,
    "possibly_sensitive": false,
    "lang": "en"
}