{
    "created_at": "Tue Apr 16 16:20:25 +0000 2019",
    "id": 1118187400415596544,
    "id_str": "1118187400415596544",
    "text": "Uber introduces Jump scooters to D.C. and changes its price structure for its popular e-bikes https://t.co/k0aHwh8qNh",
    "truncated": false,
    "entities": {
        "hashtags": [],
        "symbols": [],
        "user_mentions": [],
        "urls": [
            {
                "url": "https://t.co/k0aHwh8qNh",
                "expanded_url": "https://wapo.st/2UKgkud",
                "display_url": "wapo.st/2UKgkud",
                "indices": [
                    94,
                    117
                ]
            }
        ]
    },
    "metadata": {
        "iso_language_code": "en",
        "result_type": "recent"
    },
    "source": "<a href=\"http://www.socialflow.com\" rel=\"nofollow\">SocialFlow</a>",
    "in_reply_to_status_id": null,
    "in_reply_to_status_id_str": null,
    "in_reply_to_user_id": null,
    "in_reply_to_user_id_str": null,
    "in_reply_to_screen_name": null,
    "user": {
        "id": 18025557,
        "id_str": "18025557",
        "name": "Dr. Gridlock",
        "screen_name": "drgridlock",
        "location": "Washington, D.C.",
        "description": "Your transportation guide around the Beltway and beyond. Tweets by @RT_Thomson and others on the Post Transportation team.",
        "url": "http://t.co/OFAxK0Pk9s",
        "entities": {
            "url": {
                "urls": [
                    {
                        "url": "http://t.co/OFAxK0Pk9s",
                        "expanded_url": "http://wapo.st/drgridlock",
                        "display_url": "wapo.st/drgridlock",
                        "indices": [
                            0,
                            22
                        ]
                    }
                ]
            },
            "description": {
                "urls": []
            }
        },
        "protected": false,
        "followers_count": 35265,
        "friends_count": 409,
        "listed_count": 1487,
        "created_at": "Wed Dec 10 18:08:31 +0000 2008",
        "favourites_count": 769,
        "utc_offset": null,
        "time_zone": null,
        "geo_enabled": false,
        "verified": true,
        "statuses_count": 51102,
        "lang": "en",
        "contributors_enabled": false,
        "is_translator": false,
        "is_translation_enabled": false,
        "profile_background_color": "C6E2EE",
        "profile_background_image_url": "http://abs.twimg.com/images/themes/theme2/bg.gif",
        "profile_background_image_url_https": "https://abs.twimg.com/images/themes/theme2/bg.gif",
        "profile_background_tile": false,
        "profile_image_url": "http://pbs.twimg.com/profile_images/1079800459811004416/3Kvw-tUt_normal.jpg",
        "profile_image_url_https": "https://pbs.twimg.com/profile_images/1079800459811004416/3Kvw-tUt_normal.jpg",
        "profile_banner_url": "https://pbs.twimg.com/profile_banners/18025557/1469482091",
        "profile_link_color": "1F98C7",
        "profile_sidebar_border_color": "FFFFFF",
        "profile_sidebar_fill_color": "DAECF4",
        "profile_text_color": "663B12",
        "profile_use_background_image": true,
        "has_extended_profile": false,
        "default_profile": false,
        "default_profile_image": false,
        "following": null,
        "follow_request_sent": null,
        "notifications": null,
        "translator_type": "none"
    },
    "geo": null,
    "coordinates": null,
    "place": null,
    "contributors": null,
    "is_quote_status": false,
    "retweet_count": 1,
    "favorite_count": 0,
    "favorited": false,
    "retweeted": false,
    "possibly_sensitive": false,
    "lang": "en"
}