{
    "created_at": "Tue Apr 16 15:55:36 +0000 2019",
    "id": 1118181155008684034,
    "id_str": "1118181155008684034",
    "text": "@jump_rides with the latest app update which synced with @Uber_Support data, pre-paid Jump Bike credits disappeared\u2026 https://t.co/C4siw3BW4i",
    "truncated": true,
    "entities": {
        "hashtags": [],
        "symbols": [],
        "user_mentions": [
            {
                "screen_name": "jump_rides",
                "name": "JUMP",
                "id": 868126911817502721,
                "id_str": "868126911817502721",
                "indices": [
                    0,
                    11
                ]
            },
            {
                "screen_name": "Uber_Support",
                "name": "Uber Support",
                "id": 2815754953,
                "id_str": "2815754953",
                "indices": [
                    57,
                    70
                ]
            }
        ],
        "urls": [
            {
                "url": "https://t.co/C4siw3BW4i",
                "expanded_url": "https://twitter.com/i/web/status/1118181155008684034",
                "display_url": "twitter.com/i/web/status/1\u2026",
                "indices": [
                    117,
                    140
                ]
            }
        ]
    },
    "metadata": {
        "iso_language_code": "en",
        "result_type": "recent"
    },
    "source": "<a href=\"http://twitter.com/download/iphone\" rel=\"nofollow\">Twitter for iPhone</a>",
    "in_reply_to_status_id": null,
    "in_reply_to_status_id_str": null,
    "in_reply_to_user_id": 868126911817502721,
    "in_reply_to_user_id_str": "868126911817502721",
    "in_reply_to_screen_name": "jump_rides",
    "user": {
        "id": 18594418,
        "id_str": "18594418",
        "name": "Ken Barnes",
        "screen_name": "kenjbarnes1",
        "location": "Sacramento",
        "description": "Unapologetic lover of Sacramento, food, wine and Angela. @Columbia & @DrexelUniv geek, butcherer of foreign languages. @Forbes contributor. ExecDirector @CACALA",
        "url": "https://t.co/xw0gKUfJ5m",
        "entities": {
            "url": {
                "urls": [
                    {
                        "url": "https://t.co/xw0gKUfJ5m",
                        "expanded_url": "http://cala.com",
                        "display_url": "cala.com",
                        "indices": [
                            0,
                            23
                        ]
                    }
                ]
            },
            "description": {
                "urls": []
            }
        },
        "protected": false,
        "followers_count": 5973,
        "friends_count": 1708,
        "listed_count": 177,
        "created_at": "Sun Jan 04 03:35:49 +0000 2009",
        "favourites_count": 28,
        "utc_offset": null,
        "time_zone": null,
        "geo_enabled": false,
        "verified": false,
        "statuses_count": 32102,
        "lang": "en",
        "contributors_enabled": false,
        "is_translator": false,
        "is_translation_enabled": false,
        "profile_background_color": "9AE4E8",
        "profile_background_image_url": "http://abs.twimg.com/images/themes/theme10/bg.gif",
        "profile_background_image_url_https": "https://abs.twimg.com/images/themes/theme10/bg.gif",
        "profile_background_tile": true,
        "profile_image_url": "http://pbs.twimg.com/profile_images/979170089449676805/WcyMJxKc_normal.jpg",
        "profile_image_url_https": "https://pbs.twimg.com/profile_images/979170089449676805/WcyMJxKc_normal.jpg",
        "profile_banner_url": "https://pbs.twimg.com/profile_banners/18594418/1513359117",
        "profile_link_color": "3B94D9",
        "profile_sidebar_border_color": "FFFFFF",
        "profile_sidebar_fill_color": "7AC3EE",
        "profile_text_color": "3D1957",
        "profile_use_background_image": true,
        "has_extended_profile": true,
        "default_profile": false,
        "default_profile_image": false,
        "following": null,
        "follow_request_sent": null,
        "notifications": null,
        "translator_type": "none"
    },
    "geo": null,
    "coordinates": null,
    "place": null,
    "contributors": null,
    "is_quote_status": false,
    "retweet_count": 0,
    "favorite_count": 0,
    "favorited": false,
    "retweeted": false,
    "lang": "en"
}