{
    "created_at": "Wed Apr 17 14:00:48 +0000 2019",
    "id": 1118514651984220160,
    "id_str": "1118514651984220160",
    "text": "Jump by Uber will be integrated through the same application as the VTC service. Users will now have three possible\u2026 https://t.co/6qpUc8lr9a",
    "truncated": true,
    "entities": {
        "hashtags": [],
        "symbols": [],
        "user_mentions": [],
        "urls": [
            {
                "url": "https://t.co/6qpUc8lr9a",
                "expanded_url": "https://twitter.com/i/web/status/1118514651984220160",
                "display_url": "twitter.com/i/web/status/1\u2026",
                "indices": [
                    117,
                    140
                ]
            }
        ]
    },
    "metadata": {
        "iso_language_code": "en",
        "result_type": "recent"
    },
    "source": "<a href=\"https://www.echobox.com\" rel=\"nofollow\">Echobox Social</a>",
    "in_reply_to_status_id": null,
    "in_reply_to_status_id_str": null,
    "in_reply_to_user_id": null,
    "in_reply_to_user_id_str": null,
    "in_reply_to_screen_name": null,
    "user": {
        "id": 796943378432671744,
        "id_str": "796943378432671744",
        "name": "Auto Portal Watch",
        "screen_name": "AutoPortalWatch",
        "location": "Melbourne, Victoria",
        "description": "Auto Portal Watch is the number one news and events source for auto portal operators.",
        "url": "https://t.co/qft3Czk9ma",
        "entities": {
            "url": {
                "urls": [
                    {
                        "url": "https://t.co/qft3Czk9ma",
                        "expanded_url": "http://www.autoportalwatch.com",
                        "display_url": "autoportalwatch.com",
                        "indices": [
                            0,
                            23
                        ]
                    }
                ]
            },
            "description": {
                "urls": []
            }
        },
        "protected": false,
        "followers_count": 108,
        "friends_count": 42,
        "listed_count": 5,
        "created_at": "Fri Nov 11 05:11:22 +0000 2016",
        "favourites_count": 6,
        "utc_offset": null,
        "time_zone": null,
        "geo_enabled": false,
        "verified": false,
        "statuses_count": 6837,
        "lang": "en",
        "contributors_enabled": false,
        "is_translator": false,
        "is_translation_enabled": false,
        "profile_background_color": "F5F8FA",
        "profile_background_image_url": null,
        "profile_background_image_url_https": null,
        "profile_background_tile": false,
        "profile_image_url": "http://pbs.twimg.com/profile_images/796947847832739840/zKBPVk60_normal.jpg",
        "profile_image_url_https": "https://pbs.twimg.com/profile_images/796947847832739840/zKBPVk60_normal.jpg",
        "profile_banner_url": "https://pbs.twimg.com/profile_banners/796943378432671744/1546818961",
        "profile_link_color": "1DA1F2",
        "profile_sidebar_border_color": "C0DEED",
        "profile_sidebar_fill_color": "DDEEF6",
        "profile_text_color": "333333",
        "profile_use_background_image": true,
        "has_extended_profile": false,
        "default_profile": true,
        "default_profile_image": false,
        "following": null,
        "follow_request_sent": null,
        "notifications": null,
        "translator_type": "none"
    },
    "geo": null,
    "coordinates": null,
    "place": null,
    "contributors": null,
    "is_quote_status": false,
    "retweet_count": 0,
    "favorite_count": 0,
    "favorited": false,
    "retweeted": false,
    "possibly_sensitive": false,
    "lang": "en"
}