{
    "created_at": "Tue Apr 16 18:16:28 +0000 2019",
    "id": 1118216604305612801,
    "id_str": "1118216604305612801",
    "text": "Uber introduces Jump scooters to D.C. and changes its price structure for its...\nhttps://t.co/r43rIbHjYM\n+1 KachingBot #Business",
    "truncated": false,
    "entities": {
        "hashtags": [
            {
                "text": "Business",
                "indices": [
                    119,
                    128
                ]
            }
        ],
        "symbols": [],
        "user_mentions": [],
        "urls": [
            {
                "url": "https://t.co/r43rIbHjYM",
                "expanded_url": "https://www.plow.io/post/uber-introduces-jump-scooters-to-dc-and-changes-its-price-structure-for-its-popular-e-bikes?utm_source=Twitter&utm_campaign=Business",
                "display_url": "plow.io/post/uber-intr\u2026",
                "indices": [
                    81,
                    104
                ]
            }
        ]
    },
    "metadata": {
        "iso_language_code": "en",
        "result_type": "recent"
    },
    "source": "<a href=\"http://plow.io/anchor/Business\" rel=\"nofollow\">Business PLOW</a>",
    "in_reply_to_status_id": null,
    "in_reply_to_status_id_str": null,
    "in_reply_to_user_id": null,
    "in_reply_to_user_id_str": null,
    "in_reply_to_screen_name": null,
    "user": {
        "id": 2841725819,
        "id_str": "2841725819",
        "name": "Business PLOW",
        "screen_name": "Business_Plow",
        "location": "Internet",
        "description": "A new #Business community with less noise & junk on @plowio. Follow for an invite to join our open beta!",
        "url": "https://t.co/WRQeddzMxb",
        "entities": {
            "url": {
                "urls": [
                    {
                        "url": "https://t.co/WRQeddzMxb",
                        "expanded_url": "https://plow.io/anchor/business",
                        "display_url": "plow.io/anchor/business",
                        "indices": [
                            0,
                            23
                        ]
                    }
                ]
            },
            "description": {
                "urls": []
            }
        },
        "protected": false,
        "followers_count": 3322,
        "friends_count": 4984,
        "listed_count": 17,
        "created_at": "Thu Oct 23 06:02:26 +0000 2014",
        "favourites_count": 38806,
        "utc_offset": null,
        "time_zone": null,
        "geo_enabled": false,
        "verified": false,
        "statuses_count": 16200,
        "lang": "en",
        "contributors_enabled": false,
        "is_translator": false,
        "is_translation_enabled": false,
        "profile_background_color": "C0DEED",
        "profile_background_image_url": "http://abs.twimg.com/images/themes/theme1/bg.png",
        "profile_background_image_url_https": "https://abs.twimg.com/images/themes/theme1/bg.png",
        "profile_background_tile": false,
        "profile_image_url": "http://pbs.twimg.com/profile_images/654425369303470080/flgK_3-m_normal.jpg",
        "profile_image_url_https": "https://pbs.twimg.com/profile_images/654425369303470080/flgK_3-m_normal.jpg",
        "profile_banner_url": "https://pbs.twimg.com/profile_banners/2841725819/1414044301",
        "profile_link_color": "1DA1F2",
        "profile_sidebar_border_color": "C0DEED",
        "profile_sidebar_fill_color": "DDEEF6",
        "profile_text_color": "333333",
        "profile_use_background_image": true,
        "has_extended_profile": false,
        "default_profile": true,
        "default_profile_image": false,
        "following": null,
        "follow_request_sent": null,
        "notifications": null,
        "translator_type": "none"
    },
    "geo": null,
    "coordinates": null,
    "place": null,
    "contributors": null,
    "is_quote_status": false,
    "retweet_count": 0,
    "favorite_count": 0,
    "favorited": false,
    "retweeted": false,
    "possibly_sensitive": false,
    "lang": "en"
}