{
    "created_at": "Wed Apr 17 07:02:17 +0000 2019",
    "id": 1118409327814041608,
    "id_str": "1118409327814041608",
    "text": "Uber\u2019s Jump scooters come to D.C. as company undercuts rivals\u2019 pricing\nRiders would unlock the Jump bikes and scoot\u2026 https://t.co/mHhK1WOlbL",
    "truncated": true,
    "entities": {
        "hashtags": [],
        "symbols": [],
        "user_mentions": [],
        "urls": [
            {
                "url": "https://t.co/mHhK1WOlbL",
                "expanded_url": "https://twitter.com/i/web/status/1118409327814041608",
                "display_url": "twitter.com/i/web/status/1\u2026",
                "indices": [
                    117,
                    140
                ]
            }
        ]
    },
    "metadata": {
        "iso_language_code": "en",
        "result_type": "recent"
    },
    "source": "<a href=\"https://ifttt.com\" rel=\"nofollow\">IFTTT</a>",
    "in_reply_to_status_id": null,
    "in_reply_to_status_id_str": null,
    "in_reply_to_user_id": null,
    "in_reply_to_user_id_str": null,
    "in_reply_to_screen_name": null,
    "user": {
        "id": 962274337247105024,
        "id_str": "962274337247105024",
        "name": "Twit",
        "screen_name": "___Twit____",
        "location": "Everywhere",
        "description": "Social Media News",
        "url": null,
        "entities": {
            "description": {
                "urls": []
            }
        },
        "protected": false,
        "followers_count": 78,
        "friends_count": 159,
        "listed_count": 0,
        "created_at": "Sat Feb 10 10:37:35 +0000 2018",
        "favourites_count": 0,
        "utc_offset": null,
        "time_zone": null,
        "geo_enabled": false,
        "verified": false,
        "statuses_count": 21007,
        "lang": "en",
        "contributors_enabled": false,
        "is_translator": false,
        "is_translation_enabled": false,
        "profile_background_color": "F5F8FA",
        "profile_background_image_url": null,
        "profile_background_image_url_https": null,
        "profile_background_tile": false,
        "profile_image_url": "http://pbs.twimg.com/profile_images/962276097311289344/-JIKZ3Br_normal.jpg",
        "profile_image_url_https": "https://pbs.twimg.com/profile_images/962276097311289344/-JIKZ3Br_normal.jpg",
        "profile_banner_url": "https://pbs.twimg.com/profile_banners/962274337247105024/1518259526",
        "profile_link_color": "1DA1F2",
        "profile_sidebar_border_color": "C0DEED",
        "profile_sidebar_fill_color": "DDEEF6",
        "profile_text_color": "333333",
        "profile_use_background_image": true,
        "has_extended_profile": false,
        "default_profile": true,
        "default_profile_image": false,
        "following": null,
        "follow_request_sent": null,
        "notifications": null,
        "translator_type": "none"
    },
    "geo": null,
    "coordinates": null,
    "place": null,
    "contributors": null,
    "is_quote_status": false,
    "retweet_count": 0,
    "favorite_count": 0,
    "favorited": false,
    "retweeted": false,
    "lang": "en"
}