{
    "created_at": "Wed Apr 17 02:31:02 +0000 2019",
    "id": 1118341064270598144,
    "id_str": "1118341064270598144",
    "text": "@samiir @JebFatela @Uber_Support Scary at that moment, and this is what happens when more and more people try to po\u2026 https://t.co/ajMMYeNySQ",
    "truncated": true,
    "entities": {
        "hashtags": [],
        "symbols": [],
        "user_mentions": [
            {
                "screen_name": "samiir",
                "name": "samy",
                "id": 11121242,
                "id_str": "11121242",
                "indices": [
                    0,
                    7
                ]
            },
            {
                "screen_name": "JebFatela",
                "name": "FatelaJeb",
                "id": 1102601725062627330,
                "id_str": "1102601725062627330",
                "indices": [
                    8,
                    18
                ]
            },
            {
                "screen_name": "Uber_Support",
                "name": "Uber Support",
                "id": 2815754953,
                "id_str": "2815754953",
                "indices": [
                    19,
                    32
                ]
            }
        ],
        "urls": [
            {
                "url": "https://t.co/ajMMYeNySQ",
                "expanded_url": "https://twitter.com/i/web/status/1118341064270598144",
                "display_url": "twitter.com/i/web/status/1\u2026",
                "indices": [
                    117,
                    140
                ]
            }
        ]
    },
    "metadata": {
        "iso_language_code": "en",
        "result_type": "recent"
    },
    "source": "<a href=\"http://twitter.com/download/android\" rel=\"nofollow\">Twitter for Android</a>",
    "in_reply_to_status_id": 1118103190010941440,
    "in_reply_to_status_id_str": "1118103190010941440",
    "in_reply_to_user_id": 11121242,
    "in_reply_to_user_id_str": "11121242",
    "in_reply_to_screen_name": "samiir",
    "user": {
        "id": 1097794396370554881,
        "id_str": "1097794396370554881",
        "name": "Kiran",
        "screen_name": "nirgudikulkarni",
        "location": "",
        "description": "",
        "url": null,
        "entities": {
            "description": {
                "urls": []
            }
        },
        "protected": false,
        "followers_count": 21,
        "friends_count": 106,
        "listed_count": 0,
        "created_at": "Tue Feb 19 09:45:54 +0000 2019",
        "favourites_count": 1206,
        "utc_offset": null,
        "time_zone": null,
        "geo_enabled": false,
        "verified": false,
        "statuses_count": 558,
        "lang": "en",
        "contributors_enabled": false,
        "is_translator": false,
        "is_translation_enabled": false,
        "profile_background_color": "F5F8FA",
        "profile_background_image_url": null,
        "profile_background_image_url_https": null,
        "profile_background_tile": false,
        "profile_image_url": "http://pbs.twimg.com/profile_images/1097794845341413376/KrPbqGzm_normal.jpg",
        "profile_image_url_https": "https://pbs.twimg.com/profile_images/1097794845341413376/KrPbqGzm_normal.jpg",
        "profile_link_color": "1DA1F2",
        "profile_sidebar_border_color": "C0DEED",
        "profile_sidebar_fill_color": "DDEEF6",
        "profile_text_color": "333333",
        "profile_use_background_image": true,
        "has_extended_profile": false,
        "default_profile": true,
        "default_profile_image": false,
        "following": null,
        "follow_request_sent": null,
        "notifications": null,
        "translator_type": "none"
    },
    "geo": null,
    "coordinates": null,
    "place": null,
    "contributors": null,
    "is_quote_status": false,
    "retweet_count": 0,
    "favorite_count": 3,
    "favorited": false,
    "retweeted": false,
    "lang": "en"
}