{
    "created_at": "Thu Apr 18 17:36:33 +0000 2019",
    "id": 1118931333080932353,
    "id_str": "1118931333080932353",
    "text": "@Uber_Ger where did the Uber jump bikes go in Berlin. Used them forever and one day they\u2019re gone?",
    "truncated": false,
    "entities": {
        "hashtags": [],
        "symbols": [],
        "user_mentions": [
            {
                "screen_name": "Uber_Ger",
                "name": "Uber Germany",
                "id": 946469935,
                "id_str": "946469935",
                "indices": [
                    0,
                    9
                ]
            }
        ],
        "urls": []
    },
    "metadata": {
        "iso_language_code": "en",
        "result_type": "recent"
    },
    "source": "<a href=\"https://mobile.twitter.com\" rel=\"nofollow\">Twitter Web App</a>",
    "in_reply_to_status_id": null,
    "in_reply_to_status_id_str": null,
    "in_reply_to_user_id": 946469935,
    "in_reply_to_user_id_str": "946469935",
    "in_reply_to_screen_name": "Uber_Ger",
    "user": {
        "id": 82494078,
        "id_str": "82494078",
        "name": "Chris",
        "screen_name": "c14h",
        "location": "San Francisco, CA",
        "description": "UX & Product Design",
        "url": null,
        "entities": {
            "description": {
                "urls": []
            }
        },
        "protected": false,
        "followers_count": 24,
        "friends_count": 44,
        "listed_count": 1,
        "created_at": "Thu Oct 15 00:17:14 +0000 2009",
        "favourites_count": 10,
        "utc_offset": null,
        "time_zone": null,
        "geo_enabled": false,
        "verified": false,
        "statuses_count": 608,
        "lang": "de",
        "contributors_enabled": false,
        "is_translator": false,
        "is_translation_enabled": false,
        "profile_background_color": "C0DEED",
        "profile_background_image_url": "http://abs.twimg.com/images/themes/theme1/bg.png",
        "profile_background_image_url_https": "https://abs.twimg.com/images/themes/theme1/bg.png",
        "profile_background_tile": false,
        "profile_image_url": "http://pbs.twimg.com/profile_images/1325055916/eightbit-39f6d55c-4eff-49cc-a790-bfd9242ed731_normal.png",
        "profile_image_url_https": "https://pbs.twimg.com/profile_images/1325055916/eightbit-39f6d55c-4eff-49cc-a790-bfd9242ed731_normal.png",
        "profile_link_color": "1DA1F2",
        "profile_sidebar_border_color": "C0DEED",
        "profile_sidebar_fill_color": "DDEEF6",
        "profile_text_color": "333333",
        "profile_use_background_image": true,
        "has_extended_profile": false,
        "default_profile": true,
        "default_profile_image": false,
        "following": null,
        "follow_request_sent": null,
        "notifications": null,
        "translator_type": "regular"
    },
    "geo": null,
    "coordinates": null,
    "place": null,
    "contributors": null,
    "is_quote_status": false,
    "retweet_count": 0,
    "favorite_count": 0,
    "favorited": false,
    "retweeted": false,
    "lang": "en"
}