{
    "created_at": "Tue Apr 16 07:13:15 +0000 2019",
    "id": 1118049701675380736,
    "id_str": "1118049701675380736",
    "text": "just had my first Jump ride in Paris : very sweet, less sweat, maybe a bit pricey for a daily commute but 10/10 wou\u2026 https://t.co/AHUudX5eBl",
    "truncated": true,
    "entities": {
        "hashtags": [],
        "symbols": [],
        "user_mentions": [],
        "urls": [
            {
                "url": "https://t.co/AHUudX5eBl",
                "expanded_url": "https://twitter.com/i/web/status/1118049701675380736",
                "display_url": "twitter.com/i/web/status/1\u2026",
                "indices": [
                    117,
                    140
                ]
            }
        ]
    },
    "metadata": {
        "iso_language_code": "en",
        "result_type": "recent"
    },
    "source": "<a href=\"https://github.com/mariotaku/twidere/\" rel=\"nofollow\">Twidere for Android #7</a>",
    "in_reply_to_status_id": null,
    "in_reply_to_status_id_str": null,
    "in_reply_to_user_id": null,
    "in_reply_to_user_id_str": null,
    "in_reply_to_screen_name": null,
    "user": {
        "id": 29687149,
        "id_str": "29687149",
        "name": "eric",
        "screen_name": "krkwsk",
        "location": "Paris",
        "description": "\ud83c\uddeb\ud83c\uddf7\ud83c\udde9\ud83c\uddea - tech/product smartphones  just a desktop engineer.",
        "url": null,
        "entities": {
            "description": {
                "urls": []
            }
        },
        "protected": false,
        "followers_count": 71,
        "friends_count": 367,
        "listed_count": 9,
        "created_at": "Wed Apr 08 10:22:05 +0000 2009",
        "favourites_count": 547,
        "utc_offset": null,
        "time_zone": null,
        "geo_enabled": false,
        "verified": false,
        "statuses_count": 2461,
        "lang": "en",
        "contributors_enabled": false,
        "is_translator": false,
        "is_translation_enabled": false,
        "profile_background_color": "2743A1",
        "profile_background_image_url": "http://abs.twimg.com/images/themes/theme1/bg.png",
        "profile_background_image_url_https": "https://abs.twimg.com/images/themes/theme1/bg.png",
        "profile_background_tile": false,
        "profile_image_url": "http://pbs.twimg.com/profile_images/934160993520902144/TsFAYL9D_normal.jpg",
        "profile_image_url_https": "https://pbs.twimg.com/profile_images/934160993520902144/TsFAYL9D_normal.jpg",
        "profile_banner_url": "https://pbs.twimg.com/profile_banners/29687149/1521966007",
        "profile_link_color": "1B95E0",
        "profile_sidebar_border_color": "829D5E",
        "profile_sidebar_fill_color": "99CC33",
        "profile_text_color": "3E4415",
        "profile_use_background_image": true,
        "has_extended_profile": false,
        "default_profile": false,
        "default_profile_image": false,
        "following": null,
        "follow_request_sent": null,
        "notifications": null,
        "translator_type": "none"
    },
    "geo": null,
    "coordinates": null,
    "place": null,
    "contributors": null,
    "is_quote_status": false,
    "retweet_count": 0,
    "favorite_count": 0,
    "favorited": false,
    "retweeted": false,
    "lang": "en"
}