{
    "created_at": "Tue Apr 16 16:56:51 +0000 2019",
    "id": 1118196566781829120,
    "id_str": "1118196566781829120",
    "text": "RT @loriara: Uber introduces Jump scooters to D.C. and changes its price structure for its popular e-bikes - https://t.co/rXGPROtOMd",
    "truncated": false,
    "entities": {
        "hashtags": [],
        "symbols": [],
        "user_mentions": [
            {
                "screen_name": "loriara",
                "name": "lori aratani",
                "id": 9864112,
                "id_str": "9864112",
                "indices": [
                    3,
                    11
                ]
            }
        ],
        "urls": [
            {
                "url": "https://t.co/rXGPROtOMd",
                "expanded_url": "https://wapo.st/2IpHks0",
                "display_url": "wapo.st/2IpHks0",
                "indices": [
                    109,
                    132
                ]
            }
        ]
    },
    "metadata": {
        "iso_language_code": "en",
        "result_type": "recent"
    },
    "source": "<a href=\"http://twitter.com/download/iphone\" rel=\"nofollow\">Twitter for iPhone</a>",
    "in_reply_to_status_id": null,
    "in_reply_to_status_id_str": null,
    "in_reply_to_user_id": null,
    "in_reply_to_user_id_str": null,
    "in_reply_to_screen_name": null,
    "user": {
        "id": 247756729,
        "id_str": "247756729",
        "name": "sluglines",
        "screen_name": "sluglines",
        "location": "Washington, DC",
        "description": "Slugging is a unique form of commute. During rush hours, drivers pick up commuters for free, to save toll and be able to drive on the HOV / HOT / Express Lanes",
        "url": "https://t.co/gUmaYjudzG",
        "entities": {
            "url": {
                "urls": [
                    {
                        "url": "https://t.co/gUmaYjudzG",
                        "expanded_url": "https://sluglines.com",
                        "display_url": "sluglines.com",
                        "indices": [
                            0,
                            23
                        ]
                    }
                ]
            },
            "description": {
                "urls": []
            }
        },
        "protected": false,
        "followers_count": 967,
        "friends_count": 1877,
        "listed_count": 20,
        "created_at": "Sat Feb 05 14:09:03 +0000 2011",
        "favourites_count": 2044,
        "utc_offset": null,
        "time_zone": null,
        "geo_enabled": true,
        "verified": false,
        "statuses_count": 5191,
        "lang": "en",
        "contributors_enabled": false,
        "is_translator": false,
        "is_translation_enabled": false,
        "profile_background_color": "ACDED6",
        "profile_background_image_url": "http://abs.twimg.com/images/themes/theme18/bg.gif",
        "profile_background_image_url_https": "https://abs.twimg.com/images/themes/theme18/bg.gif",
        "profile_background_tile": false,
        "profile_image_url": "http://pbs.twimg.com/profile_images/727945368323903488/g-EbeaEg_normal.jpg",
        "profile_image_url_https": "https://pbs.twimg.com/profile_images/727945368323903488/g-EbeaEg_normal.jpg",
        "profile_banner_url": "https://pbs.twimg.com/profile_banners/247756729/1462587663",
        "profile_link_color": "038543",
        "profile_sidebar_border_color": "EEEEEE",
        "profile_sidebar_fill_color": "F6F6F6",
        "profile_text_color": "333333",
        "profile_use_background_image": true,
        "has_extended_profile": true,
        "default_profile": false,
        "default_profile_image": false,
        "following": null,
        "follow_request_sent": null,
        "notifications": null,
        "translator_type": "none"
    },
    "geo": null,
    "coordinates": null,
    "place": null,
    "contributors": null,
    "retweeted_status": {
        "created_at": "Tue Apr 16 16:55:43 +0000 2019",
        "id": 1118196283938938881,
        "id_str": "1118196283938938881",
        "text": "Uber introduces Jump scooters to D.C. and changes its price structure for its popular e-bikes - https://t.co/rXGPROtOMd",
        "truncated": false,
        "entities": {
            "hashtags": [],
            "symbols": [],
            "user_mentions": [],
            "urls": [
                {
                    "url": "https://t.co/rXGPROtOMd",
                    "expanded_url": "https://wapo.st/2IpHks0",
                    "display_url": "wapo.st/2IpHks0",
                    "indices": [
                        96,
                        119
                    ]
                }
            ]
        },
        "metadata": {
            "iso_language_code": "en",
            "result_type": "recent"
        },
        "source": "<a href=\"https://bitly.com/\" rel=\"nofollow\">Bitly</a>",
        "in_reply_to_status_id": null,
        "in_reply_to_status_id_str": null,
        "in_reply_to_user_id": null,
        "in_reply_to_user_id_str": null,
        "in_reply_to_screen_name": null,
        "user": {
            "id": 9864112,
            "id_str": "9864112",
            "name": "lori aratani",
            "screen_name": "loriara",
            "location": "washington, d.c.",
            "description": "I write stories about how people live and work in the D.C. region and beyond for The Post's Transportation and Development Team.",
            "url": "https://t.co/fJMCeIGWXa",
            "entities": {
                "url": {
                    "urls": [
                        {
                            "url": "https://t.co/fJMCeIGWXa",
                            "expanded_url": "http://www.washingtonpost.com",
                            "display_url": "washingtonpost.com",
                            "indices": [
                                0,
                                23
                            ]
                        }
                    ]
                },
                "description": {
                    "urls": []
                }
            },
            "protected": false,
            "followers_count": 4021,
            "friends_count": 1563,
            "listed_count": 247,
            "created_at": "Thu Nov 01 21:11:02 +0000 2007",
            "favourites_count": 2576,
            "utc_offset": null,
            "time_zone": null,
            "geo_enabled": true,
            "verified": false,
            "statuses_count": 37987,
            "lang": "en",
            "contributors_enabled": false,
            "is_translator": false,
            "is_translation_enabled": false,
            "profile_background_color": "EBEBEB",
            "profile_background_image_url": "http://abs.twimg.com/images/themes/theme7/bg.gif",
            "profile_background_image_url_https": "https://abs.twimg.com/images/themes/theme7/bg.gif",
            "profile_background_tile": false,
            "profile_image_url": "http://pbs.twimg.com/profile_images/960661314023624704/J8b13D_S_normal.jpg",
            "profile_image_url_https": "https://pbs.twimg.com/profile_images/960661314023624704/J8b13D_S_normal.jpg",
            "profile_link_color": "990000",
            "profile_sidebar_border_color": "DFDFDF",
            "profile_sidebar_fill_color": "F3F3F3",
            "profile_text_color": "333333",
            "profile_use_background_image": true,
            "has_extended_profile": false,
            "default_profile": false,
            "default_profile_image": false,
            "following": null,
            "follow_request_sent": null,
            "notifications": null,
            "translator_type": "none"
        },
        "geo": null,
        "coordinates": null,
        "place": null,
        "contributors": null,
        "is_quote_status": false,
        "retweet_count": 1,
        "favorite_count": 1,
        "favorited": false,
        "retweeted": false,
        "possibly_sensitive": false,
        "lang": "en"
    },
    "is_quote_status": false,
    "retweet_count": 1,
    "favorite_count": 0,
    "favorited": false,
    "retweeted": false,
    "possibly_sensitive": false,
    "lang": "en"
}