{
    "created_at": "Tue Apr 16 18:42:31 +0000 2019",
    "id": 1118223158962794496,
    "id_str": "1118223158962794496",
    "text": "RT @FranceToday: Uber launches 'Jump' electric bikes and scooters in Paris https://t.co/TISUJbSc7G\n@uber #Paris #France #travel https://t.c\u2026",
    "truncated": false,
    "entities": {
        "hashtags": [
            {
                "text": "Paris",
                "indices": [
                    105,
                    111
                ]
            },
            {
                "text": "France",
                "indices": [
                    112,
                    119
                ]
            },
            {
                "text": "travel",
                "indices": [
                    120,
                    127
                ]
            }
        ],
        "symbols": [],
        "user_mentions": [
            {
                "screen_name": "FranceToday",
                "name": "France Today",
                "id": 17392489,
                "id_str": "17392489",
                "indices": [
                    3,
                    15
                ]
            },
            {
                "screen_name": "Uber",
                "name": "Uber",
                "id": 19103481,
                "id_str": "19103481",
                "indices": [
                    99,
                    104
                ]
            }
        ],
        "urls": [
            {
                "url": "https://t.co/TISUJbSc7G",
                "expanded_url": "https://buff.ly/2VLo8bp",
                "display_url": "buff.ly/2VLo8bp",
                "indices": [
                    75,
                    98
                ]
            }
        ]
    },
    "metadata": {
        "iso_language_code": "en",
        "result_type": "recent"
    },
    "source": "<a href=\"http://twitter.com/#!/download/ipad\" rel=\"nofollow\">Twitter for iPad</a>",
    "in_reply_to_status_id": null,
    "in_reply_to_status_id_str": null,
    "in_reply_to_user_id": null,
    "in_reply_to_user_id_str": null,
    "in_reply_to_screen_name": null,
    "user": {
        "id": 1109853842,
        "id_str": "1109853842",
        "name": "Mary Ann",
        "screen_name": "EmmLou56",
        "location": "",
        "description": "Love photographs. Welcome to my collage. Engage your spirit.",
        "url": null,
        "entities": {
            "description": {
                "urls": []
            }
        },
        "protected": false,
        "followers_count": 171,
        "friends_count": 111,
        "listed_count": 23,
        "created_at": "Mon Jan 21 19:21:05 +0000 2013",
        "favourites_count": 9140,
        "utc_offset": null,
        "time_zone": null,
        "geo_enabled": false,
        "verified": false,
        "statuses_count": 4818,
        "lang": "en",
        "contributors_enabled": false,
        "is_translator": false,
        "is_translation_enabled": false,
        "profile_background_color": "C0DEED",
        "profile_background_image_url": "http://abs.twimg.com/images/themes/theme1/bg.png",
        "profile_background_image_url_https": "https://abs.twimg.com/images/themes/theme1/bg.png",
        "profile_background_tile": false,
        "profile_image_url": "http://pbs.twimg.com/profile_images/750117152410173440/EZ8CdDa1_normal.jpg",
        "profile_image_url_https": "https://pbs.twimg.com/profile_images/750117152410173440/EZ8CdDa1_normal.jpg",
        "profile_banner_url": "https://pbs.twimg.com/profile_banners/1109853842/1431125584",
        "profile_link_color": "1DA1F2",
        "profile_sidebar_border_color": "C0DEED",
        "profile_sidebar_fill_color": "DDEEF6",
        "profile_text_color": "333333",
        "profile_use_background_image": true,
        "has_extended_profile": false,
        "default_profile": true,
        "default_profile_image": false,
        "following": null,
        "follow_request_sent": null,
        "notifications": null,
        "translator_type": "none"
    },
    "geo": null,
    "coordinates": null,
    "place": null,
    "contributors": null,
    "retweeted_status": {
        "created_at": "Mon Apr 15 13:11:01 +0000 2019",
        "id": 1117777347061612544,
        "id_str": "1117777347061612544",
        "text": "Uber launches 'Jump' electric bikes and scooters in Paris https://t.co/TISUJbSc7G\n@uber #Paris #France #travel https://t.co/KUPjoq9Mej",
        "truncated": false,
        "entities": {
            "hashtags": [
                {
                    "text": "Paris",
                    "indices": [
                        88,
                        94
                    ]
                },
                {
                    "text": "France",
                    "indices": [
                        95,
                        102
                    ]
                },
                {
                    "text": "travel",
                    "indices": [
                        103,
                        110
                    ]
                }
            ],
            "symbols": [],
            "user_mentions": [
                {
                    "screen_name": "Uber",
                    "name": "Uber",
                    "id": 19103481,
                    "id_str": "19103481",
                    "indices": [
                        82,
                        87
                    ]
                }
            ],
            "urls": [
                {
                    "url": "https://t.co/TISUJbSc7G",
                    "expanded_url": "https://buff.ly/2VLo8bp",
                    "display_url": "buff.ly/2VLo8bp",
                    "indices": [
                        58,
                        81
                    ]
                }
            ],
            "media": [
                {
                    "id": 1117777345753047040,
                    "id_str": "1117777345753047040",
                    "indices": [
                        111,
                        134
                    ],
                    "media_url": "http://pbs.twimg.com/media/D4Mkkt-W4AAO83B.jpg",
                    "media_url_https": "https://pbs.twimg.com/media/D4Mkkt-W4AAO83B.jpg",
                    "url": "https://t.co/KUPjoq9Mej",
                    "display_url": "pic.twitter.com/KUPjoq9Mej",
                    "expanded_url": "https://twitter.com/FranceToday/status/1117777347061612544/photo/1",
                    "type": "photo",
                    "sizes": {
                        "thumb": {
                            "w": 150,
                            "h": 150,
                            "resize": "crop"
                        },
                        "medium": {
                            "w": 640,
                            "h": 417,
                            "resize": "fit"
                        },
                        "large": {
                            "w": 640,
                            "h": 417,
                            "resize": "fit"
                        },
                        "small": {
                            "w": 640,
                            "h": 417,
                            "resize": "fit"
                        }
                    }
                }
            ]
        },
        "extended_entities": {
            "media": [
                {
                    "id": 1117777345753047040,
                    "id_str": "1117777345753047040",
                    "indices": [
                        111,
                        134
                    ],
                    "media_url": "http://pbs.twimg.com/media/D4Mkkt-W4AAO83B.jpg",
                    "media_url_https": "https://pbs.twimg.com/media/D4Mkkt-W4AAO83B.jpg",
                    "url": "https://t.co/KUPjoq9Mej",
                    "display_url": "pic.twitter.com/KUPjoq9Mej",
                    "expanded_url": "https://twitter.com/FranceToday/status/1117777347061612544/photo/1",
                    "type": "photo",
                    "sizes": {
                        "thumb": {
                            "w": 150,
                            "h": 150,
                            "resize": "crop"
                        },
                        "medium": {
                            "w": 640,
                            "h": 417,
                            "resize": "fit"
                        },
                        "large": {
                            "w": 640,
                            "h": 417,
                            "resize": "fit"
                        },
                        "small": {
                            "w": 640,
                            "h": 417,
                            "resize": "fit"
                        }
                    }
                }
            ]
        },
        "metadata": {
            "iso_language_code": "en",
            "result_type": "recent"
        },
        "source": "<a href=\"https://buffer.com\" rel=\"nofollow\">Buffer</a>",
        "in_reply_to_status_id": null,
        "in_reply_to_status_id_str": null,
        "in_reply_to_user_id": null,
        "in_reply_to_user_id_str": null,
        "in_reply_to_screen_name": null,
        "user": {
            "id": 17392489,
            "id_str": "17392489",
            "name": "France Today",
            "screen_name": "FranceToday",
            "location": "France",
            "description": "France Today is the leading international journal of French travel & culture.",
            "url": "http://t.co/KyYAZfh2k1",
            "entities": {
                "url": {
                    "urls": [
                        {
                            "url": "http://t.co/KyYAZfh2k1",
                            "expanded_url": "http://www.francetoday.com",
                            "display_url": "francetoday.com",
                            "indices": [
                                0,
                                22
                            ]
                        }
                    ]
                },
                "description": {
                    "urls": []
                }
            },
            "protected": false,
            "followers_count": 15981,
            "friends_count": 393,
            "listed_count": 589,
            "created_at": "Fri Nov 14 18:22:46 +0000 2008",
            "favourites_count": 2762,
            "utc_offset": null,
            "time_zone": null,
            "geo_enabled": false,
            "verified": false,
            "statuses_count": 13217,
            "lang": "en",
            "contributors_enabled": false,
            "is_translator": false,
            "is_translation_enabled": false,
            "profile_background_color": "352726",
            "profile_background_image_url": "http://abs.twimg.com/images/themes/theme5/bg.gif",
            "profile_background_image_url_https": "https://abs.twimg.com/images/themes/theme5/bg.gif",
            "profile_background_tile": true,
            "profile_image_url": "http://pbs.twimg.com/profile_images/1085501038235451397/4pR3l8Dr_normal.jpg",
            "profile_image_url_https": "https://pbs.twimg.com/profile_images/1085501038235451397/4pR3l8Dr_normal.jpg",
            "profile_banner_url": "https://pbs.twimg.com/profile_banners/17392489/1464018707",
            "profile_link_color": "FFA333",
            "profile_sidebar_border_color": "000000",
            "profile_sidebar_fill_color": "4573B3",
            "profile_text_color": "000000",
            "profile_use_background_image": true,
            "has_extended_profile": false,
            "default_profile": false,
            "default_profile_image": false,
            "following": null,
            "follow_request_sent": null,
            "notifications": null,
            "translator_type": "none"
        },
        "geo": null,
        "coordinates": null,
        "place": null,
        "contributors": null,
        "is_quote_status": false,
        "retweet_count": 2,
        "favorite_count": 4,
        "favorited": false,
        "retweeted": false,
        "possibly_sensitive": false,
        "lang": "en"
    },
    "is_quote_status": false,
    "retweet_count": 2,
    "favorite_count": 0,
    "favorited": false,
    "retweeted": false,
    "possibly_sensitive": false,
    "lang": "en"
}