{
    "created_at": "Wed Apr 17 21:44:48 +0000 2019",
    "id": 1118631421055250432,
    "id_str": "1118631421055250432",
    "text": "@JustinBrannan JUMP's ebikes had the same issue\nhttps://t.co/PVF2fTHE9V",
    "truncated": false,
    "entities": {
        "hashtags": [],
        "symbols": [],
        "user_mentions": [
            {
                "screen_name": "JustinBrannan",
                "name": "Justin Brannan",
                "id": 62637176,
                "id_str": "62637176",
                "indices": [
                    0,
                    14
                ]
            }
        ],
        "urls": [
            {
                "url": "https://t.co/PVF2fTHE9V",
                "expanded_url": "https://www.theverge.com/2019/4/16/18410812/uber-jump-ebike-braking-malfunction-injuries",
                "display_url": "theverge.com/2019/4/16/1841\u2026",
                "indices": [
                    48,
                    71
                ]
            }
        ]
    },
    "metadata": {
        "iso_language_code": "en",
        "result_type": "recent"
    },
    "source": "<a href=\"http://twitter.com/download/android\" rel=\"nofollow\">Twitter for Android</a>",
    "in_reply_to_status_id": 1118626744800612354,
    "in_reply_to_status_id_str": "1118626744800612354",
    "in_reply_to_user_id": 62637176,
    "in_reply_to_user_id_str": "62637176",
    "in_reply_to_screen_name": "JustinBrannan",
    "user": {
        "id": 273218545,
        "id_str": "273218545",
        "name": "Chris Goldin",
        "screen_name": "thechrisgold",
        "location": "Brooklyn , NY",
        "description": "Every Free Parking Spot Is a Policy Failure | Bikes | Transit | Urbanism | Anti-Finance | Progressive Hayekian",
        "url": null,
        "entities": {
            "description": {
                "urls": []
            }
        },
        "protected": false,
        "followers_count": 50,
        "friends_count": 116,
        "listed_count": 2,
        "created_at": "Mon Mar 28 02:12:57 +0000 2011",
        "favourites_count": 180,
        "utc_offset": null,
        "time_zone": null,
        "geo_enabled": true,
        "verified": false,
        "statuses_count": 237,
        "lang": "en",
        "contributors_enabled": false,
        "is_translator": false,
        "is_translation_enabled": false,
        "profile_background_color": "C0DEED",
        "profile_background_image_url": "http://abs.twimg.com/images/themes/theme1/bg.png",
        "profile_background_image_url_https": "https://abs.twimg.com/images/themes/theme1/bg.png",
        "profile_background_tile": false,
        "profile_image_url": "http://pbs.twimg.com/profile_images/1011294441217449984/fhuzzdSH_normal.jpg",
        "profile_image_url_https": "https://pbs.twimg.com/profile_images/1011294441217449984/fhuzzdSH_normal.jpg",
        "profile_banner_url": "https://pbs.twimg.com/profile_banners/273218545/1499742130",
        "profile_link_color": "1DA1F2",
        "profile_sidebar_border_color": "C0DEED",
        "profile_sidebar_fill_color": "DDEEF6",
        "profile_text_color": "333333",
        "profile_use_background_image": true,
        "has_extended_profile": false,
        "default_profile": true,
        "default_profile_image": false,
        "following": null,
        "follow_request_sent": null,
        "notifications": null,
        "translator_type": "none"
    },
    "geo": null,
    "coordinates": null,
    "place": null,
    "contributors": null,
    "is_quote_status": false,
    "retweet_count": 0,
    "favorite_count": 1,
    "favorited": false,
    "retweeted": false,
    "possibly_sensitive": false,
    "lang": "en"
}