{
    "created_at": "Tue Apr 16 13:48:49 +0000 2019",
    "id": 1118149249391263748,
    "id_str": "1118149249391263748",
    "text": "RT @RobertJ_Martin: 1. Why do so many hold Copenhagen up as an example of sustainable urban mobility, yet criticize micro-mobility companie\u2026",
    "truncated": false,
    "entities": {
        "hashtags": [],
        "symbols": [],
        "user_mentions": [
            {
                "screen_name": "RobertJ_Martin",
                "name": "Robert Martin",
                "id": 40645243,
                "id_str": "40645243",
                "indices": [
                    3,
                    18
                ]
            }
        ],
        "urls": []
    },
    "metadata": {
        "iso_language_code": "en",
        "result_type": "recent"
    },
    "source": "<a href=\"http://twitter.com\" rel=\"nofollow\">Twitter Web Client</a>",
    "in_reply_to_status_id": null,
    "in_reply_to_status_id_str": null,
    "in_reply_to_user_id": null,
    "in_reply_to_user_id_str": null,
    "in_reply_to_screen_name": null,
    "user": {
        "id": 1118119040495628288,
        "id_str": "1118119040495628288",
        "name": "TaaS",
        "screen_name": "tranportforum",
        "location": "Coventry, England",
        "description": "TRANPORT: Taking Rational Autonomous Needs Past Ordinary Road Transportation #maas #taas #autonomousvehicles #future #electricvehicles #mobility #smartcities",
        "url": "https://t.co/Uz9WOyAx3u",
        "entities": {
            "url": {
                "urls": [
                    {
                        "url": "https://t.co/Uz9WOyAx3u",
                        "expanded_url": "https://taas.technology",
                        "display_url": "taas.technology",
                        "indices": [
                            0,
                            23
                        ]
                    }
                ]
            },
            "description": {
                "urls": []
            }
        },
        "protected": false,
        "followers_count": 27,
        "friends_count": 131,
        "listed_count": 1,
        "created_at": "Tue Apr 16 11:48:47 +0000 2019",
        "favourites_count": 25,
        "utc_offset": null,
        "time_zone": null,
        "geo_enabled": false,
        "verified": false,
        "statuses_count": 55,
        "lang": "en",
        "contributors_enabled": false,
        "is_translator": false,
        "is_translation_enabled": false,
        "profile_background_color": "000000",
        "profile_background_image_url": "http://abs.twimg.com/images/themes/theme1/bg.png",
        "profile_background_image_url_https": "https://abs.twimg.com/images/themes/theme1/bg.png",
        "profile_background_tile": false,
        "profile_image_url": "http://pbs.twimg.com/profile_images/1118435910343958528/JJ952yC3_normal.png",
        "profile_image_url_https": "https://pbs.twimg.com/profile_images/1118435910343958528/JJ952yC3_normal.png",
        "profile_banner_url": "https://pbs.twimg.com/profile_banners/1118119040495628288/1555490664",
        "profile_link_color": "1B95E0",
        "profile_sidebar_border_color": "000000",
        "profile_sidebar_fill_color": "000000",
        "profile_text_color": "000000",
        "profile_use_background_image": false,
        "has_extended_profile": false,
        "default_profile": false,
        "default_profile_image": false,
        "following": null,
        "follow_request_sent": null,
        "notifications": null,
        "translator_type": "none"
    },
    "geo": null,
    "coordinates": null,
    "place": null,
    "contributors": null,
    "retweeted_status": {
        "created_at": "Tue Mar 19 14:59:26 +0000 2019",
        "id": 1108020158096949248,
        "id_str": "1108020158096949248",
        "text": "1. Why do so many hold Copenhagen up as an example of sustainable urban mobility, yet criticize micro-mobility comp\u2026 https://t.co/UIWNGFAOb0",
        "truncated": true,
        "entities": {
            "hashtags": [],
            "symbols": [],
            "user_mentions": [],
            "urls": [
                {
                    "url": "https://t.co/UIWNGFAOb0",
                    "expanded_url": "https://twitter.com/i/web/status/1108020158096949248",
                    "display_url": "twitter.com/i/web/status/1\u2026",
                    "indices": [
                        117,
                        140
                    ]
                }
            ]
        },
        "metadata": {
            "iso_language_code": "en",
            "result_type": "recent"
        },
        "source": "<a href=\"http://twitter.com\" rel=\"nofollow\">Twitter Web Client</a>",
        "in_reply_to_status_id": null,
        "in_reply_to_status_id_str": null,
        "in_reply_to_user_id": null,
        "in_reply_to_user_id_str": null,
        "in_reply_to_screen_name": null,
        "user": {
            "id": 40645243,
            "id_str": "40645243",
            "name": "Robert Martin",
            "screen_name": "RobertJ_Martin",
            "location": "Sydney / Copenhagen",
            "description": "~~~~Head of Mobility https://t.co/fFHRM1plLm ~~~~Editor-in-chief https://t.co/VUkDHnSTWV",
            "url": "https://t.co/zO5m8rUqsB",
            "entities": {
                "url": {
                    "urls": [
                        {
                            "url": "https://t.co/zO5m8rUqsB",
                            "expanded_url": "https://instagram.com/robertmartin/",
                            "display_url": "instagram.com/robertmartin/",
                            "indices": [
                                0,
                                23
                            ]
                        }
                    ]
                },
                "description": {
                    "urls": [
                        {
                            "url": "https://t.co/fFHRM1plLm",
                            "expanded_url": "https://www.ja-ja.dk/",
                            "display_url": "ja-ja.dk",
                            "indices": [
                                21,
                                44
                            ]
                        },
                        {
                            "url": "https://t.co/VUkDHnSTWV",
                            "expanded_url": "http://arcspace.com",
                            "display_url": "arcspace.com",
                            "indices": [
                                65,
                                88
                            ]
                        }
                    ]
                }
            },
            "protected": false,
            "followers_count": 137,
            "friends_count": 682,
            "listed_count": 6,
            "created_at": "Sun May 17 11:27:58 +0000 2009",
            "favourites_count": 239,
            "utc_offset": null,
            "time_zone": null,
            "geo_enabled": true,
            "verified": false,
            "statuses_count": 26,
            "lang": "en",
            "contributors_enabled": false,
            "is_translator": false,
            "is_translation_enabled": false,
            "profile_background_color": "000000",
            "profile_background_image_url": "http://abs.twimg.com/images/themes/theme1/bg.png",
            "profile_background_image_url_https": "https://abs.twimg.com/images/themes/theme1/bg.png",
            "profile_background_tile": false,
            "profile_image_url": "http://pbs.twimg.com/profile_images/1075323725896212480/dcV205-9_normal.jpg",
            "profile_image_url_https": "https://pbs.twimg.com/profile_images/1075323725896212480/dcV205-9_normal.jpg",
            "profile_link_color": "3B94D9",
            "profile_sidebar_border_color": "000000",
            "profile_sidebar_fill_color": "000000",
            "profile_text_color": "000000",
            "profile_use_background_image": false,
            "has_extended_profile": false,
            "default_profile": false,
            "default_profile_image": false,
            "following": null,
            "follow_request_sent": null,
            "notifications": null,
            "translator_type": "none"
        },
        "geo": null,
        "coordinates": null,
        "place": null,
        "contributors": null,
        "is_quote_status": false,
        "retweet_count": 1,
        "favorite_count": 1,
        "favorited": false,
        "retweeted": false,
        "possibly_sensitive": false,
        "lang": "en"
    },
    "is_quote_status": false,
    "retweet_count": 1,
    "favorite_count": 0,
    "favorited": false,
    "retweeted": false,
    "lang": "en"
}