{
    "created_at": "Wed Apr 17 22:46:05 +0000 2019",
    "id": 1118646844182159361,
    "id_str": "1118646844182159361",
    "text": "@KGxJester Diablo 3. It's my go to chill game, I'll jump on an uber powerful toon and just roll through mobs",
    "truncated": false,
    "entities": {
        "hashtags": [],
        "symbols": [],
        "user_mentions": [
            {
                "screen_name": "KGxJester",
                "name": "KGxJester",
                "id": 3013260499,
                "id_str": "3013260499",
                "indices": [
                    0,
                    10
                ]
            }
        ],
        "urls": []
    },
    "metadata": {
        "iso_language_code": "en",
        "result_type": "recent"
    },
    "source": "<a href=\"http://twitter.com/download/android\" rel=\"nofollow\">Twitter for Android</a>",
    "in_reply_to_status_id": 1118124793889476608,
    "in_reply_to_status_id_str": "1118124793889476608",
    "in_reply_to_user_id": 3013260499,
    "in_reply_to_user_id_str": "3013260499",
    "in_reply_to_screen_name": "KGxJester",
    "user": {
        "id": 1002524576591613952,
        "id_str": "1002524576591613952",
        "name": "Patrick",
        "screen_name": "Patrick44468922",
        "location": "Missouri, USA",
        "description": "38 year old prior military.",
        "url": null,
        "entities": {
            "description": {
                "urls": []
            }
        },
        "protected": false,
        "followers_count": 20,
        "friends_count": 59,
        "listed_count": 0,
        "created_at": "Fri Jun 01 12:17:39 +0000 2018",
        "favourites_count": 257,
        "utc_offset": null,
        "time_zone": null,
        "geo_enabled": false,
        "verified": false,
        "statuses_count": 97,
        "lang": "en",
        "contributors_enabled": false,
        "is_translator": false,
        "is_translation_enabled": false,
        "profile_background_color": "F5F8FA",
        "profile_background_image_url": null,
        "profile_background_image_url_https": null,
        "profile_background_tile": false,
        "profile_image_url": "http://pbs.twimg.com/profile_images/1095421371335745541/NJ12sgQX_normal.jpg",
        "profile_image_url_https": "https://pbs.twimg.com/profile_images/1095421371335745541/NJ12sgQX_normal.jpg",
        "profile_banner_url": "https://pbs.twimg.com/profile_banners/1002524576591613952/1555081583",
        "profile_link_color": "1DA1F2",
        "profile_sidebar_border_color": "C0DEED",
        "profile_sidebar_fill_color": "DDEEF6",
        "profile_text_color": "333333",
        "profile_use_background_image": true,
        "has_extended_profile": true,
        "default_profile": true,
        "default_profile_image": false,
        "following": null,
        "follow_request_sent": null,
        "notifications": null,
        "translator_type": "none"
    },
    "geo": null,
    "coordinates": null,
    "place": null,
    "contributors": null,
    "is_quote_status": false,
    "retweet_count": 0,
    "favorite_count": 1,
    "favorited": false,
    "retweeted": false,
    "lang": "en"
}