{
    "created_at": "Thu Apr 18 09:17:06 +0000 2019",
    "id": 1118805645229219840,
    "id_str": "1118805645229219840",
    "text": "RT @bytebot: A lot has been said about the Uber IPO prospectus but maybe none as cogent as this FT comment. https://t.co/sa3ACm0zTA",
    "truncated": false,
    "entities": {
        "hashtags": [],
        "symbols": [],
        "user_mentions": [
            {
                "screen_name": "bytebot",
                "name": "Colin Charles",
                "id": 1413771,
                "id_str": "1413771",
                "indices": [
                    3,
                    11
                ]
            }
        ],
        "urls": [],
        "media": [
            {
                "id": 1117323640947654659,
                "id_str": "1117323640947654659",
                "indices": [
                    108,
                    131
                ],
                "media_url": "http://pbs.twimg.com/media/D4GH7n3UwAMRbyv.jpg",
                "media_url_https": "https://pbs.twimg.com/media/D4GH7n3UwAMRbyv.jpg",
                "url": "https://t.co/sa3ACm0zTA",
                "display_url": "pic.twitter.com/sa3ACm0zTA",
                "expanded_url": "https://twitter.com/bytebot/status/1117323665865969664/photo/1",
                "type": "photo",
                "sizes": {
                    "thumb": {
                        "w": 150,
                        "h": 150,
                        "resize": "crop"
                    },
                    "large": {
                        "w": 1668,
                        "h": 1642,
                        "resize": "fit"
                    },
                    "medium": {
                        "w": 1200,
                        "h": 1181,
                        "resize": "fit"
                    },
                    "small": {
                        "w": 680,
                        "h": 669,
                        "resize": "fit"
                    }
                },
                "source_status_id": 1117323665865969664,
                "source_status_id_str": "1117323665865969664",
                "source_user_id": 1413771,
                "source_user_id_str": "1413771"
            }
        ]
    },
    "extended_entities": {
        "media": [
            {
                "id": 1117323640947654659,
                "id_str": "1117323640947654659",
                "indices": [
                    108,
                    131
                ],
                "media_url": "http://pbs.twimg.com/media/D4GH7n3UwAMRbyv.jpg",
                "media_url_https": "https://pbs.twimg.com/media/D4GH7n3UwAMRbyv.jpg",
                "url": "https://t.co/sa3ACm0zTA",
                "display_url": "pic.twitter.com/sa3ACm0zTA",
                "expanded_url": "https://twitter.com/bytebot/status/1117323665865969664/photo/1",
                "type": "photo",
                "sizes": {
                    "thumb": {
                        "w": 150,
                        "h": 150,
                        "resize": "crop"
                    },
                    "large": {
                        "w": 1668,
                        "h": 1642,
                        "resize": "fit"
                    },
                    "medium": {
                        "w": 1200,
                        "h": 1181,
                        "resize": "fit"
                    },
                    "small": {
                        "w": 680,
                        "h": 669,
                        "resize": "fit"
                    }
                },
                "source_status_id": 1117323665865969664,
                "source_status_id_str": "1117323665865969664",
                "source_user_id": 1413771,
                "source_user_id_str": "1413771"
            }
        ]
    },
    "metadata": {
        "iso_language_code": "en",
        "result_type": "recent"
    },
    "source": "<a href=\"http://twitter.com/download/android\" rel=\"nofollow\">Twitter for Android</a>",
    "in_reply_to_status_id": null,
    "in_reply_to_status_id_str": null,
    "in_reply_to_user_id": null,
    "in_reply_to_user_id_str": null,
    "in_reply_to_screen_name": null,
    "user": {
        "id": 1376934217,
        "id_str": "1376934217",
        "name": "Alena Ivanova",
        "screen_name": "bungeeless_jump",
        "location": "London, England",
        "description": "Labour, Momentum, Another Europe is Possible, Unite, permanently moaning about a slipped disc \n\n#StopToryBrexit\nSign the petition here: https://t.co/JwGupZs5eB",
        "url": "https://t.co/1KjWxZqhZ2",
        "entities": {
            "url": {
                "urls": [
                    {
                        "url": "https://t.co/1KjWxZqhZ2",
                        "expanded_url": "https://bit.ly/2yi6d4J",
                        "display_url": "bit.ly/2yi6d4J",
                        "indices": [
                            0,
                            23
                        ]
                    }
                ]
            },
            "description": {
                "urls": [
                    {
                        "url": "https://t.co/JwGupZs5eB",
                        "expanded_url": "http://bit.ly/2yi6d4J",
                        "display_url": "bit.ly/2yi6d4J",
                        "indices": [
                            136,
                            159
                        ]
                    }
                ]
            }
        },
        "protected": false,
        "followers_count": 578,
        "friends_count": 796,
        "listed_count": 4,
        "created_at": "Wed Apr 24 12:23:53 +0000 2013",
        "favourites_count": 4669,
        "utc_offset": null,
        "time_zone": null,
        "geo_enabled": false,
        "verified": false,
        "statuses_count": 3337,
        "lang": "en",
        "contributors_enabled": false,
        "is_translator": false,
        "is_translation_enabled": false,
        "profile_background_color": "C0DEED",
        "profile_background_image_url": "http://abs.twimg.com/images/themes/theme1/bg.png",
        "profile_background_image_url_https": "https://abs.twimg.com/images/themes/theme1/bg.png",
        "profile_background_tile": false,
        "profile_image_url": "http://pbs.twimg.com/profile_images/3568898579/a448a8acb3c24d3265fb2dd6d31e318c_normal.png",
        "profile_image_url_https": "https://pbs.twimg.com/profile_images/3568898579/a448a8acb3c24d3265fb2dd6d31e318c_normal.png",
        "profile_banner_url": "https://pbs.twimg.com/profile_banners/1376934217/1535886740",
        "profile_link_color": "1DA1F2",
        "profile_sidebar_border_color": "C0DEED",
        "profile_sidebar_fill_color": "DDEEF6",
        "profile_text_color": "333333",
        "profile_use_background_image": true,
        "has_extended_profile": false,
        "default_profile": true,
        "default_profile_image": false,
        "following": null,
        "follow_request_sent": null,
        "notifications": null,
        "translator_type": "none"
    },
    "geo": null,
    "coordinates": null,
    "place": null,
    "contributors": null,
    "retweeted_status": {
        "created_at": "Sun Apr 14 07:08:15 +0000 2019",
        "id": 1117323665865969664,
        "id_str": "1117323665865969664",
        "text": "A lot has been said about the Uber IPO prospectus but maybe none as cogent as this FT comment. https://t.co/sa3ACm0zTA",
        "truncated": false,
        "entities": {
            "hashtags": [],
            "symbols": [],
            "user_mentions": [],
            "urls": [],
            "media": [
                {
                    "id": 1117323640947654659,
                    "id_str": "1117323640947654659",
                    "indices": [
                        95,
                        118
                    ],
                    "media_url": "http://pbs.twimg.com/media/D4GH7n3UwAMRbyv.jpg",
                    "media_url_https": "https://pbs.twimg.com/media/D4GH7n3UwAMRbyv.jpg",
                    "url": "https://t.co/sa3ACm0zTA",
                    "display_url": "pic.twitter.com/sa3ACm0zTA",
                    "expanded_url": "https://twitter.com/bytebot/status/1117323665865969664/photo/1",
                    "type": "photo",
                    "sizes": {
                        "thumb": {
                            "w": 150,
                            "h": 150,
                            "resize": "crop"
                        },
                        "large": {
                            "w": 1668,
                            "h": 1642,
                            "resize": "fit"
                        },
                        "medium": {
                            "w": 1200,
                            "h": 1181,
                            "resize": "fit"
                        },
                        "small": {
                            "w": 680,
                            "h": 669,
                            "resize": "fit"
                        }
                    }
                }
            ]
        },
        "extended_entities": {
            "media": [
                {
                    "id": 1117323640947654659,
                    "id_str": "1117323640947654659",
                    "indices": [
                        95,
                        118
                    ],
                    "media_url": "http://pbs.twimg.com/media/D4GH7n3UwAMRbyv.jpg",
                    "media_url_https": "https://pbs.twimg.com/media/D4GH7n3UwAMRbyv.jpg",
                    "url": "https://t.co/sa3ACm0zTA",
                    "display_url": "pic.twitter.com/sa3ACm0zTA",
                    "expanded_url": "https://twitter.com/bytebot/status/1117323665865969664/photo/1",
                    "type": "photo",
                    "sizes": {
                        "thumb": {
                            "w": 150,
                            "h": 150,
                            "resize": "crop"
                        },
                        "large": {
                            "w": 1668,
                            "h": 1642,
                            "resize": "fit"
                        },
                        "medium": {
                            "w": 1200,
                            "h": 1181,
                            "resize": "fit"
                        },
                        "small": {
                            "w": 680,
                            "h": 669,
                            "resize": "fit"
                        }
                    }
                }
            ]
        },
        "metadata": {
            "iso_language_code": "en",
            "result_type": "recent"
        },
        "source": "<a href=\"http://twitter.com/#!/download/ipad\" rel=\"nofollow\">Twitter for iPad</a>",
        "in_reply_to_status_id": null,
        "in_reply_to_status_id_str": null,
        "in_reply_to_user_id": null,
        "in_reply_to_user_id_str": null,
        "in_reply_to_screen_name": null,
        "user": {
            "id": 1413771,
            "id_str": "1413771",
            "name": "Colin Charles",
            "screen_name": "bytebot",
            "location": "Up In The Air",
            "description": "itinerant businessperson",
            "url": "https://t.co/Nf0C4PPuRF",
            "entities": {
                "url": {
                    "urls": [
                        {
                            "url": "https://t.co/Nf0C4PPuRF",
                            "expanded_url": "http://www.bytebot.net/blog/",
                            "display_url": "bytebot.net/blog/",
                            "indices": [
                                0,
                                23
                            ]
                        }
                    ]
                },
                "description": {
                    "urls": []
                }
            },
            "protected": false,
            "followers_count": 4921,
            "friends_count": 1244,
            "listed_count": 340,
            "created_at": "Sun Mar 18 12:46:14 +0000 2007",
            "favourites_count": 8716,
            "utc_offset": null,
            "time_zone": null,
            "geo_enabled": true,
            "verified": false,
            "statuses_count": 48306,
            "lang": "en",
            "contributors_enabled": false,
            "is_translator": false,
            "is_translation_enabled": false,
            "profile_background_color": "9AE4E8",
            "profile_background_image_url": "http://abs.twimg.com/images/themes/theme16/bg.gif",
            "profile_background_image_url_https": "https://abs.twimg.com/images/themes/theme16/bg.gif",
            "profile_background_tile": false,
            "profile_image_url": "http://pbs.twimg.com/profile_images/490878058648178688/TtpjnwOx_normal.jpeg",
            "profile_image_url_https": "https://pbs.twimg.com/profile_images/490878058648178688/TtpjnwOx_normal.jpeg",
            "profile_banner_url": "https://pbs.twimg.com/profile_banners/1413771/1405869609",
            "profile_link_color": "0084B4",
            "profile_sidebar_border_color": "BDDCAD",
            "profile_sidebar_fill_color": "DDFFCC",
            "profile_text_color": "333333",
            "profile_use_background_image": true,
            "has_extended_profile": true,
            "default_profile": false,
            "default_profile_image": false,
            "following": null,
            "follow_request_sent": null,
            "notifications": null,
            "translator_type": "none"
        },
        "geo": null,
        "coordinates": null,
        "place": null,
        "contributors": null,
        "is_quote_status": false,
        "retweet_count": 4581,
        "favorite_count": 8158,
        "favorited": false,
        "retweeted": false,
        "possibly_sensitive": false,
        "lang": "en"
    },
    "is_quote_status": false,
    "retweet_count": 4581,
    "favorite_count": 0,
    "favorited": false,
    "retweeted": false,
    "possibly_sensitive": false,
    "lang": "en"
}