{
    "created_at": "Tue Apr 16 15:59:01 +0000 2019",
    "id": 1118182014060908546,
    "id_str": "1118182014060908546",
    "text": "Here's why it's not the best for the Twittr IPO millionaire one-percenter-type(s) behind OurBikes to exhort (how sh\u2026 https://t.co/oBhcsUT3Bh",
    "truncated": true,
    "entities": {
        "hashtags": [],
        "symbols": [],
        "user_mentions": [],
        "urls": [
            {
                "url": "https://t.co/oBhcsUT3Bh",
                "expanded_url": "https://twitter.com/i/web/status/1118182014060908546",
                "display_url": "twitter.com/i/web/status/1\u2026",
                "indices": [
                    117,
                    140
                ]
            }
        ]
    },
    "metadata": {
        "iso_language_code": "en",
        "result_type": "recent"
    },
    "source": "<a href=\"http://twitter.com\" rel=\"nofollow\">Twitter Web Client</a>",
    "in_reply_to_status_id": null,
    "in_reply_to_status_id_str": null,
    "in_reply_to_user_id": null,
    "in_reply_to_user_id_str": null,
    "in_reply_to_screen_name": null,
    "user": {
        "id": 14474538,
        "id_str": "14474538",
        "name": "SFCitizen",
        "screen_name": "SFCitizen",
        "location": "San Francisco",
        "description": "Thought Leader Trainee at Whitman, Price & Haddad.",
        "url": "http://t.co/WOlGjtICQu",
        "entities": {
            "url": {
                "urls": [
                    {
                        "url": "http://t.co/WOlGjtICQu",
                        "expanded_url": "http://sfcitizen.com/blog/",
                        "display_url": "sfcitizen.com/blog/",
                        "indices": [
                            0,
                            22
                        ]
                    }
                ]
            },
            "description": {
                "urls": []
            }
        },
        "protected": false,
        "followers_count": 12790,
        "friends_count": 619,
        "listed_count": 233,
        "created_at": "Tue Apr 22 13:38:06 +0000 2008",
        "favourites_count": 1141,
        "utc_offset": null,
        "time_zone": null,
        "geo_enabled": false,
        "verified": false,
        "statuses_count": 72191,
        "lang": "en",
        "contributors_enabled": false,
        "is_translator": false,
        "is_translation_enabled": false,
        "profile_background_color": "C0DEED",
        "profile_background_image_url": "http://abs.twimg.com/images/themes/theme1/bg.png",
        "profile_background_image_url_https": "https://abs.twimg.com/images/themes/theme1/bg.png",
        "profile_background_tile": false,
        "profile_image_url": "http://pbs.twimg.com/profile_images/1126684272/rp_normal.jpg",
        "profile_image_url_https": "https://pbs.twimg.com/profile_images/1126684272/rp_normal.jpg",
        "profile_link_color": "1DA1F2",
        "profile_sidebar_border_color": "C0DEED",
        "profile_sidebar_fill_color": "DDEEF6",
        "profile_text_color": "333333",
        "profile_use_background_image": true,
        "has_extended_profile": false,
        "default_profile": true,
        "default_profile_image": false,
        "following": null,
        "follow_request_sent": null,
        "notifications": null,
        "translator_type": "none"
    },
    "geo": null,
    "coordinates": null,
    "place": null,
    "contributors": null,
    "is_quote_status": false,
    "retweet_count": 0,
    "favorite_count": 0,
    "favorited": false,
    "retweeted": false,
    "possibly_sensitive": false,
    "lang": "en"
}