{
    "created_at": "Thu Apr 18 11:15:00 +0000 2019",
    "id": 1118835314628419584,
    "id_str": "1118835314628419584",
    "text": "Paris: Uber lance ses v\u00e9los et trottinettes \u00e9lectriques en libre-service sous la marque \u00abJump\u00bb",
    "truncated": false,
    "entities": {
        "hashtags": [],
        "symbols": [],
        "user_mentions": [],
        "urls": []
    },
    "metadata": {
        "iso_language_code": "fr",
        "result_type": "recent"
    },
    "source": "<a href=\"https://davidtabet.immo\" rel=\"nofollow\">twitter-app-davidtabet</a>",
    "in_reply_to_status_id": null,
    "in_reply_to_status_id_str": null,
    "in_reply_to_user_id": null,
    "in_reply_to_user_id_str": null,
    "in_reply_to_screen_name": null,
    "user": {
        "id": 1014837264755707904,
        "id_str": "1014837264755707904",
        "name": "davidtabet-ait",
        "screen_name": "AitDavidtabet",
        "location": "Paris, France",
        "description": "Pr\u00e9sident chez AIT Immobilier",
        "url": null,
        "entities": {
            "description": {
                "urls": []
            }
        },
        "protected": false,
        "followers_count": 20,
        "friends_count": 28,
        "listed_count": 1,
        "created_at": "Thu Jul 05 11:43:53 +0000 2018",
        "favourites_count": 0,
        "utc_offset": null,
        "time_zone": null,
        "geo_enabled": false,
        "verified": false,
        "statuses_count": 22454,
        "lang": "fr",
        "contributors_enabled": false,
        "is_translator": false,
        "is_translation_enabled": false,
        "profile_background_color": "F5F8FA",
        "profile_background_image_url": null,
        "profile_background_image_url_https": null,
        "profile_background_tile": false,
        "profile_image_url": "http://pbs.twimg.com/profile_images/1014840432340160513/C-umvhkg_normal.jpg",
        "profile_image_url_https": "https://pbs.twimg.com/profile_images/1014840432340160513/C-umvhkg_normal.jpg",
        "profile_link_color": "1DA1F2",
        "profile_sidebar_border_color": "C0DEED",
        "profile_sidebar_fill_color": "DDEEF6",
        "profile_text_color": "333333",
        "profile_use_background_image": true,
        "has_extended_profile": true,
        "default_profile": true,
        "default_profile_image": false,
        "following": null,
        "follow_request_sent": null,
        "notifications": null,
        "translator_type": "none"
    },
    "geo": null,
    "coordinates": null,
    "place": null,
    "contributors": null,
    "is_quote_status": false,
    "retweet_count": 0,
    "favorite_count": 0,
    "favorited": false,
    "retweeted": false,
    "lang": "fr"
}