{
    "created_at": "Tue Apr 16 18:48:54 +0000 2019",
    "id": 1118224767524458496,
    "id_str": "1118224767524458496",
    "text": "RT @MinetaTrans: Surge pricing for #ebikes and #escooters? Well I can't say I'm surprised. https://t.co/7DmkF2Kvbc",
    "truncated": false,
    "entities": {
        "hashtags": [
            {
                "text": "ebikes",
                "indices": [
                    35,
                    42
                ]
            },
            {
                "text": "escooters",
                "indices": [
                    47,
                    57
                ]
            }
        ],
        "symbols": [],
        "user_mentions": [
            {
                "screen_name": "MinetaTrans",
                "name": "MinetaTransportation",
                "id": 334116743,
                "id_str": "334116743",
                "indices": [
                    3,
                    15
                ]
            }
        ],
        "urls": [
            {
                "url": "https://t.co/7DmkF2Kvbc",
                "expanded_url": "https://www.washingtonpost.com/transportation/2019/04/16/uber-introduces-jump-scooters-dc-changes-its-price-structure-its-popular-e-bikes/?noredirect=on&utm_term=.ce5e46456dc3",
                "display_url": "washingtonpost.com/transportation\u2026",
                "indices": [
                    91,
                    114
                ]
            }
        ]
    },
    "metadata": {
        "iso_language_code": "en",
        "result_type": "recent"
    },
    "source": "<a href=\"http://twitter.com/#!/download/ipad\" rel=\"nofollow\">Twitter for iPad</a>",
    "in_reply_to_status_id": null,
    "in_reply_to_status_id_str": null,
    "in_reply_to_user_id": null,
    "in_reply_to_user_id_str": null,
    "in_reply_to_screen_name": null,
    "user": {
        "id": 301439659,
        "id_str": "301439659",
        "name": "Marcus Enoch",
        "screen_name": "MarcusEnoch",
        "location": "UK",
        "description": "I am a professor of transport strategy at Loughborough University in the UK with a research interest in the future of transport systems.",
        "url": "https://t.co/4SmIeakjsW",
        "entities": {
            "url": {
                "urls": [
                    {
                        "url": "https://t.co/4SmIeakjsW",
                        "expanded_url": "http://www.worldtransportpictures.com",
                        "display_url": "worldtransportpictures.com",
                        "indices": [
                            0,
                            23
                        ]
                    }
                ]
            },
            "description": {
                "urls": []
            }
        },
        "protected": false,
        "followers_count": 706,
        "friends_count": 578,
        "listed_count": 26,
        "created_at": "Thu May 19 13:37:26 +0000 2011",
        "favourites_count": 68,
        "utc_offset": null,
        "time_zone": null,
        "geo_enabled": false,
        "verified": false,
        "statuses_count": 2019,
        "lang": "en",
        "contributors_enabled": false,
        "is_translator": false,
        "is_translation_enabled": false,
        "profile_background_color": "C0DEED",
        "profile_background_image_url": "http://abs.twimg.com/images/themes/theme1/bg.png",
        "profile_background_image_url_https": "https://abs.twimg.com/images/themes/theme1/bg.png",
        "profile_background_tile": false,
        "profile_image_url": "http://pbs.twimg.com/profile_images/1378668852/enoch_marcus_normal.jpg",
        "profile_image_url_https": "https://pbs.twimg.com/profile_images/1378668852/enoch_marcus_normal.jpg",
        "profile_banner_url": "https://pbs.twimg.com/profile_banners/301439659/1493365842",
        "profile_link_color": "1DA1F2",
        "profile_sidebar_border_color": "C0DEED",
        "profile_sidebar_fill_color": "DDEEF6",
        "profile_text_color": "333333",
        "profile_use_background_image": true,
        "has_extended_profile": false,
        "default_profile": true,
        "default_profile_image": false,
        "following": null,
        "follow_request_sent": null,
        "notifications": null,
        "translator_type": "none"
    },
    "geo": null,
    "coordinates": null,
    "place": null,
    "contributors": null,
    "retweeted_status": {
        "created_at": "Tue Apr 16 18:26:33 +0000 2019",
        "id": 1118219139699695619,
        "id_str": "1118219139699695619",
        "text": "Surge pricing for #ebikes and #escooters? Well I can't say I'm surprised. https://t.co/7DmkF2Kvbc",
        "truncated": false,
        "entities": {
            "hashtags": [
                {
                    "text": "ebikes",
                    "indices": [
                        18,
                        25
                    ]
                },
                {
                    "text": "escooters",
                    "indices": [
                        30,
                        40
                    ]
                }
            ],
            "symbols": [],
            "user_mentions": [],
            "urls": [
                {
                    "url": "https://t.co/7DmkF2Kvbc",
                    "expanded_url": "https://www.washingtonpost.com/transportation/2019/04/16/uber-introduces-jump-scooters-dc-changes-its-price-structure-its-popular-e-bikes/?noredirect=on&utm_term=.ce5e46456dc3",
                    "display_url": "washingtonpost.com/transportation\u2026",
                    "indices": [
                        74,
                        97
                    ]
                }
            ]
        },
        "metadata": {
            "iso_language_code": "en",
            "result_type": "recent"
        },
        "source": "<a href=\"https://www.hootsuite.com\" rel=\"nofollow\">Hootsuite Inc.</a>",
        "in_reply_to_status_id": null,
        "in_reply_to_status_id_str": null,
        "in_reply_to_user_id": null,
        "in_reply_to_user_id_str": null,
        "in_reply_to_screen_name": null,
        "user": {
            "id": 334116743,
            "id_str": "334116743",
            "name": "MinetaTransportation",
            "screen_name": "MinetaTrans",
            "location": "San Jose, California",
            "description": "At MTI, our mission is to increase mobility for all by improving the safety, efficiency, accessibility, and convenience of our nation's transportation system.",
            "url": "http://t.co/kxw8R3qyYl",
            "entities": {
                "url": {
                    "urls": [
                        {
                            "url": "http://t.co/kxw8R3qyYl",
                            "expanded_url": "http://transweb.sjsu.edu",
                            "display_url": "transweb.sjsu.edu",
                            "indices": [
                                0,
                                22
                            ]
                        }
                    ]
                },
                "description": {
                    "urls": []
                }
            },
            "protected": false,
            "followers_count": 3455,
            "friends_count": 547,
            "listed_count": 149,
            "created_at": "Tue Jul 12 16:10:54 +0000 2011",
            "favourites_count": 1010,
            "utc_offset": null,
            "time_zone": null,
            "geo_enabled": true,
            "verified": true,
            "statuses_count": 4852,
            "lang": "en",
            "contributors_enabled": false,
            "is_translator": false,
            "is_translation_enabled": false,
            "profile_background_color": "C0DEED",
            "profile_background_image_url": "http://abs.twimg.com/images/themes/theme1/bg.png",
            "profile_background_image_url_https": "https://abs.twimg.com/images/themes/theme1/bg.png",
            "profile_background_tile": false,
            "profile_image_url": "http://pbs.twimg.com/profile_images/822544167461068802/m_4Z7Xqx_normal.jpg",
            "profile_image_url_https": "https://pbs.twimg.com/profile_images/822544167461068802/m_4Z7Xqx_normal.jpg",
            "profile_banner_url": "https://pbs.twimg.com/profile_banners/334116743/1485020416",
            "profile_link_color": "1DA1F2",
            "profile_sidebar_border_color": "C0DEED",
            "profile_sidebar_fill_color": "DDEEF6",
            "profile_text_color": "333333",
            "profile_use_background_image": true,
            "has_extended_profile": false,
            "default_profile": true,
            "default_profile_image": false,
            "following": null,
            "follow_request_sent": null,
            "notifications": null,
            "translator_type": "none"
        },
        "geo": null,
        "coordinates": null,
        "place": null,
        "contributors": null,
        "is_quote_status": false,
        "retweet_count": 2,
        "favorite_count": 0,
        "favorited": false,
        "retweeted": false,
        "possibly_sensitive": false,
        "lang": "en"
    },
    "is_quote_status": false,
    "retweet_count": 2,
    "favorite_count": 0,
    "favorited": false,
    "retweeted": false,
    "possibly_sensitive": false,
    "lang": "en"
}