{
    "created_at": "Tue Apr 16 18:05:39 +0000 2019",
    "id": 1118213881560739840,
    "id_str": "1118213881560739840",
    "text": "Uber introduces Jump scooters to D.C. and changes its price structure for its popular e-bikes https://t.co/BOBQfp2jIz",
    "truncated": false,
    "entities": {
        "hashtags": [],
        "symbols": [],
        "user_mentions": [],
        "urls": [
            {
                "url": "https://t.co/BOBQfp2jIz",
                "expanded_url": "https://wapo.st/2v7vZ7l",
                "display_url": "wapo.st/2v7vZ7l",
                "indices": [
                    94,
                    117
                ]
            }
        ]
    },
    "metadata": {
        "iso_language_code": "en",
        "result_type": "recent"
    },
    "source": "<a href=\"https://ifttt.com\" rel=\"nofollow\">IFTTT</a>",
    "in_reply_to_status_id": null,
    "in_reply_to_status_id_str": null,
    "in_reply_to_user_id": null,
    "in_reply_to_user_id_str": null,
    "in_reply_to_screen_name": null,
    "user": {
        "id": 196690829,
        "id_str": "196690829",
        "name": "Md. Asif Ali",
        "screen_name": "Md_Asif_Ali_",
        "location": "Dhaka, Bangladesh",
        "description": "Im a simple person, love music, movie.......",
        "url": null,
        "entities": {
            "description": {
                "urls": []
            }
        },
        "protected": false,
        "followers_count": 10,
        "friends_count": 42,
        "listed_count": 0,
        "created_at": "Wed Sep 29 17:55:07 +0000 2010",
        "favourites_count": 5,
        "utc_offset": null,
        "time_zone": null,
        "geo_enabled": true,
        "verified": false,
        "statuses_count": 14458,
        "lang": "en",
        "contributors_enabled": false,
        "is_translator": false,
        "is_translation_enabled": false,
        "profile_background_color": "1A1B1F",
        "profile_background_image_url": "http://abs.twimg.com/images/themes/theme1/bg.png",
        "profile_background_image_url_https": "https://abs.twimg.com/images/themes/theme1/bg.png",
        "profile_background_tile": false,
        "profile_image_url": "http://pbs.twimg.com/profile_images/531070190394429441/Y3Jsi7MR_normal.jpeg",
        "profile_image_url_https": "https://pbs.twimg.com/profile_images/531070190394429441/Y3Jsi7MR_normal.jpeg",
        "profile_banner_url": "https://pbs.twimg.com/profile_banners/196690829/1415451937",
        "profile_link_color": "924802",
        "profile_sidebar_border_color": "000000",
        "profile_sidebar_fill_color": "252429",
        "profile_text_color": "666666",
        "profile_use_background_image": true,
        "has_extended_profile": true,
        "default_profile": false,
        "default_profile_image": false,
        "following": null,
        "follow_request_sent": null,
        "notifications": null,
        "translator_type": "none"
    },
    "geo": null,
    "coordinates": null,
    "place": null,
    "contributors": null,
    "is_quote_status": false,
    "retweet_count": 0,
    "favorite_count": 0,
    "favorited": false,
    "retweeted": false,
    "possibly_sensitive": true,
    "lang": "en"
}