{
    "created_at": "Thu Apr 18 18:30:20 +0000 2019",
    "id": 1118944870641565698,
    "id_str": "1118944870641565698",
    "text": "Jump from uber is now in Paris https://t.co/34ToE4xZlq",
    "truncated": false,
    "entities": {
        "hashtags": [],
        "symbols": [],
        "user_mentions": [],
        "urls": [],
        "media": [
            {
                "id": 1118944863498711041,
                "id_str": "1118944863498711041",
                "indices": [
                    31,
                    54
                ],
                "media_url": "http://pbs.twimg.com/media/D4dKbMgWsAEJ0Ah.jpg",
                "media_url_https": "https://pbs.twimg.com/media/D4dKbMgWsAEJ0Ah.jpg",
                "url": "https://t.co/34ToE4xZlq",
                "display_url": "pic.twitter.com/34ToE4xZlq",
                "expanded_url": "https://twitter.com/f_halley/status/1118944870641565698/photo/1",
                "type": "photo",
                "sizes": {
                    "thumb": {
                        "w": 150,
                        "h": 150,
                        "resize": "crop"
                    },
                    "small": {
                        "w": 510,
                        "h": 680,
                        "resize": "fit"
                    },
                    "large": {
                        "w": 1536,
                        "h": 2048,
                        "resize": "fit"
                    },
                    "medium": {
                        "w": 900,
                        "h": 1200,
                        "resize": "fit"
                    }
                }
            }
        ]
    },
    "extended_entities": {
        "media": [
            {
                "id": 1118944863498711041,
                "id_str": "1118944863498711041",
                "indices": [
                    31,
                    54
                ],
                "media_url": "http://pbs.twimg.com/media/D4dKbMgWsAEJ0Ah.jpg",
                "media_url_https": "https://pbs.twimg.com/media/D4dKbMgWsAEJ0Ah.jpg",
                "url": "https://t.co/34ToE4xZlq",
                "display_url": "pic.twitter.com/34ToE4xZlq",
                "expanded_url": "https://twitter.com/f_halley/status/1118944870641565698/photo/1",
                "type": "photo",
                "sizes": {
                    "thumb": {
                        "w": 150,
                        "h": 150,
                        "resize": "crop"
                    },
                    "small": {
                        "w": 510,
                        "h": 680,
                        "resize": "fit"
                    },
                    "large": {
                        "w": 1536,
                        "h": 2048,
                        "resize": "fit"
                    },
                    "medium": {
                        "w": 900,
                        "h": 1200,
                        "resize": "fit"
                    }
                }
            }
        ]
    },
    "metadata": {
        "iso_language_code": "en",
        "result_type": "recent"
    },
    "source": "<a href=\"http://twitter.com/download/iphone\" rel=\"nofollow\">Twitter for iPhone</a>",
    "in_reply_to_status_id": null,
    "in_reply_to_status_id_str": null,
    "in_reply_to_user_id": null,
    "in_reply_to_user_id_str": null,
    "in_reply_to_screen_name": null,
    "user": {
        "id": 46111606,
        "id_str": "46111606",
        "name": "Frederic HALLEY",
        "screen_name": "f_halley",
        "location": "London, UK",
        "description": "Investor focusing on software, internet and ecommerce. Operating Partner at @nextworldcap",
        "url": "https://t.co/51hbKVesF8",
        "entities": {
            "url": {
                "urls": [
                    {
                        "url": "https://t.co/51hbKVesF8",
                        "expanded_url": "https://insights.nextworldcap.com/",
                        "display_url": "insights.nextworldcap.com",
                        "indices": [
                            0,
                            23
                        ]
                    }
                ]
            },
            "description": {
                "urls": []
            }
        },
        "protected": false,
        "followers_count": 1577,
        "friends_count": 469,
        "listed_count": 183,
        "created_at": "Wed Jun 10 13:31:53 +0000 2009",
        "favourites_count": 286,
        "utc_offset": null,
        "time_zone": null,
        "geo_enabled": true,
        "verified": false,
        "statuses_count": 7995,
        "lang": "en",
        "contributors_enabled": false,
        "is_translator": false,
        "is_translation_enabled": false,
        "profile_background_color": "9AE4E8",
        "profile_background_image_url": "http://abs.twimg.com/images/themes/theme16/bg.gif",
        "profile_background_image_url_https": "https://abs.twimg.com/images/themes/theme16/bg.gif",
        "profile_background_tile": false,
        "profile_image_url": "http://pbs.twimg.com/profile_images/924261720612327424/stWv9B6t_normal.jpg",
        "profile_image_url_https": "https://pbs.twimg.com/profile_images/924261720612327424/stWv9B6t_normal.jpg",
        "profile_banner_url": "https://pbs.twimg.com/profile_banners/46111606/1389372640",
        "profile_link_color": "0084B4",
        "profile_sidebar_border_color": "BDDCAD",
        "profile_sidebar_fill_color": "DDFFCC",
        "profile_text_color": "333333",
        "profile_use_background_image": true,
        "has_extended_profile": false,
        "default_profile": false,
        "default_profile_image": false,
        "following": null,
        "follow_request_sent": null,
        "notifications": null,
        "translator_type": "none"
    },
    "geo": null,
    "coordinates": null,
    "place": null,
    "contributors": null,
    "is_quote_status": false,
    "retweet_count": 0,
    "favorite_count": 1,
    "favorited": false,
    "retweeted": false,
    "possibly_sensitive": false,
    "lang": "en"
}