{
    "created_at": "Thu Apr 18 14:59:49 +0000 2019",
    "id": 1118891891150422016,
    "id_str": "1118891891150422016",
    "text": "One time in Vegas me and my group of bachelorettes were bouta jump our Uber driver though. And before you ask yes, yes he was.",
    "truncated": false,
    "entities": {
        "hashtags": [],
        "symbols": [],
        "user_mentions": [],
        "urls": []
    },
    "metadata": {
        "iso_language_code": "en",
        "result_type": "recent"
    },
    "source": "<a href=\"http://twitter.com/download/iphone\" rel=\"nofollow\">Twitter for iPhone</a>",
    "in_reply_to_status_id": null,
    "in_reply_to_status_id_str": null,
    "in_reply_to_user_id": null,
    "in_reply_to_user_id_str": null,
    "in_reply_to_screen_name": null,
    "user": {
        "id": 506370679,
        "id_str": "506370679",
        "name": "Lai",
        "screen_name": "senpaiLai",
        "location": "Dallas, TX",
        "description": "Lai with a long i",
        "url": null,
        "entities": {
            "description": {
                "urls": []
            }
        },
        "protected": false,
        "followers_count": 836,
        "friends_count": 339,
        "listed_count": 2,
        "created_at": "Mon Feb 27 20:39:29 +0000 2012",
        "favourites_count": 6946,
        "utc_offset": null,
        "time_zone": null,
        "geo_enabled": true,
        "verified": false,
        "statuses_count": 23397,
        "lang": "en",
        "contributors_enabled": false,
        "is_translator": false,
        "is_translation_enabled": false,
        "profile_background_color": "050505",
        "profile_background_image_url": "http://abs.twimg.com/images/themes/theme1/bg.png",
        "profile_background_image_url_https": "https://abs.twimg.com/images/themes/theme1/bg.png",
        "profile_background_tile": true,
        "profile_image_url": "http://pbs.twimg.com/profile_images/1103730414424870912/TlO3iIyC_normal.jpg",
        "profile_image_url_https": "https://pbs.twimg.com/profile_images/1103730414424870912/TlO3iIyC_normal.jpg",
        "profile_banner_url": "https://pbs.twimg.com/profile_banners/506370679/1552540923",
        "profile_link_color": "000047",
        "profile_sidebar_border_color": "000000",
        "profile_sidebar_fill_color": "DDEEF6",
        "profile_text_color": "333333",
        "profile_use_background_image": true,
        "has_extended_profile": true,
        "default_profile": false,
        "default_profile_image": false,
        "following": null,
        "follow_request_sent": null,
        "notifications": null,
        "translator_type": "none"
    },
    "geo": null,
    "coordinates": null,
    "place": null,
    "contributors": null,
    "is_quote_status": false,
    "retweet_count": 0,
    "favorite_count": 1,
    "favorited": false,
    "retweeted": false,
    "lang": "en"
}