{
    "created_at": "Wed Apr 17 06:14:02 +0000 2019",
    "id": 1118397186159595521,
    "id_str": "1118397186159595521",
    "text": "@mateosfo It's kinda weird that cities &amp; countries insist on replicating an entire learning process rather than jum\u2026 https://t.co/UbgkPHuhPm",
    "truncated": true,
    "entities": {
        "hashtags": [],
        "symbols": [],
        "user_mentions": [
            {
                "screen_name": "mateosfo",
                "name": "(((Matthew Lewis)))",
                "id": 96015193,
                "id_str": "96015193",
                "indices": [
                    0,
                    9
                ]
            }
        ],
        "urls": [
            {
                "url": "https://t.co/UbgkPHuhPm",
                "expanded_url": "https://twitter.com/i/web/status/1118397186159595521",
                "display_url": "twitter.com/i/web/status/1\u2026",
                "indices": [
                    121,
                    144
                ]
            }
        ]
    },
    "metadata": {
        "iso_language_code": "en",
        "result_type": "recent"
    },
    "source": "<a href=\"http://twitter.com\" rel=\"nofollow\">Twitter Web Client</a>",
    "in_reply_to_status_id": 1118394229720604672,
    "in_reply_to_status_id_str": "1118394229720604672",
    "in_reply_to_user_id": 96015193,
    "in_reply_to_user_id_str": "96015193",
    "in_reply_to_screen_name": "mateosfo",
    "user": {
        "id": 828620824294879232,
        "id_str": "828620824294879232",
        "name": "esa",
        "screen_name": "syklemil",
        "location": "Oslo, Norway",
        "description": "Styremedlem i @gamleoslomdg og nestleder i Gamle Oslo BUK, men twitrer som krakilsk syklist",
        "url": "https://t.co/4gPiOyCFvJ",
        "entities": {
            "url": {
                "urls": [
                    {
                        "url": "https://t.co/4gPiOyCFvJ",
                        "expanded_url": "https://mdg.no/bli-medlem/",
                        "display_url": "mdg.no/bli-medlem/",
                        "indices": [
                            0,
                            23
                        ]
                    }
                ]
            },
            "description": {
                "urls": []
            }
        },
        "protected": false,
        "followers_count": 802,
        "friends_count": 731,
        "listed_count": 13,
        "created_at": "Mon Feb 06 15:06:14 +0000 2017",
        "favourites_count": 38984,
        "utc_offset": null,
        "time_zone": null,
        "geo_enabled": true,
        "verified": false,
        "statuses_count": 20079,
        "lang": "en",
        "contributors_enabled": false,
        "is_translator": false,
        "is_translation_enabled": false,
        "profile_background_color": "000000",
        "profile_background_image_url": "http://abs.twimg.com/images/themes/theme1/bg.png",
        "profile_background_image_url_https": "https://abs.twimg.com/images/themes/theme1/bg.png",
        "profile_background_tile": false,
        "profile_image_url": "http://pbs.twimg.com/profile_images/1101892626444369920/hvE5nfH3_normal.jpg",
        "profile_image_url_https": "https://pbs.twimg.com/profile_images/1101892626444369920/hvE5nfH3_normal.jpg",
        "profile_banner_url": "https://pbs.twimg.com/profile_banners/828620824294879232/1543957292",
        "profile_link_color": "19CF86",
        "profile_sidebar_border_color": "000000",
        "profile_sidebar_fill_color": "000000",
        "profile_text_color": "000000",
        "profile_use_background_image": false,
        "has_extended_profile": false,
        "default_profile": false,
        "default_profile_image": false,
        "following": null,
        "follow_request_sent": null,
        "notifications": null,
        "translator_type": "none"
    },
    "geo": null,
    "coordinates": null,
    "place": null,
    "contributors": null,
    "is_quote_status": false,
    "retweet_count": 0,
    "favorite_count": 4,
    "favorited": false,
    "retweeted": false,
    "lang": "en"
}