{
    "created_at": "Tue Apr 16 22:34:23 +0000 2019",
    "id": 1118281512435245056,
    "id_str": "1118281512435245056",
    "text": "\"Uber says it recently modified some of its JUMP electric bikes after finding a braking problem like the one that p\u2026 https://t.co/Edktkh0Gqe",
    "truncated": true,
    "entities": {
        "hashtags": [],
        "symbols": [],
        "user_mentions": [],
        "urls": [
            {
                "url": "https://t.co/Edktkh0Gqe",
                "expanded_url": "https://twitter.com/i/web/status/1118281512435245056",
                "display_url": "twitter.com/i/web/status/1\u2026",
                "indices": [
                    117,
                    140
                ]
            }
        ]
    },
    "metadata": {
        "iso_language_code": "en",
        "result_type": "recent"
    },
    "source": "<a href=\"https://ifttt.com\" rel=\"nofollow\">IFTTT</a>",
    "in_reply_to_status_id": null,
    "in_reply_to_status_id_str": null,
    "in_reply_to_user_id": null,
    "in_reply_to_user_id_str": null,
    "in_reply_to_screen_name": null,
    "user": {
        "id": 54525773,
        "id_str": "54525773",
        "name": "Mehul Patel",
        "screen_name": "TheMehulPatel",
        "location": "Prague, Czech Republic",
        "description": "Founder- https://t.co/f3iYJwn4bD #Entrepreneur #Cryptoeconomics #AutomatedTrading #LinguisticData #AsymmetricTrends #Blockchain #GannTheory #Consciousness $BTC",
        "url": "https://t.co/niejywNxtO",
        "entities": {
            "url": {
                "urls": [
                    {
                        "url": "https://t.co/niejywNxtO",
                        "expanded_url": "https://www.linkedin.com/in/themehulpatel",
                        "display_url": "linkedin.com/in/themehulpat\u2026",
                        "indices": [
                            0,
                            23
                        ]
                    }
                ]
            },
            "description": {
                "urls": [
                    {
                        "url": "https://t.co/f3iYJwn4bD",
                        "expanded_url": "http://LXMI.IO",
                        "display_url": "LXMI.IO",
                        "indices": [
                            9,
                            32
                        ]
                    }
                ]
            }
        },
        "protected": false,
        "followers_count": 230894,
        "friends_count": 16954,
        "listed_count": 912,
        "created_at": "Tue Jul 07 12:06:19 +0000 2009",
        "favourites_count": 7084,
        "utc_offset": null,
        "time_zone": null,
        "geo_enabled": true,
        "verified": false,
        "statuses_count": 258333,
        "lang": "en",
        "contributors_enabled": false,
        "is_translator": false,
        "is_translation_enabled": false,
        "profile_background_color": "131516",
        "profile_background_image_url": "http://abs.twimg.com/images/themes/theme14/bg.gif",
        "profile_background_image_url_https": "https://abs.twimg.com/images/themes/theme14/bg.gif",
        "profile_background_tile": true,
        "profile_image_url": "http://pbs.twimg.com/profile_images/997846321041031168/DcD5xwSJ_normal.jpg",
        "profile_image_url_https": "https://pbs.twimg.com/profile_images/997846321041031168/DcD5xwSJ_normal.jpg",
        "profile_banner_url": "https://pbs.twimg.com/profile_banners/54525773/1507813468",
        "profile_link_color": "3B94D9",
        "profile_sidebar_border_color": "EEEEEE",
        "profile_sidebar_fill_color": "EFEFEF",
        "profile_text_color": "333333",
        "profile_use_background_image": true,
        "has_extended_profile": true,
        "default_profile": false,
        "default_profile_image": false,
        "following": null,
        "follow_request_sent": null,
        "notifications": null,
        "translator_type": "none"
    },
    "geo": null,
    "coordinates": null,
    "place": null,
    "contributors": null,
    "is_quote_status": false,
    "retweet_count": 0,
    "favorite_count": 0,
    "favorited": false,
    "retweeted": false,
    "possibly_sensitive": false,
    "lang": "en"
}