{
    "created_at": "Thu Apr 18 13:19:18 +0000 2019",
    "id": 1118866594166341632,
    "id_str": "1118866594166341632",
    "text": "@BlackMaeWest @itswalela @Uber My point was, he went out of his way to take a pic, post to Twitter and ask Uber a q\u2026 https://t.co/VOZ5dngZcW",
    "truncated": true,
    "entities": {
        "hashtags": [],
        "symbols": [],
        "user_mentions": [
            {
                "screen_name": "BlackMaeWest",
                "name": "Black Mermaid",
                "id": 811618999020699648,
                "id_str": "811618999020699648",
                "indices": [
                    0,
                    13
                ]
            },
            {
                "screen_name": "itswalela",
                "name": "Walela Nehanda \u270a\ud83c\udffe",
                "id": 703052835919777792,
                "id_str": "703052835919777792",
                "indices": [
                    14,
                    24
                ]
            },
            {
                "screen_name": "Uber",
                "name": "Uber",
                "id": 19103481,
                "id_str": "19103481",
                "indices": [
                    25,
                    30
                ]
            }
        ],
        "urls": [
            {
                "url": "https://t.co/VOZ5dngZcW",
                "expanded_url": "https://twitter.com/i/web/status/1118866594166341632",
                "display_url": "twitter.com/i/web/status/1\u2026",
                "indices": [
                    117,
                    140
                ]
            }
        ]
    },
    "metadata": {
        "iso_language_code": "en",
        "result_type": "recent"
    },
    "source": "<a href=\"http://twitter.com/download/iphone\" rel=\"nofollow\">Twitter for iPhone</a>",
    "in_reply_to_status_id": 1118858711190122496,
    "in_reply_to_status_id_str": "1118858711190122496",
    "in_reply_to_user_id": 811618999020699648,
    "in_reply_to_user_id_str": "811618999020699648",
    "in_reply_to_screen_name": "BlackMaeWest",
    "user": {
        "id": 1314442340,
        "id_str": "1314442340",
        "name": "Beyonce Stan!",
        "screen_name": "Iamcamren",
        "location": "In the arms of an amazing man!",
        "description": "Creator of Brilliant, Bold, Beautifull",
        "url": null,
        "entities": {
            "description": {
                "urls": []
            }
        },
        "protected": false,
        "followers_count": 78,
        "friends_count": 98,
        "listed_count": 1,
        "created_at": "Fri Mar 29 16:52:09 +0000 2013",
        "favourites_count": 879,
        "utc_offset": null,
        "time_zone": null,
        "geo_enabled": false,
        "verified": false,
        "statuses_count": 1875,
        "lang": "en",
        "contributors_enabled": false,
        "is_translator": false,
        "is_translation_enabled": false,
        "profile_background_color": "131516",
        "profile_background_image_url": "http://abs.twimg.com/images/themes/theme14/bg.gif",
        "profile_background_image_url_https": "https://abs.twimg.com/images/themes/theme14/bg.gif",
        "profile_background_tile": true,
        "profile_image_url": "http://pbs.twimg.com/profile_images/1070504800222150656/l7snCIMM_normal.jpg",
        "profile_image_url_https": "https://pbs.twimg.com/profile_images/1070504800222150656/l7snCIMM_normal.jpg",
        "profile_banner_url": "https://pbs.twimg.com/profile_banners/1314442340/1502382894",
        "profile_link_color": "009999",
        "profile_sidebar_border_color": "EEEEEE",
        "profile_sidebar_fill_color": "EFEFEF",
        "profile_text_color": "333333",
        "profile_use_background_image": true,
        "has_extended_profile": false,
        "default_profile": false,
        "default_profile_image": false,
        "following": null,
        "follow_request_sent": null,
        "notifications": null,
        "translator_type": "none"
    },
    "geo": null,
    "coordinates": null,
    "place": null,
    "contributors": null,
    "is_quote_status": false,
    "retweet_count": 0,
    "favorite_count": 0,
    "favorited": false,
    "retweeted": false,
    "lang": "en"
}