{
    "created_at": "Tue Apr 16 15:23:55 +0000 2019",
    "id": 1118173178231230464,
    "id_str": "1118173178231230464",
    "text": "Uber Jump, Le Nouveau Service de V\u00e9los et de Trottinettes Electriques en Libre Service \u00e0 Paris.\n\n#Uber #JumpBikes\u2026 https://t.co/jSrJuGP2Mc",
    "truncated": true,
    "entities": {
        "hashtags": [
            {
                "text": "Uber",
                "indices": [
                    97,
                    102
                ]
            },
            {
                "text": "JumpBikes",
                "indices": [
                    103,
                    113
                ]
            }
        ],
        "symbols": [],
        "user_mentions": [],
        "urls": [
            {
                "url": "https://t.co/jSrJuGP2Mc",
                "expanded_url": "https://twitter.com/i/web/status/1118173178231230464",
                "display_url": "twitter.com/i/web/status/1\u2026",
                "indices": [
                    115,
                    138
                ]
            }
        ]
    },
    "metadata": {
        "iso_language_code": "fr",
        "result_type": "recent"
    },
    "source": "<a href=\"http://twitter.com\" rel=\"nofollow\">Twitter Web Client</a>",
    "in_reply_to_status_id": null,
    "in_reply_to_status_id_str": null,
    "in_reply_to_user_id": null,
    "in_reply_to_user_id_str": null,
    "in_reply_to_screen_name": null,
    "user": {
        "id": 25673399,
        "id_str": "25673399",
        "name": "MaxiTendance",
        "screen_name": "Maxitendance",
        "location": "France Paris / Marseille",
        "description": "Blog about Art, Fashion, Architecture, Design, Green, Decorating, Photography Trends.",
        "url": "https://t.co/3VI9uhPQYR",
        "entities": {
            "url": {
                "urls": [
                    {
                        "url": "https://t.co/3VI9uhPQYR",
                        "expanded_url": "https://www.maxitendance.com",
                        "display_url": "maxitendance.com",
                        "indices": [
                            0,
                            23
                        ]
                    }
                ]
            },
            "description": {
                "urls": []
            }
        },
        "protected": false,
        "followers_count": 5114,
        "friends_count": 468,
        "listed_count": 311,
        "created_at": "Sat Mar 21 13:37:23 +0000 2009",
        "favourites_count": 479,
        "utc_offset": null,
        "time_zone": null,
        "geo_enabled": false,
        "verified": false,
        "statuses_count": 25182,
        "lang": "en",
        "contributors_enabled": false,
        "is_translator": false,
        "is_translation_enabled": false,
        "profile_background_color": "EBEBEB",
        "profile_background_image_url": "http://abs.twimg.com/images/themes/theme7/bg.gif",
        "profile_background_image_url_https": "https://abs.twimg.com/images/themes/theme7/bg.gif",
        "profile_background_tile": true,
        "profile_image_url": "http://pbs.twimg.com/profile_images/460835101262090241/efEquQSI_normal.jpeg",
        "profile_image_url_https": "https://pbs.twimg.com/profile_images/460835101262090241/efEquQSI_normal.jpeg",
        "profile_banner_url": "https://pbs.twimg.com/profile_banners/25673399/1398705428",
        "profile_link_color": "6A9D92",
        "profile_sidebar_border_color": "FFFFFF",
        "profile_sidebar_fill_color": "F3F3F3",
        "profile_text_color": "333333",
        "profile_use_background_image": true,
        "has_extended_profile": false,
        "default_profile": false,
        "default_profile_image": false,
        "following": null,
        "follow_request_sent": null,
        "notifications": null,
        "translator_type": "none"
    },
    "geo": null,
    "coordinates": null,
    "place": null,
    "contributors": null,
    "is_quote_status": false,
    "retweet_count": 0,
    "favorite_count": 0,
    "favorited": false,
    "retweeted": false,
    "possibly_sensitive": false,
    "lang": "fr"
}