{
    "created_at": "Thu Apr 18 11:19:02 +0000 2019",
    "id": 1118836327703810053,
    "id_str": "1118836327703810053",
    "text": "Historically excellent #customerservice from @uber and @UberFR. Unfortunately the automated @jump_rides system is t\u2026 https://t.co/yAXy8eCl1n",
    "truncated": true,
    "entities": {
        "hashtags": [
            {
                "text": "customerservice",
                "indices": [
                    23,
                    39
                ]
            }
        ],
        "symbols": [],
        "user_mentions": [
            {
                "screen_name": "Uber",
                "name": "Uber",
                "id": 19103481,
                "id_str": "19103481",
                "indices": [
                    45,
                    50
                ]
            },
            {
                "screen_name": "UberFR",
                "name": "Uber France",
                "id": 346843160,
                "id_str": "346843160",
                "indices": [
                    55,
                    62
                ]
            },
            {
                "screen_name": "jump_rides",
                "name": "JUMP",
                "id": 868126911817502721,
                "id_str": "868126911817502721",
                "indices": [
                    92,
                    103
                ]
            }
        ],
        "urls": [
            {
                "url": "https://t.co/yAXy8eCl1n",
                "expanded_url": "https://twitter.com/i/web/status/1118836327703810053",
                "display_url": "twitter.com/i/web/status/1\u2026",
                "indices": [
                    117,
                    140
                ]
            }
        ]
    },
    "metadata": {
        "iso_language_code": "en",
        "result_type": "recent"
    },
    "source": "<a href=\"http://twitter.com\" rel=\"nofollow\">Twitter Web Client</a>",
    "in_reply_to_status_id": null,
    "in_reply_to_status_id_str": null,
    "in_reply_to_user_id": null,
    "in_reply_to_user_id_str": null,
    "in_reply_to_screen_name": null,
    "user": {
        "id": 13250092,
        "id_str": "13250092",
        "name": "Ethan Pierse",
        "screen_name": "EthanPierse",
        "location": "Paris, SF and Singapore",
        "description": "Director @CryptoAssetsIns @BorderlessVC / Co-Founder @Desico_io #STO / #VentureCatalyst / #CryptoAssets #BlockchainEconomy #TokenizedSecurities #SecurityTokens",
        "url": "https://t.co/QnkKcB0u1P",
        "entities": {
            "url": {
                "urls": [
                    {
                        "url": "https://t.co/QnkKcB0u1P",
                        "expanded_url": "http://linkedin.com/in/ethanpierse",
                        "display_url": "linkedin.com/in/ethanpierse",
                        "indices": [
                            0,
                            23
                        ]
                    }
                ]
            },
            "description": {
                "urls": []
            }
        },
        "protected": false,
        "followers_count": 11600,
        "friends_count": 351,
        "listed_count": 543,
        "created_at": "Fri Feb 08 14:57:51 +0000 2008",
        "favourites_count": 1363,
        "utc_offset": null,
        "time_zone": null,
        "geo_enabled": true,
        "verified": false,
        "statuses_count": 22140,
        "lang": "en",
        "contributors_enabled": false,
        "is_translator": false,
        "is_translation_enabled": false,
        "profile_background_color": "FFFAD4",
        "profile_background_image_url": "http://abs.twimg.com/images/themes/theme7/bg.gif",
        "profile_background_image_url_https": "https://abs.twimg.com/images/themes/theme7/bg.gif",
        "profile_background_tile": false,
        "profile_image_url": "http://pbs.twimg.com/profile_images/836857204661682176/M-tayCjR_normal.jpg",
        "profile_image_url_https": "https://pbs.twimg.com/profile_images/836857204661682176/M-tayCjR_normal.jpg",
        "profile_banner_url": "https://pbs.twimg.com/profile_banners/13250092/1534776003",
        "profile_link_color": "192E4F",
        "profile_sidebar_border_color": "FFFFFF",
        "profile_sidebar_fill_color": "169F9C",
        "profile_text_color": "493023",
        "profile_use_background_image": true,
        "has_extended_profile": true,
        "default_profile": false,
        "default_profile_image": false,
        "following": null,
        "follow_request_sent": null,
        "notifications": null,
        "translator_type": "none"
    },
    "geo": null,
    "coordinates": null,
    "place": {
        "id": "09f6a7707f18e0b1",
        "url": "https://api.twitter.com/1.1/geo/id/09f6a7707f18e0b1.json",
        "place_type": "city",
        "name": "Paris",
        "full_name": "Paris, France",
        "country_code": "FR",
        "country": "France",
        "contained_within": [],
        "bounding_box": {
            "type": "Polygon",
            "coordinates": [
                [
                    [
                        2.2241006,
                        48.8155214
                    ],
                    [
                        2.4699053,
                        48.8155214
                    ],
                    [
                        2.4699053,
                        48.9021461
                    ],
                    [
                        2.2241006,
                        48.9021461
                    ]
                ]
            ]
        },
        "attributes": {}
    },
    "contributors": null,
    "is_quote_status": false,
    "retweet_count": 0,
    "favorite_count": 0,
    "favorited": false,
    "retweeted": false,
    "lang": "en"
}