{
    "created_at": "Tue Apr 16 05:25:36 +0000 2019",
    "id": 1118022609017475074,
    "id_str": "1118022609017475074",
    "text": "Sorry im aggressive at @uber right now even though they gave me refunds within 2 messages. it just pisses me the f*\u2026 https://t.co/HNJqCnFHnv",
    "truncated": true,
    "entities": {
        "hashtags": [],
        "symbols": [],
        "user_mentions": [
            {
                "screen_name": "Uber",
                "name": "Uber",
                "id": 19103481,
                "id_str": "19103481",
                "indices": [
                    23,
                    28
                ]
            }
        ],
        "urls": [
            {
                "url": "https://t.co/HNJqCnFHnv",
                "expanded_url": "https://twitter.com/i/web/status/1118022609017475074",
                "display_url": "twitter.com/i/web/status/1\u2026",
                "indices": [
                    117,
                    140
                ]
            }
        ]
    },
    "metadata": {
        "iso_language_code": "en",
        "result_type": "recent"
    },
    "source": "<a href=\"http://twitter.com/download/iphone\" rel=\"nofollow\">Twitter for iPhone</a>",
    "in_reply_to_status_id": null,
    "in_reply_to_status_id_str": null,
    "in_reply_to_user_id": null,
    "in_reply_to_user_id_str": null,
    "in_reply_to_screen_name": null,
    "user": {
        "id": 69476946,
        "id_str": "69476946",
        "name": "Ja'me BrO'Sull",
        "screen_name": "itsjameskerz",
        "location": "Boston",
        "description": "do you like apples?",
        "url": null,
        "entities": {
            "description": {
                "urls": []
            }
        },
        "protected": false,
        "followers_count": 204,
        "friends_count": 355,
        "listed_count": 2,
        "created_at": "Fri Aug 28 02:12:02 +0000 2009",
        "favourites_count": 15282,
        "utc_offset": null,
        "time_zone": null,
        "geo_enabled": false,
        "verified": false,
        "statuses_count": 13725,
        "lang": "en",
        "contributors_enabled": false,
        "is_translator": false,
        "is_translation_enabled": false,
        "profile_background_color": "9AE4E8",
        "profile_background_image_url": "http://abs.twimg.com/images/themes/theme1/bg.png",
        "profile_background_image_url_https": "https://abs.twimg.com/images/themes/theme1/bg.png",
        "profile_background_tile": false,
        "profile_image_url": "http://pbs.twimg.com/profile_images/378800000203727971/d6d10862ba72c3ff3cbfb6706e25f6eb_normal.jpeg",
        "profile_image_url_https": "https://pbs.twimg.com/profile_images/378800000203727971/d6d10862ba72c3ff3cbfb6706e25f6eb_normal.jpeg",
        "profile_banner_url": "https://pbs.twimg.com/profile_banners/69476946/1414154705",
        "profile_link_color": "0084B4",
        "profile_sidebar_border_color": "BDDCAD",
        "profile_sidebar_fill_color": "DDFFCC",
        "profile_text_color": "333333",
        "profile_use_background_image": true,
        "has_extended_profile": false,
        "default_profile": false,
        "default_profile_image": false,
        "following": null,
        "follow_request_sent": null,
        "notifications": null,
        "translator_type": "none"
    },
    "geo": null,
    "coordinates": null,
    "place": null,
    "contributors": null,
    "is_quote_status": false,
    "retweet_count": 0,
    "favorite_count": 1,
    "favorited": false,
    "retweeted": false,
    "lang": "en"
}