{
    "created_at": "Tue Apr 16 20:49:35 +0000 2019",
    "id": 1118255135073824769,
    "id_str": "1118255135073824769",
    "text": "RT @michalnaka: Uber is starting to test using  contractors for JUMP scooter charging and deployment.\n\nWhat do you call an Uber scooter cha\u2026",
    "truncated": false,
    "entities": {
        "hashtags": [],
        "symbols": [],
        "user_mentions": [
            {
                "screen_name": "michalnaka",
                "name": "michal Naka\u26a1\ufe0f",
                "id": 14327996,
                "id_str": "14327996",
                "indices": [
                    3,
                    14
                ]
            }
        ],
        "urls": []
    },
    "metadata": {
        "iso_language_code": "en",
        "result_type": "recent"
    },
    "source": "<a href=\"http://twitter.com/download/iphone\" rel=\"nofollow\">Twitter for iPhone</a>",
    "in_reply_to_status_id": null,
    "in_reply_to_status_id_str": null,
    "in_reply_to_user_id": null,
    "in_reply_to_user_id_str": null,
    "in_reply_to_screen_name": null,
    "user": {
        "id": 2488639729,
        "id_str": "2488639729",
        "name": "Harry Campbell",
        "screen_name": "TheRideshareGuy",
        "location": "Los Angeles, CA",
        "description": "I run a blog at https://t.co/WzSxdzUp97 for Uber & Lyft drivers and other gig workers. New book is here: https://t.co/IESOIPErrr",
        "url": "https://t.co/r1spS6uDc6",
        "entities": {
            "url": {
                "urls": [
                    {
                        "url": "https://t.co/r1spS6uDc6",
                        "expanded_url": "http://www.theRideShareGuy.com",
                        "display_url": "theRideShareGuy.com",
                        "indices": [
                            0,
                            23
                        ]
                    }
                ]
            },
            "description": {
                "urls": [
                    {
                        "url": "https://t.co/WzSxdzUp97",
                        "expanded_url": "http://TheRideshareGuy.com",
                        "display_url": "TheRideshareGuy.com",
                        "indices": [
                            16,
                            39
                        ]
                    },
                    {
                        "url": "https://t.co/IESOIPErrr",
                        "expanded_url": "http://amzn.to/2KMI8Fk",
                        "display_url": "amzn.to/2KMI8Fk",
                        "indices": [
                            105,
                            128
                        ]
                    }
                ]
            }
        },
        "protected": false,
        "followers_count": 6791,
        "friends_count": 1257,
        "listed_count": 231,
        "created_at": "Sat May 10 19:20:15 +0000 2014",
        "favourites_count": 19597,
        "utc_offset": null,
        "time_zone": null,
        "geo_enabled": true,
        "verified": true,
        "statuses_count": 43862,
        "lang": "en",
        "contributors_enabled": false,
        "is_translator": false,
        "is_translation_enabled": true,
        "profile_background_color": "C0DEED",
        "profile_background_image_url": "http://abs.twimg.com/images/themes/theme1/bg.png",
        "profile_background_image_url_https": "https://abs.twimg.com/images/themes/theme1/bg.png",
        "profile_background_tile": false,
        "profile_image_url": "http://pbs.twimg.com/profile_images/993343541395927040/kuZYA9zW_normal.jpg",
        "profile_image_url_https": "https://pbs.twimg.com/profile_images/993343541395927040/kuZYA9zW_normal.jpg",
        "profile_banner_url": "https://pbs.twimg.com/profile_banners/2488639729/1402017546",
        "profile_link_color": "1DA1F2",
        "profile_sidebar_border_color": "C0DEED",
        "profile_sidebar_fill_color": "DDEEF6",
        "profile_text_color": "333333",
        "profile_use_background_image": true,
        "has_extended_profile": true,
        "default_profile": true,
        "default_profile_image": false,
        "following": null,
        "follow_request_sent": null,
        "notifications": null,
        "translator_type": "none"
    },
    "geo": null,
    "coordinates": null,
    "place": null,
    "contributors": null,
    "retweeted_status": {
        "created_at": "Tue Apr 16 19:09:38 +0000 2019",
        "id": 1118229984542199808,
        "id_str": "1118229984542199808",
        "text": "Uber is starting to test using  contractors for JUMP scooter charging and deployment.\n\nWhat do you call an Uber sco\u2026 https://t.co/5TOB9Py72y",
        "truncated": true,
        "entities": {
            "hashtags": [],
            "symbols": [],
            "user_mentions": [],
            "urls": [
                {
                    "url": "https://t.co/5TOB9Py72y",
                    "expanded_url": "https://twitter.com/i/web/status/1118229984542199808",
                    "display_url": "twitter.com/i/web/status/1\u2026",
                    "indices": [
                        117,
                        140
                    ]
                }
            ]
        },
        "metadata": {
            "iso_language_code": "en",
            "result_type": "recent"
        },
        "source": "<a href=\"http://twitter.com/download/iphone\" rel=\"nofollow\">Twitter for iPhone</a>",
        "in_reply_to_status_id": null,
        "in_reply_to_status_id_str": null,
        "in_reply_to_user_id": null,
        "in_reply_to_user_id_str": null,
        "in_reply_to_screen_name": null,
        "user": {
            "id": 14327996,
            "id_str": "14327996",
            "name": "michal Naka\u26a1\ufe0f",
            "screen_name": "michalnaka",
            "location": "Portland, OR",
            "description": "building @ridereport",
            "url": "https://t.co/Qn8b5fe2Am",
            "entities": {
                "url": {
                    "urls": [
                        {
                            "url": "https://t.co/Qn8b5fe2Am",
                            "expanded_url": "https://movements.substack.com/",
                            "display_url": "movements.substack.com",
                            "indices": [
                                0,
                                23
                            ]
                        }
                    ]
                },
                "description": {
                    "urls": []
                }
            },
            "protected": false,
            "followers_count": 3362,
            "friends_count": 425,
            "listed_count": 127,
            "created_at": "Mon Apr 07 23:38:12 +0000 2008",
            "favourites_count": 23482,
            "utc_offset": null,
            "time_zone": null,
            "geo_enabled": true,
            "verified": false,
            "statuses_count": 2284,
            "lang": "en",
            "contributors_enabled": false,
            "is_translator": false,
            "is_translation_enabled": false,
            "profile_background_color": "1A1B1F",
            "profile_background_image_url": "http://abs.twimg.com/images/themes/theme9/bg.gif",
            "profile_background_image_url_https": "https://abs.twimg.com/images/themes/theme9/bg.gif",
            "profile_background_tile": true,
            "profile_image_url": "http://pbs.twimg.com/profile_images/1107118262523854854/DUrf6U-N_normal.jpg",
            "profile_image_url_https": "https://pbs.twimg.com/profile_images/1107118262523854854/DUrf6U-N_normal.jpg",
            "profile_banner_url": "https://pbs.twimg.com/profile_banners/14327996/1455687258",
            "profile_link_color": "1B95E0",
            "profile_sidebar_border_color": "181A1E",
            "profile_sidebar_fill_color": "252429",
            "profile_text_color": "666666",
            "profile_use_background_image": true,
            "has_extended_profile": true,
            "default_profile": false,
            "default_profile_image": false,
            "following": null,
            "follow_request_sent": null,
            "notifications": null,
            "translator_type": "none"
        },
        "geo": null,
        "coordinates": null,
        "place": null,
        "contributors": null,
        "is_quote_status": false,
        "retweet_count": 7,
        "favorite_count": 48,
        "favorited": false,
        "retweeted": false,
        "possibly_sensitive": false,
        "lang": "en"
    },
    "is_quote_status": false,
    "retweet_count": 7,
    "favorite_count": 0,
    "favorited": false,
    "retweeted": false,
    "lang": "en"
}