{
    "created_at": "Tue Apr 16 20:53:24 +0000 2019",
    "id": 1118256097079566337,
    "id_str": "1118256097079566337",
    "text": "Uber says it fixed its e-bikes with similar brake problems as Lyft, but some riders were still injured\u2026 https://t.co/9n4uASIMG3",
    "truncated": true,
    "entities": {
        "hashtags": [],
        "symbols": [],
        "user_mentions": [],
        "urls": [
            {
                "url": "https://t.co/9n4uASIMG3",
                "expanded_url": "https://twitter.com/i/web/status/1118256097079566337",
                "display_url": "twitter.com/i/web/status/1\u2026",
                "indices": [
                    104,
                    127
                ]
            }
        ]
    },
    "metadata": {
        "iso_language_code": "en",
        "result_type": "recent"
    },
    "source": "<a href=\"https://ifttt.com\" rel=\"nofollow\">IFTTT</a>",
    "in_reply_to_status_id": null,
    "in_reply_to_status_id_str": null,
    "in_reply_to_user_id": null,
    "in_reply_to_user_id_str": null,
    "in_reply_to_screen_name": null,
    "user": {
        "id": 2943073536,
        "id_str": "2943073536",
        "name": "Nicer Verge",
        "screen_name": "nicerverge",
        "location": "",
        "description": "A deduplicated feed from the @verge. No affiliation.",
        "url": "http://t.co/DY1lIa4P2a",
        "entities": {
            "url": {
                "urls": [
                    {
                        "url": "http://t.co/DY1lIa4P2a",
                        "expanded_url": "http://theverge.com",
                        "display_url": "theverge.com",
                        "indices": [
                            0,
                            22
                        ]
                    }
                ]
            },
            "description": {
                "urls": []
            }
        },
        "protected": false,
        "followers_count": 66,
        "friends_count": 0,
        "listed_count": 32,
        "created_at": "Thu Dec 25 18:19:27 +0000 2014",
        "favourites_count": 0,
        "utc_offset": null,
        "time_zone": null,
        "geo_enabled": false,
        "verified": false,
        "statuses_count": 54160,
        "lang": "en",
        "contributors_enabled": false,
        "is_translator": false,
        "is_translation_enabled": false,
        "profile_background_color": "C0DEED",
        "profile_background_image_url": "http://abs.twimg.com/images/themes/theme1/bg.png",
        "profile_background_image_url_https": "https://abs.twimg.com/images/themes/theme1/bg.png",
        "profile_background_tile": false,
        "profile_image_url": "http://pbs.twimg.com/profile_images/548181526202941440/19TwGL-F_normal.png",
        "profile_image_url_https": "https://pbs.twimg.com/profile_images/548181526202941440/19TwGL-F_normal.png",
        "profile_link_color": "1DA1F2",
        "profile_sidebar_border_color": "C0DEED",
        "profile_sidebar_fill_color": "DDEEF6",
        "profile_text_color": "333333",
        "profile_use_background_image": true,
        "has_extended_profile": false,
        "default_profile": true,
        "default_profile_image": false,
        "following": null,
        "follow_request_sent": null,
        "notifications": null,
        "translator_type": "none"
    },
    "geo": null,
    "coordinates": null,
    "place": null,
    "contributors": null,
    "is_quote_status": false,
    "retweet_count": 0,
    "favorite_count": 0,
    "favorited": false,
    "retweeted": false,
    "possibly_sensitive": false,
    "lang": "en"
}