{
    "created_at": "Tue Apr 16 05:30:16 +0000 2019",
    "id": 1118023783221223425,
    "id_str": "1118023783221223425",
    "text": "Cada vez m\u00e1s trabajadores utilizan #patinetes el\u00e9ctricos para desplazarse. \u00bfLlegar\u00e1 el d\u00eda en el que los suministre\u2026 https://t.co/LzeUGdqUwJ",
    "truncated": true,
    "entities": {
        "hashtags": [
            {
                "text": "patinetes",
                "indices": [
                    35,
                    45
                ]
            }
        ],
        "symbols": [],
        "user_mentions": [],
        "urls": [
            {
                "url": "https://t.co/LzeUGdqUwJ",
                "expanded_url": "https://twitter.com/i/web/status/1118023783221223425",
                "display_url": "twitter.com/i/web/status/1\u2026",
                "indices": [
                    117,
                    140
                ]
            }
        ]
    },
    "metadata": {
        "iso_language_code": "es",
        "result_type": "recent"
    },
    "source": "<a href=\"https://www.hootsuite.com\" rel=\"nofollow\">Hootsuite Inc.</a>",
    "in_reply_to_status_id": null,
    "in_reply_to_status_id_str": null,
    "in_reply_to_user_id": null,
    "in_reply_to_user_id_str": null,
    "in_reply_to_screen_name": null,
    "user": {
        "id": 1108725739711614977,
        "id_str": "1108725739711614977",
        "name": "Globaltel Consulting",
        "screen_name": "Globaltelconsul",
        "location": "Almer\u00eda, Espa\u00f1a",
        "description": "Tu consultoria inform\u00e1tica y tecnol\u00f3gica en #Almer\u00eda \ud83d\udc68\u200d\ud83d\udcbb Especialistas en despachos jur\u00eddicos, renting tecnol\u00f3gico, protecci\u00f3n de datos, telefon\u00eda y dise\u00f1o web.",
        "url": "https://t.co/bw8XTsV3cQ",
        "entities": {
            "url": {
                "urls": [
                    {
                        "url": "https://t.co/bw8XTsV3cQ",
                        "expanded_url": "https://globaltelconsulting.es/",
                        "display_url": "globaltelconsulting.es",
                        "indices": [
                            0,
                            23
                        ]
                    }
                ]
            },
            "description": {
                "urls": []
            }
        },
        "protected": false,
        "followers_count": 23,
        "friends_count": 201,
        "listed_count": 0,
        "created_at": "Thu Mar 21 13:43:10 +0000 2019",
        "favourites_count": 38,
        "utc_offset": null,
        "time_zone": null,
        "geo_enabled": false,
        "verified": false,
        "statuses_count": 12,
        "lang": "es",
        "contributors_enabled": false,
        "is_translator": false,
        "is_translation_enabled": false,
        "profile_background_color": "000000",
        "profile_background_image_url": "http://abs.twimg.com/images/themes/theme1/bg.png",
        "profile_background_image_url_https": "https://abs.twimg.com/images/themes/theme1/bg.png",
        "profile_background_tile": false,
        "profile_image_url": "http://pbs.twimg.com/profile_images/1111607446613696512/U2Vl1g5l_normal.png",
        "profile_image_url_https": "https://pbs.twimg.com/profile_images/1111607446613696512/U2Vl1g5l_normal.png",
        "profile_banner_url": "https://pbs.twimg.com/profile_banners/1108725739711614977/1553863477",
        "profile_link_color": "609A9D",
        "profile_sidebar_border_color": "000000",
        "profile_sidebar_fill_color": "000000",
        "profile_text_color": "000000",
        "profile_use_background_image": false,
        "has_extended_profile": false,
        "default_profile": false,
        "default_profile_image": false,
        "following": null,
        "follow_request_sent": null,
        "notifications": null,
        "translator_type": "none"
    },
    "geo": null,
    "coordinates": null,
    "place": null,
    "contributors": null,
    "is_quote_status": false,
    "retweet_count": 0,
    "favorite_count": 0,
    "favorited": false,
    "retweeted": false,
    "possibly_sensitive": false,
    "lang": "es"
}