{
    "created_at": "Wed Apr 17 21:38:19 +0000 2019",
    "id": 1118629790255394824,
    "id_str": "1118629790255394824",
    "text": "@JRK_Media @Uber @jump_rides Looking good @JCDLR @Fern_LF2",
    "truncated": false,
    "entities": {
        "hashtags": [],
        "symbols": [],
        "user_mentions": [
            {
                "screen_name": "JRK_Media",
                "name": "John R Kennedy",
                "id": 707620748,
                "id_str": "707620748",
                "indices": [
                    0,
                    10
                ]
            },
            {
                "screen_name": "Uber",
                "name": "Uber",
                "id": 19103481,
                "id_str": "19103481",
                "indices": [
                    11,
                    16
                ]
            },
            {
                "screen_name": "jump_rides",
                "name": "JUMP",
                "id": 868126911817502721,
                "id_str": "868126911817502721",
                "indices": [
                    17,
                    28
                ]
            },
            {
                "screen_name": "JCDLR",
                "name": "Jean-Christophe",
                "id": 31585025,
                "id_str": "31585025",
                "indices": [
                    42,
                    48
                ]
            },
            {
                "screen_name": "Fern_LF2",
                "name": "Fernand Le F\u00e8vre",
                "id": 4749150627,
                "id_str": "4749150627",
                "indices": [
                    49,
                    58
                ]
            }
        ],
        "urls": []
    },
    "metadata": {
        "iso_language_code": "en",
        "result_type": "recent"
    },
    "source": "<a href=\"http://twitter.com/download/android\" rel=\"nofollow\">Twitter for Android</a>",
    "in_reply_to_status_id": 1118617101424562177,
    "in_reply_to_status_id_str": "1118617101424562177",
    "in_reply_to_user_id": 707620748,
    "in_reply_to_user_id_str": "707620748",
    "in_reply_to_screen_name": "JRK_Media",
    "user": {
        "id": 273443641,
        "id_str": "273443641",
        "name": "Alexandre Meterissian",
        "screen_name": "AlexMeterissian",
        "location": "Montreal",
        "description": "Partner/Associ\u00e9 @hatleystrat Passionate about business & politics. Fier qu\u00e9b\u00e9cois.",
        "url": "https://t.co/h1dRsaMTag",
        "entities": {
            "url": {
                "urls": [
                    {
                        "url": "https://t.co/h1dRsaMTag",
                        "expanded_url": "http://hatleystrategies.com/",
                        "display_url": "hatleystrategies.com",
                        "indices": [
                            0,
                            23
                        ]
                    }
                ]
            },
            "description": {
                "urls": []
            }
        },
        "protected": false,
        "followers_count": 984,
        "friends_count": 1361,
        "listed_count": 28,
        "created_at": "Mon Mar 28 14:13:26 +0000 2011",
        "favourites_count": 13,
        "utc_offset": null,
        "time_zone": null,
        "geo_enabled": false,
        "verified": false,
        "statuses_count": 6,
        "lang": "en",
        "contributors_enabled": false,
        "is_translator": false,
        "is_translation_enabled": false,
        "profile_background_color": "C0DEED",
        "profile_background_image_url": "http://abs.twimg.com/images/themes/theme1/bg.png",
        "profile_background_image_url_https": "https://abs.twimg.com/images/themes/theme1/bg.png",
        "profile_background_tile": false,
        "profile_image_url": "http://pbs.twimg.com/profile_images/996815664412266496/YL6S2aI5_normal.jpg",
        "profile_image_url_https": "https://pbs.twimg.com/profile_images/996815664412266496/YL6S2aI5_normal.jpg",
        "profile_banner_url": "https://pbs.twimg.com/profile_banners/273443641/1480433156",
        "profile_link_color": "1DA1F2",
        "profile_sidebar_border_color": "C0DEED",
        "profile_sidebar_fill_color": "DDEEF6",
        "profile_text_color": "333333",
        "profile_use_background_image": true,
        "has_extended_profile": false,
        "default_profile": true,
        "default_profile_image": false,
        "following": null,
        "follow_request_sent": null,
        "notifications": null,
        "translator_type": "none"
    },
    "geo": null,
    "coordinates": null,
    "place": null,
    "contributors": null,
    "is_quote_status": false,
    "retweet_count": 0,
    "favorite_count": 2,
    "favorited": false,
    "retweeted": false,
    "lang": "en"
}