{
    "created_at": "Tue Apr 16 17:58:20 +0000 2019",
    "id": 1118212041586745344,
    "id_str": "1118212041586745344",
    "text": "Uber introduces Jump scooters to D.C. and changes its price structure for its popular e-bikes https://t.co/9bl75jnrnX",
    "truncated": false,
    "entities": {
        "hashtags": [],
        "symbols": [],
        "user_mentions": [],
        "urls": [
            {
                "url": "https://t.co/9bl75jnrnX",
                "expanded_url": "https://wapo.st/2KJAwHY",
                "display_url": "wapo.st/2KJAwHY",
                "indices": [
                    94,
                    117
                ]
            }
        ]
    },
    "metadata": {
        "iso_language_code": "en",
        "result_type": "recent"
    },
    "source": "<a href=\"http://www.socialflow.com\" rel=\"nofollow\">SocialFlow</a>",
    "in_reply_to_status_id": null,
    "in_reply_to_status_id_str": null,
    "in_reply_to_user_id": null,
    "in_reply_to_user_id_str": null,
    "in_reply_to_screen_name": null,
    "user": {
        "id": 353225544,
        "id_str": "353225544",
        "name": "Post Economy",
        "screen_name": "PostEconomy",
        "location": "Washington, D.C.",
        "description": "A @washingtonpost vertical exploring economics, policy, business, food, cities, politics, race, poverty, health, data -- and more",
        "url": "https://t.co/9grXe1ojkb",
        "entities": {
            "url": {
                "urls": [
                    {
                        "url": "https://t.co/9grXe1ojkb",
                        "expanded_url": "https://www.washingtonpost.com/economic-policy/",
                        "display_url": "washingtonpost.com/economic-polic\u2026",
                        "indices": [
                            0,
                            23
                        ]
                    }
                ]
            },
            "description": {
                "urls": []
            }
        },
        "protected": false,
        "followers_count": 25119,
        "friends_count": 1154,
        "listed_count": 1117,
        "created_at": "Thu Aug 11 19:00:15 +0000 2011",
        "favourites_count": 126,
        "utc_offset": null,
        "time_zone": null,
        "geo_enabled": false,
        "verified": true,
        "statuses_count": 13044,
        "lang": "en",
        "contributors_enabled": false,
        "is_translator": false,
        "is_translation_enabled": false,
        "profile_background_color": "C0DEED",
        "profile_background_image_url": "http://abs.twimg.com/images/themes/theme1/bg.png",
        "profile_background_image_url_https": "https://abs.twimg.com/images/themes/theme1/bg.png",
        "profile_background_tile": false,
        "profile_image_url": "http://pbs.twimg.com/profile_images/1079725493014970368/EaFnaVGS_normal.jpg",
        "profile_image_url_https": "https://pbs.twimg.com/profile_images/1079725493014970368/EaFnaVGS_normal.jpg",
        "profile_banner_url": "https://pbs.twimg.com/profile_banners/353225544/1466030118",
        "profile_link_color": "19CF86",
        "profile_sidebar_border_color": "FFFFFF",
        "profile_sidebar_fill_color": "DDEEF6",
        "profile_text_color": "333333",
        "profile_use_background_image": true,
        "has_extended_profile": false,
        "default_profile": false,
        "default_profile_image": false,
        "following": null,
        "follow_request_sent": null,
        "notifications": null,
        "translator_type": "none"
    },
    "geo": null,
    "coordinates": null,
    "place": null,
    "contributors": null,
    "is_quote_status": false,
    "retweet_count": 0,
    "favorite_count": 0,
    "favorited": false,
    "retweeted": false,
    "possibly_sensitive": false,
    "lang": "en"
}