{
    "created_at": "Wed Apr 17 02:49:02 +0000 2019",
    "id": 1118345594689310720,
    "id_str": "1118345594689310720",
    "text": "RT @verge: Uber says it fixed its e-bikes with similar brake problems as Lyft, but some riders were still injured https://t.co/1lrheOxpDn",
    "truncated": false,
    "entities": {
        "hashtags": [],
        "symbols": [],
        "user_mentions": [
            {
                "screen_name": "verge",
                "name": "The Verge",
                "id": 275686563,
                "id_str": "275686563",
                "indices": [
                    3,
                    9
                ]
            }
        ],
        "urls": [
            {
                "url": "https://t.co/1lrheOxpDn",
                "expanded_url": "https://www.theverge.com/2019/4/16/18410812/uber-jump-ebike-braking-malfunction-injuries?utm_campaign=theverge&utm_content=chorus&utm_medium=social&utm_source=twitter",
                "display_url": "theverge.com/2019/4/16/1841\u2026",
                "indices": [
                    114,
                    137
                ]
            }
        ]
    },
    "metadata": {
        "iso_language_code": "en",
        "result_type": "recent"
    },
    "source": "<a href=\"http://twitter.com/download/android\" rel=\"nofollow\">Twitter for Android</a>",
    "in_reply_to_status_id": null,
    "in_reply_to_status_id_str": null,
    "in_reply_to_user_id": null,
    "in_reply_to_user_id_str": null,
    "in_reply_to_screen_name": null,
    "user": {
        "id": 68901673,
        "id_str": "68901673",
        "name": "Ash Roughani",
        "screen_name": "Roughani",
        "location": "West Sacramento, CA",
        "description": "pushing paper @innovatesac/ @jamilabkhan's bf/ Iranian-American/ \ud83d\udc92 videographer (IG: lovegenrefilms)/ \ud83d\udeb2 cyclist/ \u26f8\ufe0f rollerblader/ \u2708\ufe0f wanderer/ \u26a1\ufe0f generalist/",
        "url": "https://t.co/IWZjbsEr0o",
        "entities": {
            "url": {
                "urls": [
                    {
                        "url": "https://t.co/IWZjbsEr0o",
                        "expanded_url": "https://roughani.github.io/",
                        "display_url": "roughani.github.io",
                        "indices": [
                            0,
                            23
                        ]
                    }
                ]
            },
            "description": {
                "urls": []
            }
        },
        "protected": false,
        "followers_count": 1727,
        "friends_count": 3009,
        "listed_count": 137,
        "created_at": "Wed Aug 26 04:52:21 +0000 2009",
        "favourites_count": 4740,
        "utc_offset": null,
        "time_zone": null,
        "geo_enabled": true,
        "verified": false,
        "statuses_count": 6899,
        "lang": "en",
        "contributors_enabled": false,
        "is_translator": false,
        "is_translation_enabled": false,
        "profile_background_color": "FFFFFF",
        "profile_background_image_url": "http://abs.twimg.com/images/themes/theme1/bg.png",
        "profile_background_image_url_https": "https://abs.twimg.com/images/themes/theme1/bg.png",
        "profile_background_tile": true,
        "profile_image_url": "http://pbs.twimg.com/profile_images/982113114836447233/w1h8w98t_normal.jpg",
        "profile_image_url_https": "https://pbs.twimg.com/profile_images/982113114836447233/w1h8w98t_normal.jpg",
        "profile_banner_url": "https://pbs.twimg.com/profile_banners/68901673/1534222770",
        "profile_link_color": "B300FF",
        "profile_sidebar_border_color": "FFFFFF",
        "profile_sidebar_fill_color": "F0F0F0",
        "profile_text_color": "79787A",
        "profile_use_background_image": true,
        "has_extended_profile": true,
        "default_profile": false,
        "default_profile_image": false,
        "following": null,
        "follow_request_sent": null,
        "notifications": null,
        "translator_type": "regular"
    },
    "geo": null,
    "coordinates": null,
    "place": null,
    "contributors": null,
    "retweeted_status": {
        "created_at": "Tue Apr 16 20:32:57 +0000 2019",
        "id": 1118250952170065920,
        "id_str": "1118250952170065920",
        "text": "Uber says it fixed its e-bikes with similar brake problems as Lyft, but some riders were still injured https://t.co/1lrheOxpDn",
        "truncated": false,
        "entities": {
            "hashtags": [],
            "symbols": [],
            "user_mentions": [],
            "urls": [
                {
                    "url": "https://t.co/1lrheOxpDn",
                    "expanded_url": "https://www.theverge.com/2019/4/16/18410812/uber-jump-ebike-braking-malfunction-injuries?utm_campaign=theverge&utm_content=chorus&utm_medium=social&utm_source=twitter",
                    "display_url": "theverge.com/2019/4/16/1841\u2026",
                    "indices": [
                        103,
                        126
                    ]
                }
            ]
        },
        "metadata": {
            "iso_language_code": "en",
            "result_type": "recent"
        },
        "source": "<a href=\"http://www.voxmedia.com\" rel=\"nofollow\">Vox Media</a>",
        "in_reply_to_status_id": null,
        "in_reply_to_status_id_str": null,
        "in_reply_to_user_id": null,
        "in_reply_to_user_id_str": null,
        "in_reply_to_screen_name": null,
        "user": {
            "id": 275686563,
            "id_str": "275686563",
            "name": "The Verge",
            "screen_name": "verge",
            "location": "New York",
            "description": "https://t.co/W2SFxIXkC4 covers life in the future.",
            "url": "http://t.co/W2SFxIXkC4",
            "entities": {
                "url": {
                    "urls": [
                        {
                            "url": "http://t.co/W2SFxIXkC4",
                            "expanded_url": "http://www.theverge.com",
                            "display_url": "theverge.com",
                            "indices": [
                                0,
                                22
                            ]
                        }
                    ]
                },
                "description": {
                    "urls": [
                        {
                            "url": "https://t.co/W2SFxIXkC4",
                            "expanded_url": "http://www.theverge.com",
                            "display_url": "theverge.com",
                            "indices": [
                                0,
                                23
                            ]
                        }
                    ]
                }
            },
            "protected": false,
            "followers_count": 2510346,
            "friends_count": 159,
            "listed_count": 36279,
            "created_at": "Fri Apr 01 19:54:22 +0000 2011",
            "favourites_count": 1519,
            "utc_offset": null,
            "time_zone": null,
            "geo_enabled": true,
            "verified": true,
            "statuses_count": 154787,
            "lang": "en",
            "contributors_enabled": false,
            "is_translator": false,
            "is_translation_enabled": true,
            "profile_background_color": "FFFFFF",
            "profile_background_image_url": "http://abs.twimg.com/images/themes/theme1/bg.png",
            "profile_background_image_url_https": "https://abs.twimg.com/images/themes/theme1/bg.png",
            "profile_background_tile": false,
            "profile_image_url": "http://pbs.twimg.com/profile_images/877903823133704194/Mqp1PXU8_normal.jpg",
            "profile_image_url_https": "https://pbs.twimg.com/profile_images/877903823133704194/Mqp1PXU8_normal.jpg",
            "profile_banner_url": "https://pbs.twimg.com/profile_banners/275686563/1515605311",
            "profile_link_color": "EC008C",
            "profile_sidebar_border_color": "000000",
            "profile_sidebar_fill_color": "EFEFEF",
            "profile_text_color": "333333",
            "profile_use_background_image": true,
            "has_extended_profile": false,
            "default_profile": false,
            "default_profile_image": false,
            "following": null,
            "follow_request_sent": null,
            "notifications": null,
            "translator_type": "regular"
        },
        "geo": null,
        "coordinates": null,
        "place": null,
        "contributors": null,
        "is_quote_status": false,
        "retweet_count": 8,
        "favorite_count": 38,
        "favorited": false,
        "retweeted": false,
        "possibly_sensitive": false,
        "lang": "en"
    },
    "is_quote_status": false,
    "retweet_count": 8,
    "favorite_count": 0,
    "favorited": false,
    "retweeted": false,
    "possibly_sensitive": false,
    "lang": "en"
}