{
    "created_at": "Wed Apr 17 18:31:15 +0000 2019",
    "id": 1118582713991290882,
    "id_str": "1118582713991290882",
    "text": "@squawkbox @sensiblestu And they\u2019ll and jump in an Uber home after protesting. Or after going to hospital to have t\u2026 https://t.co/MSk0DJp9km",
    "truncated": true,
    "entities": {
        "hashtags": [],
        "symbols": [],
        "user_mentions": [
            {
                "screen_name": "squawkbox",
                "name": "Will \ud83c\uddea\ud83c\uddfa",
                "id": 12222522,
                "id_str": "12222522",
                "indices": [
                    0,
                    10
                ]
            },
            {
                "screen_name": "sensiblestu",
                "name": "SensibleStu",
                "id": 139380872,
                "id_str": "139380872",
                "indices": [
                    11,
                    23
                ]
            }
        ],
        "urls": [
            {
                "url": "https://t.co/MSk0DJp9km",
                "expanded_url": "https://twitter.com/i/web/status/1118582713991290882",
                "display_url": "twitter.com/i/web/status/1\u2026",
                "indices": [
                    117,
                    140
                ]
            }
        ]
    },
    "metadata": {
        "iso_language_code": "en",
        "result_type": "recent"
    },
    "source": "<a href=\"http://twitter.com/download/iphone\" rel=\"nofollow\">Twitter for iPhone</a>",
    "in_reply_to_status_id": 1118531314087604224,
    "in_reply_to_status_id_str": "1118531314087604224",
    "in_reply_to_user_id": 12222522,
    "in_reply_to_user_id_str": "12222522",
    "in_reply_to_screen_name": "squawkbox",
    "user": {
        "id": 155188764,
        "id_str": "155188764",
        "name": "Daniel Eunson",
        "screen_name": "DanEunson",
        "location": "Edinburgh",
        "description": "Schedules guy on the buses, sometimes drive them too. @iboy_89 steals the covers. My views are my own entirely - whose else would they be?",
        "url": "https://t.co/bepPIPMe3E",
        "entities": {
            "url": {
                "urls": [
                    {
                        "url": "https://t.co/bepPIPMe3E",
                        "expanded_url": "https://www.twitter.com/DanEunson",
                        "display_url": "twitter.com/DanEunson",
                        "indices": [
                            0,
                            23
                        ]
                    }
                ]
            },
            "description": {
                "urls": []
            }
        },
        "protected": false,
        "followers_count": 820,
        "friends_count": 1415,
        "listed_count": 14,
        "created_at": "Sun Jun 13 11:58:32 +0000 2010",
        "favourites_count": 679,
        "utc_offset": null,
        "time_zone": null,
        "geo_enabled": true,
        "verified": false,
        "statuses_count": 16012,
        "lang": "en",
        "contributors_enabled": false,
        "is_translator": false,
        "is_translation_enabled": false,
        "profile_background_color": "C0DEED",
        "profile_background_image_url": "http://abs.twimg.com/images/themes/theme1/bg.png",
        "profile_background_image_url_https": "https://abs.twimg.com/images/themes/theme1/bg.png",
        "profile_background_tile": false,
        "profile_image_url": "http://pbs.twimg.com/profile_images/1092186459690409989/tPNWzXsB_normal.jpg",
        "profile_image_url_https": "https://pbs.twimg.com/profile_images/1092186459690409989/tPNWzXsB_normal.jpg",
        "profile_banner_url": "https://pbs.twimg.com/profile_banners/155188764/1353848612",
        "profile_link_color": "1DA1F2",
        "profile_sidebar_border_color": "C0DEED",
        "profile_sidebar_fill_color": "DDEEF6",
        "profile_text_color": "333333",
        "profile_use_background_image": true,
        "has_extended_profile": true,
        "default_profile": true,
        "default_profile_image": false,
        "following": null,
        "follow_request_sent": null,
        "notifications": null,
        "translator_type": "none"
    },
    "geo": null,
    "coordinates": null,
    "place": {
        "id": "7ae9e2f2ff7a87cd",
        "url": "https://api.twitter.com/1.1/geo/id/7ae9e2f2ff7a87cd.json",
        "place_type": "city",
        "name": "Edinburgh",
        "full_name": "Edinburgh, Scotland",
        "country_code": "GB",
        "country": "United Kingdom",
        "contained_within": [],
        "bounding_box": {
            "type": "Polygon",
            "coordinates": [
                [
                    [
                        -3.3285119,
                        55.894729
                    ],
                    [
                        -3.077505,
                        55.894729
                    ],
                    [
                        -3.077505,
                        55.991662
                    ],
                    [
                        -3.3285119,
                        55.991662
                    ]
                ]
            ]
        },
        "attributes": {}
    },
    "contributors": null,
    "is_quote_status": false,
    "retweet_count": 0,
    "favorite_count": 1,
    "favorited": false,
    "retweeted": false,
    "lang": "en"
}