{
    "created_at": "Tue Apr 16 21:58:58 +0000 2019",
    "id": 1118272596716470278,
    "id_str": "1118272596716470278",
    "text": "@15marches Dans le cas d'une plateforme, \"la supply side\" d\u00e9livre le service:\n- drivers Uber\n- appartements Airbnb\u2026 https://t.co/9n397YrKp5",
    "truncated": true,
    "entities": {
        "hashtags": [],
        "symbols": [],
        "user_mentions": [
            {
                "screen_name": "15marches",
                "name": "15marches",
                "id": 865911696,
                "id_str": "865911696",
                "indices": [
                    0,
                    10
                ]
            }
        ],
        "urls": [
            {
                "url": "https://t.co/9n397YrKp5",
                "expanded_url": "https://twitter.com/i/web/status/1118272596716470278",
                "display_url": "twitter.com/i/web/status/1\u2026",
                "indices": [
                    116,
                    139
                ]
            }
        ]
    },
    "metadata": {
        "iso_language_code": "fr",
        "result_type": "recent"
    },
    "source": "<a href=\"http://twitter.com\" rel=\"nofollow\">Twitter Web Client</a>",
    "in_reply_to_status_id": 1118268155695116288,
    "in_reply_to_status_id_str": "1118268155695116288",
    "in_reply_to_user_id": 865911696,
    "in_reply_to_user_id_str": "865911696",
    "in_reply_to_screen_name": "15marches",
    "user": {
        "id": 247764882,
        "id_str": "247764882",
        "name": "Paula \ud83d\udc34\ud83d\udeb2",
        "screen_name": "cormerap",
        "location": "London",
        "description": "Founder and CEO @getapony Shared bikes in UK and France. Loads of rides, Loads of ponies !",
        "url": "https://t.co/IJL2Z9gU6q",
        "entities": {
            "url": {
                "urls": [
                    {
                        "url": "https://t.co/IJL2Z9gU6q",
                        "expanded_url": "http://bit.ly/ponyapp",
                        "display_url": "bit.ly/ponyapp",
                        "indices": [
                            0,
                            23
                        ]
                    }
                ]
            },
            "description": {
                "urls": []
            }
        },
        "protected": false,
        "followers_count": 371,
        "friends_count": 540,
        "listed_count": 12,
        "created_at": "Sat Feb 05 14:30:40 +0000 2011",
        "favourites_count": 776,
        "utc_offset": null,
        "time_zone": null,
        "geo_enabled": true,
        "verified": false,
        "statuses_count": 395,
        "lang": "en-gb",
        "contributors_enabled": false,
        "is_translator": false,
        "is_translation_enabled": false,
        "profile_background_color": "000000",
        "profile_background_image_url": "http://abs.twimg.com/images/themes/theme1/bg.png",
        "profile_background_image_url_https": "https://abs.twimg.com/images/themes/theme1/bg.png",
        "profile_background_tile": false,
        "profile_image_url": "http://pbs.twimg.com/profile_images/1005810551572844544/t4soDygZ_normal.jpg",
        "profile_image_url_https": "https://pbs.twimg.com/profile_images/1005810551572844544/t4soDygZ_normal.jpg",
        "profile_banner_url": "https://pbs.twimg.com/profile_banners/247764882/1528638045",
        "profile_link_color": "321ED3",
        "profile_sidebar_border_color": "000000",
        "profile_sidebar_fill_color": "000000",
        "profile_text_color": "000000",
        "profile_use_background_image": false,
        "has_extended_profile": false,
        "default_profile": false,
        "default_profile_image": false,
        "following": null,
        "follow_request_sent": null,
        "notifications": null,
        "translator_type": "none"
    },
    "geo": null,
    "coordinates": null,
    "place": null,
    "contributors": null,
    "is_quote_status": false,
    "retweet_count": 0,
    "favorite_count": 0,
    "favorited": false,
    "retweeted": false,
    "lang": "fr"
}