{
    "created_at": "Wed Apr 17 16:29:59 +0000 2019",
    "id": 1118552193991364608,
    "id_str": "1118552193991364608",
    "text": "Uber\u2019s e-bikes had braking problems like Lyft, and rider were injured https://t.co/7x8isTGY8m by @verge",
    "truncated": false,
    "entities": {
        "hashtags": [],
        "symbols": [],
        "user_mentions": [
            {
                "screen_name": "verge",
                "name": "The Verge",
                "id": 275686563,
                "id_str": "275686563",
                "indices": [
                    97,
                    103
                ]
            }
        ],
        "urls": [
            {
                "url": "https://t.co/7x8isTGY8m",
                "expanded_url": "https://hubs.ly/H0hv45_0",
                "display_url": "hubs.ly/H0hv45_0",
                "indices": [
                    70,
                    93
                ]
            }
        ]
    },
    "metadata": {
        "iso_language_code": "en",
        "result_type": "recent"
    },
    "source": "<a href=\"http://www.hubspot.com/\" rel=\"nofollow\">HubSpot</a>",
    "in_reply_to_status_id": null,
    "in_reply_to_status_id_str": null,
    "in_reply_to_user_id": null,
    "in_reply_to_user_id_str": null,
    "in_reply_to_screen_name": null,
    "user": {
        "id": 1112717640676663298,
        "id_str": "1112717640676663298",
        "name": "Jordan Taylor",
        "screen_name": "JordanCwood1",
        "location": "Tarporley, England",
        "description": "Executive Search Consultant | Headhunter | Specialist in placing talented leaders in Technology companies globally.",
        "url": "https://t.co/Ov0qaNYra2",
        "entities": {
            "url": {
                "urls": [
                    {
                        "url": "https://t.co/Ov0qaNYra2",
                        "expanded_url": "https://www.collingwoodsearch.co.uk/",
                        "display_url": "collingwoodsearch.co.uk",
                        "indices": [
                            0,
                            23
                        ]
                    }
                ]
            },
            "description": {
                "urls": []
            }
        },
        "protected": false,
        "followers_count": 41,
        "friends_count": 240,
        "listed_count": 1,
        "created_at": "Mon Apr 01 14:05:33 +0000 2019",
        "favourites_count": 6,
        "utc_offset": null,
        "time_zone": null,
        "geo_enabled": false,
        "verified": false,
        "statuses_count": 261,
        "lang": "en",
        "contributors_enabled": false,
        "is_translator": false,
        "is_translation_enabled": false,
        "profile_background_color": "F5F8FA",
        "profile_background_image_url": null,
        "profile_background_image_url_https": null,
        "profile_background_tile": false,
        "profile_image_url": "http://pbs.twimg.com/profile_images/1112720573468151811/r5qLwb4A_normal.png",
        "profile_image_url_https": "https://pbs.twimg.com/profile_images/1112720573468151811/r5qLwb4A_normal.png",
        "profile_banner_url": "https://pbs.twimg.com/profile_banners/1112717640676663298/1554128087",
        "profile_link_color": "1DA1F2",
        "profile_sidebar_border_color": "C0DEED",
        "profile_sidebar_fill_color": "DDEEF6",
        "profile_text_color": "333333",
        "profile_use_background_image": true,
        "has_extended_profile": true,
        "default_profile": true,
        "default_profile_image": false,
        "following": null,
        "follow_request_sent": null,
        "notifications": null,
        "translator_type": "none"
    },
    "geo": null,
    "coordinates": null,
    "place": null,
    "contributors": null,
    "is_quote_status": false,
    "retweet_count": 0,
    "favorite_count": 0,
    "favorited": false,
    "retweeted": false,
    "possibly_sensitive": false,
    "lang": "en"
}