{
    "created_at": "Wed Apr 17 22:06:07 +0000 2019",
    "id": 1118636785972785152,
    "id_str": "1118636785972785152",
    "text": "Our analysis of the @Uber @lyft @CitiBikeNYC @jump_rides brake debacle ends up concluding that everyone is to blame\u2026 https://t.co/ACl76fMZt4",
    "truncated": true,
    "entities": {
        "hashtags": [],
        "symbols": [],
        "user_mentions": [
            {
                "screen_name": "Uber",
                "name": "Uber",
                "id": 19103481,
                "id_str": "19103481",
                "indices": [
                    20,
                    25
                ]
            },
            {
                "screen_name": "lyft",
                "name": "Lyft",
                "id": 569569550,
                "id_str": "569569550",
                "indices": [
                    26,
                    31
                ]
            },
            {
                "screen_name": "CitiBikeNYC",
                "name": "Citi Bike",
                "id": 366631688,
                "id_str": "366631688",
                "indices": [
                    32,
                    44
                ]
            },
            {
                "screen_name": "jump_rides",
                "name": "JUMP",
                "id": 868126911817502721,
                "id_str": "868126911817502721",
                "indices": [
                    45,
                    56
                ]
            }
        ],
        "urls": [
            {
                "url": "https://t.co/ACl76fMZt4",
                "expanded_url": "https://twitter.com/i/web/status/1118636785972785152",
                "display_url": "twitter.com/i/web/status/1\u2026",
                "indices": [
                    117,
                    140
                ]
            }
        ]
    },
    "metadata": {
        "iso_language_code": "en",
        "result_type": "recent"
    },
    "source": "<a href=\"https://about.twitter.com/products/tweetdeck\" rel=\"nofollow\">TweetDeck</a>",
    "in_reply_to_status_id": null,
    "in_reply_to_status_id_str": null,
    "in_reply_to_user_id": null,
    "in_reply_to_user_id_str": null,
    "in_reply_to_screen_name": null,
    "user": {
        "id": 128750686,
        "id_str": "128750686",
        "name": "Streetsblog New York",
        "screen_name": "StreetsblogNYC",
        "location": "New York City",
        "description": "Covering the movement for better walking, biking, and transit in the five boroughs. Tweets by @GershKuntzman.",
        "url": "https://t.co/VbmAMLvWlk",
        "entities": {
            "url": {
                "urls": [
                    {
                        "url": "https://t.co/VbmAMLvWlk",
                        "expanded_url": "http://nyc.streetsblog.org",
                        "display_url": "nyc.streetsblog.org",
                        "indices": [
                            0,
                            23
                        ]
                    }
                ]
            },
            "description": {
                "urls": []
            }
        },
        "protected": false,
        "followers_count": 24262,
        "friends_count": 693,
        "listed_count": 1124,
        "created_at": "Fri Apr 02 02:54:41 +0000 2010",
        "favourites_count": 515,
        "utc_offset": null,
        "time_zone": null,
        "geo_enabled": false,
        "verified": false,
        "statuses_count": 16726,
        "lang": "en",
        "contributors_enabled": false,
        "is_translator": false,
        "is_translation_enabled": false,
        "profile_background_color": "FFFFFF",
        "profile_background_image_url": "http://abs.twimg.com/images/themes/theme1/bg.png",
        "profile_background_image_url_https": "https://abs.twimg.com/images/themes/theme1/bg.png",
        "profile_background_tile": false,
        "profile_image_url": "http://pbs.twimg.com/profile_images/1542883981/streetsblog-nyc-twitter_normal.png",
        "profile_image_url_https": "https://pbs.twimg.com/profile_images/1542883981/streetsblog-nyc-twitter_normal.png",
        "profile_banner_url": "https://pbs.twimg.com/profile_banners/128750686/1481994118",
        "profile_link_color": "0084B4",
        "profile_sidebar_border_color": "FED368",
        "profile_sidebar_fill_color": "FFFAED",
        "profile_text_color": "333333",
        "profile_use_background_image": true,
        "has_extended_profile": false,
        "default_profile": false,
        "default_profile_image": false,
        "following": null,
        "follow_request_sent": null,
        "notifications": null,
        "translator_type": "none"
    },
    "geo": null,
    "coordinates": null,
    "place": null,
    "contributors": null,
    "is_quote_status": false,
    "retweet_count": 1,
    "favorite_count": 4,
    "favorited": false,
    "retweeted": false,
    "possibly_sensitive": false,
    "lang": "en"
}