{
    "created_at": "Wed Apr 17 10:18:24 +0000 2019",
    "id": 1118458681446809600,
    "id_str": "1118458681446809600",
    "text": "RT @UberFR: Votre appli Uber devient une plateforme multimodale : v\u00e9los et trottinettes \u00e9lectriques #JumpByUber seront disponibles d\u00e8s-dema\u2026",
    "truncated": false,
    "entities": {
        "hashtags": [
            {
                "text": "JumpByUber",
                "indices": [
                    100,
                    111
                ]
            }
        ],
        "symbols": [],
        "user_mentions": [
            {
                "screen_name": "UberFR",
                "name": "Uber France",
                "id": 346843160,
                "id_str": "346843160",
                "indices": [
                    3,
                    10
                ]
            }
        ],
        "urls": []
    },
    "metadata": {
        "iso_language_code": "fr",
        "result_type": "recent"
    },
    "source": "<a href=\"http://twitter.com/download/android\" rel=\"nofollow\">Twitter for Android</a>",
    "in_reply_to_status_id": null,
    "in_reply_to_status_id_str": null,
    "in_reply_to_user_id": null,
    "in_reply_to_user_id_str": null,
    "in_reply_to_screen_name": null,
    "user": {
        "id": 115509913,
        "id_str": "115509913",
        "name": "Thierry Gaudet",
        "screen_name": "Thierrydu01",
        "location": "St Jean sur reyssouze ",
        "description": "",
        "url": null,
        "entities": {
            "description": {
                "urls": []
            }
        },
        "protected": false,
        "followers_count": 285,
        "friends_count": 1136,
        "listed_count": 4,
        "created_at": "Thu Feb 18 22:18:11 +0000 2010",
        "favourites_count": 1512,
        "utc_offset": null,
        "time_zone": null,
        "geo_enabled": true,
        "verified": false,
        "statuses_count": 9672,
        "lang": "fr",
        "contributors_enabled": false,
        "is_translator": false,
        "is_translation_enabled": false,
        "profile_background_color": "C0DEED",
        "profile_background_image_url": "http://abs.twimg.com/images/themes/theme1/bg.png",
        "profile_background_image_url_https": "https://abs.twimg.com/images/themes/theme1/bg.png",
        "profile_background_tile": false,
        "profile_image_url": "http://pbs.twimg.com/profile_images/1098463731/U2_normal.jpg",
        "profile_image_url_https": "https://pbs.twimg.com/profile_images/1098463731/U2_normal.jpg",
        "profile_link_color": "1DA1F2",
        "profile_sidebar_border_color": "C0DEED",
        "profile_sidebar_fill_color": "DDEEF6",
        "profile_text_color": "333333",
        "profile_use_background_image": true,
        "has_extended_profile": false,
        "default_profile": true,
        "default_profile_image": false,
        "following": null,
        "follow_request_sent": null,
        "notifications": null,
        "translator_type": "none"
    },
    "geo": null,
    "coordinates": null,
    "place": null,
    "contributors": null,
    "retweeted_status": {
        "created_at": "Wed Apr 10 16:05:36 +0000 2019",
        "id": 1116009343760179201,
        "id_str": "1116009343760179201",
        "text": "Votre appli Uber devient une plateforme multimodale : v\u00e9los et trottinettes \u00e9lectriques #JumpByUber seront disponib\u2026 https://t.co/qlenzqVWot",
        "truncated": true,
        "entities": {
            "hashtags": [
                {
                    "text": "JumpByUber",
                    "indices": [
                        88,
                        99
                    ]
                }
            ],
            "symbols": [],
            "user_mentions": [],
            "urls": [
                {
                    "url": "https://t.co/qlenzqVWot",
                    "expanded_url": "https://twitter.com/i/web/status/1116009343760179201",
                    "display_url": "twitter.com/i/web/status/1\u2026",
                    "indices": [
                        117,
                        140
                    ]
                }
            ]
        },
        "metadata": {
            "iso_language_code": "fr",
            "result_type": "recent"
        },
        "source": "<a href=\"http://twitter.com\" rel=\"nofollow\">Twitter Web Client</a>",
        "in_reply_to_status_id": null,
        "in_reply_to_status_id_str": null,
        "in_reply_to_user_id": null,
        "in_reply_to_user_id_str": null,
        "in_reply_to_screen_name": null,
        "user": {
            "id": 346843160,
            "id_str": "346843160",
            "name": "Uber France",
            "screen_name": "UberFR",
            "location": "France",
            "description": "Bienvenue sur le compte officiel de Uber France. Un clic, des possibilit\u00e9s infinies. Une question ? @UberFR_support",
            "url": "https://t.co/c9A5NpXDSE",
            "entities": {
                "url": {
                    "urls": [
                        {
                            "url": "https://t.co/c9A5NpXDSE",
                            "expanded_url": "https://www.uber.com/fr",
                            "display_url": "uber.com/fr",
                            "indices": [
                                0,
                                23
                            ]
                        }
                    ]
                },
                "description": {
                    "urls": []
                }
            },
            "protected": false,
            "followers_count": 49223,
            "friends_count": 4304,
            "listed_count": 378,
            "created_at": "Mon Aug 01 22:43:39 +0000 2011",
            "favourites_count": 12252,
            "utc_offset": null,
            "time_zone": null,
            "geo_enabled": true,
            "verified": true,
            "statuses_count": 26069,
            "lang": "en",
            "contributors_enabled": false,
            "is_translator": false,
            "is_translation_enabled": false,
            "profile_background_color": "FFFFFF",
            "profile_background_image_url": "http://abs.twimg.com/images/themes/theme1/bg.png",
            "profile_background_image_url_https": "https://abs.twimg.com/images/themes/theme1/bg.png",
            "profile_background_tile": false,
            "profile_image_url": "http://pbs.twimg.com/profile_images/1039932632191180801/brPYZer5_normal.jpg",
            "profile_image_url_https": "https://pbs.twimg.com/profile_images/1039932632191180801/brPYZer5_normal.jpg",
            "profile_banner_url": "https://pbs.twimg.com/profile_banners/346843160/1536774229",
            "profile_link_color": "2C51BE",
            "profile_sidebar_border_color": "FFFFFF",
            "profile_sidebar_fill_color": "FAFAFA",
            "profile_text_color": "333333",
            "profile_use_background_image": true,
            "has_extended_profile": false,
            "default_profile": false,
            "default_profile_image": false,
            "following": null,
            "follow_request_sent": null,
            "notifications": null,
            "translator_type": "none"
        },
        "geo": null,
        "coordinates": null,
        "place": null,
        "contributors": null,
        "is_quote_status": false,
        "retweet_count": 42,
        "favorite_count": 64,
        "favorited": false,
        "retweeted": false,
        "possibly_sensitive": false,
        "lang": "fr"
    },
    "is_quote_status": false,
    "retweet_count": 42,
    "favorite_count": 0,
    "favorited": false,
    "retweeted": false,
    "lang": "fr"
}