{
    "created_at": "Tue Apr 16 20:51:31 +0000 2019",
    "id": 1118255621843890178,
    "id_str": "1118255621843890178",
    "text": "Uber says it fixed its e-bikes with similar brake problems as Lyft, but some riders were still injured  https://t.co/og9McDGObF",
    "truncated": false,
    "entities": {
        "hashtags": [],
        "symbols": [],
        "user_mentions": [],
        "urls": [
            {
                "url": "https://t.co/og9McDGObF",
                "expanded_url": "https://www.theverge.com/2019/4/16/18410812/uber-jump-ebike-braking-malfunction-injuries",
                "display_url": "theverge.com/2019/4/16/1841\u2026",
                "indices": [
                    104,
                    127
                ]
            }
        ]
    },
    "metadata": {
        "iso_language_code": "en",
        "result_type": "recent"
    },
    "source": "<a href=\"http://www.powerapps.com\" rel=\"nofollow\">Microsoft PowerApps and Flow</a>",
    "in_reply_to_status_id": null,
    "in_reply_to_status_id_str": null,
    "in_reply_to_user_id": null,
    "in_reply_to_user_id_str": null,
    "in_reply_to_screen_name": null,
    "user": {
        "id": 33443283,
        "id_str": "33443283",
        "name": "Dirk Strauss",
        "screen_name": "DirkStrauss",
        "location": "South Africa",
        "description": "Software Developer, Microsoft MVP, Coffee Drinker, Author and Professional Grouch. Views are my own. dirkstrauss@protonmail.com",
        "url": "https://t.co/t3FvyeWNac",
        "entities": {
            "url": {
                "urls": [
                    {
                        "url": "https://t.co/t3FvyeWNac",
                        "expanded_url": "http://www.dirkstrauss.com/",
                        "display_url": "dirkstrauss.com",
                        "indices": [
                            0,
                            23
                        ]
                    }
                ]
            },
            "description": {
                "urls": []
            }
        },
        "protected": false,
        "followers_count": 1287,
        "friends_count": 475,
        "listed_count": 168,
        "created_at": "Mon Apr 20 06:06:28 +0000 2009",
        "favourites_count": 1674,
        "utc_offset": null,
        "time_zone": null,
        "geo_enabled": true,
        "verified": false,
        "statuses_count": 99090,
        "lang": "en",
        "contributors_enabled": false,
        "is_translator": false,
        "is_translation_enabled": false,
        "profile_background_color": "000000",
        "profile_background_image_url": "http://abs.twimg.com/images/themes/theme14/bg.gif",
        "profile_background_image_url_https": "https://abs.twimg.com/images/themes/theme14/bg.gif",
        "profile_background_tile": false,
        "profile_image_url": "http://pbs.twimg.com/profile_images/1099291367073869824/OJ0v8qIY_normal.jpg",
        "profile_image_url_https": "https://pbs.twimg.com/profile_images/1099291367073869824/OJ0v8qIY_normal.jpg",
        "profile_banner_url": "https://pbs.twimg.com/profile_banners/33443283/1544548401",
        "profile_link_color": "1B95E0",
        "profile_sidebar_border_color": "FFFFFF",
        "profile_sidebar_fill_color": "6A90CE",
        "profile_text_color": "000000",
        "profile_use_background_image": true,
        "has_extended_profile": true,
        "default_profile": false,
        "default_profile_image": false,
        "following": null,
        "follow_request_sent": null,
        "notifications": null,
        "translator_type": "none"
    },
    "geo": null,
    "coordinates": null,
    "place": null,
    "contributors": null,
    "is_quote_status": false,
    "retweet_count": 0,
    "favorite_count": 0,
    "favorited": false,
    "retweeted": false,
    "possibly_sensitive": false,
    "lang": "en"
}