{
    "created_at": "Thu Apr 18 14:53:58 +0000 2019",
    "id": 1118890420887408641,
    "id_str": "1118890420887408641",
    "text": "@asymco I completely agree with this. I always either walk or take a @jump_rides bike to important meetings. A bad\u2026 https://t.co/La9enPdESk",
    "truncated": true,
    "entities": {
        "hashtags": [],
        "symbols": [],
        "user_mentions": [
            {
                "screen_name": "asymco",
                "name": "Horace Dediu",
                "id": 110520327,
                "id_str": "110520327",
                "indices": [
                    0,
                    7
                ]
            },
            {
                "screen_name": "jump_rides",
                "name": "JUMP",
                "id": 868126911817502721,
                "id_str": "868126911817502721",
                "indices": [
                    69,
                    80
                ]
            }
        ],
        "urls": [
            {
                "url": "https://t.co/La9enPdESk",
                "expanded_url": "https://twitter.com/i/web/status/1118890420887408641",
                "display_url": "twitter.com/i/web/status/1\u2026",
                "indices": [
                    116,
                    139
                ]
            }
        ]
    },
    "metadata": {
        "iso_language_code": "en",
        "result_type": "recent"
    },
    "source": "<a href=\"http://twitter.com/download/android\" rel=\"nofollow\">Twitter for Android</a>",
    "in_reply_to_status_id": 1118530522144235521,
    "in_reply_to_status_id_str": "1118530522144235521",
    "in_reply_to_user_id": 110520327,
    "in_reply_to_user_id_str": "110520327",
    "in_reply_to_screen_name": "asymco",
    "user": {
        "id": 29345003,
        "id_str": "29345003",
        "name": "aaron nathan",
        "screen_name": "AaronMNathan",
        "location": "sf, ca",
        "description": "founder & ceo @pointonenav. Robot empowerer, engineering magician and avid cyclist.",
        "url": null,
        "entities": {
            "description": {
                "urls": []
            }
        },
        "protected": false,
        "followers_count": 349,
        "friends_count": 659,
        "listed_count": 22,
        "created_at": "Tue Apr 07 01:26:25 +0000 2009",
        "favourites_count": 1241,
        "utc_offset": null,
        "time_zone": null,
        "geo_enabled": true,
        "verified": false,
        "statuses_count": 892,
        "lang": "en",
        "contributors_enabled": false,
        "is_translator": false,
        "is_translation_enabled": false,
        "profile_background_color": "000000",
        "profile_background_image_url": "http://abs.twimg.com/images/themes/theme9/bg.gif",
        "profile_background_image_url_https": "https://abs.twimg.com/images/themes/theme9/bg.gif",
        "profile_background_tile": false,
        "profile_image_url": "http://pbs.twimg.com/profile_images/575716053264662528/W95H4hhI_normal.jpeg",
        "profile_image_url_https": "https://pbs.twimg.com/profile_images/575716053264662528/W95H4hhI_normal.jpeg",
        "profile_link_color": "4A913C",
        "profile_sidebar_border_color": "000000",
        "profile_sidebar_fill_color": "000000",
        "profile_text_color": "000000",
        "profile_use_background_image": false,
        "has_extended_profile": false,
        "default_profile": false,
        "default_profile_image": false,
        "following": null,
        "follow_request_sent": null,
        "notifications": null,
        "translator_type": "none"
    },
    "geo": null,
    "coordinates": null,
    "place": null,
    "contributors": null,
    "is_quote_status": false,
    "retweet_count": 0,
    "favorite_count": 1,
    "favorited": false,
    "retweeted": false,
    "lang": "en"
}