{
    "created_at": "Wed Apr 17 12:52:28 +0000 2019",
    "id": 1118497453559504896,
    "id_str": "1118497453559504896",
    "text": "https://t.co/Ke9Y6jGrYT",
    "truncated": false,
    "entities": {
        "hashtags": [],
        "symbols": [],
        "user_mentions": [],
        "urls": [
            {
                "url": "https://t.co/Ke9Y6jGrYT",
                "expanded_url": "https://www.washingtonpost.com/transportation/2019/04/16/uber-introduces-jump-scooters-dc-changes-its-price-structure-its-popular-e-bikes/",
                "display_url": "washingtonpost.com/transportation\u2026",
                "indices": [
                    0,
                    23
                ]
            }
        ]
    },
    "metadata": {
        "iso_language_code": "und",
        "result_type": "recent"
    },
    "source": "<a href=\"http://twitter.com/download/iphone\" rel=\"nofollow\">Twitter for iPhone</a>",
    "in_reply_to_status_id": null,
    "in_reply_to_status_id_str": null,
    "in_reply_to_user_id": null,
    "in_reply_to_user_id_str": null,
    "in_reply_to_screen_name": null,
    "user": {
        "id": 286439617,
        "id_str": "286439617",
        "name": "Endgame M",
        "screen_name": "ranpuba",
        "location": "DC",
        "description": "Certified trouble-maker, @WABADC member, @DCBAC Rep, #BikeDC communicator, employed by the people, a reluctant cat person",
        "url": "https://t.co/k3bqu054bW",
        "entities": {
            "url": {
                "urls": [
                    {
                        "url": "https://t.co/k3bqu054bW",
                        "expanded_url": "http://bikespecific.blogspot.com/",
                        "display_url": "bikespecific.blogspot.com",
                        "indices": [
                            0,
                            23
                        ]
                    }
                ]
            },
            "description": {
                "urls": []
            }
        },
        "protected": false,
        "followers_count": 890,
        "friends_count": 759,
        "listed_count": 44,
        "created_at": "Sat Apr 23 00:54:01 +0000 2011",
        "favourites_count": 9624,
        "utc_offset": null,
        "time_zone": null,
        "geo_enabled": true,
        "verified": false,
        "statuses_count": 36162,
        "lang": "en",
        "contributors_enabled": false,
        "is_translator": false,
        "is_translation_enabled": false,
        "profile_background_color": "1A1B1F",
        "profile_background_image_url": "http://abs.twimg.com/images/themes/theme9/bg.gif",
        "profile_background_image_url_https": "https://abs.twimg.com/images/themes/theme9/bg.gif",
        "profile_background_tile": false,
        "profile_image_url": "http://pbs.twimg.com/profile_images/914546255631699968/SkoZE9rl_normal.jpg",
        "profile_image_url_https": "https://pbs.twimg.com/profile_images/914546255631699968/SkoZE9rl_normal.jpg",
        "profile_banner_url": "https://pbs.twimg.com/profile_banners/286439617/1403611676",
        "profile_link_color": "1A1B1F",
        "profile_sidebar_border_color": "000000",
        "profile_sidebar_fill_color": "000000",
        "profile_text_color": "000000",
        "profile_use_background_image": true,
        "has_extended_profile": true,
        "default_profile": false,
        "default_profile_image": false,
        "following": null,
        "follow_request_sent": null,
        "notifications": null,
        "translator_type": "none"
    },
    "geo": null,
    "coordinates": null,
    "place": null,
    "contributors": null,
    "is_quote_status": false,
    "retweet_count": 0,
    "favorite_count": 0,
    "favorited": false,
    "retweeted": false,
    "possibly_sensitive": false,
    "lang": "und"
}