{
    "created_at": "Tue Apr 16 16:51:23 +0000 2019",
    "id": 1118195191146405893,
    "id_str": "1118195191146405893",
    "text": "@LadyBelinda57 @Daithi_Kyme1 @Uber exactly why the cab teaming of smoke was a red flag! The Capet was ripped up, an\u2026 https://t.co/ElUmcRYeWC",
    "truncated": true,
    "entities": {
        "hashtags": [],
        "symbols": [],
        "user_mentions": [
            {
                "screen_name": "LadyBelinda57",
                "name": "Lady Belinda",
                "id": 902187490651643906,
                "id_str": "902187490651643906",
                "indices": [
                    0,
                    14
                ]
            },
            {
                "screen_name": "Daithi_Kyme1",
                "name": "David Kime",
                "id": 867169160979247108,
                "id_str": "867169160979247108",
                "indices": [
                    15,
                    28
                ]
            },
            {
                "screen_name": "Uber",
                "name": "Uber",
                "id": 19103481,
                "id_str": "19103481",
                "indices": [
                    29,
                    34
                ]
            }
        ],
        "urls": [
            {
                "url": "https://t.co/ElUmcRYeWC",
                "expanded_url": "https://twitter.com/i/web/status/1118195191146405893",
                "display_url": "twitter.com/i/web/status/1\u2026",
                "indices": [
                    117,
                    140
                ]
            }
        ]
    },
    "metadata": {
        "iso_language_code": "en",
        "result_type": "recent"
    },
    "source": "<a href=\"http://twitter.com/download/iphone\" rel=\"nofollow\">Twitter for iPhone</a>",
    "in_reply_to_status_id": 1118185494414811136,
    "in_reply_to_status_id_str": "1118185494414811136",
    "in_reply_to_user_id": 902187490651643906,
    "in_reply_to_user_id_str": "902187490651643906",
    "in_reply_to_screen_name": "LadyBelinda57",
    "user": {
        "id": 43149749,
        "id_str": "43149749",
        "name": "Maureen Downey",
        "screen_name": "moevino",
        "location": "San Francisco, CA",
        "description": "ChaiConsulting: wine buying, collection curation, liquidation. ChaiVault: Blockchain solution for authenticity & provenance in wines & spirits. @WineFraud.com",
        "url": "https://t.co/RC9pynXJm6",
        "entities": {
            "url": {
                "urls": [
                    {
                        "url": "https://t.co/RC9pynXJm6",
                        "expanded_url": "http://www.ChaiConsulting.com",
                        "display_url": "ChaiConsulting.com",
                        "indices": [
                            0,
                            23
                        ]
                    }
                ]
            },
            "description": {
                "urls": []
            }
        },
        "protected": false,
        "followers_count": 3725,
        "friends_count": 2080,
        "listed_count": 132,
        "created_at": "Thu May 28 17:06:57 +0000 2009",
        "favourites_count": 7152,
        "utc_offset": null,
        "time_zone": null,
        "geo_enabled": true,
        "verified": false,
        "statuses_count": 7211,
        "lang": "en",
        "contributors_enabled": false,
        "is_translator": false,
        "is_translation_enabled": false,
        "profile_background_color": "C0DEED",
        "profile_background_image_url": "http://abs.twimg.com/images/themes/theme1/bg.png",
        "profile_background_image_url_https": "https://abs.twimg.com/images/themes/theme1/bg.png",
        "profile_background_tile": false,
        "profile_image_url": "http://pbs.twimg.com/profile_images/824436871291756544/2fvUKmLg_normal.jpg",
        "profile_image_url_https": "https://pbs.twimg.com/profile_images/824436871291756544/2fvUKmLg_normal.jpg",
        "profile_banner_url": "https://pbs.twimg.com/profile_banners/43149749/1536622794",
        "profile_link_color": "0084B4",
        "profile_sidebar_border_color": "C0DEED",
        "profile_sidebar_fill_color": "DDEEF6",
        "profile_text_color": "333333",
        "profile_use_background_image": true,
        "has_extended_profile": true,
        "default_profile": false,
        "default_profile_image": false,
        "following": null,
        "follow_request_sent": null,
        "notifications": null,
        "translator_type": "regular"
    },
    "geo": null,
    "coordinates": null,
    "place": null,
    "contributors": null,
    "is_quote_status": false,
    "retweet_count": 0,
    "favorite_count": 0,
    "favorited": false,
    "retweeted": false,
    "lang": "en"
}