{
    "created_at": "Wed Apr 17 19:02:11 +0000 2019",
    "id": 1118590496924999682,
    "id_str": "1118590496924999682",
    "text": "@rachelfaith97 I mean I'll still have hurdles to jump through, namely getting a license/car and living off uber until then.",
    "truncated": false,
    "entities": {
        "hashtags": [],
        "symbols": [],
        "user_mentions": [
            {
                "screen_name": "rachelfaith97",
                "name": "rachel faith",
                "id": 281272566,
                "id_str": "281272566",
                "indices": [
                    0,
                    14
                ]
            }
        ],
        "urls": []
    },
    "metadata": {
        "iso_language_code": "en",
        "result_type": "recent"
    },
    "source": "<a href=\"http://twitter.com/download/iphone\" rel=\"nofollow\">Twitter for iPhone</a>",
    "in_reply_to_status_id": 1118589304442359812,
    "in_reply_to_status_id_str": "1118589304442359812",
    "in_reply_to_user_id": 281272566,
    "in_reply_to_user_id_str": "281272566",
    "in_reply_to_screen_name": "rachelfaith97",
    "user": {
        "id": 3308947139,
        "id_str": "3308947139",
        "name": "conservation queen",
        "screen_name": "norathelostgirl",
        "location": "Waka Waka",
        "description": "probably in Epcot",
        "url": "https://t.co/EnMP53Tx91",
        "entities": {
            "url": {
                "urls": [
                    {
                        "url": "https://t.co/EnMP53Tx91",
                        "expanded_url": "http://www.instagram.com/norakath_ryn/",
                        "display_url": "instagram.com/norakath_ryn/",
                        "indices": [
                            0,
                            23
                        ]
                    }
                ]
            },
            "description": {
                "urls": []
            }
        },
        "protected": false,
        "followers_count": 339,
        "friends_count": 611,
        "listed_count": 3,
        "created_at": "Fri Jun 05 04:43:22 +0000 2015",
        "favourites_count": 15946,
        "utc_offset": null,
        "time_zone": null,
        "geo_enabled": true,
        "verified": false,
        "statuses_count": 4922,
        "lang": "en",
        "contributors_enabled": false,
        "is_translator": false,
        "is_translation_enabled": false,
        "profile_background_color": "000000",
        "profile_background_image_url": "http://abs.twimg.com/images/themes/theme1/bg.png",
        "profile_background_image_url_https": "https://abs.twimg.com/images/themes/theme1/bg.png",
        "profile_background_tile": false,
        "profile_image_url": "http://pbs.twimg.com/profile_images/1108856852043968512/dGuPTX2c_normal.jpg",
        "profile_image_url_https": "https://pbs.twimg.com/profile_images/1108856852043968512/dGuPTX2c_normal.jpg",
        "profile_banner_url": "https://pbs.twimg.com/profile_banners/3308947139/1550037289",
        "profile_link_color": "FF6698",
        "profile_sidebar_border_color": "000000",
        "profile_sidebar_fill_color": "000000",
        "profile_text_color": "000000",
        "profile_use_background_image": false,
        "has_extended_profile": true,
        "default_profile": false,
        "default_profile_image": false,
        "following": null,
        "follow_request_sent": null,
        "notifications": null,
        "translator_type": "none"
    },
    "geo": null,
    "coordinates": null,
    "place": null,
    "contributors": null,
    "is_quote_status": false,
    "retweet_count": 0,
    "favorite_count": 1,
    "favorited": false,
    "retweeted": false,
    "lang": "en"
}