{
    "created_at": "Wed Apr 17 06:12:44 +0000 2019",
    "id": 1118396859377246208,
    "id_str": "1118396859377246208",
    "text": "UBER EAT!!! Je d\u00e9couvre le nouveau V\u00c9LO \u00c9LECTRIQUE de chez UBER dans PARIS: JUMP. \ud83d\ude2e\n\nhttps://t.co/R8fu5w4TWe",
    "truncated": false,
    "entities": {
        "hashtags": [],
        "symbols": [],
        "user_mentions": [],
        "urls": [
            {
                "url": "https://t.co/R8fu5w4TWe",
                "expanded_url": "https://youtu.be/ZeCU2FD3-UI",
                "display_url": "youtu.be/ZeCU2FD3-UI",
                "indices": [
                    85,
                    108
                ]
            }
        ]
    },
    "metadata": {
        "iso_language_code": "fr",
        "result_type": "recent"
    },
    "source": "<a href=\"https://mobile.twitter.com\" rel=\"nofollow\">Twitter Web App</a>",
    "in_reply_to_status_id": null,
    "in_reply_to_status_id_str": null,
    "in_reply_to_user_id": null,
    "in_reply_to_user_id_str": null,
    "in_reply_to_screen_name": null,
    "user": {
        "id": 1105805050193080321,
        "id_str": "1105805050193080321",
        "name": "Serken Full",
        "screen_name": "SerkenF",
        "location": "",
        "description": "Paris nous Appartient!!! \ud83d\ude00",
        "url": null,
        "entities": {
            "description": {
                "urls": []
            }
        },
        "protected": false,
        "followers_count": 2,
        "friends_count": 0,
        "listed_count": 0,
        "created_at": "Wed Mar 13 12:17:23 +0000 2019",
        "favourites_count": 0,
        "utc_offset": null,
        "time_zone": null,
        "geo_enabled": false,
        "verified": false,
        "statuses_count": 154,
        "lang": "fr",
        "contributors_enabled": false,
        "is_translator": false,
        "is_translation_enabled": false,
        "profile_background_color": "F5F8FA",
        "profile_background_image_url": null,
        "profile_background_image_url_https": null,
        "profile_background_tile": false,
        "profile_image_url": "http://pbs.twimg.com/profile_images/1105805450803642369/j9CijurB_normal.jpg",
        "profile_image_url_https": "https://pbs.twimg.com/profile_images/1105805450803642369/j9CijurB_normal.jpg",
        "profile_banner_url": "https://pbs.twimg.com/profile_banners/1105805050193080321/1552482505",
        "profile_link_color": "1DA1F2",
        "profile_sidebar_border_color": "C0DEED",
        "profile_sidebar_fill_color": "DDEEF6",
        "profile_text_color": "333333",
        "profile_use_background_image": true,
        "has_extended_profile": false,
        "default_profile": true,
        "default_profile_image": false,
        "following": null,
        "follow_request_sent": null,
        "notifications": null,
        "translator_type": "none"
    },
    "geo": null,
    "coordinates": null,
    "place": null,
    "contributors": null,
    "is_quote_status": false,
    "retweet_count": 0,
    "favorite_count": 0,
    "favorited": false,
    "retweeted": false,
    "possibly_sensitive": false,
    "lang": "fr"
}