{
    "created_at": "Tue Apr 16 20:16:50 +0000 2019",
    "id": 1118246897184014341,
    "id_str": "1118246897184014341",
    "text": "@Velib @bbhqhqq @DamienMorka @ololo_velib @BoyMarais @painrisien @raphoun @hmazoyer @angelinemontoya @HappyEmile\u2026 https://t.co/Na5vMyc04D",
    "truncated": true,
    "entities": {
        "hashtags": [],
        "symbols": [],
        "user_mentions": [
            {
                "screen_name": "Velib",
                "name": "V\u00e9lib' ",
                "id": 182768827,
                "id_str": "182768827",
                "indices": [
                    0,
                    6
                ]
            },
            {
                "screen_name": "bbhqhqq",
                "name": "N n'qqollllqlqll BbhqhqQ'",
                "id": 950676385286238208,
                "id_str": "950676385286238208",
                "indices": [
                    7,
                    15
                ]
            },
            {
                "screen_name": "DamienMorka",
                "name": "Damien M\u00f3rka",
                "id": 745177830670032897,
                "id_str": "745177830670032897",
                "indices": [
                    16,
                    28
                ]
            },
            {
                "screen_name": "ololo_velib",
                "name": "ololo",
                "id": 975027025265283075,
                "id_str": "975027025265283075",
                "indices": [
                    29,
                    41
                ]
            },
            {
                "screen_name": "BoyMarais",
                "name": "Un v\u00e9lo du Marais",
                "id": 914018702810591232,
                "id_str": "914018702810591232",
                "indices": [
                    42,
                    52
                ]
            },
            {
                "screen_name": "painrisien",
                "name": "painrisien",
                "id": 291263550,
                "id_str": "291263550",
                "indices": [
                    53,
                    64
                ]
            },
            {
                "screen_name": "raphoun",
                "name": "Rapha\u00ebl",
                "id": 25874152,
                "id_str": "25874152",
                "indices": [
                    65,
                    73
                ]
            },
            {
                "screen_name": "hmazoyer",
                "name": "Henri MAZOYER",
                "id": 614070979,
                "id_str": "614070979",
                "indices": [
                    74,
                    83
                ]
            },
            {
                "screen_name": "angelinemontoya",
                "name": "Angeline Montoya",
                "id": 37170773,
                "id_str": "37170773",
                "indices": [
                    84,
                    100
                ]
            },
            {
                "screen_name": "HappyEmile",
                "name": "Happy \u00c9mile",
                "id": 797400798913318916,
                "id_str": "797400798913318916",
                "indices": [
                    101,
                    112
                ]
            }
        ],
        "urls": [
            {
                "url": "https://t.co/Na5vMyc04D",
                "expanded_url": "https://twitter.com/i/web/status/1118246897184014341",
                "display_url": "twitter.com/i/web/status/1\u2026",
                "indices": [
                    114,
                    137
                ]
            }
        ]
    },
    "metadata": {
        "iso_language_code": "fr",
        "result_type": "recent"
    },
    "source": "<a href=\"http://twitter.com\" rel=\"nofollow\">Twitter Web Client</a>",
    "in_reply_to_status_id": 1118166537939169283,
    "in_reply_to_status_id_str": "1118166537939169283",
    "in_reply_to_user_id": 182768827,
    "in_reply_to_user_id_str": "182768827",
    "in_reply_to_screen_name": "Velib",
    "user": {
        "id": 15905951,
        "id_str": "15905951",
        "name": "films7.com actress.camera",
        "screen_name": "films7",
        "location": "",
        "description": "FILMS, ACTORS, DIRECTORS",
        "url": "https://t.co/EtuPYdFEcJ",
        "entities": {
            "url": {
                "urls": [
                    {
                        "url": "https://t.co/EtuPYdFEcJ",
                        "expanded_url": "http://films7.com",
                        "display_url": "films7.com",
                        "indices": [
                            0,
                            23
                        ]
                    }
                ]
            },
            "description": {
                "urls": []
            }
        },
        "protected": false,
        "followers_count": 1667,
        "friends_count": 1758,
        "listed_count": 45,
        "created_at": "Tue Aug 19 16:19:00 +0000 2008",
        "favourites_count": 556,
        "utc_offset": null,
        "time_zone": null,
        "geo_enabled": false,
        "verified": false,
        "statuses_count": 3020,
        "lang": "en",
        "contributors_enabled": false,
        "is_translator": false,
        "is_translation_enabled": false,
        "profile_background_color": "709397",
        "profile_background_image_url": "http://abs.twimg.com/images/themes/theme1/bg.png",
        "profile_background_image_url_https": "https://abs.twimg.com/images/themes/theme1/bg.png",
        "profile_background_tile": false,
        "profile_image_url": "http://pbs.twimg.com/profile_images/1054085087610986496/HG88iXu6_normal.jpg",
        "profile_image_url_https": "https://pbs.twimg.com/profile_images/1054085087610986496/HG88iXu6_normal.jpg",
        "profile_banner_url": "https://pbs.twimg.com/profile_banners/15905951/1523231064",
        "profile_link_color": "FF3300",
        "profile_sidebar_border_color": "86A4A6",
        "profile_sidebar_fill_color": "A0C5C7",
        "profile_text_color": "333333",
        "profile_use_background_image": true,
        "has_extended_profile": false,
        "default_profile": false,
        "default_profile_image": false,
        "following": null,
        "follow_request_sent": null,
        "notifications": null,
        "translator_type": "none"
    },
    "geo": null,
    "coordinates": null,
    "place": null,
    "contributors": null,
    "is_quote_status": false,
    "retweet_count": 0,
    "favorite_count": 0,
    "favorited": false,
    "retweeted": false,
    "possibly_sensitive": false,
    "lang": "fr"
}