{
    "created_at": "Wed Apr 17 19:46:01 +0000 2019",
    "id": 1118601528561012737,
    "id_str": "1118601528561012737",
    "text": "Uber bikes once recalled for brake problems similar to Lyft bikes. https://t.co/fxul3TfX6X https://t.co/IhCnfoMp6V",
    "truncated": false,
    "entities": {
        "hashtags": [],
        "symbols": [],
        "user_mentions": [],
        "urls": [
            {
                "url": "https://t.co/fxul3TfX6X",
                "expanded_url": "https://sf.curbed.com/2019/4/17/18412440/uber-jump-brakes-shimano-lyft-gobike-recall-san-francsico?utm_campaign=sf.curbed&utm_content=chorus&utm_medium=social&utm_source=twitter",
                "display_url": "sf.curbed.com/2019/4/17/1841\u2026",
                "indices": [
                    67,
                    90
                ]
            }
        ],
        "media": [
            {
                "id": 1118601525784399873,
                "id_str": "1118601525784399873",
                "indices": [
                    91,
                    114
                ],
                "media_url": "http://pbs.twimg.com/media/D4YSKT2W0AEBzP4.jpg",
                "media_url_https": "https://pbs.twimg.com/media/D4YSKT2W0AEBzP4.jpg",
                "url": "https://t.co/IhCnfoMp6V",
                "display_url": "pic.twitter.com/IhCnfoMp6V",
                "expanded_url": "https://twitter.com/CurbedSF/status/1118601528561012737/photo/1",
                "type": "photo",
                "sizes": {
                    "thumb": {
                        "w": 150,
                        "h": 150,
                        "resize": "crop"
                    },
                    "medium": {
                        "w": 1200,
                        "h": 800,
                        "resize": "fit"
                    },
                    "small": {
                        "w": 680,
                        "h": 453,
                        "resize": "fit"
                    },
                    "large": {
                        "w": 2048,
                        "h": 1365,
                        "resize": "fit"
                    }
                }
            }
        ]
    },
    "extended_entities": {
        "media": [
            {
                "id": 1118601525784399873,
                "id_str": "1118601525784399873",
                "indices": [
                    91,
                    114
                ],
                "media_url": "http://pbs.twimg.com/media/D4YSKT2W0AEBzP4.jpg",
                "media_url_https": "https://pbs.twimg.com/media/D4YSKT2W0AEBzP4.jpg",
                "url": "https://t.co/IhCnfoMp6V",
                "display_url": "pic.twitter.com/IhCnfoMp6V",
                "expanded_url": "https://twitter.com/CurbedSF/status/1118601528561012737/photo/1",
                "type": "photo",
                "sizes": {
                    "thumb": {
                        "w": 150,
                        "h": 150,
                        "resize": "crop"
                    },
                    "medium": {
                        "w": 1200,
                        "h": 800,
                        "resize": "fit"
                    },
                    "small": {
                        "w": 680,
                        "h": 453,
                        "resize": "fit"
                    },
                    "large": {
                        "w": 2048,
                        "h": 1365,
                        "resize": "fit"
                    }
                }
            }
        ]
    },
    "metadata": {
        "iso_language_code": "en",
        "result_type": "recent"
    },
    "source": "<a href=\"http://www.voxmedia.com\" rel=\"nofollow\">Vox Media</a>",
    "in_reply_to_status_id": null,
    "in_reply_to_status_id_str": null,
    "in_reply_to_user_id": null,
    "in_reply_to_user_id_str": null,
    "in_reply_to_screen_name": null,
    "user": {
        "id": 14343189,
        "id_str": "14343189",
        "name": "Curbed SF",
        "screen_name": "CurbedSF",
        "location": "San Francisco, CA",
        "description": "Every aspect of living in San Francisco, for people who care about their city, their streets, and their homes.",
        "url": "https://t.co/s9KwwCIwfK",
        "entities": {
            "url": {
                "urls": [
                    {
                        "url": "https://t.co/s9KwwCIwfK",
                        "expanded_url": "http://sf.curbed.com",
                        "display_url": "sf.curbed.com",
                        "indices": [
                            0,
                            23
                        ]
                    }
                ]
            },
            "description": {
                "urls": []
            }
        },
        "protected": false,
        "followers_count": 29133,
        "friends_count": 793,
        "listed_count": 1075,
        "created_at": "Wed Apr 09 16:45:55 +0000 2008",
        "favourites_count": 3751,
        "utc_offset": null,
        "time_zone": null,
        "geo_enabled": false,
        "verified": true,
        "statuses_count": 27065,
        "lang": "en",
        "contributors_enabled": false,
        "is_translator": false,
        "is_translation_enabled": false,
        "profile_background_color": "000000",
        "profile_background_image_url": "http://abs.twimg.com/images/themes/theme9/bg.gif",
        "profile_background_image_url_https": "https://abs.twimg.com/images/themes/theme9/bg.gif",
        "profile_background_tile": false,
        "profile_image_url": "http://pbs.twimg.com/profile_images/823573148180316160/TetpDG9v_normal.jpg",
        "profile_image_url_https": "https://pbs.twimg.com/profile_images/823573148180316160/TetpDG9v_normal.jpg",
        "profile_banner_url": "https://pbs.twimg.com/profile_banners/14343189/1464039860",
        "profile_link_color": "FF604A",
        "profile_sidebar_border_color": "000000",
        "profile_sidebar_fill_color": "000000",
        "profile_text_color": "000000",
        "profile_use_background_image": false,
        "has_extended_profile": false,
        "default_profile": false,
        "default_profile_image": false,
        "following": null,
        "follow_request_sent": null,
        "notifications": null,
        "translator_type": "regular"
    },
    "geo": null,
    "coordinates": null,
    "place": null,
    "contributors": null,
    "is_quote_status": false,
    "retweet_count": 0,
    "favorite_count": 0,
    "favorited": false,
    "retweeted": false,
    "possibly_sensitive": false,
    "lang": "en"
}