{
    "created_at": "Tue Apr 16 23:57:26 +0000 2019",
    "id": 1118302412459118593,
    "id_str": "1118302412459118593",
    "text": "@JGats_ Here to help, Julie. Please provide your city and unit number of the JUMP scooter so we can further review.\u2026 https://t.co/yBmSovryoD",
    "truncated": true,
    "entities": {
        "hashtags": [],
        "symbols": [],
        "user_mentions": [
            {
                "screen_name": "JGats_",
                "name": "Julie",
                "id": 296702379,
                "id_str": "296702379",
                "indices": [
                    0,
                    7
                ]
            }
        ],
        "urls": [
            {
                "url": "https://t.co/yBmSovryoD",
                "expanded_url": "https://twitter.com/i/web/status/1118302412459118593",
                "display_url": "twitter.com/i/web/status/1\u2026",
                "indices": [
                    117,
                    140
                ]
            }
        ]
    },
    "metadata": {
        "iso_language_code": "en",
        "result_type": "recent"
    },
    "source": "<a href=\"https://www.sprinklr.com\" rel=\"nofollow\">Sprinklr</a>",
    "in_reply_to_status_id": 1118300893907017729,
    "in_reply_to_status_id_str": "1118300893907017729",
    "in_reply_to_user_id": 296702379,
    "in_reply_to_user_id_str": "296702379",
    "in_reply_to_screen_name": "JGats_",
    "user": {
        "id": 2815754953,
        "id_str": "2815754953",
        "name": "Uber Support",
        "screen_name": "Uber_Support",
        "location": "Global",
        "description": "Uber's official support handle, here to help!  Lost something? https://t.co/AM0NVlswng",
        "url": "http://t.co/6M7YvfMcMM",
        "entities": {
            "url": {
                "urls": [
                    {
                        "url": "http://t.co/6M7YvfMcMM",
                        "expanded_url": "http://help.uber.com",
                        "display_url": "help.uber.com",
                        "indices": [
                            0,
                            22
                        ]
                    }
                ]
            },
            "description": {
                "urls": [
                    {
                        "url": "https://t.co/AM0NVlswng",
                        "expanded_url": "http://t.uber.com/lost",
                        "display_url": "t.uber.com/lost",
                        "indices": [
                            63,
                            86
                        ]
                    }
                ]
            }
        },
        "protected": false,
        "followers_count": 367902,
        "friends_count": 3744,
        "listed_count": 467,
        "created_at": "Wed Sep 17 22:00:12 +0000 2014",
        "favourites_count": 2636,
        "utc_offset": null,
        "time_zone": null,
        "geo_enabled": false,
        "verified": true,
        "statuses_count": 1134113,
        "lang": "en",
        "contributors_enabled": false,
        "is_translator": false,
        "is_translation_enabled": false,
        "profile_background_color": "09091A",
        "profile_background_image_url": "http://abs.twimg.com/images/themes/theme1/bg.png",
        "profile_background_image_url_https": "https://abs.twimg.com/images/themes/theme1/bg.png",
        "profile_background_tile": false,
        "profile_image_url": "http://pbs.twimg.com/profile_images/1039983127144357889/8vGpcMQ7_normal.jpg",
        "profile_image_url_https": "https://pbs.twimg.com/profile_images/1039983127144357889/8vGpcMQ7_normal.jpg",
        "profile_banner_url": "https://pbs.twimg.com/profile_banners/2815754953/1536786289",
        "profile_link_color": "09091A",
        "profile_sidebar_border_color": "FFFFFF",
        "profile_sidebar_fill_color": "000000",
        "profile_text_color": "000000",
        "profile_use_background_image": false,
        "has_extended_profile": false,
        "default_profile": false,
        "default_profile_image": false,
        "following": null,
        "follow_request_sent": null,
        "notifications": null,
        "translator_type": "none"
    },
    "geo": null,
    "coordinates": null,
    "place": null,
    "contributors": null,
    "is_quote_status": false,
    "retweet_count": 0,
    "favorite_count": 0,
    "favorited": false,
    "retweeted": false,
    "lang": "en"
}