{
    "created_at": "Thu Apr 18 15:19:27 +0000 2019",
    "id": 1118896833013485569,
    "id_str": "1118896833013485569",
    "text": "@Uber are all of the Jump Scooters in LA now capped at 12mph? Seems like every scooter is significantly slower than they used to be. Thanks!",
    "truncated": false,
    "entities": {
        "hashtags": [],
        "symbols": [],
        "user_mentions": [
            {
                "screen_name": "Uber",
                "name": "Uber",
                "id": 19103481,
                "id_str": "19103481",
                "indices": [
                    0,
                    5
                ]
            }
        ],
        "urls": []
    },
    "metadata": {
        "iso_language_code": "en",
        "result_type": "recent"
    },
    "source": "<a href=\"http://twitter.com/download/iphone\" rel=\"nofollow\">Twitter for iPhone</a>",
    "in_reply_to_status_id": null,
    "in_reply_to_status_id_str": null,
    "in_reply_to_user_id": 19103481,
    "in_reply_to_user_id_str": "19103481",
    "in_reply_to_screen_name": "Uber",
    "user": {
        "id": 28497820,
        "id_str": "28497820",
        "name": "Andy Fisher",
        "screen_name": "andyfisher3",
        "location": "Los Angeles, CA",
        "description": "husband to https://t.co/qY7UKlDcgY / Miami to @nyuniversity to LA. Built things at: @Society6 / @Quarterly / @HauteLook / @BarkBox",
        "url": "https://t.co/WlCpSZ7NhN",
        "entities": {
            "url": {
                "urls": [
                    {
                        "url": "https://t.co/WlCpSZ7NhN",
                        "expanded_url": "http://andy3.com",
                        "display_url": "andy3.com",
                        "indices": [
                            0,
                            23
                        ]
                    }
                ]
            },
            "description": {
                "urls": [
                    {
                        "url": "https://t.co/qY7UKlDcgY",
                        "expanded_url": "http://EverydayPursuits.com",
                        "display_url": "EverydayPursuits.com",
                        "indices": [
                            11,
                            34
                        ]
                    }
                ]
            }
        },
        "protected": false,
        "followers_count": 347,
        "friends_count": 195,
        "listed_count": 15,
        "created_at": "Fri Apr 03 03:58:32 +0000 2009",
        "favourites_count": 1906,
        "utc_offset": null,
        "time_zone": null,
        "geo_enabled": true,
        "verified": false,
        "statuses_count": 6031,
        "lang": "en",
        "contributors_enabled": false,
        "is_translator": false,
        "is_translation_enabled": false,
        "profile_background_color": "FFFFFF",
        "profile_background_image_url": "http://abs.twimg.com/images/themes/theme5/bg.gif",
        "profile_background_image_url_https": "https://abs.twimg.com/images/themes/theme5/bg.gif",
        "profile_background_tile": false,
        "profile_image_url": "http://pbs.twimg.com/profile_images/2044710549/Photo_on_11-28-11_at_2.48_PM__3_normal.jpg",
        "profile_image_url_https": "https://pbs.twimg.com/profile_images/2044710549/Photo_on_11-28-11_at_2.48_PM__3_normal.jpg",
        "profile_banner_url": "https://pbs.twimg.com/profile_banners/28497820/1348030346",
        "profile_link_color": "3343F2",
        "profile_sidebar_border_color": "EDF0E8",
        "profile_sidebar_fill_color": "EFF1F2",
        "profile_text_color": "1F1F21",
        "profile_use_background_image": true,
        "has_extended_profile": false,
        "default_profile": false,
        "default_profile_image": false,
        "following": null,
        "follow_request_sent": null,
        "notifications": null,
        "translator_type": "none"
    },
    "geo": null,
    "coordinates": null,
    "place": null,
    "contributors": null,
    "is_quote_status": false,
    "retweet_count": 0,
    "favorite_count": 0,
    "favorited": false,
    "retweeted": false,
    "lang": "en"
}