{
    "created_at": "Tue Apr 16 16:38:03 +0000 2019",
    "id": 1118191838207234048,
    "id_str": "1118191838207234048",
    "text": "Uber introduces Jump scooters to D.C. and changes its price structure for its popular e-bikes\u2026 https://t.co/XaFxemoJt0",
    "truncated": true,
    "entities": {
        "hashtags": [],
        "symbols": [],
        "user_mentions": [],
        "urls": [
            {
                "url": "https://t.co/XaFxemoJt0",
                "expanded_url": "https://twitter.com/i/web/status/1118191838207234048",
                "display_url": "twitter.com/i/web/status/1\u2026",
                "indices": [
                    95,
                    118
                ]
            }
        ]
    },
    "metadata": {
        "iso_language_code": "en",
        "result_type": "recent"
    },
    "source": "<a href=\"https://dlvrit.com/\" rel=\"nofollow\">dlvr.it</a>",
    "in_reply_to_status_id": null,
    "in_reply_to_status_id_str": null,
    "in_reply_to_user_id": null,
    "in_reply_to_user_id_str": null,
    "in_reply_to_screen_name": null,
    "user": {
        "id": 1103141653286662144,
        "id_str": "1103141653286662144",
        "name": "dc4visitors",
        "screen_name": "dc4visitors1",
        "location": "Washington, DC",
        "description": "DC Sightseeing: #JeffersonMemorial #LincolnMemorial #USCapitol #WhiteHouse #WashingtonMonument #Newseum and more....",
        "url": "https://t.co/xxxE1v7aJz",
        "entities": {
            "url": {
                "urls": [
                    {
                        "url": "https://t.co/xxxE1v7aJz",
                        "expanded_url": "https://www.dc4visitors.com",
                        "display_url": "dc4visitors.com",
                        "indices": [
                            0,
                            23
                        ]
                    }
                ]
            },
            "description": {
                "urls": []
            }
        },
        "protected": false,
        "followers_count": 58,
        "friends_count": 144,
        "listed_count": 0,
        "created_at": "Wed Mar 06 03:54:00 +0000 2019",
        "favourites_count": 0,
        "utc_offset": null,
        "time_zone": null,
        "geo_enabled": false,
        "verified": false,
        "statuses_count": 1235,
        "lang": "en",
        "contributors_enabled": false,
        "is_translator": false,
        "is_translation_enabled": false,
        "profile_background_color": "F5F8FA",
        "profile_background_image_url": null,
        "profile_background_image_url_https": null,
        "profile_background_tile": false,
        "profile_image_url": "http://pbs.twimg.com/profile_images/1103152966083719169/67Xf8st6_normal.png",
        "profile_image_url_https": "https://pbs.twimg.com/profile_images/1103152966083719169/67Xf8st6_normal.png",
        "profile_banner_url": "https://pbs.twimg.com/profile_banners/1103141653286662144/1551849732",
        "profile_link_color": "1DA1F2",
        "profile_sidebar_border_color": "C0DEED",
        "profile_sidebar_fill_color": "DDEEF6",
        "profile_text_color": "333333",
        "profile_use_background_image": true,
        "has_extended_profile": false,
        "default_profile": true,
        "default_profile_image": false,
        "following": null,
        "follow_request_sent": null,
        "notifications": null,
        "translator_type": "none"
    },
    "geo": null,
    "coordinates": null,
    "place": null,
    "contributors": null,
    "is_quote_status": false,
    "retweet_count": 0,
    "favorite_count": 0,
    "favorited": false,
    "retweeted": false,
    "possibly_sensitive": false,
    "lang": "en"
}