{
    "created_at": "Tue Apr 16 20:50:29 +0000 2019",
    "id": 1118255365454352384,
    "id_str": "1118255365454352384",
    "text": "RT @andyjayhawk: This week, Lyft recalled thousands of e-bikes in NYC, DC, and SF for having faulty brakes, after receiving reports of inju\u2026",
    "truncated": false,
    "entities": {
        "hashtags": [],
        "symbols": [],
        "user_mentions": [
            {
                "screen_name": "andyjayhawk",
                "name": "Andrew J. Hawkins \ud83d\ude82\ud83d\ude87\ud83d\ude80",
                "id": 21209333,
                "id_str": "21209333",
                "indices": [
                    3,
                    15
                ]
            }
        ],
        "urls": []
    },
    "metadata": {
        "iso_language_code": "en",
        "result_type": "recent"
    },
    "source": "<a href=\"https://about.twitter.com/products/tweetdeck\" rel=\"nofollow\">TweetDeck</a>",
    "in_reply_to_status_id": null,
    "in_reply_to_status_id_str": null,
    "in_reply_to_user_id": null,
    "in_reply_to_user_id_str": null,
    "in_reply_to_screen_name": null,
    "user": {
        "id": 278083839,
        "id_str": "278083839",
        "name": "Elizabeth Lopatto",
        "screen_name": "mslopatto",
        "location": "Oakland, California",
        "description": "Deputy editor @verge. Tip me: liz@theverge.com. She/her. Put my cat tweets on television, you cowards.",
        "url": "https://t.co/QExZMWyJKg",
        "entities": {
            "url": {
                "urls": [
                    {
                        "url": "https://t.co/QExZMWyJKg",
                        "expanded_url": "http://www.elizabethlopatto.com",
                        "display_url": "elizabethlopatto.com",
                        "indices": [
                            0,
                            23
                        ]
                    }
                ]
            },
            "description": {
                "urls": []
            }
        },
        "protected": false,
        "followers_count": 11111,
        "friends_count": 666,
        "listed_count": 498,
        "created_at": "Wed Apr 06 15:37:53 +0000 2011",
        "favourites_count": 39069,
        "utc_offset": null,
        "time_zone": null,
        "geo_enabled": false,
        "verified": true,
        "statuses_count": 240,
        "lang": "en",
        "contributors_enabled": false,
        "is_translator": false,
        "is_translation_enabled": false,
        "profile_background_color": "FFFFFF",
        "profile_background_image_url": "http://abs.twimg.com/images/themes/theme1/bg.png",
        "profile_background_image_url_https": "https://abs.twimg.com/images/themes/theme1/bg.png",
        "profile_background_tile": false,
        "profile_image_url": "http://pbs.twimg.com/profile_images/928380180875190272/2iTUJ2lL_normal.jpg",
        "profile_image_url_https": "https://pbs.twimg.com/profile_images/928380180875190272/2iTUJ2lL_normal.jpg",
        "profile_banner_url": "https://pbs.twimg.com/profile_banners/278083839/1530404856",
        "profile_link_color": "007922",
        "profile_sidebar_border_color": "C0DEED",
        "profile_sidebar_fill_color": "BBFFCC",
        "profile_text_color": "333333",
        "profile_use_background_image": false,
        "has_extended_profile": false,
        "default_profile": false,
        "default_profile_image": false,
        "following": null,
        "follow_request_sent": null,
        "notifications": null,
        "translator_type": "none"
    },
    "geo": null,
    "coordinates": null,
    "place": null,
    "contributors": null,
    "retweeted_status": {
        "created_at": "Tue Apr 16 20:49:48 +0000 2019",
        "id": 1118255191583862784,
        "id_str": "1118255191583862784",
        "text": "This week, Lyft recalled thousands of e-bikes in NYC, DC, and SF for having faulty brakes, after receiving reports\u2026 https://t.co/R0CokJWM38",
        "truncated": true,
        "entities": {
            "hashtags": [],
            "symbols": [],
            "user_mentions": [],
            "urls": [
                {
                    "url": "https://t.co/R0CokJWM38",
                    "expanded_url": "https://twitter.com/i/web/status/1118255191583862784",
                    "display_url": "twitter.com/i/web/status/1\u2026",
                    "indices": [
                        116,
                        139
                    ]
                }
            ]
        },
        "metadata": {
            "iso_language_code": "en",
            "result_type": "recent"
        },
        "source": "<a href=\"https://about.twitter.com/products/tweetdeck\" rel=\"nofollow\">TweetDeck</a>",
        "in_reply_to_status_id": null,
        "in_reply_to_status_id_str": null,
        "in_reply_to_user_id": null,
        "in_reply_to_user_id_str": null,
        "in_reply_to_screen_name": null,
        "user": {
            "id": 21209333,
            "id_str": "21209333",
            "name": "Andrew J. Hawkins \ud83d\ude82\ud83d\ude87\ud83d\ude80",
            "screen_name": "andyjayhawk",
            "location": "new york",
            "description": "Senior transportation reporter at @verge. andrew dot hawkins at theverge dotcom #VoxUnion",
            "url": "https://t.co/W2SFxIXkC4",
            "entities": {
                "url": {
                    "urls": [
                        {
                            "url": "https://t.co/W2SFxIXkC4",
                            "expanded_url": "http://www.theverge.com",
                            "display_url": "theverge.com",
                            "indices": [
                                0,
                                23
                            ]
                        }
                    ]
                },
                "description": {
                    "urls": []
                }
            },
            "protected": false,
            "followers_count": 11330,
            "friends_count": 5239,
            "listed_count": 486,
            "created_at": "Wed Feb 18 16:05:24 +0000 2009",
            "favourites_count": 8648,
            "utc_offset": null,
            "time_zone": null,
            "geo_enabled": true,
            "verified": true,
            "statuses_count": 28540,
            "lang": "en",
            "contributors_enabled": false,
            "is_translator": false,
            "is_translation_enabled": false,
            "profile_background_color": "9AE4E8",
            "profile_background_image_url": "http://abs.twimg.com/images/themes/theme1/bg.png",
            "profile_background_image_url_https": "https://abs.twimg.com/images/themes/theme1/bg.png",
            "profile_background_tile": true,
            "profile_image_url": "http://pbs.twimg.com/profile_images/1033690729275641856/a8v9ZoU1_normal.jpg",
            "profile_image_url_https": "https://pbs.twimg.com/profile_images/1033690729275641856/a8v9ZoU1_normal.jpg",
            "profile_banner_url": "https://pbs.twimg.com/profile_banners/21209333/1443808803",
            "profile_link_color": "1B95E0",
            "profile_sidebar_border_color": "BDDCAD",
            "profile_sidebar_fill_color": "DDFFCC",
            "profile_text_color": "333333",
            "profile_use_background_image": true,
            "has_extended_profile": false,
            "default_profile": false,
            "default_profile_image": false,
            "following": null,
            "follow_request_sent": null,
            "notifications": null,
            "translator_type": "none"
        },
        "geo": null,
        "coordinates": null,
        "place": null,
        "contributors": null,
        "is_quote_status": false,
        "retweet_count": 14,
        "favorite_count": 10,
        "favorited": false,
        "retweeted": false,
        "possibly_sensitive": false,
        "lang": "en"
    },
    "is_quote_status": false,
    "retweet_count": 14,
    "favorite_count": 0,
    "favorited": false,
    "retweeted": false,
    "lang": "en"
}