{
    "created_at": "Tue Apr 16 21:50:03 +0000 2019",
    "id": 1118270355125067783,
    "id_str": "1118270355125067783",
    "text": "Uber says it fixed its e-bikes with similar brake problems as Lyft, but some riders were still injured\u2026 https://t.co/21kKBrj9Iw",
    "truncated": true,
    "entities": {
        "hashtags": [],
        "symbols": [],
        "user_mentions": [],
        "urls": [
            {
                "url": "https://t.co/21kKBrj9Iw",
                "expanded_url": "https://twitter.com/i/web/status/1118270355125067783",
                "display_url": "twitter.com/i/web/status/1\u2026",
                "indices": [
                    104,
                    127
                ]
            }
        ]
    },
    "metadata": {
        "iso_language_code": "en",
        "result_type": "recent"
    },
    "source": "<a href=\"https://dlvrit.com/\" rel=\"nofollow\">dlvr.it</a>",
    "in_reply_to_status_id": null,
    "in_reply_to_status_id_str": null,
    "in_reply_to_user_id": null,
    "in_reply_to_user_id_str": null,
    "in_reply_to_screen_name": null,
    "user": {
        "id": 873062575914733569,
        "id_str": "873062575914733569",
        "name": "M. Hamza Shahid",
        "screen_name": "Mhamzashahid",
        "location": "",
        "description": "A simple digital privacy advocate, trying to perfect the art of making pasta. Contributor to @ValueWalk. Author at @Medium and @Bestvpnco!",
        "url": "https://t.co/ZxQ9wF69yE",
        "entities": {
            "url": {
                "urls": [
                    {
                        "url": "https://t.co/ZxQ9wF69yE",
                        "expanded_url": "https://www.bestvpn.co/",
                        "display_url": "bestvpn.co",
                        "indices": [
                            0,
                            23
                        ]
                    }
                ]
            },
            "description": {
                "urls": []
            }
        },
        "protected": false,
        "followers_count": 458,
        "friends_count": 503,
        "listed_count": 1,
        "created_at": "Fri Jun 09 06:21:53 +0000 2017",
        "favourites_count": 514,
        "utc_offset": null,
        "time_zone": null,
        "geo_enabled": false,
        "verified": false,
        "statuses_count": 3414,
        "lang": "en",
        "contributors_enabled": false,
        "is_translator": false,
        "is_translation_enabled": false,
        "profile_background_color": "000000",
        "profile_background_image_url": "http://abs.twimg.com/images/themes/theme1/bg.png",
        "profile_background_image_url_https": "https://abs.twimg.com/images/themes/theme1/bg.png",
        "profile_background_tile": false,
        "profile_image_url": "http://pbs.twimg.com/profile_images/1058417623980036096/6_qrkDgO_normal.jpg",
        "profile_image_url_https": "https://pbs.twimg.com/profile_images/1058417623980036096/6_qrkDgO_normal.jpg",
        "profile_banner_url": "https://pbs.twimg.com/profile_banners/873062575914733569/1516259724",
        "profile_link_color": "696969",
        "profile_sidebar_border_color": "000000",
        "profile_sidebar_fill_color": "000000",
        "profile_text_color": "000000",
        "profile_use_background_image": false,
        "has_extended_profile": true,
        "default_profile": false,
        "default_profile_image": false,
        "following": null,
        "follow_request_sent": null,
        "notifications": null,
        "translator_type": "none"
    },
    "geo": null,
    "coordinates": null,
    "place": null,
    "contributors": null,
    "is_quote_status": false,
    "retweet_count": 0,
    "favorite_count": 0,
    "favorited": false,
    "retweeted": false,
    "possibly_sensitive": false,
    "lang": "en"
}