{
    "created_at": "Tue Apr 16 20:51:47 +0000 2019",
    "id": 1118255688982106113,
    "id_str": "1118255688982106113",
    "text": "Uber says it fixed its e-bikes with similar brake problems as Lyft, but some riders were still injured  https://t.co/LF88cCgHuS",
    "truncated": false,
    "entities": {
        "hashtags": [],
        "symbols": [],
        "user_mentions": [],
        "urls": [
            {
                "url": "https://t.co/LF88cCgHuS",
                "expanded_url": "http://bit.ly/2Xj8kwY",
                "display_url": "bit.ly/2Xj8kwY",
                "indices": [
                    104,
                    127
                ]
            }
        ]
    },
    "metadata": {
        "iso_language_code": "en",
        "result_type": "recent"
    },
    "source": "<a href=\"https://ifttt.com\" rel=\"nofollow\">IFTTT</a>",
    "in_reply_to_status_id": null,
    "in_reply_to_status_id_str": null,
    "in_reply_to_user_id": null,
    "in_reply_to_user_id_str": null,
    "in_reply_to_screen_name": null,
    "user": {
        "id": 447798892,
        "id_str": "447798892",
        "name": "\u3048\u304f\u308a\u3042\uff08\u30e2\u30d0\u30a4\u30eb\u7cfb\u30cb\u30e5\u30fc\u30b9BOT\uff09",
        "screen_name": "eqlia_nozomu",
        "location": "\u3053\u3053\uff01",
        "description": "\u30e2\u30d0\u30a4\u30eb\u7cfb\u306e\u30cb\u30e5\u30fc\u30b9\u3092\u30d5\u30a7\u30fc\u30c9\u3057\u307e\u3059\u3002\u4f5c\u3063\u305f\u4eba\u306f@takahashi365",
        "url": null,
        "entities": {
            "description": {
                "urls": []
            }
        },
        "protected": false,
        "followers_count": 177,
        "friends_count": 1,
        "listed_count": 69,
        "created_at": "Tue Dec 27 08:26:43 +0000 2011",
        "favourites_count": 7,
        "utc_offset": null,
        "time_zone": null,
        "geo_enabled": false,
        "verified": false,
        "statuses_count": 219275,
        "lang": "ja",
        "contributors_enabled": false,
        "is_translator": false,
        "is_translation_enabled": false,
        "profile_background_color": "C0DEED",
        "profile_background_image_url": "http://abs.twimg.com/images/themes/theme1/bg.png",
        "profile_background_image_url_https": "https://abs.twimg.com/images/themes/theme1/bg.png",
        "profile_background_tile": false,
        "profile_image_url": "http://pbs.twimg.com/profile_images/1719280169/7d3f89db42a14fffb4fce6782ffa4a99_normal.png",
        "profile_image_url_https": "https://pbs.twimg.com/profile_images/1719280169/7d3f89db42a14fffb4fce6782ffa4a99_normal.png",
        "profile_link_color": "1DA1F2",
        "profile_sidebar_border_color": "C0DEED",
        "profile_sidebar_fill_color": "DDEEF6",
        "profile_text_color": "333333",
        "profile_use_background_image": true,
        "has_extended_profile": false,
        "default_profile": true,
        "default_profile_image": false,
        "following": null,
        "follow_request_sent": null,
        "notifications": null,
        "translator_type": "none"
    },
    "geo": null,
    "coordinates": null,
    "place": null,
    "contributors": null,
    "is_quote_status": false,
    "retweet_count": 0,
    "favorite_count": 0,
    "favorited": false,
    "retweeted": false,
    "possibly_sensitive": false,
    "lang": "en"
}