{
    "created_at": "Tue Apr 16 17:29:44 +0000 2019",
    "id": 1118204843628421121,
    "id_str": "1118204843628421121",
    "text": "@komurphy psst: you're in the post :) https://t.co/neHEjer9Zp",
    "truncated": false,
    "entities": {
        "hashtags": [],
        "symbols": [],
        "user_mentions": [
            {
                "screen_name": "komurphy",
                "name": "keren",
                "id": 16743011,
                "id_str": "16743011",
                "indices": [
                    0,
                    9
                ]
            }
        ],
        "urls": [
            {
                "url": "https://t.co/neHEjer9Zp",
                "expanded_url": "https://www.washingtonpost.com/transportation/2019/04/16/uber-introduces-jump-scooters-dc-changes-its-price-structure-its-popular-e-bikes/?utm_term=.47ca9150b7f9",
                "display_url": "washingtonpost.com/transportation\u2026",
                "indices": [
                    38,
                    61
                ]
            }
        ]
    },
    "metadata": {
        "iso_language_code": "en",
        "result_type": "recent"
    },
    "source": "<a href=\"http://twitter.com\" rel=\"nofollow\">Twitter Web Client</a>",
    "in_reply_to_status_id": 1116030809029398536,
    "in_reply_to_status_id_str": "1116030809029398536",
    "in_reply_to_user_id": 16743011,
    "in_reply_to_user_id_str": "16743011",
    "in_reply_to_screen_name": "komurphy",
    "user": {
        "id": 368980859,
        "id_str": "368980859",
        "name": "max richman",
        "screen_name": "richmanmax",
        "location": "Deanwood, NE DC",
        "description": "Data @ArcadiaPower\nAlum @DataKindDC \nNotes @DeanwoodDCA @W7BZP\nTweets #Burbing #BikeDC #Ward7Eats\nHe/Him",
        "url": "https://t.co/uv3M9ZEV5E",
        "entities": {
            "url": {
                "urls": [
                    {
                        "url": "https://t.co/uv3M9ZEV5E",
                        "expanded_url": "http://richmanmax.com",
                        "display_url": "richmanmax.com",
                        "indices": [
                            0,
                            23
                        ]
                    }
                ]
            },
            "description": {
                "urls": []
            }
        },
        "protected": false,
        "followers_count": 1947,
        "friends_count": 1273,
        "listed_count": 147,
        "created_at": "Tue Sep 06 15:19:09 +0000 2011",
        "favourites_count": 5776,
        "utc_offset": null,
        "time_zone": null,
        "geo_enabled": true,
        "verified": false,
        "statuses_count": 7303,
        "lang": "en",
        "contributors_enabled": false,
        "is_translator": false,
        "is_translation_enabled": false,
        "profile_background_color": "022330",
        "profile_background_image_url": "http://abs.twimg.com/images/themes/theme15/bg.png",
        "profile_background_image_url_https": "https://abs.twimg.com/images/themes/theme15/bg.png",
        "profile_background_tile": false,
        "profile_image_url": "http://pbs.twimg.com/profile_images/883504915770900481/5cd3EmYy_normal.jpg",
        "profile_image_url_https": "https://pbs.twimg.com/profile_images/883504915770900481/5cd3EmYy_normal.jpg",
        "profile_banner_url": "https://pbs.twimg.com/profile_banners/368980859/1486249889",
        "profile_link_color": "0084B4",
        "profile_sidebar_border_color": "A8C7F7",
        "profile_sidebar_fill_color": "C0DFEC",
        "profile_text_color": "333333",
        "profile_use_background_image": true,
        "has_extended_profile": false,
        "default_profile": false,
        "default_profile_image": false,
        "following": null,
        "follow_request_sent": null,
        "notifications": null,
        "translator_type": "none"
    },
    "geo": null,
    "coordinates": null,
    "place": null,
    "contributors": null,
    "is_quote_status": false,
    "retweet_count": 0,
    "favorite_count": 0,
    "favorited": false,
    "retweeted": false,
    "possibly_sensitive": false,
    "lang": "en"
}