{
    "created_at": "Wed Apr 17 06:00:01 +0000 2019",
    "id": 1118393659349663746,
    "id_str": "1118393659349663746",
    "text": "As Lyft announced it had pulled 3,000 e-bikes due to braking issues, Uber's S-1 revealed more about its Jump bikes\u2026 https://t.co/xaf5PAtCjY",
    "truncated": true,
    "entities": {
        "hashtags": [],
        "symbols": [],
        "user_mentions": [],
        "urls": [
            {
                "url": "https://t.co/xaf5PAtCjY",
                "expanded_url": "https://twitter.com/i/web/status/1118393659349663746",
                "display_url": "twitter.com/i/web/status/1\u2026",
                "indices": [
                    116,
                    139
                ]
            }
        ]
    },
    "metadata": {
        "iso_language_code": "en",
        "result_type": "recent"
    },
    "source": "<a href=\"https://sproutsocial.com\" rel=\"nofollow\">Sprout Social</a>",
    "in_reply_to_status_id": null,
    "in_reply_to_status_id_str": null,
    "in_reply_to_user_id": null,
    "in_reply_to_user_id_str": null,
    "in_reply_to_screen_name": null,
    "user": {
        "id": 46470906,
        "id_str": "46470906",
        "name": "PitchBook Data",
        "screen_name": "PitchBook",
        "location": "Seattle, WA",
        "description": "PitchBook is the leading financial data provider that covers the global VC, PE and public markets. Subscribe to our industry newsletter: https://t.co/pXAbFe0vYV",
        "url": "https://t.co/ZfrnYenSjW",
        "entities": {
            "url": {
                "urls": [
                    {
                        "url": "https://t.co/ZfrnYenSjW",
                        "expanded_url": "http://pitchbook.com",
                        "display_url": "pitchbook.com",
                        "indices": [
                            0,
                            23
                        ]
                    }
                ]
            },
            "description": {
                "urls": [
                    {
                        "url": "https://t.co/pXAbFe0vYV",
                        "expanded_url": "http://pitchbook.com/subscribe",
                        "display_url": "pitchbook.com/subscribe",
                        "indices": [
                            137,
                            160
                        ]
                    }
                ]
            }
        },
        "protected": false,
        "followers_count": 29405,
        "friends_count": 374,
        "listed_count": 1377,
        "created_at": "Thu Jun 11 19:42:35 +0000 2009",
        "favourites_count": 50136,
        "utc_offset": null,
        "time_zone": null,
        "geo_enabled": true,
        "verified": true,
        "statuses_count": 21457,
        "lang": "en",
        "contributors_enabled": false,
        "is_translator": false,
        "is_translation_enabled": false,
        "profile_background_color": "4A6589",
        "profile_background_image_url": "http://abs.twimg.com/images/themes/theme1/bg.png",
        "profile_background_image_url_https": "https://abs.twimg.com/images/themes/theme1/bg.png",
        "profile_background_tile": false,
        "profile_image_url": "http://pbs.twimg.com/profile_images/878018287724089346/c8fAkNHQ_normal.jpg",
        "profile_image_url_https": "https://pbs.twimg.com/profile_images/878018287724089346/c8fAkNHQ_normal.jpg",
        "profile_banner_url": "https://pbs.twimg.com/profile_banners/46470906/1551559807",
        "profile_link_color": "2D7FBD",
        "profile_sidebar_border_color": "FFFFFF",
        "profile_sidebar_fill_color": "E3E2DE",
        "profile_text_color": "634047",
        "profile_use_background_image": false,
        "has_extended_profile": false,
        "default_profile": false,
        "default_profile_image": false,
        "following": null,
        "follow_request_sent": null,
        "notifications": null,
        "translator_type": "none"
    },
    "geo": null,
    "coordinates": null,
    "place": null,
    "contributors": null,
    "is_quote_status": false,
    "retweet_count": 0,
    "favorite_count": 1,
    "favorited": false,
    "retweeted": false,
    "possibly_sensitive": false,
    "lang": "en"
}