{
    "created_at": "Thu Apr 18 19:43:37 +0000 2019",
    "id": 1118963312681598976,
    "id_str": "1118963312681598976",
    "text": "This Uber driving is so bad I'm lowkey ready to just jump out the window",
    "truncated": false,
    "entities": {
        "hashtags": [],
        "symbols": [],
        "user_mentions": [],
        "urls": []
    },
    "metadata": {
        "iso_language_code": "en",
        "result_type": "recent"
    },
    "source": "<a href=\"http://twitter.com/download/iphone\" rel=\"nofollow\">Twitter for iPhone</a>",
    "in_reply_to_status_id": null,
    "in_reply_to_status_id_str": null,
    "in_reply_to_user_id": null,
    "in_reply_to_user_id_str": null,
    "in_reply_to_screen_name": null,
    "user": {
        "id": 277368431,
        "id_str": "277368431",
        "name": "Aaron",
        "screen_name": "SeinfeldnChill",
        "location": "Los Angeles, CA",
        "description": "Add a bio to your profile",
        "url": "https://t.co/EdZZWijvQW",
        "entities": {
            "url": {
                "urls": [
                    {
                        "url": "https://t.co/EdZZWijvQW",
                        "expanded_url": "http://Instagram.com/seinfeldandchill",
                        "display_url": "Instagram.com/seinfeldandchi\u2026",
                        "indices": [
                            0,
                            23
                        ]
                    }
                ]
            },
            "description": {
                "urls": []
            }
        },
        "protected": false,
        "followers_count": 11,
        "friends_count": 12,
        "listed_count": 0,
        "created_at": "Tue Apr 05 06:47:03 +0000 2011",
        "favourites_count": 88,
        "utc_offset": null,
        "time_zone": null,
        "geo_enabled": false,
        "verified": false,
        "statuses_count": 170,
        "lang": "en",
        "contributors_enabled": false,
        "is_translator": false,
        "is_translation_enabled": false,
        "profile_background_color": "C0DEED",
        "profile_background_image_url": "http://abs.twimg.com/images/themes/theme1/bg.png",
        "profile_background_image_url_https": "https://abs.twimg.com/images/themes/theme1/bg.png",
        "profile_background_tile": false,
        "profile_image_url": "http://pbs.twimg.com/profile_images/907830904558686208/DNbMZRaZ_normal.jpg",
        "profile_image_url_https": "https://pbs.twimg.com/profile_images/907830904558686208/DNbMZRaZ_normal.jpg",
        "profile_banner_url": "https://pbs.twimg.com/profile_banners/277368431/1505278673",
        "profile_link_color": "1DA1F2",
        "profile_sidebar_border_color": "C0DEED",
        "profile_sidebar_fill_color": "DDEEF6",
        "profile_text_color": "333333",
        "profile_use_background_image": true,
        "has_extended_profile": false,
        "default_profile": true,
        "default_profile_image": false,
        "following": null,
        "follow_request_sent": null,
        "notifications": null,
        "translator_type": "none"
    },
    "geo": null,
    "coordinates": null,
    "place": null,
    "contributors": null,
    "is_quote_status": false,
    "retweet_count": 0,
    "favorite_count": 0,
    "favorited": false,
    "retweeted": false,
    "lang": "en"
}