{
    "created_at": "Wed Apr 17 17:53:51 +0000 2019",
    "id": 1118573301599821824,
    "id_str": "1118573301599821824",
    "text": "RT @HalfonJesse: One of the under-appreciated issues regarding the Lyft/Motivate and Uber/Jump e-bike fiasco is that far more accidents and\u2026",
    "truncated": false,
    "entities": {
        "hashtags": [],
        "symbols": [],
        "user_mentions": [
            {
                "screen_name": "HalfonJesse",
                "name": "Jesse Halfon",
                "id": 944228943288205314,
                "id_str": "944228943288205314",
                "indices": [
                    3,
                    15
                ]
            }
        ],
        "urls": []
    },
    "metadata": {
        "iso_language_code": "en",
        "result_type": "recent"
    },
    "source": "<a href=\"https://about.twitter.com/products/tweetdeck\" rel=\"nofollow\">TweetDeck</a>",
    "in_reply_to_status_id": null,
    "in_reply_to_status_id_str": null,
    "in_reply_to_user_id": null,
    "in_reply_to_user_id_str": null,
    "in_reply_to_screen_name": null,
    "user": {
        "id": 127556403,
        "id_str": "127556403",
        "name": "Murph",
        "screen_name": "murphmonkey",
        "location": "ypsilanti, mi",
        "description": "Ypsilantian, urbanist / city planner at @mmleague, D&D nerd.",
        "url": null,
        "entities": {
            "description": {
                "urls": []
            }
        },
        "protected": false,
        "followers_count": 744,
        "friends_count": 954,
        "listed_count": 40,
        "created_at": "Mon Mar 29 15:51:37 +0000 2010",
        "favourites_count": 12831,
        "utc_offset": null,
        "time_zone": null,
        "geo_enabled": false,
        "verified": false,
        "statuses_count": 5258,
        "lang": "en",
        "contributors_enabled": false,
        "is_translator": false,
        "is_translation_enabled": false,
        "profile_background_color": "C0DEED",
        "profile_background_image_url": "http://abs.twimg.com/images/themes/theme1/bg.png",
        "profile_background_image_url_https": "https://abs.twimg.com/images/themes/theme1/bg.png",
        "profile_background_tile": false,
        "profile_image_url": "http://pbs.twimg.com/profile_images/1303647228/face_normal.jpg",
        "profile_image_url_https": "https://pbs.twimg.com/profile_images/1303647228/face_normal.jpg",
        "profile_link_color": "1DA1F2",
        "profile_sidebar_border_color": "C0DEED",
        "profile_sidebar_fill_color": "DDEEF6",
        "profile_text_color": "333333",
        "profile_use_background_image": true,
        "has_extended_profile": false,
        "default_profile": true,
        "default_profile_image": false,
        "following": null,
        "follow_request_sent": null,
        "notifications": null,
        "translator_type": "none"
    },
    "geo": null,
    "coordinates": null,
    "place": null,
    "contributors": null,
    "retweeted_status": {
        "created_at": "Wed Apr 17 17:47:57 +0000 2019",
        "id": 1118571815243321350,
        "id_str": "1118571815243321350",
        "text": "One of the under-appreciated issues regarding the Lyft/Motivate and Uber/Jump e-bike fiasco is that far more accide\u2026 https://t.co/2pq90m2cxq",
        "truncated": true,
        "entities": {
            "hashtags": [],
            "symbols": [],
            "user_mentions": [],
            "urls": [
                {
                    "url": "https://t.co/2pq90m2cxq",
                    "expanded_url": "https://twitter.com/i/web/status/1118571815243321350",
                    "display_url": "twitter.com/i/web/status/1\u2026",
                    "indices": [
                        117,
                        140
                    ]
                }
            ]
        },
        "metadata": {
            "iso_language_code": "en",
            "result_type": "recent"
        },
        "source": "<a href=\"http://twitter.com\" rel=\"nofollow\">Twitter Web Client</a>",
        "in_reply_to_status_id": null,
        "in_reply_to_status_id_str": null,
        "in_reply_to_user_id": null,
        "in_reply_to_user_id_str": null,
        "in_reply_to_screen_name": null,
        "user": {
            "id": 944228943288205314,
            "id_str": "944228943288205314",
            "name": "Jesse Halfon",
            "screen_name": "HalfonJesse",
            "location": "Ann Arbor, MI",
            "description": "Attorney - Automotive Class Action & Product Liability Law; Tweets are L2 automated; Eyes on AVs, EVs, and OVs (Other Vehicles\u2122\ufe0f a/k/a #Micromobility) \ud83d\ude98\ud83d\udeb4\u200d\u2642\ufe0f\ud83d\udef4\ud83d\udcf2\ud83d\udcf6",
            "url": "https://t.co/3n5jTXZlzn",
            "entities": {
                "url": {
                    "urls": [
                        {
                            "url": "https://t.co/3n5jTXZlzn",
                            "expanded_url": "https://www.dykema.com/professionals-jesse_halfon.html",
                            "display_url": "dykema.com/professionals-\u2026",
                            "indices": [
                                0,
                                23
                            ]
                        }
                    ]
                },
                "description": {
                    "urls": []
                }
            },
            "protected": false,
            "followers_count": 663,
            "friends_count": 771,
            "listed_count": 18,
            "created_at": "Fri Dec 22 15:31:37 +0000 2017",
            "favourites_count": 2912,
            "utc_offset": null,
            "time_zone": null,
            "geo_enabled": true,
            "verified": false,
            "statuses_count": 2383,
            "lang": "en",
            "contributors_enabled": false,
            "is_translator": false,
            "is_translation_enabled": false,
            "profile_background_color": "000000",
            "profile_background_image_url": "http://abs.twimg.com/images/themes/theme1/bg.png",
            "profile_background_image_url_https": "https://abs.twimg.com/images/themes/theme1/bg.png",
            "profile_background_tile": false,
            "profile_image_url": "http://pbs.twimg.com/profile_images/1104192968737595393/XpPPARWW_normal.png",
            "profile_image_url_https": "https://pbs.twimg.com/profile_images/1104192968737595393/XpPPARWW_normal.png",
            "profile_banner_url": "https://pbs.twimg.com/profile_banners/944228943288205314/1519792588",
            "profile_link_color": "1B95E0",
            "profile_sidebar_border_color": "000000",
            "profile_sidebar_fill_color": "000000",
            "profile_text_color": "000000",
            "profile_use_background_image": false,
            "has_extended_profile": false,
            "default_profile": false,
            "default_profile_image": false,
            "following": null,
            "follow_request_sent": null,
            "notifications": null,
            "translator_type": "none"
        },
        "geo": null,
        "coordinates": null,
        "place": null,
        "contributors": null,
        "is_quote_status": true,
        "quoted_status_id": 1061382281368088576,
        "quoted_status_id_str": "1061382281368088576",
        "quoted_status": {
            "created_at": "Sat Nov 10 22:17:10 +0000 2018",
            "id": 1061382281368088576,
            "id_str": "1061382281368088576",
            "text": "This is one area where micromobility could learn from big auto. \n\nMuch easier to manage safety impact of a recall i\u2026 https://t.co/mlIPSci57u",
            "truncated": true,
            "entities": {
                "hashtags": [],
                "symbols": [],
                "user_mentions": [],
                "urls": [
                    {
                        "url": "https://t.co/mlIPSci57u",
                        "expanded_url": "https://twitter.com/i/web/status/1061382281368088576",
                        "display_url": "twitter.com/i/web/status/1\u2026",
                        "indices": [
                            117,
                            140
                        ]
                    }
                ]
            },
            "metadata": {
                "iso_language_code": "en",
                "result_type": "recent"
            },
            "source": "<a href=\"http://twitter.com/download/iphone\" rel=\"nofollow\">Twitter for iPhone</a>",
            "in_reply_to_status_id": null,
            "in_reply_to_status_id_str": null,
            "in_reply_to_user_id": null,
            "in_reply_to_user_id_str": null,
            "in_reply_to_screen_name": null,
            "user": {
                "id": 944228943288205314,
                "id_str": "944228943288205314",
                "name": "Jesse Halfon",
                "screen_name": "HalfonJesse",
                "location": "Ann Arbor, MI",
                "description": "Attorney - Automotive Class Action & Product Liability Law; Tweets are L2 automated; Eyes on AVs, EVs, and OVs (Other Vehicles\u2122\ufe0f a/k/a #Micromobility) \ud83d\ude98\ud83d\udeb4\u200d\u2642\ufe0f\ud83d\udef4\ud83d\udcf2\ud83d\udcf6",
                "url": "https://t.co/3n5jTXZlzn",
                "entities": {
                    "url": {
                        "urls": [
                            {
                                "url": "https://t.co/3n5jTXZlzn",
                                "expanded_url": "https://www.dykema.com/professionals-jesse_halfon.html",
                                "display_url": "dykema.com/professionals-\u2026",
                                "indices": [
                                    0,
                                    23
                                ]
                            }
                        ]
                    },
                    "description": {
                        "urls": []
                    }
                },
                "protected": false,
                "followers_count": 663,
                "friends_count": 771,
                "listed_count": 18,
                "created_at": "Fri Dec 22 15:31:37 +0000 2017",
                "favourites_count": 2912,
                "utc_offset": null,
                "time_zone": null,
                "geo_enabled": true,
                "verified": false,
                "statuses_count": 2383,
                "lang": "en",
                "contributors_enabled": false,
                "is_translator": false,
                "is_translation_enabled": false,
                "profile_background_color": "000000",
                "profile_background_image_url": "http://abs.twimg.com/images/themes/theme1/bg.png",
                "profile_background_image_url_https": "https://abs.twimg.com/images/themes/theme1/bg.png",
                "profile_background_tile": false,
                "profile_image_url": "http://pbs.twimg.com/profile_images/1104192968737595393/XpPPARWW_normal.png",
                "profile_image_url_https": "https://pbs.twimg.com/profile_images/1104192968737595393/XpPPARWW_normal.png",
                "profile_banner_url": "https://pbs.twimg.com/profile_banners/944228943288205314/1519792588",
                "profile_link_color": "1B95E0",
                "profile_sidebar_border_color": "000000",
                "profile_sidebar_fill_color": "000000",
                "profile_text_color": "000000",
                "profile_use_background_image": false,
                "has_extended_profile": false,
                "default_profile": false,
                "default_profile_image": false,
                "following": null,
                "follow_request_sent": null,
                "notifications": null,
                "translator_type": "none"
            },
            "geo": null,
            "coordinates": null,
            "place": null,
            "contributors": null,
            "is_quote_status": false,
            "retweet_count": 2,
            "favorite_count": 8,
            "favorited": false,
            "retweeted": false,
            "possibly_sensitive": false,
            "lang": "en"
        },
        "retweet_count": 2,
        "favorite_count": 2,
        "favorited": false,
        "retweeted": false,
        "possibly_sensitive": false,
        "lang": "en"
    },
    "is_quote_status": true,
    "quoted_status_id": 1061382281368088576,
    "quoted_status_id_str": "1061382281368088576",
    "retweet_count": 2,
    "favorite_count": 0,
    "favorited": false,
    "retweeted": false,
    "lang": "en"
}