{
    "created_at": "Tue Apr 16 22:28:55 +0000 2019",
    "id": 1118280137064288256,
    "id_str": "1118280137064288256",
    "text": "Uber says it recently modified some of its JUMP electric bikes after finding a braking problem like the one that pr\u2026 https://t.co/bfoLKC9s5b",
    "truncated": true,
    "entities": {
        "hashtags": [],
        "symbols": [],
        "user_mentions": [],
        "urls": [
            {
                "url": "https://t.co/bfoLKC9s5b",
                "expanded_url": "https://twitter.com/i/web/status/1118280137064288256",
                "display_url": "twitter.com/i/web/status/1\u2026",
                "indices": [
                    117,
                    140
                ]
            }
        ]
    },
    "metadata": {
        "iso_language_code": "en",
        "result_type": "recent"
    },
    "source": "<a href=\"https://ifttt.com\" rel=\"nofollow\">IFTTT</a>",
    "in_reply_to_status_id": null,
    "in_reply_to_status_id_str": null,
    "in_reply_to_user_id": null,
    "in_reply_to_user_id_str": null,
    "in_reply_to_screen_name": null,
    "user": {
        "id": 824965460315799553,
        "id_str": "824965460315799553",
        "name": "Deep to Dive",
        "screen_name": "deeptodive",
        "location": "",
        "description": "",
        "url": null,
        "entities": {
            "description": {
                "urls": []
            }
        },
        "protected": false,
        "followers_count": 258,
        "friends_count": 251,
        "listed_count": 81,
        "created_at": "Fri Jan 27 13:01:07 +0000 2017",
        "favourites_count": 3,
        "utc_offset": null,
        "time_zone": null,
        "geo_enabled": false,
        "verified": false,
        "statuses_count": 44237,
        "lang": "tr",
        "contributors_enabled": false,
        "is_translator": false,
        "is_translation_enabled": false,
        "profile_background_color": "F5F8FA",
        "profile_background_image_url": null,
        "profile_background_image_url_https": null,
        "profile_background_tile": false,
        "profile_image_url": "http://pbs.twimg.com/profile_images/824968754899607552/NhrfVp7r_normal.jpg",
        "profile_image_url_https": "https://pbs.twimg.com/profile_images/824968754899607552/NhrfVp7r_normal.jpg",
        "profile_banner_url": "https://pbs.twimg.com/profile_banners/824965460315799553/1485522895",
        "profile_link_color": "1DA1F2",
        "profile_sidebar_border_color": "C0DEED",
        "profile_sidebar_fill_color": "DDEEF6",
        "profile_text_color": "333333",
        "profile_use_background_image": true,
        "has_extended_profile": false,
        "default_profile": true,
        "default_profile_image": false,
        "following": null,
        "follow_request_sent": null,
        "notifications": null,
        "translator_type": "none"
    },
    "geo": null,
    "coordinates": null,
    "place": null,
    "contributors": null,
    "is_quote_status": false,
    "retweet_count": 0,
    "favorite_count": 0,
    "favorited": false,
    "retweeted": false,
    "possibly_sensitive": false,
    "lang": "en"
}