{
    "created_at": "Tue Apr 16 23:51:24 +0000 2019",
    "id": 1118300893907017729,
    "id_str": "1118300893907017729",
    "text": "@Uber_Support need help with my jump scooter fees. I got charged for being in a no parking zone and wasn\u2019t prompted\u2026 https://t.co/RONgveSI49",
    "truncated": true,
    "entities": {
        "hashtags": [],
        "symbols": [],
        "user_mentions": [
            {
                "screen_name": "Uber_Support",
                "name": "Uber Support",
                "id": 2815754953,
                "id_str": "2815754953",
                "indices": [
                    0,
                    13
                ]
            }
        ],
        "urls": [
            {
                "url": "https://t.co/RONgveSI49",
                "expanded_url": "https://twitter.com/i/web/status/1118300893907017729",
                "display_url": "twitter.com/i/web/status/1\u2026",
                "indices": [
                    117,
                    140
                ]
            }
        ]
    },
    "metadata": {
        "iso_language_code": "en",
        "result_type": "recent"
    },
    "source": "<a href=\"http://twitter.com/download/iphone\" rel=\"nofollow\">Twitter for iPhone</a>",
    "in_reply_to_status_id": null,
    "in_reply_to_status_id_str": null,
    "in_reply_to_user_id": 2815754953,
    "in_reply_to_user_id_str": "2815754953",
    "in_reply_to_screen_name": "Uber_Support",
    "user": {
        "id": 296702379,
        "id_str": "296702379",
        "name": "Julie",
        "screen_name": "JGats_",
        "location": "Honolulu, HI",
        "description": "|Oregon State Grad | Advocate | Be at peace, not in pieces|",
        "url": null,
        "entities": {
            "description": {
                "urls": []
            }
        },
        "protected": false,
        "followers_count": 128,
        "friends_count": 244,
        "listed_count": 1,
        "created_at": "Wed May 11 07:59:31 +0000 2011",
        "favourites_count": 4811,
        "utc_offset": null,
        "time_zone": null,
        "geo_enabled": true,
        "verified": false,
        "statuses_count": 5791,
        "lang": "en",
        "contributors_enabled": false,
        "is_translator": false,
        "is_translation_enabled": false,
        "profile_background_color": "FCDA00",
        "profile_background_image_url": "http://abs.twimg.com/images/themes/theme5/bg.gif",
        "profile_background_image_url_https": "https://abs.twimg.com/images/themes/theme5/bg.gif",
        "profile_background_tile": true,
        "profile_image_url": "http://pbs.twimg.com/profile_images/915018499742822400/FFk8serr_normal.jpg",
        "profile_image_url_https": "https://pbs.twimg.com/profile_images/915018499742822400/FFk8serr_normal.jpg",
        "profile_banner_url": "https://pbs.twimg.com/profile_banners/296702379/1411026952",
        "profile_link_color": "62B2DE",
        "profile_sidebar_border_color": "62E0AE",
        "profile_sidebar_fill_color": "CEEBE5",
        "profile_text_color": "2B84F0",
        "profile_use_background_image": true,
        "has_extended_profile": false,
        "default_profile": false,
        "default_profile_image": false,
        "following": null,
        "follow_request_sent": null,
        "notifications": null,
        "translator_type": "none"
    },
    "geo": null,
    "coordinates": null,
    "place": {
        "id": "0654b676d0359a31",
        "url": "https://api.twitter.com/1.1/geo/id/0654b676d0359a31.json",
        "place_type": "city",
        "name": "El Segundo",
        "full_name": "El Segundo, CA",
        "country_code": "US",
        "country": "United States",
        "contained_within": [],
        "bounding_box": {
            "type": "Polygon",
            "coordinates": [
                [
                    [
                        -118.429843,
                        33.901804
                    ],
                    [
                        -118.370685,
                        33.901804
                    ],
                    [
                        -118.370685,
                        33.931493
                    ],
                    [
                        -118.429843,
                        33.931493
                    ]
                ]
            ]
        },
        "attributes": {}
    },
    "contributors": null,
    "is_quote_status": false,
    "retweet_count": 0,
    "favorite_count": 0,
    "favorited": false,
    "retweeted": false,
    "lang": "en"
}