{
    "created_at": "Thu Apr 18 03:01:29 +0000 2019",
    "id": 1118711116824227842,
    "id_str": "1118711116824227842",
    "text": "OUR UBER DRIVER IS TALKING TO MY JAPANESE FRIENDS ABOUT THE SUICIDE FOREST I WANNA JUMP OUT OF THIS CAR",
    "truncated": false,
    "entities": {
        "hashtags": [],
        "symbols": [],
        "user_mentions": [],
        "urls": []
    },
    "metadata": {
        "iso_language_code": "en",
        "result_type": "recent"
    },
    "source": "<a href=\"http://twitter.com/download/android\" rel=\"nofollow\">Twitter for Android</a>",
    "in_reply_to_status_id": null,
    "in_reply_to_status_id_str": null,
    "in_reply_to_user_id": null,
    "in_reply_to_user_id_str": null,
    "in_reply_to_screen_name": null,
    "user": {
        "id": 3214079575,
        "id_str": "3214079575",
        "name": "sky",
        "screen_name": "honorarybugs",
        "location": "",
        "description": "douchey but not awful.  she/her",
        "url": null,
        "entities": {
            "description": {
                "urls": []
            }
        },
        "protected": false,
        "followers_count": 170,
        "friends_count": 245,
        "listed_count": 6,
        "created_at": "Sun May 17 17:42:27 +0000 2015",
        "favourites_count": 21429,
        "utc_offset": null,
        "time_zone": null,
        "geo_enabled": false,
        "verified": false,
        "statuses_count": 14170,
        "lang": "en",
        "contributors_enabled": false,
        "is_translator": false,
        "is_translation_enabled": false,
        "profile_background_color": "000000",
        "profile_background_image_url": "http://abs.twimg.com/images/themes/theme1/bg.png",
        "profile_background_image_url_https": "https://abs.twimg.com/images/themes/theme1/bg.png",
        "profile_background_tile": false,
        "profile_image_url": "http://pbs.twimg.com/profile_images/1103465130103312385/F0iHSvdZ_normal.jpg",
        "profile_image_url_https": "https://pbs.twimg.com/profile_images/1103465130103312385/F0iHSvdZ_normal.jpg",
        "profile_banner_url": "https://pbs.twimg.com/profile_banners/3214079575/1497150062",
        "profile_link_color": "ABB8C2",
        "profile_sidebar_border_color": "000000",
        "profile_sidebar_fill_color": "000000",
        "profile_text_color": "000000",
        "profile_use_background_image": false,
        "has_extended_profile": true,
        "default_profile": false,
        "default_profile_image": false,
        "following": null,
        "follow_request_sent": null,
        "notifications": null,
        "translator_type": "none"
    },
    "geo": null,
    "coordinates": null,
    "place": null,
    "contributors": null,
    "is_quote_status": false,
    "retweet_count": 0,
    "favorite_count": 5,
    "favorited": false,
    "retweeted": false,
    "lang": "en"
}