{
    "created_at": "Wed Apr 17 08:40:14 +0000 2019",
    "id": 1118433977977778177,
    "id_str": "1118433977977778177",
    "text": "Uber introducing electric scooter rentals in Madrid and Paris\nhttps://t.co/aAaijEkfrA #WorldTravel #TravelNews\u2026 https://t.co/DDCMh55Hp6",
    "truncated": true,
    "entities": {
        "hashtags": [
            {
                "text": "WorldTravel",
                "indices": [
                    86,
                    98
                ]
            },
            {
                "text": "TravelNews",
                "indices": [
                    99,
                    110
                ]
            }
        ],
        "symbols": [],
        "user_mentions": [],
        "urls": [
            {
                "url": "https://t.co/aAaijEkfrA",
                "expanded_url": "https://buff.ly/2In8rnL",
                "display_url": "buff.ly/2In8rnL",
                "indices": [
                    62,
                    85
                ]
            },
            {
                "url": "https://t.co/DDCMh55Hp6",
                "expanded_url": "https://twitter.com/i/web/status/1118433977977778177",
                "display_url": "twitter.com/i/web/status/1\u2026",
                "indices": [
                    112,
                    135
                ]
            }
        ]
    },
    "metadata": {
        "iso_language_code": "en",
        "result_type": "recent"
    },
    "source": "<a href=\"https://buffer.com\" rel=\"nofollow\">Buffer</a>",
    "in_reply_to_status_id": null,
    "in_reply_to_status_id_str": null,
    "in_reply_to_user_id": null,
    "in_reply_to_user_id_str": null,
    "in_reply_to_screen_name": null,
    "user": {
        "id": 82304248,
        "id_str": "82304248",
        "name": "Word Travels",
        "screen_name": "WordTravelsNews",
        "location": "Cape Town, London",
        "description": "A leading travel guide, we'll keep you up to date here with breaking travel news, travel advisories, and interesting travel articles and competitions.",
        "url": "http://t.co/n10GPKwJcJ",
        "entities": {
            "url": {
                "urls": [
                    {
                        "url": "http://t.co/n10GPKwJcJ",
                        "expanded_url": "http://www.wordtravels.com",
                        "display_url": "wordtravels.com",
                        "indices": [
                            0,
                            22
                        ]
                    }
                ]
            },
            "description": {
                "urls": []
            }
        },
        "protected": false,
        "followers_count": 2870,
        "friends_count": 1170,
        "listed_count": 159,
        "created_at": "Wed Oct 14 07:45:53 +0000 2009",
        "favourites_count": 57,
        "utc_offset": null,
        "time_zone": null,
        "geo_enabled": false,
        "verified": false,
        "statuses_count": 7978,
        "lang": "en",
        "contributors_enabled": false,
        "is_translator": false,
        "is_translation_enabled": false,
        "profile_background_color": "C0DEED",
        "profile_background_image_url": "http://abs.twimg.com/images/themes/theme1/bg.png",
        "profile_background_image_url_https": "https://abs.twimg.com/images/themes/theme1/bg.png",
        "profile_background_tile": false,
        "profile_image_url": "http://pbs.twimg.com/profile_images/506395570/globe_copy_normal.jpg",
        "profile_image_url_https": "https://pbs.twimg.com/profile_images/506395570/globe_copy_normal.jpg",
        "profile_banner_url": "https://pbs.twimg.com/profile_banners/82304248/1436252457",
        "profile_link_color": "3B94D9",
        "profile_sidebar_border_color": "C0DEED",
        "profile_sidebar_fill_color": "8ECFED",
        "profile_text_color": "333333",
        "profile_use_background_image": true,
        "has_extended_profile": false,
        "default_profile": false,
        "default_profile_image": false,
        "following": null,
        "follow_request_sent": null,
        "notifications": null,
        "translator_type": "none"
    },
    "geo": null,
    "coordinates": null,
    "place": null,
    "contributors": null,
    "is_quote_status": false,
    "retweet_count": 0,
    "favorite_count": 0,
    "favorited": false,
    "retweeted": false,
    "possibly_sensitive": false,
    "lang": "en"
}