{
    "created_at": "Tue Apr 16 21:13:33 +0000 2019",
    "id": 1118261169708384256,
    "id_str": "1118261169708384256",
    "text": "\"Uber\u2019s JUMP bikes had the same defective brakes as recalled Ford GoBikes\" - https://t.co/yiFChFvza0",
    "truncated": false,
    "entities": {
        "hashtags": [],
        "symbols": [],
        "user_mentions": [],
        "urls": [
            {
                "url": "https://t.co/yiFChFvza0",
                "expanded_url": "https://www.sfexaminer.com/the-city/ubers-jump-bikes-had-the-same-defective-brakes-as-recalled-ford-gobikes/",
                "display_url": "sfexaminer.com/the-city/ubers\u2026",
                "indices": [
                    77,
                    100
                ]
            }
        ]
    },
    "metadata": {
        "iso_language_code": "en",
        "result_type": "recent"
    },
    "source": "<a href=\"http://twitter.com\" rel=\"nofollow\">Twitter Web Client</a>",
    "in_reply_to_status_id": null,
    "in_reply_to_status_id_str": null,
    "in_reply_to_user_id": null,
    "in_reply_to_user_id_str": null,
    "in_reply_to_screen_name": null,
    "user": {
        "id": 783789024427118592,
        "id_str": "783789024427118592",
        "name": "Jim McPherson",
        "screen_name": "SafeSelfDrive",
        "location": "San Francisco, CA",
        "description": "Perspectives on law & policy related to mobility tech, incl. autonomy, micromobility, safety, privacy, ethics, liability, econ & ins. Californian.",
        "url": null,
        "entities": {
            "description": {
                "urls": []
            }
        },
        "protected": false,
        "followers_count": 4936,
        "friends_count": 1492,
        "listed_count": 178,
        "created_at": "Wed Oct 05 22:00:40 +0000 2016",
        "favourites_count": 16646,
        "utc_offset": null,
        "time_zone": null,
        "geo_enabled": false,
        "verified": false,
        "statuses_count": 21590,
        "lang": "en",
        "contributors_enabled": false,
        "is_translator": false,
        "is_translation_enabled": false,
        "profile_background_color": "F5F8FA",
        "profile_background_image_url": null,
        "profile_background_image_url_https": null,
        "profile_background_tile": false,
        "profile_image_url": "http://pbs.twimg.com/profile_images/1069436762806616064/7i_lhTDZ_normal.jpg",
        "profile_image_url_https": "https://pbs.twimg.com/profile_images/1069436762806616064/7i_lhTDZ_normal.jpg",
        "profile_banner_url": "https://pbs.twimg.com/profile_banners/783789024427118592/1479846076",
        "profile_link_color": "1DA1F2",
        "profile_sidebar_border_color": "C0DEED",
        "profile_sidebar_fill_color": "DDEEF6",
        "profile_text_color": "333333",
        "profile_use_background_image": true,
        "has_extended_profile": false,
        "default_profile": true,
        "default_profile_image": false,
        "following": null,
        "follow_request_sent": null,
        "notifications": null,
        "translator_type": "none"
    },
    "geo": null,
    "coordinates": null,
    "place": null,
    "contributors": null,
    "is_quote_status": false,
    "retweet_count": 0,
    "favorite_count": 1,
    "favorited": false,
    "retweeted": false,
    "possibly_sensitive": false,
    "lang": "en"
}