{
    "created_at": "Tue Apr 16 18:09:15 +0000 2019",
    "id": 1118214786120966144,
    "id_str": "1118214786120966144",
    "text": "@GetAroundSac @jump_rides They sent an email a month or so ago the merge was coming. I understand why the merge too\u2026 https://t.co/b59AaQ9oED",
    "truncated": true,
    "entities": {
        "hashtags": [],
        "symbols": [],
        "user_mentions": [
            {
                "screen_name": "GetAroundSac",
                "name": "Getting Around Sac",
                "id": 2249640337,
                "id_str": "2249640337",
                "indices": [
                    0,
                    13
                ]
            },
            {
                "screen_name": "jump_rides",
                "name": "JUMP",
                "id": 868126911817502721,
                "id_str": "868126911817502721",
                "indices": [
                    14,
                    25
                ]
            }
        ],
        "urls": [
            {
                "url": "https://t.co/b59AaQ9oED",
                "expanded_url": "https://twitter.com/i/web/status/1118214786120966144",
                "display_url": "twitter.com/i/web/status/1\u2026",
                "indices": [
                    117,
                    140
                ]
            }
        ]
    },
    "metadata": {
        "iso_language_code": "en",
        "result_type": "recent"
    },
    "source": "<a href=\"http://tapbots.com/tweetbot\" rel=\"nofollow\">Tweetbot for i\u039fS</a>",
    "in_reply_to_status_id": 1118194950330408960,
    "in_reply_to_status_id_str": "1118194950330408960",
    "in_reply_to_user_id": 2249640337,
    "in_reply_to_user_id_str": "2249640337",
    "in_reply_to_screen_name": "GetAroundSac",
    "user": {
        "id": 48401854,
        "id_str": "48401854",
        "name": "matt briseno",
        "screen_name": "matt_briseno",
        "location": "Orangevale",
        "description": "Ride. Live. Cry. Love. Fun.",
        "url": null,
        "entities": {
            "description": {
                "urls": []
            }
        },
        "protected": false,
        "followers_count": 48,
        "friends_count": 303,
        "listed_count": 8,
        "created_at": "Thu Jun 18 16:25:18 +0000 2009",
        "favourites_count": 511,
        "utc_offset": null,
        "time_zone": null,
        "geo_enabled": true,
        "verified": false,
        "statuses_count": 1025,
        "lang": "en",
        "contributors_enabled": false,
        "is_translator": false,
        "is_translation_enabled": false,
        "profile_background_color": "C0DEED",
        "profile_background_image_url": "http://abs.twimg.com/images/themes/theme1/bg.png",
        "profile_background_image_url_https": "https://abs.twimg.com/images/themes/theme1/bg.png",
        "profile_background_tile": false,
        "profile_image_url": "http://pbs.twimg.com/profile_images/967967633747279872/QDshqrop_normal.jpg",
        "profile_image_url_https": "https://pbs.twimg.com/profile_images/967967633747279872/QDshqrop_normal.jpg",
        "profile_link_color": "1DA1F2",
        "profile_sidebar_border_color": "C0DEED",
        "profile_sidebar_fill_color": "DDEEF6",
        "profile_text_color": "333333",
        "profile_use_background_image": true,
        "has_extended_profile": false,
        "default_profile": true,
        "default_profile_image": false,
        "following": null,
        "follow_request_sent": null,
        "notifications": null,
        "translator_type": "none"
    },
    "geo": null,
    "coordinates": null,
    "place": null,
    "contributors": null,
    "is_quote_status": false,
    "retweet_count": 0,
    "favorite_count": 0,
    "favorited": false,
    "retweeted": false,
    "lang": "en"
}