{
    "created_at": "Tue Apr 16 21:24:31 +0000 2019",
    "id": 1118263927534575616,
    "id_str": "1118263927534575616",
    "text": "Not-So-Punctual-Lobbyist Pro Tip: you can get from the Esquire to Capitol in 1 min on a @Uber #Jump Scooter. \n\n#CAleg",
    "truncated": false,
    "entities": {
        "hashtags": [
            {
                "text": "Jump",
                "indices": [
                    94,
                    99
                ]
            },
            {
                "text": "CAleg",
                "indices": [
                    111,
                    117
                ]
            }
        ],
        "symbols": [],
        "user_mentions": [
            {
                "screen_name": "Uber",
                "name": "Uber",
                "id": 19103481,
                "id_str": "19103481",
                "indices": [
                    88,
                    93
                ]
            }
        ],
        "urls": []
    },
    "metadata": {
        "iso_language_code": "en",
        "result_type": "recent"
    },
    "source": "<a href=\"http://twitter.com/download/iphone\" rel=\"nofollow\">Twitter for iPhone</a>",
    "in_reply_to_status_id": null,
    "in_reply_to_status_id_str": null,
    "in_reply_to_user_id": null,
    "in_reply_to_user_id_str": null,
    "in_reply_to_screen_name": null,
    "user": {
        "id": 47007168,
        "id_str": "47007168",
        "name": "Caity Maple",
        "screen_name": "CaityMaple",
        "location": "Sacramento, California",
        "description": "#CAleg Advocate. @UCDavis Alumna. @Sacmentality Contributing Editor. Politico. Hiker. Women's Advocate. Champion for Change.",
        "url": "https://t.co/5g3cOeRgB4",
        "entities": {
            "url": {
                "urls": [
                    {
                        "url": "https://t.co/5g3cOeRgB4",
                        "expanded_url": "https://www.linkedin.com/in/caitlinmariemaple",
                        "display_url": "linkedin.com/in/caitlinmari\u2026",
                        "indices": [
                            0,
                            23
                        ]
                    }
                ]
            },
            "description": {
                "urls": []
            }
        },
        "protected": false,
        "followers_count": 728,
        "friends_count": 1306,
        "listed_count": 28,
        "created_at": "Sun Jun 14 01:43:36 +0000 2009",
        "favourites_count": 2936,
        "utc_offset": null,
        "time_zone": null,
        "geo_enabled": true,
        "verified": false,
        "statuses_count": 1324,
        "lang": "en",
        "contributors_enabled": false,
        "is_translator": false,
        "is_translation_enabled": false,
        "profile_background_color": "EBEBEB",
        "profile_background_image_url": "http://abs.twimg.com/images/themes/theme7/bg.gif",
        "profile_background_image_url_https": "https://abs.twimg.com/images/themes/theme7/bg.gif",
        "profile_background_tile": false,
        "profile_image_url": "http://pbs.twimg.com/profile_images/1042827923042889728/e0GMwXMp_normal.jpg",
        "profile_image_url_https": "https://pbs.twimg.com/profile_images/1042827923042889728/e0GMwXMp_normal.jpg",
        "profile_link_color": "1B95E0",
        "profile_sidebar_border_color": "DFDFDF",
        "profile_sidebar_fill_color": "990000",
        "profile_text_color": "000000",
        "profile_use_background_image": true,
        "has_extended_profile": true,
        "default_profile": false,
        "default_profile_image": false,
        "following": null,
        "follow_request_sent": null,
        "notifications": null,
        "translator_type": "none"
    },
    "geo": null,
    "coordinates": null,
    "place": {
        "id": "b71fac2ee9792cbe",
        "url": "https://api.twitter.com/1.1/geo/id/b71fac2ee9792cbe.json",
        "place_type": "city",
        "name": "Sacramento",
        "full_name": "Sacramento, CA",
        "country_code": "US",
        "country": "United States",
        "contained_within": [],
        "bounding_box": {
            "type": "Polygon",
            "coordinates": [
                [
                    [
                        -121.576613,
                        38.43792
                    ],
                    [
                        -121.362715,
                        38.43792
                    ],
                    [
                        -121.362715,
                        38.6855236
                    ],
                    [
                        -121.576613,
                        38.6855236
                    ]
                ]
            ]
        },
        "attributes": {}
    },
    "contributors": null,
    "is_quote_status": false,
    "retweet_count": 0,
    "favorite_count": 4,
    "favorited": false,
    "retweeted": false,
    "lang": "en"
}