{
    "created_at": "Wed Apr 17 01:00:25 +0000 2019",
    "id": 1118318261119016962,
    "id_str": "1118318261119016962",
    "text": "RT @faizsays: Long before Lyft grounded the e-bikes it operates this weekend, Uber pulled and modified its JUMP Bikes over the same issue,\u2026",
    "truncated": false,
    "entities": {
        "hashtags": [],
        "symbols": [],
        "user_mentions": [
            {
                "screen_name": "faizsays",
                "name": "Faiz Siddiqui",
                "id": 62842049,
                "id_str": "62842049",
                "indices": [
                    3,
                    12
                ]
            }
        ],
        "urls": []
    },
    "metadata": {
        "iso_language_code": "en",
        "result_type": "recent"
    },
    "source": "<a href=\"http://twitter.com/download/iphone\" rel=\"nofollow\">Twitter for iPhone</a>",
    "in_reply_to_status_id": null,
    "in_reply_to_status_id_str": null,
    "in_reply_to_user_id": null,
    "in_reply_to_user_id_str": null,
    "in_reply_to_screen_name": null,
    "user": {
        "id": 18198007,
        "id_str": "18198007",
        "name": "davidd8",
        "screen_name": "davidd8",
        "location": "",
        "description": "",
        "url": "http://t.co/TSMKYLr4pt",
        "entities": {
            "url": {
                "urls": [
                    {
                        "url": "http://t.co/TSMKYLr4pt",
                        "expanded_url": "http://www.davidexmachina.com",
                        "display_url": "davidexmachina.com",
                        "indices": [
                            0,
                            22
                        ]
                    }
                ]
            },
            "description": {
                "urls": []
            }
        },
        "protected": false,
        "followers_count": 120,
        "friends_count": 332,
        "listed_count": 7,
        "created_at": "Wed Dec 17 20:04:02 +0000 2008",
        "favourites_count": 779,
        "utc_offset": null,
        "time_zone": null,
        "geo_enabled": false,
        "verified": false,
        "statuses_count": 1206,
        "lang": "en",
        "contributors_enabled": false,
        "is_translator": false,
        "is_translation_enabled": false,
        "profile_background_color": "352726",
        "profile_background_image_url": "http://abs.twimg.com/images/themes/theme5/bg.gif",
        "profile_background_image_url_https": "https://abs.twimg.com/images/themes/theme5/bg.gif",
        "profile_background_tile": false,
        "profile_image_url": "http://pbs.twimg.com/profile_images/67817750/Portrait_002_normal.jpg",
        "profile_image_url_https": "https://pbs.twimg.com/profile_images/67817750/Portrait_002_normal.jpg",
        "profile_link_color": "D02B55",
        "profile_sidebar_border_color": "829D5E",
        "profile_sidebar_fill_color": "99CC33",
        "profile_text_color": "3E4415",
        "profile_use_background_image": true,
        "has_extended_profile": false,
        "default_profile": false,
        "default_profile_image": false,
        "following": null,
        "follow_request_sent": null,
        "notifications": null,
        "translator_type": "none"
    },
    "geo": null,
    "coordinates": null,
    "place": null,
    "contributors": null,
    "retweeted_status": {
        "created_at": "Tue Apr 16 11:00:00 +0000 2019",
        "id": 1118106765592162304,
        "id_str": "1118106765592162304",
        "text": "Long before Lyft grounded the e-bikes it operates this weekend, Uber pulled and modified its JUMP Bikes over the sa\u2026 https://t.co/XWcoyBs2yk",
        "truncated": true,
        "entities": {
            "hashtags": [],
            "symbols": [],
            "user_mentions": [],
            "urls": [
                {
                    "url": "https://t.co/XWcoyBs2yk",
                    "expanded_url": "https://twitter.com/i/web/status/1118106765592162304",
                    "display_url": "twitter.com/i/web/status/1\u2026",
                    "indices": [
                        117,
                        140
                    ]
                }
            ]
        },
        "metadata": {
            "iso_language_code": "en",
            "result_type": "recent"
        },
        "source": "<a href=\"https://about.twitter.com/products/tweetdeck\" rel=\"nofollow\">TweetDeck</a>",
        "in_reply_to_status_id": null,
        "in_reply_to_status_id_str": null,
        "in_reply_to_user_id": null,
        "in_reply_to_user_id_str": null,
        "in_reply_to_screen_name": null,
        "user": {
            "id": 62842049,
            "id_str": "62842049",
            "name": "Faiz Siddiqui",
            "screen_name": "faizsays",
            "location": "San Francisco",
            "description": "Tech reporter @washingtonpost covering Tesla, Uber/Lyft, driverless cars + \ud83d\udef4\ud83d\udeb2\ud83d\ude97\ud83d\ude8c\ud83d\ude9d\u2708\ufe0f\ud83d\ude80(?)\nTips: faiz.siddiqui@washpost.com | DMs open, Signal/WhatsApp: ask",
            "url": "https://t.co/WE4VkikXUp",
            "entities": {
                "url": {
                    "urls": [
                        {
                            "url": "https://t.co/WE4VkikXUp",
                            "expanded_url": "https://www.washingtonpost.com/people/faiz-siddiqui",
                            "display_url": "washingtonpost.com/people/faiz-si\u2026",
                            "indices": [
                                0,
                                23
                            ]
                        }
                    ]
                },
                "description": {
                    "urls": []
                }
            },
            "protected": false,
            "followers_count": 5591,
            "friends_count": 1551,
            "listed_count": 235,
            "created_at": "Tue Aug 04 15:13:48 +0000 2009",
            "favourites_count": 3275,
            "utc_offset": null,
            "time_zone": null,
            "geo_enabled": true,
            "verified": true,
            "statuses_count": 9847,
            "lang": "en",
            "contributors_enabled": false,
            "is_translator": false,
            "is_translation_enabled": false,
            "profile_background_color": "C0DEED",
            "profile_background_image_url": "http://abs.twimg.com/images/themes/theme1/bg.png",
            "profile_background_image_url_https": "https://abs.twimg.com/images/themes/theme1/bg.png",
            "profile_background_tile": false,
            "profile_image_url": "http://pbs.twimg.com/profile_images/961652129923518468/N86hKTtJ_normal.jpg",
            "profile_image_url_https": "https://pbs.twimg.com/profile_images/961652129923518468/N86hKTtJ_normal.jpg",
            "profile_banner_url": "https://pbs.twimg.com/profile_banners/62842049/1486854760",
            "profile_link_color": "1DA1F2",
            "profile_sidebar_border_color": "C0DEED",
            "profile_sidebar_fill_color": "DDEEF6",
            "profile_text_color": "333333",
            "profile_use_background_image": true,
            "has_extended_profile": false,
            "default_profile": true,
            "default_profile_image": false,
            "following": null,
            "follow_request_sent": null,
            "notifications": null,
            "translator_type": "none"
        },
        "geo": null,
        "coordinates": null,
        "place": null,
        "contributors": null,
        "is_quote_status": false,
        "retweet_count": 21,
        "favorite_count": 33,
        "favorited": false,
        "retweeted": false,
        "possibly_sensitive": false,
        "lang": "en"
    },
    "is_quote_status": false,
    "retweet_count": 21,
    "favorite_count": 0,
    "favorited": false,
    "retweeted": false,
    "lang": "en"
}