{
    "created_at": "Wed Apr 17 07:58:11 +0000 2019",
    "id": 1118423395350323200,
    "id_str": "1118423395350323200",
    "text": "RT @KajEmbren: Uber introduces Jump scooters to D.C. and changes its price structure for its popular e-bikes via \u2066@washingtonpost\u2069 \u2066@miljot\u2026",
    "truncated": false,
    "entities": {
        "hashtags": [],
        "symbols": [],
        "user_mentions": [
            {
                "screen_name": "KajEmbren",
                "name": "Kaj Embren",
                "id": 35538459,
                "id_str": "35538459",
                "indices": [
                    3,
                    13
                ]
            },
            {
                "screen_name": "washingtonpost",
                "name": "The Washington Post",
                "id": 2467791,
                "id_str": "2467791",
                "indices": [
                    114,
                    129
                ]
            }
        ],
        "urls": []
    },
    "metadata": {
        "iso_language_code": "en",
        "result_type": "recent"
    },
    "source": "<a href=\"http://twitter.com/download/iphone\" rel=\"nofollow\">Twitter for iPhone</a>",
    "in_reply_to_status_id": null,
    "in_reply_to_status_id_str": null,
    "in_reply_to_user_id": null,
    "in_reply_to_user_id_str": null,
    "in_reply_to_screen_name": null,
    "user": {
        "id": 35538459,
        "id_str": "35538459",
        "name": "Kaj Embren",
        "screen_name": "KajEmbren",
        "location": "England, United Kingdom",
        "description": "Senior consultant with 30+ years experience in sustainability and climate change. Senior Advisor @SouthPoleGroup and @CrowdWeek Europe",
        "url": "https://t.co/4qRaVvWceQ",
        "entities": {
            "url": {
                "urls": [
                    {
                        "url": "https://t.co/4qRaVvWceQ",
                        "expanded_url": "http://www.kajembren.com",
                        "display_url": "kajembren.com",
                        "indices": [
                            0,
                            23
                        ]
                    }
                ]
            },
            "description": {
                "urls": []
            }
        },
        "protected": false,
        "followers_count": 74067,
        "friends_count": 35107,
        "listed_count": 617,
        "created_at": "Sun Apr 26 19:14:47 +0000 2009",
        "favourites_count": 2908,
        "utc_offset": null,
        "time_zone": null,
        "geo_enabled": true,
        "verified": false,
        "statuses_count": 35295,
        "lang": "en",
        "contributors_enabled": false,
        "is_translator": false,
        "is_translation_enabled": false,
        "profile_background_color": "000000",
        "profile_background_image_url": "http://abs.twimg.com/images/themes/theme1/bg.png",
        "profile_background_image_url_https": "https://abs.twimg.com/images/themes/theme1/bg.png",
        "profile_background_tile": false,
        "profile_image_url": "http://pbs.twimg.com/profile_images/990252071868911616/U_E18Zyu_normal.jpg",
        "profile_image_url_https": "https://pbs.twimg.com/profile_images/990252071868911616/U_E18Zyu_normal.jpg",
        "profile_banner_url": "https://pbs.twimg.com/profile_banners/35538459/1524929528",
        "profile_link_color": "1B95E0",
        "profile_sidebar_border_color": "000000",
        "profile_sidebar_fill_color": "000000",
        "profile_text_color": "000000",
        "profile_use_background_image": false,
        "has_extended_profile": false,
        "default_profile": false,
        "default_profile_image": false,
        "following": null,
        "follow_request_sent": null,
        "notifications": null,
        "translator_type": "none"
    },
    "geo": null,
    "coordinates": null,
    "place": null,
    "contributors": null,
    "retweeted_status": {
        "created_at": "Tue Apr 16 21:32:51 +0000 2019",
        "id": 1118266025278156805,
        "id_str": "1118266025278156805",
        "text": "Uber introduces Jump scooters to D.C. and changes its price structure for its popular e-bikes via \u2066@washingtonpost\u2069\u2026 https://t.co/irkZgTUgM6",
        "truncated": true,
        "entities": {
            "hashtags": [],
            "symbols": [],
            "user_mentions": [
                {
                    "screen_name": "washingtonpost",
                    "name": "The Washington Post",
                    "id": 2467791,
                    "id_str": "2467791",
                    "indices": [
                        99,
                        114
                    ]
                }
            ],
            "urls": [
                {
                    "url": "https://t.co/irkZgTUgM6",
                    "expanded_url": "https://twitter.com/i/web/status/1118266025278156805",
                    "display_url": "twitter.com/i/web/status/1\u2026",
                    "indices": [
                        117,
                        140
                    ]
                }
            ]
        },
        "metadata": {
            "iso_language_code": "en",
            "result_type": "recent"
        },
        "source": "<a href=\"http://twitter.com/download/iphone\" rel=\"nofollow\">Twitter for iPhone</a>",
        "in_reply_to_status_id": null,
        "in_reply_to_status_id_str": null,
        "in_reply_to_user_id": null,
        "in_reply_to_user_id_str": null,
        "in_reply_to_screen_name": null,
        "user": {
            "id": 35538459,
            "id_str": "35538459",
            "name": "Kaj Embren",
            "screen_name": "KajEmbren",
            "location": "England, United Kingdom",
            "description": "Senior consultant with 30+ years experience in sustainability and climate change. Senior Advisor @SouthPoleGroup and @CrowdWeek Europe",
            "url": "https://t.co/4qRaVvWceQ",
            "entities": {
                "url": {
                    "urls": [
                        {
                            "url": "https://t.co/4qRaVvWceQ",
                            "expanded_url": "http://www.kajembren.com",
                            "display_url": "kajembren.com",
                            "indices": [
                                0,
                                23
                            ]
                        }
                    ]
                },
                "description": {
                    "urls": []
                }
            },
            "protected": false,
            "followers_count": 74067,
            "friends_count": 35107,
            "listed_count": 617,
            "created_at": "Sun Apr 26 19:14:47 +0000 2009",
            "favourites_count": 2908,
            "utc_offset": null,
            "time_zone": null,
            "geo_enabled": true,
            "verified": false,
            "statuses_count": 35295,
            "lang": "en",
            "contributors_enabled": false,
            "is_translator": false,
            "is_translation_enabled": false,
            "profile_background_color": "000000",
            "profile_background_image_url": "http://abs.twimg.com/images/themes/theme1/bg.png",
            "profile_background_image_url_https": "https://abs.twimg.com/images/themes/theme1/bg.png",
            "profile_background_tile": false,
            "profile_image_url": "http://pbs.twimg.com/profile_images/990252071868911616/U_E18Zyu_normal.jpg",
            "profile_image_url_https": "https://pbs.twimg.com/profile_images/990252071868911616/U_E18Zyu_normal.jpg",
            "profile_banner_url": "https://pbs.twimg.com/profile_banners/35538459/1524929528",
            "profile_link_color": "1B95E0",
            "profile_sidebar_border_color": "000000",
            "profile_sidebar_fill_color": "000000",
            "profile_text_color": "000000",
            "profile_use_background_image": false,
            "has_extended_profile": false,
            "default_profile": false,
            "default_profile_image": false,
            "following": null,
            "follow_request_sent": null,
            "notifications": null,
            "translator_type": "none"
        },
        "geo": null,
        "coordinates": null,
        "place": null,
        "contributors": null,
        "is_quote_status": false,
        "retweet_count": 2,
        "favorite_count": 1,
        "favorited": false,
        "retweeted": false,
        "possibly_sensitive": false,
        "lang": "en"
    },
    "is_quote_status": false,
    "retweet_count": 2,
    "favorite_count": 0,
    "favorited": false,
    "retweeted": false,
    "lang": "en"
}