{
    "created_at": "Tue Apr 16 20:15:19 +0000 2019",
    "id": 1118246511530242049,
    "id_str": "1118246511530242049",
    "text": "@dbloom @FitzTheReporter In @faizsays's reporting he includes this quote from Uber, indicating that JUMP may have m\u2026 https://t.co/pi2kYt4QNy",
    "truncated": true,
    "entities": {
        "hashtags": [],
        "symbols": [],
        "user_mentions": [
            {
                "screen_name": "dbloom",
                "name": "David Bloom",
                "id": 9611372,
                "id_str": "9611372",
                "indices": [
                    0,
                    7
                ]
            },
            {
                "screen_name": "FitzTheReporter",
                "name": "Joe Fitz Rodriguez",
                "id": 407440890,
                "id_str": "407440890",
                "indices": [
                    8,
                    24
                ]
            },
            {
                "screen_name": "faizsays",
                "name": "Faiz Siddiqui",
                "id": 62842049,
                "id_str": "62842049",
                "indices": [
                    28,
                    37
                ]
            }
        ],
        "urls": [
            {
                "url": "https://t.co/pi2kYt4QNy",
                "expanded_url": "https://twitter.com/i/web/status/1118246511530242049",
                "display_url": "twitter.com/i/web/status/1\u2026",
                "indices": [
                    117,
                    140
                ]
            }
        ]
    },
    "metadata": {
        "iso_language_code": "en",
        "result_type": "recent"
    },
    "source": "<a href=\"http://twitter.com\" rel=\"nofollow\">Twitter Web Client</a>",
    "in_reply_to_status_id": 1118246440424230912,
    "in_reply_to_status_id_str": "1118246440424230912",
    "in_reply_to_user_id": 255340704,
    "in_reply_to_user_id_str": "255340704",
    "in_reply_to_screen_name": "thecliffbar",
    "user": {
        "id": 255340704,
        "id_str": "255340704",
        "name": "Cliff Bargar",
        "screen_name": "thecliffbar",
        "location": "San Francisco, CA",
        "description": "Not the energy bar. Runner, bike + transit advocate, surgical roboticist/eng. Boston born, go 'Bos \ud83d\udc18 (+ Card \ud83c\udf32).\nTweets don't represent my employer, etc.",
        "url": "https://t.co/TMxngX1b5R",
        "entities": {
            "url": {
                "urls": [
                    {
                        "url": "https://t.co/TMxngX1b5R",
                        "expanded_url": "http://cliffbargar.com",
                        "display_url": "cliffbargar.com",
                        "indices": [
                            0,
                            23
                        ]
                    }
                ]
            },
            "description": {
                "urls": []
            }
        },
        "protected": false,
        "followers_count": 556,
        "friends_count": 836,
        "listed_count": 13,
        "created_at": "Mon Feb 21 04:38:31 +0000 2011",
        "favourites_count": 54782,
        "utc_offset": null,
        "time_zone": null,
        "geo_enabled": true,
        "verified": false,
        "statuses_count": 9402,
        "lang": "en",
        "contributors_enabled": false,
        "is_translator": false,
        "is_translation_enabled": false,
        "profile_background_color": "422716",
        "profile_background_image_url": "http://abs.twimg.com/images/themes/theme15/bg.png",
        "profile_background_image_url_https": "https://abs.twimg.com/images/themes/theme15/bg.png",
        "profile_background_tile": false,
        "profile_image_url": "http://pbs.twimg.com/profile_images/847116867785285634/sZy9elzQ_normal.jpg",
        "profile_image_url_https": "https://pbs.twimg.com/profile_images/847116867785285634/sZy9elzQ_normal.jpg",
        "profile_banner_url": "https://pbs.twimg.com/profile_banners/255340704/1525284908",
        "profile_link_color": "1B95E0",
        "profile_sidebar_border_color": "5E939C",
        "profile_sidebar_fill_color": "28B5A9",
        "profile_text_color": "135C66",
        "profile_use_background_image": true,
        "has_extended_profile": false,
        "default_profile": false,
        "default_profile_image": false,
        "following": null,
        "follow_request_sent": null,
        "notifications": null,
        "translator_type": "none"
    },
    "geo": null,
    "coordinates": null,
    "place": null,
    "contributors": null,
    "is_quote_status": false,
    "retweet_count": 0,
    "favorite_count": 1,
    "favorited": false,
    "retweeted": false,
    "lang": "en"
}