{
    "created_at": "Thu Apr 18 10:32:30 +0000 2019",
    "id": 1118824619773976581,
    "id_str": "1118824619773976581",
    "text": "@Uber's @jump_rides completely changed how I move around Berlin. \u20ac1 for 20 min + \u20ac0.10 is insanely cheap for electr\u2026 https://t.co/nPSaY88Bh7",
    "truncated": true,
    "entities": {
        "hashtags": [],
        "symbols": [],
        "user_mentions": [
            {
                "screen_name": "Uber",
                "name": "Uber",
                "id": 19103481,
                "id_str": "19103481",
                "indices": [
                    0,
                    5
                ]
            },
            {
                "screen_name": "jump_rides",
                "name": "JUMP",
                "id": 868126911817502721,
                "id_str": "868126911817502721",
                "indices": [
                    8,
                    19
                ]
            }
        ],
        "urls": [
            {
                "url": "https://t.co/nPSaY88Bh7",
                "expanded_url": "https://twitter.com/i/web/status/1118824619773976581",
                "display_url": "twitter.com/i/web/status/1\u2026",
                "indices": [
                    117,
                    140
                ]
            }
        ]
    },
    "metadata": {
        "iso_language_code": "en",
        "result_type": "recent"
    },
    "source": "<a href=\"http://twitter.com\" rel=\"nofollow\">Twitter Web Client</a>",
    "in_reply_to_status_id": null,
    "in_reply_to_status_id_str": null,
    "in_reply_to_user_id": 19103481,
    "in_reply_to_user_id_str": "19103481",
    "in_reply_to_screen_name": "Uber",
    "user": {
        "id": 285171929,
        "id_str": "285171929",
        "name": "Daniel Marcinkowski",
        "screen_name": "dmarcinkowski_",
        "location": "Berlin, Germany",
        "description": "Social Media Specialist & Digital Designer \u00b7 Co-host @Skonfigurowani_",
        "url": "https://t.co/18VF2HzYQU",
        "entities": {
            "url": {
                "urls": [
                    {
                        "url": "https://t.co/18VF2HzYQU",
                        "expanded_url": "https://dmarcinkowski.pl",
                        "display_url": "dmarcinkowski.pl",
                        "indices": [
                            0,
                            23
                        ]
                    }
                ]
            },
            "description": {
                "urls": []
            }
        },
        "protected": false,
        "followers_count": 1201,
        "friends_count": 27,
        "listed_count": 59,
        "created_at": "Wed Apr 20 17:19:07 +0000 2011",
        "favourites_count": 11208,
        "utc_offset": null,
        "time_zone": null,
        "geo_enabled": true,
        "verified": false,
        "statuses_count": 41070,
        "lang": "en",
        "contributors_enabled": false,
        "is_translator": false,
        "is_translation_enabled": false,
        "profile_background_color": "FFFFFF",
        "profile_background_image_url": "http://abs.twimg.com/images/themes/theme3/bg.gif",
        "profile_background_image_url_https": "https://abs.twimg.com/images/themes/theme3/bg.gif",
        "profile_background_tile": false,
        "profile_image_url": "http://pbs.twimg.com/profile_images/1055051974155124736/jPT2sO7L_normal.jpg",
        "profile_image_url_https": "https://pbs.twimg.com/profile_images/1055051974155124736/jPT2sO7L_normal.jpg",
        "profile_banner_url": "https://pbs.twimg.com/profile_banners/285171929/1532675110",
        "profile_link_color": "2C2C2C",
        "profile_sidebar_border_color": "000000",
        "profile_sidebar_fill_color": "FFFFFF",
        "profile_text_color": "000000",
        "profile_use_background_image": false,
        "has_extended_profile": true,
        "default_profile": false,
        "default_profile_image": false,
        "following": null,
        "follow_request_sent": null,
        "notifications": null,
        "translator_type": "regular"
    },
    "geo": null,
    "coordinates": null,
    "place": null,
    "contributors": null,
    "is_quote_status": false,
    "retweet_count": 0,
    "favorite_count": 0,
    "favorited": false,
    "retweeted": false,
    "possibly_sensitive": false,
    "lang": "en"
}