{
    "created_at": "Tue Apr 16 18:55:36 +0000 2019",
    "id": 1118226452242227200,
    "id_str": "1118226452242227200",
    "text": "Apparently Uber/JUMP faced the same issues as Lyft now is with their ebikes. It didn't publicize it, or tell Lyft (\u2026 https://t.co/KVwHK65FoF",
    "truncated": true,
    "entities": {
        "hashtags": [],
        "symbols": [],
        "user_mentions": [],
        "urls": [
            {
                "url": "https://t.co/KVwHK65FoF",
                "expanded_url": "https://twitter.com/i/web/status/1118226452242227200",
                "display_url": "twitter.com/i/web/status/1\u2026",
                "indices": [
                    117,
                    140
                ]
            }
        ]
    },
    "metadata": {
        "iso_language_code": "en",
        "result_type": "recent"
    },
    "source": "<a href=\"http://twitter.com\" rel=\"nofollow\">Twitter Web Client</a>",
    "in_reply_to_status_id": null,
    "in_reply_to_status_id_str": null,
    "in_reply_to_user_id": null,
    "in_reply_to_user_id_str": null,
    "in_reply_to_screen_name": null,
    "user": {
        "id": 3064857108,
        "id_str": "3064857108",
        "name": "Asher \ud83d\udeb6\ud83c\udff0\ud83d\udd30",
        "screen_name": "AsherDeMontreal",
        "location": "Montr\u00e9al, Qu\u00e9bec",
        "description": "Old urbanism revanchist. Influences: Henry George, Ivan Illich, Bernard Rudofsky, E.F. Schumacher, Donald Shoup. \"Stadtluft macht frei.\" DMs welcome.",
        "url": null,
        "entities": {
            "description": {
                "urls": []
            }
        },
        "protected": false,
        "followers_count": 1102,
        "friends_count": 270,
        "listed_count": 25,
        "created_at": "Fri Mar 06 13:37:17 +0000 2015",
        "favourites_count": 8183,
        "utc_offset": null,
        "time_zone": null,
        "geo_enabled": false,
        "verified": false,
        "statuses_count": 8929,
        "lang": "en",
        "contributors_enabled": false,
        "is_translator": false,
        "is_translation_enabled": false,
        "profile_background_color": "000000",
        "profile_background_image_url": "http://abs.twimg.com/images/themes/theme1/bg.png",
        "profile_background_image_url_https": "https://abs.twimg.com/images/themes/theme1/bg.png",
        "profile_background_tile": false,
        "profile_image_url": "http://pbs.twimg.com/profile_images/910600779030970368/Q10zpG7M_normal.jpg",
        "profile_image_url_https": "https://pbs.twimg.com/profile_images/910600779030970368/Q10zpG7M_normal.jpg",
        "profile_banner_url": "https://pbs.twimg.com/profile_banners/3064857108/1505939111",
        "profile_link_color": "1353F3",
        "profile_sidebar_border_color": "000000",
        "profile_sidebar_fill_color": "000000",
        "profile_text_color": "000000",
        "profile_use_background_image": false,
        "has_extended_profile": false,
        "default_profile": false,
        "default_profile_image": false,
        "following": null,
        "follow_request_sent": null,
        "notifications": null,
        "translator_type": "none"
    },
    "geo": null,
    "coordinates": null,
    "place": null,
    "contributors": null,
    "is_quote_status": false,
    "retweet_count": 2,
    "favorite_count": 10,
    "favorited": false,
    "retweeted": false,
    "possibly_sensitive": false,
    "lang": "en"
}