{
    "created_at": "Tue Apr 16 13:41:52 +0000 2019",
    "id": 1118147497191333888,
    "id_str": "1118147497191333888",
    "text": "@BritChic65 @jaycola @DonDerby1 @RobSilver Of course not but I know that you are Uber organized in your trips to to\u2026 https://t.co/9yr7Xtqqd7",
    "truncated": true,
    "entities": {
        "hashtags": [],
        "symbols": [],
        "user_mentions": [
            {
                "screen_name": "BritChic65",
                "name": "BritChic \ud83c\uddec\ud83c\udde7\ud83c\udde8\ud83c\udde6",
                "id": 486352975,
                "id_str": "486352975",
                "indices": [
                    0,
                    11
                ]
            },
            {
                "screen_name": "jaycola",
                "name": "Jay Kowal",
                "id": 21929652,
                "id_str": "21929652",
                "indices": [
                    12,
                    20
                ]
            },
            {
                "screen_name": "DonDerby1",
                "name": "Don Derby",
                "id": 890294438,
                "id_str": "890294438",
                "indices": [
                    21,
                    31
                ]
            },
            {
                "screen_name": "RobSilver",
                "name": "Rob Silver",
                "id": 14231419,
                "id_str": "14231419",
                "indices": [
                    32,
                    42
                ]
            }
        ],
        "urls": [
            {
                "url": "https://t.co/9yr7Xtqqd7",
                "expanded_url": "https://twitter.com/i/web/status/1118147497191333888",
                "display_url": "twitter.com/i/web/status/1\u2026",
                "indices": [
                    117,
                    140
                ]
            }
        ]
    },
    "metadata": {
        "iso_language_code": "en",
        "result_type": "recent"
    },
    "source": "<a href=\"http://twitter.com/download/iphone\" rel=\"nofollow\">Twitter for iPhone</a>",
    "in_reply_to_status_id": 1117976563289554945,
    "in_reply_to_status_id_str": "1117976563289554945",
    "in_reply_to_user_id": 486352975,
    "in_reply_to_user_id_str": "486352975",
    "in_reply_to_screen_name": "BritChic65",
    "user": {
        "id": 283065500,
        "id_str": "283065500",
        "name": "Lori Ruberto",
        "screen_name": "Lortbay",
        "location": "",
        "description": "",
        "url": null,
        "entities": {
            "description": {
                "urls": []
            }
        },
        "protected": false,
        "followers_count": 294,
        "friends_count": 931,
        "listed_count": 3,
        "created_at": "Sat Apr 16 14:12:49 +0000 2011",
        "favourites_count": 40981,
        "utc_offset": null,
        "time_zone": null,
        "geo_enabled": false,
        "verified": false,
        "statuses_count": 1291,
        "lang": "en",
        "contributors_enabled": false,
        "is_translator": false,
        "is_translation_enabled": false,
        "profile_background_color": "C0DEED",
        "profile_background_image_url": "http://abs.twimg.com/images/themes/theme1/bg.png",
        "profile_background_image_url_https": "https://abs.twimg.com/images/themes/theme1/bg.png",
        "profile_background_tile": false,
        "profile_image_url": "http://pbs.twimg.com/profile_images/753263118877282308/bWGHf4KJ_normal.jpg",
        "profile_image_url_https": "https://pbs.twimg.com/profile_images/753263118877282308/bWGHf4KJ_normal.jpg",
        "profile_link_color": "1DA1F2",
        "profile_sidebar_border_color": "C0DEED",
        "profile_sidebar_fill_color": "DDEEF6",
        "profile_text_color": "333333",
        "profile_use_background_image": true,
        "has_extended_profile": true,
        "default_profile": true,
        "default_profile_image": false,
        "following": null,
        "follow_request_sent": null,
        "notifications": null,
        "translator_type": "none"
    },
    "geo": null,
    "coordinates": null,
    "place": null,
    "contributors": null,
    "is_quote_status": false,
    "retweet_count": 0,
    "favorite_count": 0,
    "favorited": false,
    "retweeted": false,
    "lang": "en"
}