{
    "created_at": "Tue Apr 16 16:55:43 +0000 2019",
    "id": 1118196283938938881,
    "id_str": "1118196283938938881",
    "text": "Uber introduces Jump scooters to D.C. and changes its price structure for its popular e-bikes - https://t.co/rXGPROtOMd",
    "truncated": false,
    "entities": {
        "hashtags": [],
        "symbols": [],
        "user_mentions": [],
        "urls": [
            {
                "url": "https://t.co/rXGPROtOMd",
                "expanded_url": "https://wapo.st/2IpHks0",
                "display_url": "wapo.st/2IpHks0",
                "indices": [
                    96,
                    119
                ]
            }
        ]
    },
    "metadata": {
        "iso_language_code": "en",
        "result_type": "recent"
    },
    "source": "<a href=\"https://bitly.com/\" rel=\"nofollow\">Bitly</a>",
    "in_reply_to_status_id": null,
    "in_reply_to_status_id_str": null,
    "in_reply_to_user_id": null,
    "in_reply_to_user_id_str": null,
    "in_reply_to_screen_name": null,
    "user": {
        "id": 9864112,
        "id_str": "9864112",
        "name": "lori aratani",
        "screen_name": "loriara",
        "location": "washington, d.c.",
        "description": "I write stories about how people live and work in the D.C. region and beyond for The Post's Transportation and Development Team.",
        "url": "https://t.co/fJMCeIGWXa",
        "entities": {
            "url": {
                "urls": [
                    {
                        "url": "https://t.co/fJMCeIGWXa",
                        "expanded_url": "http://www.washingtonpost.com",
                        "display_url": "washingtonpost.com",
                        "indices": [
                            0,
                            23
                        ]
                    }
                ]
            },
            "description": {
                "urls": []
            }
        },
        "protected": false,
        "followers_count": 4021,
        "friends_count": 1563,
        "listed_count": 247,
        "created_at": "Thu Nov 01 21:11:02 +0000 2007",
        "favourites_count": 2576,
        "utc_offset": null,
        "time_zone": null,
        "geo_enabled": true,
        "verified": false,
        "statuses_count": 37987,
        "lang": "en",
        "contributors_enabled": false,
        "is_translator": false,
        "is_translation_enabled": false,
        "profile_background_color": "EBEBEB",
        "profile_background_image_url": "http://abs.twimg.com/images/themes/theme7/bg.gif",
        "profile_background_image_url_https": "https://abs.twimg.com/images/themes/theme7/bg.gif",
        "profile_background_tile": false,
        "profile_image_url": "http://pbs.twimg.com/profile_images/960661314023624704/J8b13D_S_normal.jpg",
        "profile_image_url_https": "https://pbs.twimg.com/profile_images/960661314023624704/J8b13D_S_normal.jpg",
        "profile_link_color": "990000",
        "profile_sidebar_border_color": "DFDFDF",
        "profile_sidebar_fill_color": "F3F3F3",
        "profile_text_color": "333333",
        "profile_use_background_image": true,
        "has_extended_profile": false,
        "default_profile": false,
        "default_profile_image": false,
        "following": null,
        "follow_request_sent": null,
        "notifications": null,
        "translator_type": "none"
    },
    "geo": null,
    "coordinates": null,
    "place": null,
    "contributors": null,
    "is_quote_status": false,
    "retweet_count": 1,
    "favorite_count": 1,
    "favorited": false,
    "retweeted": false,
    "possibly_sensitive": false,
    "lang": "en"
}