{
    "created_at": "Wed Apr 17 00:16:55 +0000 2019",
    "id": 1118307312450490368,
    "id_str": "1118307312450490368",
    "text": "RT @GetAroundSac: Beware the new JUMP/Uber app upgrade in iOS. All information about memberships and credits has disappeared.",
    "truncated": false,
    "entities": {
        "hashtags": [],
        "symbols": [],
        "user_mentions": [
            {
                "screen_name": "GetAroundSac",
                "name": "Getting Around Sac",
                "id": 2249640337,
                "id_str": "2249640337",
                "indices": [
                    3,
                    16
                ]
            }
        ],
        "urls": []
    },
    "metadata": {
        "iso_language_code": "en",
        "result_type": "recent"
    },
    "source": "<a href=\"http://twitter.com/download/iphone\" rel=\"nofollow\">Twitter for iPhone</a>",
    "in_reply_to_status_id": null,
    "in_reply_to_status_id_str": null,
    "in_reply_to_user_id": null,
    "in_reply_to_user_id_str": null,
    "in_reply_to_screen_name": null,
    "user": {
        "id": 3059435597,
        "id_str": "3059435597",
        "name": "Streetsblog CA",
        "screen_name": "StreetsblogCal",
        "location": "",
        "description": "",
        "url": null,
        "entities": {
            "description": {
                "urls": []
            }
        },
        "protected": false,
        "followers_count": 1405,
        "friends_count": 297,
        "listed_count": 64,
        "created_at": "Tue Feb 24 16:47:37 +0000 2015",
        "favourites_count": 360,
        "utc_offset": null,
        "time_zone": null,
        "geo_enabled": false,
        "verified": false,
        "statuses_count": 3672,
        "lang": "en",
        "contributors_enabled": false,
        "is_translator": false,
        "is_translation_enabled": false,
        "profile_background_color": "C0DEED",
        "profile_background_image_url": "http://abs.twimg.com/images/themes/theme1/bg.png",
        "profile_background_image_url_https": "https://abs.twimg.com/images/themes/theme1/bg.png",
        "profile_background_tile": false,
        "profile_image_url": "http://pbs.twimg.com/profile_images/570264377463275520/92PTcm26_normal.jpeg",
        "profile_image_url_https": "https://pbs.twimg.com/profile_images/570264377463275520/92PTcm26_normal.jpeg",
        "profile_banner_url": "https://pbs.twimg.com/profile_banners/3059435597/1424796730",
        "profile_link_color": "1DA1F2",
        "profile_sidebar_border_color": "C0DEED",
        "profile_sidebar_fill_color": "DDEEF6",
        "profile_text_color": "333333",
        "profile_use_background_image": true,
        "has_extended_profile": false,
        "default_profile": true,
        "default_profile_image": false,
        "following": null,
        "follow_request_sent": null,
        "notifications": null,
        "translator_type": "none"
    },
    "geo": null,
    "coordinates": null,
    "place": null,
    "contributors": null,
    "retweeted_status": {
        "created_at": "Tue Apr 16 15:58:10 +0000 2019",
        "id": 1118181797706121216,
        "id_str": "1118181797706121216",
        "text": "Beware the new JUMP/Uber app upgrade in iOS. All information about memberships and credits has disappeared.",
        "truncated": false,
        "entities": {
            "hashtags": [],
            "symbols": [],
            "user_mentions": [],
            "urls": []
        },
        "metadata": {
            "iso_language_code": "en",
            "result_type": "recent"
        },
        "source": "<a href=\"http://twitter.com/#!/download/ipad\" rel=\"nofollow\">Twitter for iPad</a>",
        "in_reply_to_status_id": null,
        "in_reply_to_status_id_str": null,
        "in_reply_to_user_id": null,
        "in_reply_to_user_id_str": null,
        "in_reply_to_screen_name": null,
        "user": {
            "id": 2249640337,
            "id_str": "2249640337",
            "name": "Getting Around Sac",
            "screen_name": "GetAroundSac",
            "location": "Sacramento CA",
            "description": "by foot, bicycle, and public transit (car-free!)",
            "url": "http://t.co/hD6ju2mz5C",
            "entities": {
                "url": {
                    "urls": [
                        {
                            "url": "http://t.co/hD6ju2mz5C",
                            "expanded_url": "http://gettingaroundsac.wordpress.com",
                            "display_url": "gettingaroundsac.wordpress.com",
                            "indices": [
                                0,
                                22
                            ]
                        }
                    ]
                },
                "description": {
                    "urls": []
                }
            },
            "protected": false,
            "followers_count": 372,
            "friends_count": 239,
            "listed_count": 21,
            "created_at": "Tue Dec 17 02:02:09 +0000 2013",
            "favourites_count": 206,
            "utc_offset": null,
            "time_zone": null,
            "geo_enabled": false,
            "verified": false,
            "statuses_count": 4808,
            "lang": "en",
            "contributors_enabled": false,
            "is_translator": false,
            "is_translation_enabled": false,
            "profile_background_color": "C0DEED",
            "profile_background_image_url": "http://abs.twimg.com/images/themes/theme1/bg.png",
            "profile_background_image_url_https": "https://abs.twimg.com/images/themes/theme1/bg.png",
            "profile_background_tile": false,
            "profile_image_url": "http://pbs.twimg.com/profile_images/412779463290519552/qk_9XT_G_normal.png",
            "profile_image_url_https": "https://pbs.twimg.com/profile_images/412779463290519552/qk_9XT_G_normal.png",
            "profile_banner_url": "https://pbs.twimg.com/profile_banners/2249640337/1423502940",
            "profile_link_color": "1DA1F2",
            "profile_sidebar_border_color": "C0DEED",
            "profile_sidebar_fill_color": "DDEEF6",
            "profile_text_color": "333333",
            "profile_use_background_image": true,
            "has_extended_profile": false,
            "default_profile": true,
            "default_profile_image": false,
            "following": null,
            "follow_request_sent": null,
            "notifications": null,
            "translator_type": "none"
        },
        "geo": null,
        "coordinates": null,
        "place": null,
        "contributors": null,
        "is_quote_status": false,
        "retweet_count": 1,
        "favorite_count": 1,
        "favorited": false,
        "retweeted": false,
        "lang": "en"
    },
    "is_quote_status": false,
    "retweet_count": 1,
    "favorite_count": 0,
    "favorited": false,
    "retweeted": false,
    "lang": "en"
}