{
    "created_at": "Tue Apr 16 22:26:38 +0000 2019",
    "id": 1118279562436202496,
    "id_str": "1118279562436202496",
    "text": "Uber says it recently modified some of its JUMP electric bikes after finding a braking problem like the one that pr\u2026 https://t.co/FYgrdKbBgA",
    "truncated": true,
    "entities": {
        "hashtags": [],
        "symbols": [],
        "user_mentions": [],
        "urls": [
            {
                "url": "https://t.co/FYgrdKbBgA",
                "expanded_url": "https://twitter.com/i/web/status/1118279562436202496",
                "display_url": "twitter.com/i/web/status/1\u2026",
                "indices": [
                    117,
                    140
                ]
            }
        ]
    },
    "metadata": {
        "iso_language_code": "en",
        "result_type": "recent"
    },
    "source": "<a href=\"http://techmeme.com/about\" rel=\"nofollow\">Techmeme Editors</a>",
    "in_reply_to_status_id": null,
    "in_reply_to_status_id_str": null,
    "in_reply_to_user_id": null,
    "in_reply_to_user_id_str": null,
    "in_reply_to_screen_name": null,
    "user": {
        "id": 817386,
        "id_str": "817386",
        "name": "Techmeme",
        "screen_name": "Techmeme",
        "location": "United States",
        "description": "The essential tech news of the moment. Technology's news site of record. Not for dummies.",
        "url": "http://t.co/5vSb1cxdmu",
        "entities": {
            "url": {
                "urls": [
                    {
                        "url": "http://t.co/5vSb1cxdmu",
                        "expanded_url": "http://techmeme.com/",
                        "display_url": "techmeme.com",
                        "indices": [
                            0,
                            22
                        ]
                    }
                ]
            },
            "description": {
                "urls": []
            }
        },
        "protected": false,
        "followers_count": 387595,
        "friends_count": 915,
        "listed_count": 14918,
        "created_at": "Wed Mar 07 07:10:46 +0000 2007",
        "favourites_count": 39078,
        "utc_offset": null,
        "time_zone": null,
        "geo_enabled": false,
        "verified": true,
        "statuses_count": 128346,
        "lang": "en",
        "contributors_enabled": false,
        "is_translator": false,
        "is_translation_enabled": false,
        "profile_background_color": "F4F4F4",
        "profile_background_image_url": "http://abs.twimg.com/images/themes/theme1/bg.png",
        "profile_background_image_url_https": "https://abs.twimg.com/images/themes/theme1/bg.png",
        "profile_background_tile": false,
        "profile_image_url": "http://pbs.twimg.com/profile_images/733540118212939777/84cCe9ze_normal.jpg",
        "profile_image_url_https": "https://pbs.twimg.com/profile_images/733540118212939777/84cCe9ze_normal.jpg",
        "profile_banner_url": "https://pbs.twimg.com/profile_banners/817386/1378485491",
        "profile_link_color": "1530B0",
        "profile_sidebar_border_color": "FFFFFF",
        "profile_sidebar_fill_color": "D7E7EE",
        "profile_text_color": "000000",
        "profile_use_background_image": false,
        "has_extended_profile": false,
        "default_profile": false,
        "default_profile_image": false,
        "following": null,
        "follow_request_sent": null,
        "notifications": null,
        "translator_type": "none"
    },
    "geo": null,
    "coordinates": null,
    "place": null,
    "contributors": null,
    "is_quote_status": false,
    "retweet_count": 1,
    "favorite_count": 3,
    "favorited": false,
    "retweeted": false,
    "possibly_sensitive": false,
    "lang": "en"
}