{
    "created_at": "Wed Apr 17 07:41:10 +0000 2019",
    "id": 1118419112198275074,
    "id_str": "1118419112198275074",
    "text": "2,000 users in eScoot App! \ud83d\ude40 Join our community \ud83d\udef4 ! #scooter #scooters #electric #users #happy #party #app #ios\u2026 https://t.co/UFHEmFPjPd",
    "truncated": true,
    "entities": {
        "hashtags": [
            {
                "text": "scooter",
                "indices": [
                    52,
                    60
                ]
            },
            {
                "text": "scooters",
                "indices": [
                    61,
                    70
                ]
            },
            {
                "text": "electric",
                "indices": [
                    71,
                    80
                ]
            },
            {
                "text": "users",
                "indices": [
                    81,
                    87
                ]
            },
            {
                "text": "happy",
                "indices": [
                    88,
                    94
                ]
            },
            {
                "text": "party",
                "indices": [
                    95,
                    101
                ]
            },
            {
                "text": "app",
                "indices": [
                    102,
                    106
                ]
            },
            {
                "text": "ios",
                "indices": [
                    107,
                    111
                ]
            }
        ],
        "symbols": [],
        "user_mentions": [],
        "urls": [
            {
                "url": "https://t.co/UFHEmFPjPd",
                "expanded_url": "https://twitter.com/i/web/status/1118419112198275074",
                "display_url": "twitter.com/i/web/status/1\u2026",
                "indices": [
                    113,
                    136
                ]
            }
        ]
    },
    "metadata": {
        "iso_language_code": "en",
        "result_type": "recent"
    },
    "source": "<a href=\"http://twitter.com/download/iphone\" rel=\"nofollow\">Twitter for iPhone</a>",
    "in_reply_to_status_id": null,
    "in_reply_to_status_id_str": null,
    "in_reply_to_user_id": null,
    "in_reply_to_user_id_str": null,
    "in_reply_to_screen_name": null,
    "user": {
        "id": 1108253951500132353,
        "id_str": "1108253951500132353",
        "name": "eScoot",
        "screen_name": "escoot_bike",
        "location": "Paris, France",
        "description": "eScoot \ud83d\udef4 - All e-scooters in ONE application. Download now from \ud83c\udf4e AppStore and \ud83e\udd16 PlayStore  #ecomobility #escooters #electric #scooters",
        "url": "https://t.co/XAT0LxBFqn",
        "entities": {
            "url": {
                "urls": [
                    {
                        "url": "https://t.co/XAT0LxBFqn",
                        "expanded_url": "https://escoot.bike",
                        "display_url": "escoot.bike",
                        "indices": [
                            0,
                            23
                        ]
                    }
                ]
            },
            "description": {
                "urls": []
            }
        },
        "protected": false,
        "followers_count": 48,
        "friends_count": 28,
        "listed_count": 2,
        "created_at": "Wed Mar 20 06:28:27 +0000 2019",
        "favourites_count": 164,
        "utc_offset": null,
        "time_zone": null,
        "geo_enabled": false,
        "verified": false,
        "statuses_count": 81,
        "lang": "fr",
        "contributors_enabled": false,
        "is_translator": false,
        "is_translation_enabled": false,
        "profile_background_color": "F5F8FA",
        "profile_background_image_url": null,
        "profile_background_image_url_https": null,
        "profile_background_tile": false,
        "profile_image_url": "http://pbs.twimg.com/profile_images/1108254049076416512/nnKHR1OF_normal.jpg",
        "profile_image_url_https": "https://pbs.twimg.com/profile_images/1108254049076416512/nnKHR1OF_normal.jpg",
        "profile_banner_url": "https://pbs.twimg.com/profile_banners/1108253951500132353/1553063539",
        "profile_link_color": "1DA1F2",
        "profile_sidebar_border_color": "C0DEED",
        "profile_sidebar_fill_color": "DDEEF6",
        "profile_text_color": "333333",
        "profile_use_background_image": true,
        "has_extended_profile": false,
        "default_profile": true,
        "default_profile_image": false,
        "following": null,
        "follow_request_sent": null,
        "notifications": null,
        "translator_type": "none"
    },
    "geo": null,
    "coordinates": null,
    "place": null,
    "contributors": null,
    "is_quote_status": false,
    "retweet_count": 1,
    "favorite_count": 1,
    "favorited": false,
    "retweeted": false,
    "possibly_sensitive": false,
    "lang": "en"
}