{
    "created_at": "Thu Apr 18 17:36:02 +0000 2019",
    "id": 1118931202579279873,
    "id_str": "1118931202579279873",
    "text": "9\ufe0f\u20e3[#Startup] En un an, les scooters \u00e9lectriques ont compl\u00e8tement rebattu les cartes de la mobilit\u00e9 l\u00e9g\u00e8re urbaine\u2026 https://t.co/OEhr3MEtCz",
    "truncated": true,
    "entities": {
        "hashtags": [
            {
                "text": "Startup",
                "indices": [
                    4,
                    12
                ]
            }
        ],
        "symbols": [],
        "user_mentions": [],
        "urls": [
            {
                "url": "https://t.co/OEhr3MEtCz",
                "expanded_url": "https://twitter.com/i/web/status/1118931202579279873",
                "display_url": "twitter.com/i/web/status/1\u2026",
                "indices": [
                    116,
                    139
                ]
            }
        ]
    },
    "metadata": {
        "iso_language_code": "fr",
        "result_type": "recent"
    },
    "source": "<a href=\"https://buffer.com\" rel=\"nofollow\">Buffer</a>",
    "in_reply_to_status_id": null,
    "in_reply_to_status_id_str": null,
    "in_reply_to_user_id": null,
    "in_reply_to_user_id_str": null,
    "in_reply_to_screen_name": null,
    "user": {
        "id": 115065053,
        "id_str": "115065053",
        "name": "FlashTweet \u26a1\ufe0f",
        "screen_name": "FlashTweet",
        "location": "\ud83d\udcf7Instagram _@FlashTweet_",
        "description": "RDV 7:30 pour LA #Matinale sur la #TransfoNum by @EmmanuelleL9\ud83d\udcf0#Startup #Tech #Blockchain #SocialMedia #IA #Marketing \u00a9#FFWomenInTech #FlashTweetEdu #i4emploi",
        "url": "https://t.co/JM26OwUldA",
        "entities": {
            "url": {
                "urls": [
                    {
                        "url": "https://t.co/JM26OwUldA",
                        "expanded_url": "http://fr.linkedin.com/in/emmanuelleleneuf/",
                        "display_url": "fr.linkedin.com/in/emmanuellel\u2026",
                        "indices": [
                            0,
                            23
                        ]
                    }
                ]
            },
            "description": {
                "urls": []
            }
        },
        "protected": false,
        "followers_count": 53146,
        "friends_count": 4285,
        "listed_count": 4966,
        "created_at": "Wed Feb 17 14:09:44 +0000 2010",
        "favourites_count": 75182,
        "utc_offset": null,
        "time_zone": null,
        "geo_enabled": true,
        "verified": false,
        "statuses_count": 87117,
        "lang": "fr",
        "contributors_enabled": false,
        "is_translator": false,
        "is_translation_enabled": false,
        "profile_background_color": "000000",
        "profile_background_image_url": "http://abs.twimg.com/images/themes/theme15/bg.png",
        "profile_background_image_url_https": "https://abs.twimg.com/images/themes/theme15/bg.png",
        "profile_background_tile": false,
        "profile_image_url": "http://pbs.twimg.com/profile_images/805000617890578432/q7O-tex-_normal.jpg",
        "profile_image_url_https": "https://pbs.twimg.com/profile_images/805000617890578432/q7O-tex-_normal.jpg",
        "profile_banner_url": "https://pbs.twimg.com/profile_banners/115065053/1555340132",
        "profile_link_color": "FA743E",
        "profile_sidebar_border_color": "000000",
        "profile_sidebar_fill_color": "000000",
        "profile_text_color": "000000",
        "profile_use_background_image": false,
        "has_extended_profile": false,
        "default_profile": false,
        "default_profile_image": false,
        "following": null,
        "follow_request_sent": null,
        "notifications": null,
        "translator_type": "none"
    },
    "geo": null,
    "coordinates": null,
    "place": null,
    "contributors": null,
    "is_quote_status": false,
    "retweet_count": 1,
    "favorite_count": 3,
    "favorited": false,
    "retweeted": false,
    "possibly_sensitive": false,
    "lang": "fr"
}