{
    "created_at": "Wed Apr 17 13:30:17 +0000 2019",
    "id": 1118506973308379136,
    "id_str": "1118506973308379136",
    "text": "Has anyone thought about how Uber goes against everything we were taught as kids. Don\u2019t get in cars with strangers.\u2026 https://t.co/9Ji6O0OiqI",
    "truncated": true,
    "entities": {
        "hashtags": [],
        "symbols": [],
        "user_mentions": [],
        "urls": [
            {
                "url": "https://t.co/9Ji6O0OiqI",
                "expanded_url": "https://twitter.com/i/web/status/1118506973308379136",
                "display_url": "twitter.com/i/web/status/1\u2026",
                "indices": [
                    117,
                    140
                ]
            }
        ]
    },
    "metadata": {
        "iso_language_code": "en",
        "result_type": "recent"
    },
    "source": "<a href=\"http://twitter.com/download/iphone\" rel=\"nofollow\">Twitter for iPhone</a>",
    "in_reply_to_status_id": null,
    "in_reply_to_status_id_str": null,
    "in_reply_to_user_id": null,
    "in_reply_to_user_id_str": null,
    "in_reply_to_screen_name": null,
    "user": {
        "id": 88130155,
        "id_str": "88130155",
        "name": "London",
        "screen_name": "LondonBedford",
        "location": "Chicago, Illinois",
        "description": "I LIKE BOYS AND COFFEE. Instagram: LondonBedford Snapchat: LondonBedford.  I make on the lower side of mediocre videos on YouTube \ud83c\udfa5.",
        "url": "https://t.co/I1zatqar6Y",
        "entities": {
            "url": {
                "urls": [
                    {
                        "url": "https://t.co/I1zatqar6Y",
                        "expanded_url": "https://goo.gl/zVSSfz",
                        "display_url": "goo.gl/zVSSfz",
                        "indices": [
                            0,
                            23
                        ]
                    }
                ]
            },
            "description": {
                "urls": []
            }
        },
        "protected": false,
        "followers_count": 1162,
        "friends_count": 338,
        "listed_count": 21,
        "created_at": "Sat Nov 07 06:32:15 +0000 2009",
        "favourites_count": 1784,
        "utc_offset": null,
        "time_zone": null,
        "geo_enabled": true,
        "verified": false,
        "statuses_count": 3582,
        "lang": "en",
        "contributors_enabled": false,
        "is_translator": false,
        "is_translation_enabled": false,
        "profile_background_color": "1A1B1F",
        "profile_background_image_url": "http://abs.twimg.com/images/themes/theme9/bg.gif",
        "profile_background_image_url_https": "https://abs.twimg.com/images/themes/theme9/bg.gif",
        "profile_background_tile": false,
        "profile_image_url": "http://pbs.twimg.com/profile_images/1113689241891028992/cHh4pUDj_normal.jpg",
        "profile_image_url_https": "https://pbs.twimg.com/profile_images/1113689241891028992/cHh4pUDj_normal.jpg",
        "profile_banner_url": "https://pbs.twimg.com/profile_banners/88130155/1554359208",
        "profile_link_color": "ABB8C2",
        "profile_sidebar_border_color": "000000",
        "profile_sidebar_fill_color": "000000",
        "profile_text_color": "000000",
        "profile_use_background_image": true,
        "has_extended_profile": true,
        "default_profile": false,
        "default_profile_image": false,
        "following": null,
        "follow_request_sent": null,
        "notifications": null,
        "translator_type": "none"
    },
    "geo": null,
    "coordinates": null,
    "place": null,
    "contributors": null,
    "is_quote_status": false,
    "retweet_count": 0,
    "favorite_count": 0,
    "favorited": false,
    "retweeted": false,
    "lang": "en"
}