{
    "created_at": "Wed Apr 17 11:04:03 +0000 2019",
    "id": 1118470172120055808,
    "id_str": "1118470172120055808",
    "text": "@uber launched its \"chargers\" app @jump_rides Starter for #escooters and #ebikes.\nhttps://t.co/QKXSDvWt00",
    "truncated": false,
    "entities": {
        "hashtags": [
            {
                "text": "escooters",
                "indices": [
                    58,
                    68
                ]
            },
            {
                "text": "ebikes",
                "indices": [
                    73,
                    80
                ]
            }
        ],
        "symbols": [],
        "user_mentions": [
            {
                "screen_name": "Uber",
                "name": "Uber",
                "id": 19103481,
                "id_str": "19103481",
                "indices": [
                    0,
                    5
                ]
            },
            {
                "screen_name": "jump_rides",
                "name": "JUMP",
                "id": 868126911817502721,
                "id_str": "868126911817502721",
                "indices": [
                    34,
                    45
                ]
            }
        ],
        "urls": [
            {
                "url": "https://t.co/QKXSDvWt00",
                "expanded_url": "https://itunes.apple.com/us/app/jump-starter-charge-earn/id1451777284",
                "display_url": "itunes.apple.com/us/app/jump-st\u2026",
                "indices": [
                    82,
                    105
                ]
            }
        ]
    },
    "metadata": {
        "iso_language_code": "en",
        "result_type": "recent"
    },
    "source": "<a href=\"http://twitter.com\" rel=\"nofollow\">Twitter Web Client</a>",
    "in_reply_to_status_id": null,
    "in_reply_to_status_id_str": null,
    "in_reply_to_user_id": 19103481,
    "in_reply_to_user_id_str": "19103481",
    "in_reply_to_screen_name": "Uber",
    "user": {
        "id": 879258992236802048,
        "id_str": "879258992236802048",
        "name": "Shared Micromobility",
        "screen_name": "Shared_MM",
        "location": "Ile-de-France, France",
        "description": "All about shared micromobility: bikes, ebikes, escooters and more! #bikeshare #micromobility",
        "url": "https://t.co/x5PKzDCLPb",
        "entities": {
            "url": {
                "urls": [
                    {
                        "url": "https://t.co/x5PKzDCLPb",
                        "expanded_url": "http://www.bikeshare-news.com",
                        "display_url": "bikeshare-news.com",
                        "indices": [
                            0,
                            23
                        ]
                    }
                ]
            },
            "description": {
                "urls": []
            }
        },
        "protected": false,
        "followers_count": 341,
        "friends_count": 168,
        "listed_count": 10,
        "created_at": "Mon Jun 26 08:44:14 +0000 2017",
        "favourites_count": 244,
        "utc_offset": null,
        "time_zone": null,
        "geo_enabled": false,
        "verified": false,
        "statuses_count": 727,
        "lang": "fr",
        "contributors_enabled": false,
        "is_translator": false,
        "is_translation_enabled": false,
        "profile_background_color": "000000",
        "profile_background_image_url": "http://abs.twimg.com/images/themes/theme1/bg.png",
        "profile_background_image_url_https": "https://abs.twimg.com/images/themes/theme1/bg.png",
        "profile_background_tile": false,
        "profile_image_url": "http://pbs.twimg.com/profile_images/1117734372566863872/keGLAwbP_normal.png",
        "profile_image_url_https": "https://pbs.twimg.com/profile_images/1117734372566863872/keGLAwbP_normal.png",
        "profile_banner_url": "https://pbs.twimg.com/profile_banners/879258992236802048/1555071063",
        "profile_link_color": "ABB8C2",
        "profile_sidebar_border_color": "000000",
        "profile_sidebar_fill_color": "000000",
        "profile_text_color": "000000",
        "profile_use_background_image": false,
        "has_extended_profile": false,
        "default_profile": false,
        "default_profile_image": false,
        "following": null,
        "follow_request_sent": null,
        "notifications": null,
        "translator_type": "none"
    },
    "geo": null,
    "coordinates": null,
    "place": null,
    "contributors": null,
    "is_quote_status": false,
    "retweet_count": 0,
    "favorite_count": 0,
    "favorited": false,
    "retweeted": false,
    "possibly_sensitive": false,
    "lang": "en"
}