{
    "created_at": "Tue Apr 16 14:41:20 +0000 2019",
    "id": 1118162465131515905,
    "id_str": "1118162465131515905",
    "text": "There's been lots of coverage of @Lyft's recall of e-bikes due to a braking problem that sent riders over the bars.\u2026 https://t.co/8l4f5hp8yp",
    "truncated": true,
    "entities": {
        "hashtags": [],
        "symbols": [],
        "user_mentions": [
            {
                "screen_name": "lyft",
                "name": "Lyft",
                "id": 569569550,
                "id_str": "569569550",
                "indices": [
                    33,
                    38
                ]
            }
        ],
        "urls": [
            {
                "url": "https://t.co/8l4f5hp8yp",
                "expanded_url": "https://twitter.com/i/web/status/1118162465131515905",
                "display_url": "twitter.com/i/web/status/1\u2026",
                "indices": [
                    117,
                    140
                ]
            }
        ]
    },
    "metadata": {
        "iso_language_code": "en",
        "result_type": "recent"
    },
    "source": "<a href=\"http://twitter.com\" rel=\"nofollow\">Twitter Web Client</a>",
    "in_reply_to_status_id": null,
    "in_reply_to_status_id_str": null,
    "in_reply_to_user_id": null,
    "in_reply_to_user_id_str": null,
    "in_reply_to_screen_name": null,
    "user": {
        "id": 318563434,
        "id_str": "318563434",
        "name": "Streetsblog Chicago",
        "screen_name": "streetsblogchi",
        "location": "Chicago, IL",
        "description": "Streetsblog Chicago is the region's sustainable transportation news and advocacy website. Tweets: @greenfieldjohn (unsigned) @stevevance @lyndab08",
        "url": "http://t.co/EtBgqTBnGb",
        "entities": {
            "url": {
                "urls": [
                    {
                        "url": "http://t.co/EtBgqTBnGb",
                        "expanded_url": "http://chi.streetsblog.org",
                        "display_url": "chi.streetsblog.org",
                        "indices": [
                            0,
                            22
                        ]
                    }
                ]
            },
            "description": {
                "urls": []
            }
        },
        "protected": false,
        "followers_count": 11479,
        "friends_count": 403,
        "listed_count": 531,
        "created_at": "Thu Jun 16 17:47:09 +0000 2011",
        "favourites_count": 3180,
        "utc_offset": null,
        "time_zone": null,
        "geo_enabled": true,
        "verified": false,
        "statuses_count": 23194,
        "lang": "en",
        "contributors_enabled": false,
        "is_translator": false,
        "is_translation_enabled": false,
        "profile_background_color": "C0DEED",
        "profile_background_image_url": "http://abs.twimg.com/images/themes/theme1/bg.png",
        "profile_background_image_url_https": "https://abs.twimg.com/images/themes/theme1/bg.png",
        "profile_background_tile": false,
        "profile_image_url": "http://pbs.twimg.com/profile_images/3429103483/f07e984ec64ea6e8a9dd29a3c5870b9a_normal.png",
        "profile_image_url_https": "https://pbs.twimg.com/profile_images/3429103483/f07e984ec64ea6e8a9dd29a3c5870b9a_normal.png",
        "profile_banner_url": "https://pbs.twimg.com/profile_banners/318563434/1358453097",
        "profile_link_color": "0084B4",
        "profile_sidebar_border_color": "FFFFFF",
        "profile_sidebar_fill_color": "DDEEF6",
        "profile_text_color": "333333",
        "profile_use_background_image": true,
        "has_extended_profile": false,
        "default_profile": false,
        "default_profile_image": false,
        "following": null,
        "follow_request_sent": null,
        "notifications": null,
        "translator_type": "none"
    },
    "geo": null,
    "coordinates": null,
    "place": null,
    "contributors": null,
    "is_quote_status": false,
    "retweet_count": 2,
    "favorite_count": 4,
    "favorited": false,
    "retweeted": false,
    "possibly_sensitive": false,
    "lang": "en"
}