{
    "created_at": "Tue Apr 16 18:21:27 +0000 2019",
    "id": 1118217858578812928,
    "id_str": "1118217858578812928",
    "text": "Had a shower , fresh trim , fingernails all cut , socks ironed... Mandem are gassing you ...\n*jump in the uber*\n*PI\u2026 https://t.co/3gVlvpYvwy",
    "truncated": true,
    "entities": {
        "hashtags": [],
        "symbols": [],
        "user_mentions": [],
        "urls": [
            {
                "url": "https://t.co/3gVlvpYvwy",
                "expanded_url": "https://twitter.com/i/web/status/1118217858578812928",
                "display_url": "twitter.com/i/web/status/1\u2026",
                "indices": [
                    117,
                    140
                ]
            }
        ]
    },
    "metadata": {
        "iso_language_code": "en",
        "result_type": "recent"
    },
    "source": "<a href=\"http://twitter.com/download/iphone\" rel=\"nofollow\">Twitter for iPhone</a>",
    "in_reply_to_status_id": null,
    "in_reply_to_status_id_str": null,
    "in_reply_to_user_id": null,
    "in_reply_to_user_id_str": null,
    "in_reply_to_screen_name": null,
    "user": {
        "id": 248300721,
        "id_str": "248300721",
        "name": "Nana Kay",
        "screen_name": "Nanakay_gh",
        "location": "London, England",
        "description": "\u201cWas it a bad day or a bad five minutes you allowed to last a whole day.\u201c",
        "url": null,
        "entities": {
            "description": {
                "urls": []
            }
        },
        "protected": false,
        "followers_count": 971,
        "friends_count": 684,
        "listed_count": 7,
        "created_at": "Sun Feb 06 18:14:56 +0000 2011",
        "favourites_count": 3095,
        "utc_offset": null,
        "time_zone": null,
        "geo_enabled": true,
        "verified": false,
        "statuses_count": 17556,
        "lang": "en",
        "contributors_enabled": false,
        "is_translator": false,
        "is_translation_enabled": false,
        "profile_background_color": "0099B9",
        "profile_background_image_url": "http://abs.twimg.com/images/themes/theme4/bg.gif",
        "profile_background_image_url_https": "https://abs.twimg.com/images/themes/theme4/bg.gif",
        "profile_background_tile": false,
        "profile_image_url": "http://pbs.twimg.com/profile_images/1113858362804981766/XspdYw-L_normal.jpg",
        "profile_image_url_https": "https://pbs.twimg.com/profile_images/1113858362804981766/XspdYw-L_normal.jpg",
        "profile_banner_url": "https://pbs.twimg.com/profile_banners/248300721/1550099919",
        "profile_link_color": "0099B9",
        "profile_sidebar_border_color": "5ED4DC",
        "profile_sidebar_fill_color": "95E8EC",
        "profile_text_color": "3C3940",
        "profile_use_background_image": true,
        "has_extended_profile": false,
        "default_profile": false,
        "default_profile_image": false,
        "following": null,
        "follow_request_sent": null,
        "notifications": null,
        "translator_type": "none"
    },
    "geo": null,
    "coordinates": null,
    "place": null,
    "contributors": null,
    "is_quote_status": false,
    "retweet_count": 2,
    "favorite_count": 1,
    "favorited": false,
    "retweeted": false,
    "possibly_sensitive": false,
    "lang": "en"
}