{
    "created_at": "Wed Apr 17 17:30:25 +0000 2019",
    "id": 1118567401770168320,
    "id_str": "1118567401770168320",
    "text": "@Uber_ES \u00a1Hola! He visto que ahora podemos usar los patinetes jump, pero tengo una duda acerca del mapa. Las zonas\u2026 https://t.co/R4wd84nn8j",
    "truncated": true,
    "entities": {
        "hashtags": [],
        "symbols": [],
        "user_mentions": [
            {
                "screen_name": "Uber_ES",
                "name": "Uber Espa\u00f1a",
                "id": 510963519,
                "id_str": "510963519",
                "indices": [
                    0,
                    8
                ]
            }
        ],
        "urls": [
            {
                "url": "https://t.co/R4wd84nn8j",
                "expanded_url": "https://twitter.com/i/web/status/1118567401770168320",
                "display_url": "twitter.com/i/web/status/1\u2026",
                "indices": [
                    116,
                    139
                ]
            }
        ]
    },
    "metadata": {
        "iso_language_code": "es",
        "result_type": "recent"
    },
    "source": "<a href=\"http://twitter.com/download/iphone\" rel=\"nofollow\">Twitter for iPhone</a>",
    "in_reply_to_status_id": null,
    "in_reply_to_status_id_str": null,
    "in_reply_to_user_id": 510963519,
    "in_reply_to_user_id_str": "510963519",
    "in_reply_to_screen_name": "Uber_ES",
    "user": {
        "id": 347481723,
        "id_str": "347481723",
        "name": "Rocy Carrillo \u265f",
        "screen_name": "_RocyCarrillo",
        "location": "Madrid",
        "description": "2\ufe0f\u20e38\ufe0f\u20e3 Monitora. Profe de extraescolares. Futura t\u00e9cnica en educaci\u00f3n infantil y fil\u00f3loga inglesa. Rojiblanca.",
        "url": null,
        "entities": {
            "description": {
                "urls": []
            }
        },
        "protected": false,
        "followers_count": 483,
        "friends_count": 556,
        "listed_count": 12,
        "created_at": "Tue Aug 02 21:29:47 +0000 2011",
        "favourites_count": 4428,
        "utc_offset": null,
        "time_zone": null,
        "geo_enabled": false,
        "verified": false,
        "statuses_count": 5830,
        "lang": "es",
        "contributors_enabled": false,
        "is_translator": false,
        "is_translation_enabled": false,
        "profile_background_color": "000000",
        "profile_background_image_url": "http://abs.twimg.com/images/themes/theme1/bg.png",
        "profile_background_image_url_https": "https://abs.twimg.com/images/themes/theme1/bg.png",
        "profile_background_tile": false,
        "profile_image_url": "http://pbs.twimg.com/profile_images/1102609989548630017/qGPq_8iC_normal.jpg",
        "profile_image_url_https": "https://pbs.twimg.com/profile_images/1102609989548630017/qGPq_8iC_normal.jpg",
        "profile_banner_url": "https://pbs.twimg.com/profile_banners/347481723/1534885608",
        "profile_link_color": "DD2E44",
        "profile_sidebar_border_color": "000000",
        "profile_sidebar_fill_color": "000000",
        "profile_text_color": "000000",
        "profile_use_background_image": false,
        "has_extended_profile": true,
        "default_profile": false,
        "default_profile_image": false,
        "following": null,
        "follow_request_sent": null,
        "notifications": null,
        "translator_type": "none"
    },
    "geo": null,
    "coordinates": null,
    "place": null,
    "contributors": null,
    "is_quote_status": false,
    "retweet_count": 0,
    "favorite_count": 1,
    "favorited": false,
    "retweeted": false,
    "possibly_sensitive": false,
    "lang": "es"
}