{
    "created_at": "Wed Apr 17 21:10:08 +0000 2019",
    "id": 1118622697309843456,
    "id_str": "1118622697309843456",
    "text": "#Uber says it fixed its #ElectronicBikes with similar brake problems as Lyft, but some riders were still injured:\u2026 https://t.co/fAoRlswppG",
    "truncated": true,
    "entities": {
        "hashtags": [
            {
                "text": "Uber",
                "indices": [
                    0,
                    5
                ]
            },
            {
                "text": "ElectronicBikes",
                "indices": [
                    24,
                    40
                ]
            }
        ],
        "symbols": [],
        "user_mentions": [],
        "urls": [
            {
                "url": "https://t.co/fAoRlswppG",
                "expanded_url": "https://twitter.com/i/web/status/1118622697309843456",
                "display_url": "twitter.com/i/web/status/1\u2026",
                "indices": [
                    115,
                    138
                ]
            }
        ]
    },
    "metadata": {
        "iso_language_code": "en",
        "result_type": "recent"
    },
    "source": "<a href=\"https://www.hootsuite.com\" rel=\"nofollow\">Hootsuite Inc.</a>",
    "in_reply_to_status_id": null,
    "in_reply_to_status_id_str": null,
    "in_reply_to_user_id": null,
    "in_reply_to_user_id_str": null,
    "in_reply_to_screen_name": null,
    "user": {
        "id": 2414826756,
        "id_str": "2414826756",
        "name": "Ted Liggett",
        "screen_name": "LiggettLawGroup",
        "location": "Lubbock, TX",
        "description": "#Lubbock lawyers handling vehicle accidents, work accidents & personal injury. Looking out for the victims. Caring about our community.",
        "url": "http://t.co/XLnCBM9RLa",
        "entities": {
            "url": {
                "urls": [
                    {
                        "url": "http://t.co/XLnCBM9RLa",
                        "expanded_url": "http://liggettlawgroup.com/",
                        "display_url": "liggettlawgroup.com",
                        "indices": [
                            0,
                            22
                        ]
                    }
                ]
            },
            "description": {
                "urls": []
            }
        },
        "protected": false,
        "followers_count": 1024,
        "friends_count": 1507,
        "listed_count": 58,
        "created_at": "Thu Mar 27 19:53:29 +0000 2014",
        "favourites_count": 1138,
        "utc_offset": null,
        "time_zone": null,
        "geo_enabled": false,
        "verified": false,
        "statuses_count": 2383,
        "lang": "en",
        "contributors_enabled": false,
        "is_translator": false,
        "is_translation_enabled": false,
        "profile_background_color": "313D4B",
        "profile_background_image_url": "http://abs.twimg.com/images/themes/theme1/bg.png",
        "profile_background_image_url_https": "https://abs.twimg.com/images/themes/theme1/bg.png",
        "profile_background_tile": false,
        "profile_image_url": "http://pbs.twimg.com/profile_images/1100483192082046983/UHExRBcB_normal.png",
        "profile_image_url_https": "https://pbs.twimg.com/profile_images/1100483192082046983/UHExRBcB_normal.png",
        "profile_banner_url": "https://pbs.twimg.com/profile_banners/2414826756/1500905990",
        "profile_link_color": "7FA7DC",
        "profile_sidebar_border_color": "000000",
        "profile_sidebar_fill_color": "DDEEF6",
        "profile_text_color": "333333",
        "profile_use_background_image": true,
        "has_extended_profile": false,
        "default_profile": false,
        "default_profile_image": false,
        "following": null,
        "follow_request_sent": null,
        "notifications": null,
        "translator_type": "none"
    },
    "geo": null,
    "coordinates": null,
    "place": null,
    "contributors": null,
    "is_quote_status": false,
    "retweet_count": 0,
    "favorite_count": 2,
    "favorited": false,
    "retweeted": false,
    "possibly_sensitive": false,
    "lang": "en"
}