{
    "created_at": "Wed Apr 17 03:25:22 +0000 2019",
    "id": 1118354741124370432,
    "id_str": "1118354741124370432",
    "text": "I've paid for @jump_rides less than half the time because they are damaged so often (usually still rideable, but an\u2026 https://t.co/woOgnAqWaW",
    "truncated": true,
    "entities": {
        "hashtags": [],
        "symbols": [],
        "user_mentions": [
            {
                "screen_name": "jump_rides",
                "name": "JUMP",
                "id": 868126911817502721,
                "id_str": "868126911817502721",
                "indices": [
                    14,
                    25
                ]
            }
        ],
        "urls": [
            {
                "url": "https://t.co/woOgnAqWaW",
                "expanded_url": "https://twitter.com/i/web/status/1118354741124370432",
                "display_url": "twitter.com/i/web/status/1\u2026",
                "indices": [
                    117,
                    140
                ]
            }
        ]
    },
    "metadata": {
        "iso_language_code": "en",
        "result_type": "recent"
    },
    "source": "<a href=\"http://twitter.com/download/android\" rel=\"nofollow\">Twitter for Android</a>",
    "in_reply_to_status_id": null,
    "in_reply_to_status_id_str": null,
    "in_reply_to_user_id": null,
    "in_reply_to_user_id_str": null,
    "in_reply_to_screen_name": null,
    "user": {
        "id": 13525692,
        "id_str": "13525692",
        "name": "Greg Piper",
        "screen_name": "gregpiper",
        "location": "Washington, DC",
        "description": "DC-based editor at @collegefix. Former @comm_daily editor. Husband to a professor. Pained @trailblazers lifer. Ecclesiastes is always on my mind.",
        "url": "https://t.co/7GIWAc0Ysx",
        "entities": {
            "url": {
                "urls": [
                    {
                        "url": "https://t.co/7GIWAc0Ysx",
                        "expanded_url": "https://www.thecollegefix.com/post/author/gregpiper/",
                        "display_url": "thecollegefix.com/post/author/gr\u2026",
                        "indices": [
                            0,
                            23
                        ]
                    }
                ]
            },
            "description": {
                "urls": []
            }
        },
        "protected": false,
        "followers_count": 519,
        "friends_count": 59,
        "listed_count": 61,
        "created_at": "Fri Feb 15 18:41:02 +0000 2008",
        "favourites_count": 1045,
        "utc_offset": null,
        "time_zone": null,
        "geo_enabled": true,
        "verified": false,
        "statuses_count": 11143,
        "lang": "en",
        "contributors_enabled": false,
        "is_translator": false,
        "is_translation_enabled": false,
        "profile_background_color": "C0DEED",
        "profile_background_image_url": "http://abs.twimg.com/images/themes/theme1/bg.png",
        "profile_background_image_url_https": "https://abs.twimg.com/images/themes/theme1/bg.png",
        "profile_background_tile": false,
        "profile_image_url": "http://pbs.twimg.com/profile_images/1017120249915854851/RpG3PqT1_normal.jpg",
        "profile_image_url_https": "https://pbs.twimg.com/profile_images/1017120249915854851/RpG3PqT1_normal.jpg",
        "profile_banner_url": "https://pbs.twimg.com/profile_banners/13525692/1547859359",
        "profile_link_color": "1DA1F2",
        "profile_sidebar_border_color": "C0DEED",
        "profile_sidebar_fill_color": "DDEEF6",
        "profile_text_color": "333333",
        "profile_use_background_image": true,
        "has_extended_profile": true,
        "default_profile": true,
        "default_profile_image": false,
        "following": null,
        "follow_request_sent": null,
        "notifications": null,
        "translator_type": "none"
    },
    "geo": null,
    "coordinates": null,
    "place": null,
    "contributors": null,
    "is_quote_status": false,
    "retweet_count": 0,
    "favorite_count": 0,
    "favorited": false,
    "retweeted": false,
    "possibly_sensitive": false,
    "lang": "en"
}