{
    "created_at": "Wed Apr 17 07:23:56 +0000 2019",
    "id": 1118414774373453824,
    "id_str": "1118414774373453824",
    "text": "RT @AkwyZ: Uber says it recently modified some of its JUMP electric bikes after finding a braking problem like the one that prompted Lyft t\u2026",
    "truncated": false,
    "entities": {
        "hashtags": [],
        "symbols": [],
        "user_mentions": [
            {
                "screen_name": "AkwyZ",
                "name": "Antonio Vieira Santos \ud83d\ude4b\ud83c\udffd\u200d\u2642\ufe0f#VivaTech #Innovation",
                "id": 19485870,
                "id_str": "19485870",
                "indices": [
                    3,
                    9
                ]
            }
        ],
        "urls": []
    },
    "metadata": {
        "iso_language_code": "en",
        "result_type": "recent"
    },
    "source": "<a href=\"http://twitter.com\" rel=\"nofollow\">Twitter Web Client</a>",
    "in_reply_to_status_id": null,
    "in_reply_to_status_id_str": null,
    "in_reply_to_user_id": null,
    "in_reply_to_user_id_str": null,
    "in_reply_to_screen_name": null,
    "user": {
        "id": 1036761,
        "id_str": "1036761",
        "name": "Mia Dand",
        "screen_name": "MiaD",
        "location": "Silicon Valley",
        "description": "Responsible innovation at scale. CEO @LH3com RTs not = endorsement. Host of #AIEthics #TwitterChat She/Her #Governance #DiversityinTech #AI #EmergingTech",
        "url": "https://t.co/9GfeXBaxCt",
        "entities": {
            "url": {
                "urls": [
                    {
                        "url": "https://t.co/9GfeXBaxCt",
                        "expanded_url": "http://lighthouse3.com/",
                        "display_url": "lighthouse3.com",
                        "indices": [
                            0,
                            23
                        ]
                    }
                ]
            },
            "description": {
                "urls": []
            }
        },
        "protected": false,
        "followers_count": 13295,
        "friends_count": 7412,
        "listed_count": 1255,
        "created_at": "Mon Mar 12 19:53:00 +0000 2007",
        "favourites_count": 52529,
        "utc_offset": null,
        "time_zone": null,
        "geo_enabled": false,
        "verified": false,
        "statuses_count": 45690,
        "lang": "en",
        "contributors_enabled": false,
        "is_translator": false,
        "is_translation_enabled": false,
        "profile_background_color": "FA743E",
        "profile_background_image_url": "http://abs.twimg.com/images/themes/theme5/bg.gif",
        "profile_background_image_url_https": "https://abs.twimg.com/images/themes/theme5/bg.gif",
        "profile_background_tile": false,
        "profile_image_url": "http://pbs.twimg.com/profile_images/744357465454587904/oZu6OYVc_normal.jpg",
        "profile_image_url_https": "https://pbs.twimg.com/profile_images/744357465454587904/oZu6OYVc_normal.jpg",
        "profile_banner_url": "https://pbs.twimg.com/profile_banners/1036761/1416373627",
        "profile_link_color": "FF691F",
        "profile_sidebar_border_color": "000000",
        "profile_sidebar_fill_color": "99CC33",
        "profile_text_color": "3E4415",
        "profile_use_background_image": false,
        "has_extended_profile": true,
        "default_profile": false,
        "default_profile_image": false,
        "following": null,
        "follow_request_sent": null,
        "notifications": null,
        "translator_type": "none"
    },
    "geo": null,
    "coordinates": null,
    "place": null,
    "contributors": null,
    "retweeted_status": {
        "created_at": "Wed Apr 17 07:15:15 +0000 2019",
        "id": 1118412591502635008,
        "id_str": "1118412591502635008",
        "text": "Uber says it recently modified some of its JUMP electric bikes after finding a braking problem like the one that pr\u2026 https://t.co/92tlchDeDQ",
        "truncated": true,
        "entities": {
            "hashtags": [],
            "symbols": [],
            "user_mentions": [],
            "urls": [
                {
                    "url": "https://t.co/92tlchDeDQ",
                    "expanded_url": "https://twitter.com/i/web/status/1118412591502635008",
                    "display_url": "twitter.com/i/web/status/1\u2026",
                    "indices": [
                        117,
                        140
                    ]
                }
            ]
        },
        "metadata": {
            "iso_language_code": "en",
            "result_type": "recent"
        },
        "source": "<a href=\"https://www.socialreport.com\" rel=\"nofollow\">SocialReport.com</a>",
        "in_reply_to_status_id": null,
        "in_reply_to_status_id_str": null,
        "in_reply_to_user_id": null,
        "in_reply_to_user_id_str": null,
        "in_reply_to_screen_name": null,
        "user": {
            "id": 19485870,
            "id_str": "19485870",
            "name": "Antonio Vieira Santos \ud83d\ude4b\ud83c\udffd\u200d\u2642\ufe0f#VivaTech #Innovation",
            "screen_name": "AkwyZ",
            "location": "Cork, London, Lisbon, Munich",
            "description": "@Atos Senior Expert.Dream Manager.Helping Talent and Customers to growth in a world of permanent transformation.\u2b50@axschat\u26a1@Plus10org\ud83e\udddd\u200d@TalentCulture\ud83d\udc9c#a11y #HR",
            "url": "https://t.co/3BQ04hTJLd",
            "entities": {
                "url": {
                    "urls": [
                        {
                            "url": "https://t.co/3BQ04hTJLd",
                            "expanded_url": "https://www.linkedin.com/in/antoniovieirasantos",
                            "display_url": "linkedin.com/in/antonioviei\u2026",
                            "indices": [
                                0,
                                23
                            ]
                        }
                    ]
                },
                "description": {
                    "urls": []
                }
            },
            "protected": false,
            "followers_count": 75541,
            "friends_count": 25420,
            "listed_count": 5967,
            "created_at": "Sun Jan 25 12:01:06 +0000 2009",
            "favourites_count": 410209,
            "utc_offset": null,
            "time_zone": null,
            "geo_enabled": true,
            "verified": false,
            "statuses_count": 329877,
            "lang": "en",
            "contributors_enabled": false,
            "is_translator": false,
            "is_translation_enabled": false,
            "profile_background_color": "131516",
            "profile_background_image_url": "http://abs.twimg.com/images/themes/theme14/bg.gif",
            "profile_background_image_url_https": "https://abs.twimg.com/images/themes/theme14/bg.gif",
            "profile_background_tile": true,
            "profile_image_url": "http://pbs.twimg.com/profile_images/1099746315783864321/le2dlE7K_normal.jpg",
            "profile_image_url_https": "https://pbs.twimg.com/profile_images/1099746315783864321/le2dlE7K_normal.jpg",
            "profile_banner_url": "https://pbs.twimg.com/profile_banners/19485870/1538995649",
            "profile_link_color": "981CEB",
            "profile_sidebar_border_color": "000000",
            "profile_sidebar_fill_color": "000000",
            "profile_text_color": "000000",
            "profile_use_background_image": true,
            "has_extended_profile": true,
            "default_profile": false,
            "default_profile_image": false,
            "following": null,
            "follow_request_sent": null,
            "notifications": null,
            "translator_type": "regular"
        },
        "geo": null,
        "coordinates": null,
        "place": null,
        "contributors": null,
        "is_quote_status": false,
        "retweet_count": 1,
        "favorite_count": 4,
        "favorited": false,
        "retweeted": false,
        "possibly_sensitive": false,
        "lang": "en"
    },
    "is_quote_status": false,
    "retweet_count": 1,
    "favorite_count": 0,
    "favorited": false,
    "retweeted": false,
    "possibly_sensitive": false,
    "lang": "en"
}