{
    "created_at": "Tue Apr 16 18:57:14 +0000 2019",
    "id": 1118226862080237569,
    "id_str": "1118226862080237569",
    "text": "RT @Mussprince_seal: Everyday, we jump buses, BRT and yellow ones, use Uber and Taxify, shake hands, use the toilet, exchange money, sneeze\u2026",
    "truncated": false,
    "entities": {
        "hashtags": [],
        "symbols": [],
        "user_mentions": [
            {
                "screen_name": "Mussprince_seal",
                "name": "Muyiwa",
                "id": 2352790655,
                "id_str": "2352790655",
                "indices": [
                    3,
                    19
                ]
            }
        ],
        "urls": []
    },
    "metadata": {
        "iso_language_code": "en",
        "result_type": "recent"
    },
    "source": "<a href=\"http://twitter.com/download/iphone\" rel=\"nofollow\">Twitter for iPhone</a>",
    "in_reply_to_status_id": null,
    "in_reply_to_status_id_str": null,
    "in_reply_to_user_id": null,
    "in_reply_to_user_id_str": null,
    "in_reply_to_screen_name": null,
    "user": {
        "id": 4462691836,
        "id_str": "4462691836",
        "name": "Ayula",
        "screen_name": "iamAyula",
        "location": "Lagos, Nigeria",
        "description": "Senior Account Manager | Creative Strategist | Innovator | Investor | Brand Manager | Content Curator | Digital Manager |Adman",
        "url": null,
        "entities": {
            "description": {
                "urls": []
            }
        },
        "protected": false,
        "followers_count": 2018,
        "friends_count": 2186,
        "listed_count": 441,
        "created_at": "Sat Dec 12 19:53:25 +0000 2015",
        "favourites_count": 14443,
        "utc_offset": null,
        "time_zone": null,
        "geo_enabled": true,
        "verified": false,
        "statuses_count": 15609,
        "lang": "en",
        "contributors_enabled": false,
        "is_translator": false,
        "is_translation_enabled": false,
        "profile_background_color": "000000",
        "profile_background_image_url": "http://abs.twimg.com/images/themes/theme1/bg.png",
        "profile_background_image_url_https": "https://abs.twimg.com/images/themes/theme1/bg.png",
        "profile_background_tile": false,
        "profile_image_url": "http://pbs.twimg.com/profile_images/1102094048469356544/PcXQaY6r_normal.jpg",
        "profile_image_url_https": "https://pbs.twimg.com/profile_images/1102094048469356544/PcXQaY6r_normal.jpg",
        "profile_banner_url": "https://pbs.twimg.com/profile_banners/4462691836/1535612291",
        "profile_link_color": "ABB8C2",
        "profile_sidebar_border_color": "000000",
        "profile_sidebar_fill_color": "000000",
        "profile_text_color": "000000",
        "profile_use_background_image": false,
        "has_extended_profile": true,
        "default_profile": false,
        "default_profile_image": false,
        "following": null,
        "follow_request_sent": null,
        "notifications": null,
        "translator_type": "none"
    },
    "geo": null,
    "coordinates": null,
    "place": null,
    "contributors": null,
    "retweeted_status": {
        "created_at": "Tue Apr 16 11:10:31 +0000 2019",
        "id": 1118109411883593728,
        "id_str": "1118109411883593728",
        "text": "Everyday, we jump buses, BRT and yellow ones, use Uber and Taxify, shake hands, use the toilet, exchange money, sne\u2026 https://t.co/FLsISpT6fT",
        "truncated": true,
        "entities": {
            "hashtags": [],
            "symbols": [],
            "user_mentions": [],
            "urls": [
                {
                    "url": "https://t.co/FLsISpT6fT",
                    "expanded_url": "https://twitter.com/i/web/status/1118109411883593728",
                    "display_url": "twitter.com/i/web/status/1\u2026",
                    "indices": [
                        117,
                        140
                    ]
                }
            ]
        },
        "metadata": {
            "iso_language_code": "en",
            "result_type": "recent"
        },
        "source": "<a href=\"http://twitter.com/download/android\" rel=\"nofollow\">Twitter for Android</a>",
        "in_reply_to_status_id": null,
        "in_reply_to_status_id_str": null,
        "in_reply_to_user_id": null,
        "in_reply_to_user_id_str": null,
        "in_reply_to_screen_name": null,
        "user": {
            "id": 2352790655,
            "id_str": "2352790655",
            "name": "Muyiwa",
            "screen_name": "Mussprince_seal",
            "location": "ghetto \ud83c\udf10 ",
            "description": "\u25aa#RELENTLESS \ud83c\udf43\ud83e\udd85\n\u25aaInstagram & Snapchat\ud83d\udc7b:@Mussprince_seal",
            "url": "https://t.co/RoLwGa2szr",
            "entities": {
                "url": {
                    "urls": [
                        {
                            "url": "https://t.co/RoLwGa2szr",
                            "expanded_url": "http://Instagram.com/Mussprince_seal",
                            "display_url": "Instagram.com/Mussprince_seal",
                            "indices": [
                                0,
                                23
                            ]
                        }
                    ]
                },
                "description": {
                    "urls": []
                }
            },
            "protected": false,
            "followers_count": 42772,
            "friends_count": 35629,
            "listed_count": 16,
            "created_at": "Wed Feb 19 15:59:04 +0000 2014",
            "favourites_count": 55313,
            "utc_offset": null,
            "time_zone": null,
            "geo_enabled": true,
            "verified": false,
            "statuses_count": 23449,
            "lang": "en",
            "contributors_enabled": false,
            "is_translator": false,
            "is_translation_enabled": false,
            "profile_background_color": "C0DEED",
            "profile_background_image_url": "http://abs.twimg.com/images/themes/theme1/bg.png",
            "profile_background_image_url_https": "https://abs.twimg.com/images/themes/theme1/bg.png",
            "profile_background_tile": false,
            "profile_image_url": "http://pbs.twimg.com/profile_images/1113331763571494912/4kynvhNo_normal.jpg",
            "profile_image_url_https": "https://pbs.twimg.com/profile_images/1113331763571494912/4kynvhNo_normal.jpg",
            "profile_banner_url": "https://pbs.twimg.com/profile_banners/2352790655/1552857030",
            "profile_link_color": "1DA1F2",
            "profile_sidebar_border_color": "C0DEED",
            "profile_sidebar_fill_color": "DDEEF6",
            "profile_text_color": "333333",
            "profile_use_background_image": true,
            "has_extended_profile": true,
            "default_profile": true,
            "default_profile_image": false,
            "following": null,
            "follow_request_sent": null,
            "notifications": null,
            "translator_type": "none"
        },
        "geo": null,
        "coordinates": null,
        "place": null,
        "contributors": null,
        "is_quote_status": false,
        "retweet_count": 3,
        "favorite_count": 5,
        "favorited": false,
        "retweeted": false,
        "possibly_sensitive": false,
        "lang": "en"
    },
    "is_quote_status": false,
    "retweet_count": 3,
    "favorite_count": 0,
    "favorited": false,
    "retweeted": false,
    "lang": "en"
}