{
    "created_at": "Thu Apr 18 00:52:39 +0000 2019",
    "id": 1118678695449960448,
    "id_str": "1118678695449960448",
    "text": "@StreetsblogNYC @Uber @lyft @CitiBikeNYC @jump_rides So in a nutshell\n* Monopolies: bad\n* Lack of government oversight: bad\n* @Uber: bad",
    "truncated": false,
    "entities": {
        "hashtags": [],
        "symbols": [],
        "user_mentions": [
            {
                "screen_name": "StreetsblogNYC",
                "name": "Streetsblog New York",
                "id": 128750686,
                "id_str": "128750686",
                "indices": [
                    0,
                    15
                ]
            },
            {
                "screen_name": "Uber",
                "name": "Uber",
                "id": 19103481,
                "id_str": "19103481",
                "indices": [
                    16,
                    21
                ]
            },
            {
                "screen_name": "lyft",
                "name": "Lyft",
                "id": 569569550,
                "id_str": "569569550",
                "indices": [
                    22,
                    27
                ]
            },
            {
                "screen_name": "CitiBikeNYC",
                "name": "Citi Bike",
                "id": 366631688,
                "id_str": "366631688",
                "indices": [
                    28,
                    40
                ]
            },
            {
                "screen_name": "jump_rides",
                "name": "JUMP",
                "id": 868126911817502721,
                "id_str": "868126911817502721",
                "indices": [
                    41,
                    52
                ]
            },
            {
                "screen_name": "Uber",
                "name": "Uber",
                "id": 19103481,
                "id_str": "19103481",
                "indices": [
                    126,
                    131
                ]
            }
        ],
        "urls": []
    },
    "metadata": {
        "iso_language_code": "en",
        "result_type": "recent"
    },
    "source": "<a href=\"http://twitter.com/download/iphone\" rel=\"nofollow\">Twitter for iPhone</a>",
    "in_reply_to_status_id": 1118636785972785152,
    "in_reply_to_status_id_str": "1118636785972785152",
    "in_reply_to_user_id": 128750686,
    "in_reply_to_user_id_str": "128750686",
    "in_reply_to_screen_name": "StreetsblogNYC",
    "user": {
        "id": 925819404,
        "id_str": "925819404",
        "name": "David Herman",
        "screen_name": "DHermanStudio",
        "location": "Brooklyn, USA",
        "description": "Designer, editor, and photographer; cyclist and graphic narrative enthusiast; and a concerned citizen working to make a better Brooklyn and a better world",
        "url": "https://t.co/GMQrGrhhvw",
        "entities": {
            "url": {
                "urls": [
                    {
                        "url": "https://t.co/GMQrGrhhvw",
                        "expanded_url": "http://davidhermanstudio.com/",
                        "display_url": "davidhermanstudio.com",
                        "indices": [
                            0,
                            23
                        ]
                    }
                ]
            },
            "description": {
                "urls": []
            }
        },
        "protected": false,
        "followers_count": 688,
        "friends_count": 632,
        "listed_count": 56,
        "created_at": "Sun Nov 04 18:01:13 +0000 2012",
        "favourites_count": 8297,
        "utc_offset": null,
        "time_zone": null,
        "geo_enabled": true,
        "verified": false,
        "statuses_count": 28682,
        "lang": "en",
        "contributors_enabled": false,
        "is_translator": false,
        "is_translation_enabled": false,
        "profile_background_color": "C0DEED",
        "profile_background_image_url": "http://abs.twimg.com/images/themes/theme1/bg.png",
        "profile_background_image_url_https": "https://abs.twimg.com/images/themes/theme1/bg.png",
        "profile_background_tile": false,
        "profile_image_url": "http://pbs.twimg.com/profile_images/1004405086611824640/4c4ocr8T_normal.jpg",
        "profile_image_url_https": "https://pbs.twimg.com/profile_images/1004405086611824640/4c4ocr8T_normal.jpg",
        "profile_banner_url": "https://pbs.twimg.com/profile_banners/925819404/1543587465",
        "profile_link_color": "1DA1F2",
        "profile_sidebar_border_color": "C0DEED",
        "profile_sidebar_fill_color": "DDEEF6",
        "profile_text_color": "333333",
        "profile_use_background_image": true,
        "has_extended_profile": false,
        "default_profile": true,
        "default_profile_image": false,
        "following": null,
        "follow_request_sent": null,
        "notifications": null,
        "translator_type": "none"
    },
    "geo": null,
    "coordinates": null,
    "place": null,
    "contributors": null,
    "is_quote_status": false,
    "retweet_count": 0,
    "favorite_count": 0,
    "favorited": false,
    "retweeted": false,
    "lang": "en"
}