{
    "created_at": "Tue Apr 16 22:08:57 +0000 2019",
    "id": 1118275110115393536,
    "id_str": "1118275110115393536",
    "text": "RT @faizsays: Another update here: Uber says JUMP bikes were modified more than a year ago \"so the braking response is smoother and more gr\u2026",
    "truncated": false,
    "entities": {
        "hashtags": [],
        "symbols": [],
        "user_mentions": [
            {
                "screen_name": "faizsays",
                "name": "Faiz Siddiqui",
                "id": 62842049,
                "id_str": "62842049",
                "indices": [
                    3,
                    12
                ]
            }
        ],
        "urls": []
    },
    "metadata": {
        "iso_language_code": "en",
        "result_type": "recent"
    },
    "source": "<a href=\"https://about.twitter.com/products/tweetdeck\" rel=\"nofollow\">TweetDeck</a>",
    "in_reply_to_status_id": null,
    "in_reply_to_status_id_str": null,
    "in_reply_to_user_id": null,
    "in_reply_to_user_id_str": null,
    "in_reply_to_screen_name": null,
    "user": {
        "id": 145821662,
        "id_str": "145821662",
        "name": "sharrowsDC",
        "screen_name": "sharrowsDC",
        "location": "Not Bloomingdale, DC",
        "description": "of #bikeDC. @gearprudence at @wcp.",
        "url": "https://t.co/y3JC1iVDI1",
        "entities": {
            "url": {
                "urls": [
                    {
                        "url": "https://t.co/y3JC1iVDI1",
                        "expanded_url": "http://www.washingtoncitypaper.com/columns/gear-prudence/",
                        "display_url": "washingtoncitypaper.com/columns/gear-p\u2026",
                        "indices": [
                            0,
                            23
                        ]
                    }
                ]
            },
            "description": {
                "urls": []
            }
        },
        "protected": false,
        "followers_count": 5399,
        "friends_count": 884,
        "listed_count": 294,
        "created_at": "Wed May 19 23:49:44 +0000 2010",
        "favourites_count": 2,
        "utc_offset": null,
        "time_zone": null,
        "geo_enabled": false,
        "verified": false,
        "statuses_count": 112599,
        "lang": "en",
        "contributors_enabled": false,
        "is_translator": false,
        "is_translation_enabled": false,
        "profile_background_color": "C0DEED",
        "profile_background_image_url": "http://abs.twimg.com/images/themes/theme1/bg.png",
        "profile_background_image_url_https": "https://abs.twimg.com/images/themes/theme1/bg.png",
        "profile_background_tile": false,
        "profile_image_url": "http://pbs.twimg.com/profile_images/1004713220060405762/5t6sTVNC_normal.jpg",
        "profile_image_url_https": "https://pbs.twimg.com/profile_images/1004713220060405762/5t6sTVNC_normal.jpg",
        "profile_banner_url": "https://pbs.twimg.com/profile_banners/145821662/1491074982",
        "profile_link_color": "1DA1F2",
        "profile_sidebar_border_color": "C0DEED",
        "profile_sidebar_fill_color": "DDEEF6",
        "profile_text_color": "333333",
        "profile_use_background_image": true,
        "has_extended_profile": true,
        "default_profile": true,
        "default_profile_image": false,
        "following": null,
        "follow_request_sent": null,
        "notifications": null,
        "translator_type": "none"
    },
    "geo": null,
    "coordinates": null,
    "place": null,
    "contributors": null,
    "retweeted_status": {
        "created_at": "Tue Apr 16 22:00:08 +0000 2019",
        "id": 1118272893052342272,
        "id_str": "1118272893052342272",
        "text": "Another update here: Uber says JUMP bikes were modified more than a year ago \"so the braking response is smoother a\u2026 https://t.co/thXidONNm5",
        "truncated": true,
        "entities": {
            "hashtags": [],
            "symbols": [],
            "user_mentions": [],
            "urls": [
                {
                    "url": "https://t.co/thXidONNm5",
                    "expanded_url": "https://twitter.com/i/web/status/1118272893052342272",
                    "display_url": "twitter.com/i/web/status/1\u2026",
                    "indices": [
                        117,
                        140
                    ]
                }
            ]
        },
        "metadata": {
            "iso_language_code": "en",
            "result_type": "recent"
        },
        "source": "<a href=\"https://about.twitter.com/products/tweetdeck\" rel=\"nofollow\">TweetDeck</a>",
        "in_reply_to_status_id": 1118231652314992640,
        "in_reply_to_status_id_str": "1118231652314992640",
        "in_reply_to_user_id": 62842049,
        "in_reply_to_user_id_str": "62842049",
        "in_reply_to_screen_name": "faizsays",
        "user": {
            "id": 62842049,
            "id_str": "62842049",
            "name": "Faiz Siddiqui",
            "screen_name": "faizsays",
            "location": "San Francisco",
            "description": "Tech reporter @washingtonpost covering Tesla, Uber/Lyft, driverless cars + \ud83d\udef4\ud83d\udeb2\ud83d\ude97\ud83d\ude8c\ud83d\ude9d\u2708\ufe0f\ud83d\ude80(?)\nTips: faiz.siddiqui@washpost.com | DMs open, Signal/WhatsApp: ask",
            "url": "https://t.co/WE4VkikXUp",
            "entities": {
                "url": {
                    "urls": [
                        {
                            "url": "https://t.co/WE4VkikXUp",
                            "expanded_url": "https://www.washingtonpost.com/people/faiz-siddiqui",
                            "display_url": "washingtonpost.com/people/faiz-si\u2026",
                            "indices": [
                                0,
                                23
                            ]
                        }
                    ]
                },
                "description": {
                    "urls": []
                }
            },
            "protected": false,
            "followers_count": 5591,
            "friends_count": 1551,
            "listed_count": 235,
            "created_at": "Tue Aug 04 15:13:48 +0000 2009",
            "favourites_count": 3275,
            "utc_offset": null,
            "time_zone": null,
            "geo_enabled": true,
            "verified": true,
            "statuses_count": 9847,
            "lang": "en",
            "contributors_enabled": false,
            "is_translator": false,
            "is_translation_enabled": false,
            "profile_background_color": "C0DEED",
            "profile_background_image_url": "http://abs.twimg.com/images/themes/theme1/bg.png",
            "profile_background_image_url_https": "https://abs.twimg.com/images/themes/theme1/bg.png",
            "profile_background_tile": false,
            "profile_image_url": "http://pbs.twimg.com/profile_images/961652129923518468/N86hKTtJ_normal.jpg",
            "profile_image_url_https": "https://pbs.twimg.com/profile_images/961652129923518468/N86hKTtJ_normal.jpg",
            "profile_banner_url": "https://pbs.twimg.com/profile_banners/62842049/1486854760",
            "profile_link_color": "1DA1F2",
            "profile_sidebar_border_color": "C0DEED",
            "profile_sidebar_fill_color": "DDEEF6",
            "profile_text_color": "333333",
            "profile_use_background_image": true,
            "has_extended_profile": false,
            "default_profile": true,
            "default_profile_image": false,
            "following": null,
            "follow_request_sent": null,
            "notifications": null,
            "translator_type": "none"
        },
        "geo": null,
        "coordinates": null,
        "place": null,
        "contributors": null,
        "is_quote_status": false,
        "retweet_count": 2,
        "favorite_count": 2,
        "favorited": false,
        "retweeted": false,
        "lang": "en"
    },
    "is_quote_status": false,
    "retweet_count": 2,
    "favorite_count": 0,
    "favorited": false,
    "retweeted": false,
    "lang": "en"
}