{
    "created_at": "Wed Apr 17 00:58:10 +0000 2019",
    "id": 1118317696406388737,
    "id_str": "1118317696406388737",
    "text": "RT @postlocal: Uber introduces Jump scooters to D.C. and changes its price structure for its popular e-bikes https://t.co/N1puerRLju",
    "truncated": false,
    "entities": {
        "hashtags": [],
        "symbols": [],
        "user_mentions": [
            {
                "screen_name": "postlocal",
                "name": "Post Local",
                "id": 14345759,
                "id_str": "14345759",
                "indices": [
                    3,
                    13
                ]
            }
        ],
        "urls": [
            {
                "url": "https://t.co/N1puerRLju",
                "expanded_url": "https://wapo.st/2KX2gZR",
                "display_url": "wapo.st/2KX2gZR",
                "indices": [
                    109,
                    132
                ]
            }
        ]
    },
    "metadata": {
        "iso_language_code": "en",
        "result_type": "recent"
    },
    "source": "<a href=\"http://twitter.com/download/iphone\" rel=\"nofollow\">Twitter for iPhone</a>",
    "in_reply_to_status_id": null,
    "in_reply_to_status_id_str": null,
    "in_reply_to_user_id": null,
    "in_reply_to_user_id_str": null,
    "in_reply_to_screen_name": null,
    "user": {
        "id": 16045981,
        "id_str": "16045981",
        "name": "Peter Hermann",
        "screen_name": "phscoop",
        "location": "Washington, D.C.",
        "description": "I cover crime in DC for The Washington Post",
        "url": "http://t.co/YjewX3nLKL",
        "entities": {
            "url": {
                "urls": [
                    {
                        "url": "http://t.co/YjewX3nLKL",
                        "expanded_url": "http://washingtonpost.com",
                        "display_url": "washingtonpost.com",
                        "indices": [
                            0,
                            22
                        ]
                    }
                ]
            },
            "description": {
                "urls": []
            }
        },
        "protected": false,
        "followers_count": 6229,
        "friends_count": 447,
        "listed_count": 356,
        "created_at": "Fri Aug 29 19:05:20 +0000 2008",
        "favourites_count": 263,
        "utc_offset": null,
        "time_zone": null,
        "geo_enabled": true,
        "verified": true,
        "statuses_count": 31834,
        "lang": "en",
        "contributors_enabled": false,
        "is_translator": false,
        "is_translation_enabled": false,
        "profile_background_color": "C0DEED",
        "profile_background_image_url": "http://abs.twimg.com/images/themes/theme1/bg.png",
        "profile_background_image_url_https": "https://abs.twimg.com/images/themes/theme1/bg.png",
        "profile_background_tile": false,
        "profile_image_url": "http://pbs.twimg.com/profile_images/1032623839375704064/RSyLUtoy_normal.jpg",
        "profile_image_url_https": "https://pbs.twimg.com/profile_images/1032623839375704064/RSyLUtoy_normal.jpg",
        "profile_banner_url": "https://pbs.twimg.com/profile_banners/16045981/1550580025",
        "profile_link_color": "1DA1F2",
        "profile_sidebar_border_color": "C0DEED",
        "profile_sidebar_fill_color": "DDEEF6",
        "profile_text_color": "333333",
        "profile_use_background_image": true,
        "has_extended_profile": false,
        "default_profile": true,
        "default_profile_image": false,
        "following": null,
        "follow_request_sent": null,
        "notifications": null,
        "translator_type": "none"
    },
    "geo": null,
    "coordinates": null,
    "place": null,
    "contributors": null,
    "retweeted_status": {
        "created_at": "Tue Apr 16 16:38:08 +0000 2019",
        "id": 1118191856616189952,
        "id_str": "1118191856616189952",
        "text": "Uber introduces Jump scooters to D.C. and changes its price structure for its popular e-bikes https://t.co/N1puerRLju",
        "truncated": false,
        "entities": {
            "hashtags": [],
            "symbols": [],
            "user_mentions": [],
            "urls": [
                {
                    "url": "https://t.co/N1puerRLju",
                    "expanded_url": "https://wapo.st/2KX2gZR",
                    "display_url": "wapo.st/2KX2gZR",
                    "indices": [
                        94,
                        117
                    ]
                }
            ]
        },
        "metadata": {
            "iso_language_code": "en",
            "result_type": "recent"
        },
        "source": "<a href=\"http://www.socialflow.com\" rel=\"nofollow\">SocialFlow</a>",
        "in_reply_to_status_id": null,
        "in_reply_to_status_id_str": null,
        "in_reply_to_user_id": null,
        "in_reply_to_user_id_str": null,
        "in_reply_to_screen_name": null,
        "user": {
            "id": 14345759,
            "id_str": "14345759",
            "name": "Post Local",
            "screen_name": "postlocal",
            "location": "Washington, D.C.",
            "description": "We're Washington, D.C.'s premier source for area breaking local news and information. Send tips and tweets to our reporters here: http://t.co/mN9EtggPJq",
            "url": "http://t.co/CkmtO4bbR1",
            "entities": {
                "url": {
                    "urls": [
                        {
                            "url": "http://t.co/CkmtO4bbR1",
                            "expanded_url": "http://www.washingtonpost.com/local",
                            "display_url": "washingtonpost.com/local",
                            "indices": [
                                0,
                                22
                            ]
                        }
                    ]
                },
                "description": {
                    "urls": [
                        {
                            "url": "http://t.co/mN9EtggPJq",
                            "expanded_url": "http://bit.ly/1t2Re43",
                            "display_url": "bit.ly/1t2Re43",
                            "indices": [
                                130,
                                152
                            ]
                        }
                    ]
                }
            },
            "protected": false,
            "followers_count": 138330,
            "friends_count": 693,
            "listed_count": 3032,
            "created_at": "Wed Apr 09 21:25:03 +0000 2008",
            "favourites_count": 824,
            "utc_offset": null,
            "time_zone": null,
            "geo_enabled": true,
            "verified": true,
            "statuses_count": 96815,
            "lang": "en",
            "contributors_enabled": false,
            "is_translator": false,
            "is_translation_enabled": false,
            "profile_background_color": "333333",
            "profile_background_image_url": "http://abs.twimg.com/images/themes/theme1/bg.png",
            "profile_background_image_url_https": "https://abs.twimg.com/images/themes/theme1/bg.png",
            "profile_background_tile": false,
            "profile_image_url": "http://pbs.twimg.com/profile_images/1079779450420711424/ryGbmIB9_normal.jpg",
            "profile_image_url_https": "https://pbs.twimg.com/profile_images/1079779450420711424/ryGbmIB9_normal.jpg",
            "profile_banner_url": "https://pbs.twimg.com/profile_banners/14345759/1469482866",
            "profile_link_color": "1D6BB4",
            "profile_sidebar_border_color": "EEEEEE",
            "profile_sidebar_fill_color": "EFEFEF",
            "profile_text_color": "333333",
            "profile_use_background_image": true,
            "has_extended_profile": false,
            "default_profile": false,
            "default_profile_image": false,
            "following": null,
            "follow_request_sent": null,
            "notifications": null,
            "translator_type": "none"
        },
        "geo": null,
        "coordinates": null,
        "place": null,
        "contributors": null,
        "is_quote_status": false,
        "retweet_count": 2,
        "favorite_count": 1,
        "favorited": false,
        "retweeted": false,
        "possibly_sensitive": false,
        "lang": "en"
    },
    "is_quote_status": false,
    "retweet_count": 2,
    "favorite_count": 0,
    "favorited": false,
    "retweeted": false,
    "possibly_sensitive": false,
    "lang": "en"
}