{
    "created_at": "Tue Apr 16 20:44:30 +0000 2019",
    "id": 1118253855731482624,
    "id_str": "1118253855731482624",
    "text": "Uber says it fixed its e-bikes with similar brake problems as Lyft, but some riders were still injured\u2026 https://t.co/OKveh5rpnk",
    "truncated": true,
    "entities": {
        "hashtags": [],
        "symbols": [],
        "user_mentions": [],
        "urls": [
            {
                "url": "https://t.co/OKveh5rpnk",
                "expanded_url": "https://twitter.com/i/web/status/1118253855731482624",
                "display_url": "twitter.com/i/web/status/1\u2026",
                "indices": [
                    104,
                    127
                ]
            }
        ]
    },
    "metadata": {
        "iso_language_code": "en",
        "result_type": "recent"
    },
    "source": "<a href=\"https://ifttt.com\" rel=\"nofollow\">IFTTT</a>",
    "in_reply_to_status_id": null,
    "in_reply_to_status_id_str": null,
    "in_reply_to_user_id": null,
    "in_reply_to_user_id_str": null,
    "in_reply_to_screen_name": null,
    "user": {
        "id": 3097513575,
        "id_str": "3097513575",
        "name": "Verge Transportation",
        "screen_name": "vergecars",
        "location": "New York, NY",
        "description": "http://t.co/4xvkWDycDE covers the future of cars, planes, trains, hyperloops, and so on.",
        "url": "http://t.co/4xvkWDycDE",
        "entities": {
            "url": {
                "urls": [
                    {
                        "url": "http://t.co/4xvkWDycDE",
                        "expanded_url": "http://theverge.com/transportation",
                        "display_url": "theverge.com/transportation",
                        "indices": [
                            0,
                            22
                        ]
                    }
                ]
            },
            "description": {
                "urls": [
                    {
                        "url": "http://t.co/4xvkWDycDE",
                        "expanded_url": "http://theverge.com/transportation",
                        "display_url": "theverge.com/transportation",
                        "indices": [
                            0,
                            22
                        ]
                    }
                ]
            }
        },
        "protected": false,
        "followers_count": 8687,
        "friends_count": 51,
        "listed_count": 281,
        "created_at": "Thu Mar 19 20:09:37 +0000 2015",
        "favourites_count": 0,
        "utc_offset": null,
        "time_zone": null,
        "geo_enabled": false,
        "verified": true,
        "statuses_count": 4369,
        "lang": "en",
        "contributors_enabled": false,
        "is_translator": false,
        "is_translation_enabled": false,
        "profile_background_color": "000000",
        "profile_background_image_url": "http://abs.twimg.com/images/themes/theme1/bg.png",
        "profile_background_image_url_https": "https://abs.twimg.com/images/themes/theme1/bg.png",
        "profile_background_tile": false,
        "profile_image_url": "http://pbs.twimg.com/profile_images/793342289871532032/M6jNFiFo_normal.jpg",
        "profile_image_url_https": "https://pbs.twimg.com/profile_images/793342289871532032/M6jNFiFo_normal.jpg",
        "profile_banner_url": "https://pbs.twimg.com/profile_banners/3097513575/1477983650",
        "profile_link_color": "FA4D2A",
        "profile_sidebar_border_color": "000000",
        "profile_sidebar_fill_color": "000000",
        "profile_text_color": "000000",
        "profile_use_background_image": false,
        "has_extended_profile": false,
        "default_profile": false,
        "default_profile_image": false,
        "following": null,
        "follow_request_sent": null,
        "notifications": null,
        "translator_type": "none"
    },
    "geo": null,
    "coordinates": null,
    "place": null,
    "contributors": null,
    "is_quote_status": false,
    "retweet_count": 0,
    "favorite_count": 1,
    "favorited": false,
    "retweeted": false,
    "possibly_sensitive": false,
    "lang": "en"
}