{
    "created_at": "Tue Apr 16 17:17:26 +0000 2019",
    "id": 1118201748743753728,
    "id_str": "1118201748743753728",
    "text": "Uber introduces Jump scooters to D.C. and changes its price structure for its popular e-bikes https://t.co/SVzkD0xFqS via washingtonpost",
    "truncated": false,
    "entities": {
        "hashtags": [],
        "symbols": [],
        "user_mentions": [],
        "urls": [
            {
                "url": "https://t.co/SVzkD0xFqS",
                "expanded_url": "https://wapo.st/2v7vZ7l",
                "display_url": "wapo.st/2v7vZ7l",
                "indices": [
                    94,
                    117
                ]
            }
        ]
    },
    "metadata": {
        "iso_language_code": "en",
        "result_type": "recent"
    },
    "source": "<a href=\"https://ifttt.com\" rel=\"nofollow\">IFTTT</a>",
    "in_reply_to_status_id": null,
    "in_reply_to_status_id_str": null,
    "in_reply_to_user_id": null,
    "in_reply_to_user_id_str": null,
    "in_reply_to_screen_name": null,
    "user": {
        "id": 897150686248534016,
        "id_str": "897150686248534016",
        "name": "Bike Thots",
        "screen_name": "BikeThots",
        "location": "Washington, DC",
        "description": "No thanks. I'll bike.",
        "url": "https://t.co/adehgxe8gP",
        "entities": {
            "url": {
                "urls": [
                    {
                        "url": "https://t.co/adehgxe8gP",
                        "expanded_url": "https://www.instagram.com/nothxillbike/",
                        "display_url": "instagram.com/nothxillbike/",
                        "indices": [
                            0,
                            23
                        ]
                    }
                ]
            },
            "description": {
                "urls": []
            }
        },
        "protected": false,
        "followers_count": 71,
        "friends_count": 200,
        "listed_count": 2,
        "created_at": "Mon Aug 14 17:39:26 +0000 2017",
        "favourites_count": 52,
        "utc_offset": null,
        "time_zone": null,
        "geo_enabled": true,
        "verified": false,
        "statuses_count": 3336,
        "lang": "en",
        "contributors_enabled": false,
        "is_translator": false,
        "is_translation_enabled": false,
        "profile_background_color": "000000",
        "profile_background_image_url": "http://abs.twimg.com/images/themes/theme1/bg.png",
        "profile_background_image_url_https": "https://abs.twimg.com/images/themes/theme1/bg.png",
        "profile_background_tile": false,
        "profile_image_url": "http://pbs.twimg.com/profile_images/897157854452473857/QXmconCa_normal.jpg",
        "profile_image_url_https": "https://pbs.twimg.com/profile_images/897157854452473857/QXmconCa_normal.jpg",
        "profile_link_color": "1B95E0",
        "profile_sidebar_border_color": "000000",
        "profile_sidebar_fill_color": "000000",
        "profile_text_color": "000000",
        "profile_use_background_image": false,
        "has_extended_profile": true,
        "default_profile": false,
        "default_profile_image": false,
        "following": null,
        "follow_request_sent": null,
        "notifications": null,
        "translator_type": "none"
    },
    "geo": null,
    "coordinates": null,
    "place": null,
    "contributors": null,
    "is_quote_status": false,
    "retweet_count": 0,
    "favorite_count": 0,
    "favorited": false,
    "retweeted": false,
    "possibly_sensitive": false,
    "lang": "en"
}