{
    "created_at": "Tue Apr 16 20:46:01 +0000 2019",
    "id": 1118254240688787457,
    "id_str": "1118254240688787457",
    "text": "RT @MikaMommyof3: @TaylorJTakeover. Should jump on #Tmari remix for \"Uber\" she liked my comment tooooo!!! https://t.co/xr6DrfOCNV",
    "truncated": false,
    "entities": {
        "hashtags": [
            {
                "text": "Tmari",
                "indices": [
                    51,
                    57
                ]
            }
        ],
        "symbols": [],
        "user_mentions": [
            {
                "screen_name": "MikaMommyof3",
                "name": "\ud83d\udc8bTamikaNichelle\ud83d\udc8b",
                "id": 71920529,
                "id_str": "71920529",
                "indices": [
                    3,
                    16
                ]
            },
            {
                "screen_name": "TaylorJTakeover",
                "name": "Taylor J",
                "id": 109857527,
                "id_str": "109857527",
                "indices": [
                    18,
                    34
                ]
            }
        ],
        "urls": [],
        "media": [
            {
                "id": 1118253534057725952,
                "id_str": "1118253534057725952",
                "indices": [
                    106,
                    129
                ],
                "media_url": "http://pbs.twimg.com/media/D4TVqhpWAAAMEKm.jpg",
                "media_url_https": "https://pbs.twimg.com/media/D4TVqhpWAAAMEKm.jpg",
                "url": "https://t.co/xr6DrfOCNV",
                "display_url": "pic.twitter.com/xr6DrfOCNV",
                "expanded_url": "https://twitter.com/MikaMommyof3/status/1118253547915755523/photo/1",
                "type": "photo",
                "sizes": {
                    "thumb": {
                        "w": 150,
                        "h": 150,
                        "resize": "crop"
                    },
                    "large": {
                        "w": 720,
                        "h": 1280,
                        "resize": "fit"
                    },
                    "small": {
                        "w": 383,
                        "h": 680,
                        "resize": "fit"
                    },
                    "medium": {
                        "w": 675,
                        "h": 1200,
                        "resize": "fit"
                    }
                },
                "source_status_id": 1118253547915755523,
                "source_status_id_str": "1118253547915755523",
                "source_user_id": 71920529,
                "source_user_id_str": "71920529"
            }
        ]
    },
    "extended_entities": {
        "media": [
            {
                "id": 1118253534057725952,
                "id_str": "1118253534057725952",
                "indices": [
                    106,
                    129
                ],
                "media_url": "http://pbs.twimg.com/media/D4TVqhpWAAAMEKm.jpg",
                "media_url_https": "https://pbs.twimg.com/media/D4TVqhpWAAAMEKm.jpg",
                "url": "https://t.co/xr6DrfOCNV",
                "display_url": "pic.twitter.com/xr6DrfOCNV",
                "expanded_url": "https://twitter.com/MikaMommyof3/status/1118253547915755523/photo/1",
                "type": "photo",
                "sizes": {
                    "thumb": {
                        "w": 150,
                        "h": 150,
                        "resize": "crop"
                    },
                    "large": {
                        "w": 720,
                        "h": 1280,
                        "resize": "fit"
                    },
                    "small": {
                        "w": 383,
                        "h": 680,
                        "resize": "fit"
                    },
                    "medium": {
                        "w": 675,
                        "h": 1200,
                        "resize": "fit"
                    }
                },
                "source_status_id": 1118253547915755523,
                "source_status_id_str": "1118253547915755523",
                "source_user_id": 71920529,
                "source_user_id_str": "71920529"
            }
        ]
    },
    "metadata": {
        "iso_language_code": "en",
        "result_type": "recent"
    },
    "source": "<a href=\"http://twitter.com/download/iphone\" rel=\"nofollow\">Twitter for iPhone</a>",
    "in_reply_to_status_id": null,
    "in_reply_to_status_id_str": null,
    "in_reply_to_user_id": null,
    "in_reply_to_user_id_str": null,
    "in_reply_to_screen_name": null,
    "user": {
        "id": 109857527,
        "id_str": "109857527",
        "name": "Taylor J",
        "screen_name": "TaylorJTakeover",
        "location": " St Paul",
        "description": "\u201cROSES\u201d COMING SOON \ud83c\udf39\ud83c\udf39\ud83c\udf39\ud83c\udf39\ud83c\udf39\ud83c\udf39 Booking / Feature info: GetBuzy@Me.Com Instagram / Snapchat: TaylorJTakeover #Takeooovvveeerrr",
        "url": "https://t.co/dNrQgEy2q8",
        "entities": {
            "url": {
                "urls": [
                    {
                        "url": "https://t.co/dNrQgEy2q8",
                        "expanded_url": "http://smarturl.it/6ybtqy",
                        "display_url": "smarturl.it/6ybtqy",
                        "indices": [
                            0,
                            23
                        ]
                    }
                ]
            },
            "description": {
                "urls": []
            }
        },
        "protected": false,
        "followers_count": 71265,
        "friends_count": 55280,
        "listed_count": 262,
        "created_at": "Sat Jan 30 14:32:20 +0000 2010",
        "favourites_count": 43988,
        "utc_offset": null,
        "time_zone": null,
        "geo_enabled": true,
        "verified": true,
        "statuses_count": 120127,
        "lang": "en",
        "contributors_enabled": false,
        "is_translator": false,
        "is_translation_enabled": false,
        "profile_background_color": "FFFFFF",
        "profile_background_image_url": "http://abs.twimg.com/images/themes/theme1/bg.png",
        "profile_background_image_url_https": "https://abs.twimg.com/images/themes/theme1/bg.png",
        "profile_background_tile": true,
        "profile_image_url": "http://pbs.twimg.com/profile_images/1112107037524029445/eYpzfi_l_normal.jpg",
        "profile_image_url_https": "https://pbs.twimg.com/profile_images/1112107037524029445/eYpzfi_l_normal.jpg",
        "profile_banner_url": "https://pbs.twimg.com/profile_banners/109857527/1545457605",
        "profile_link_color": "00591C",
        "profile_sidebar_border_color": "FFFFFF",
        "profile_sidebar_fill_color": "FFFFFF",
        "profile_text_color": "000000",
        "profile_use_background_image": true,
        "has_extended_profile": true,
        "default_profile": false,
        "default_profile_image": false,
        "following": null,
        "follow_request_sent": null,
        "notifications": null,
        "translator_type": "none"
    },
    "geo": null,
    "coordinates": null,
    "place": null,
    "contributors": null,
    "retweeted_status": {
        "created_at": "Tue Apr 16 20:43:16 +0000 2019",
        "id": 1118253547915755523,
        "id_str": "1118253547915755523",
        "text": "@TaylorJTakeover. Should jump on #Tmari remix for \"Uber\" she liked my comment tooooo!!! https://t.co/xr6DrfOCNV",
        "truncated": false,
        "entities": {
            "hashtags": [
                {
                    "text": "Tmari",
                    "indices": [
                        33,
                        39
                    ]
                }
            ],
            "symbols": [],
            "user_mentions": [
                {
                    "screen_name": "TaylorJTakeover",
                    "name": "Taylor J",
                    "id": 109857527,
                    "id_str": "109857527",
                    "indices": [
                        0,
                        16
                    ]
                }
            ],
            "urls": [],
            "media": [
                {
                    "id": 1118253534057725952,
                    "id_str": "1118253534057725952",
                    "indices": [
                        88,
                        111
                    ],
                    "media_url": "http://pbs.twimg.com/media/D4TVqhpWAAAMEKm.jpg",
                    "media_url_https": "https://pbs.twimg.com/media/D4TVqhpWAAAMEKm.jpg",
                    "url": "https://t.co/xr6DrfOCNV",
                    "display_url": "pic.twitter.com/xr6DrfOCNV",
                    "expanded_url": "https://twitter.com/MikaMommyof3/status/1118253547915755523/photo/1",
                    "type": "photo",
                    "sizes": {
                        "thumb": {
                            "w": 150,
                            "h": 150,
                            "resize": "crop"
                        },
                        "large": {
                            "w": 720,
                            "h": 1280,
                            "resize": "fit"
                        },
                        "small": {
                            "w": 383,
                            "h": 680,
                            "resize": "fit"
                        },
                        "medium": {
                            "w": 675,
                            "h": 1200,
                            "resize": "fit"
                        }
                    }
                }
            ]
        },
        "extended_entities": {
            "media": [
                {
                    "id": 1118253534057725952,
                    "id_str": "1118253534057725952",
                    "indices": [
                        88,
                        111
                    ],
                    "media_url": "http://pbs.twimg.com/media/D4TVqhpWAAAMEKm.jpg",
                    "media_url_https": "https://pbs.twimg.com/media/D4TVqhpWAAAMEKm.jpg",
                    "url": "https://t.co/xr6DrfOCNV",
                    "display_url": "pic.twitter.com/xr6DrfOCNV",
                    "expanded_url": "https://twitter.com/MikaMommyof3/status/1118253547915755523/photo/1",
                    "type": "photo",
                    "sizes": {
                        "thumb": {
                            "w": 150,
                            "h": 150,
                            "resize": "crop"
                        },
                        "large": {
                            "w": 720,
                            "h": 1280,
                            "resize": "fit"
                        },
                        "small": {
                            "w": 383,
                            "h": 680,
                            "resize": "fit"
                        },
                        "medium": {
                            "w": 675,
                            "h": 1200,
                            "resize": "fit"
                        }
                    }
                }
            ]
        },
        "metadata": {
            "iso_language_code": "en",
            "result_type": "recent"
        },
        "source": "<a href=\"https://mobile.twitter.com\" rel=\"nofollow\">Twitter Web App</a>",
        "in_reply_to_status_id": null,
        "in_reply_to_status_id_str": null,
        "in_reply_to_user_id": 109857527,
        "in_reply_to_user_id_str": "109857527",
        "in_reply_to_screen_name": "TaylorJTakeover",
        "user": {
            "id": 71920529,
            "id_str": "71920529",
            "name": "\ud83d\udc8bTamikaNichelle\ud83d\udc8b",
            "screen_name": "MikaMommyof3",
            "location": "Saint-Paul, New Brunswick",
            "description": "IG: thatsthehomegirlmika",
            "url": "http://t.co/CfeMyTiypU",
            "entities": {
                "url": {
                    "urls": [
                        {
                            "url": "http://t.co/CfeMyTiypU",
                            "expanded_url": "http://www.instagram.com/thatsthehomegirlmika",
                            "display_url": "instagram.com/thatsthehomegi\u2026",
                            "indices": [
                                0,
                                22
                            ]
                        }
                    ]
                },
                "description": {
                    "urls": []
                }
            },
            "protected": false,
            "followers_count": 720,
            "friends_count": 1534,
            "listed_count": 7,
            "created_at": "Sat Sep 05 23:49:41 +0000 2009",
            "favourites_count": 4026,
            "utc_offset": null,
            "time_zone": null,
            "geo_enabled": true,
            "verified": false,
            "statuses_count": 22841,
            "lang": "en",
            "contributors_enabled": false,
            "is_translator": false,
            "is_translation_enabled": false,
            "profile_background_color": "DBE9ED",
            "profile_background_image_url": "http://abs.twimg.com/images/themes/theme17/bg.gif",
            "profile_background_image_url_https": "https://abs.twimg.com/images/themes/theme17/bg.gif",
            "profile_background_tile": false,
            "profile_image_url": "http://pbs.twimg.com/profile_images/1067574163622096896/bVgnInQE_normal.jpg",
            "profile_image_url_https": "https://pbs.twimg.com/profile_images/1067574163622096896/bVgnInQE_normal.jpg",
            "profile_banner_url": "https://pbs.twimg.com/profile_banners/71920529/1533420964",
            "profile_link_color": "CC3366",
            "profile_sidebar_border_color": "DBE9ED",
            "profile_sidebar_fill_color": "E6F6F9",
            "profile_text_color": "333333",
            "profile_use_background_image": true,
            "has_extended_profile": true,
            "default_profile": false,
            "default_profile_image": false,
            "following": null,
            "follow_request_sent": null,
            "notifications": null,
            "translator_type": "none"
        },
        "geo": null,
        "coordinates": null,
        "place": null,
        "contributors": null,
        "is_quote_status": false,
        "retweet_count": 4,
        "favorite_count": 16,
        "favorited": false,
        "retweeted": false,
        "possibly_sensitive": false,
        "lang": "en"
    },
    "is_quote_status": false,
    "retweet_count": 4,
    "favorite_count": 0,
    "favorited": false,
    "retweeted": false,
    "possibly_sensitive": false,
    "lang": "en"
}