{
    "created_at": "Wed Apr 17 21:09:26 +0000 2019",
    "id": 1118622518766649344,
    "id_str": "1118622518766649344",
    "text": "@JRK_Media @Uber @jump_rides Never been this close ;-)",
    "truncated": false,
    "entities": {
        "hashtags": [],
        "symbols": [],
        "user_mentions": [
            {
                "screen_name": "JRK_Media",
                "name": "John R Kennedy",
                "id": 707620748,
                "id_str": "707620748",
                "indices": [
                    0,
                    10
                ]
            },
            {
                "screen_name": "Uber",
                "name": "Uber",
                "id": 19103481,
                "id_str": "19103481",
                "indices": [
                    11,
                    16
                ]
            },
            {
                "screen_name": "jump_rides",
                "name": "JUMP",
                "id": 868126911817502721,
                "id_str": "868126911817502721",
                "indices": [
                    17,
                    28
                ]
            }
        ],
        "urls": []
    },
    "metadata": {
        "iso_language_code": "en",
        "result_type": "recent"
    },
    "source": "<a href=\"https://about.twitter.com/products/tweetdeck\" rel=\"nofollow\">TweetDeck</a>",
    "in_reply_to_status_id": 1118617101424562177,
    "in_reply_to_status_id_str": "1118617101424562177",
    "in_reply_to_user_id": 707620748,
    "in_reply_to_user_id_str": "707620748",
    "in_reply_to_screen_name": "JRK_Media",
    "user": {
        "id": 31585025,
        "id_str": "31585025",
        "name": "Jean-Christophe",
        "screen_name": "JCDLR",
        "location": "Montr\u00e9al, Qu\u00e9bec",
        "description": "Senior Communications Associate, @uber Canada / Associ\u00e9 principal aux communications, @uber Canada",
        "url": null,
        "entities": {
            "description": {
                "urls": []
            }
        },
        "protected": false,
        "followers_count": 880,
        "friends_count": 2355,
        "listed_count": 17,
        "created_at": "Thu Apr 16 01:08:22 +0000 2009",
        "favourites_count": 980,
        "utc_offset": null,
        "time_zone": null,
        "geo_enabled": true,
        "verified": false,
        "statuses_count": 2342,
        "lang": "en",
        "contributors_enabled": false,
        "is_translator": false,
        "is_translation_enabled": false,
        "profile_background_color": "000000",
        "profile_background_image_url": "http://abs.twimg.com/images/themes/theme1/bg.png",
        "profile_background_image_url_https": "https://abs.twimg.com/images/themes/theme1/bg.png",
        "profile_background_tile": false,
        "profile_image_url": "http://pbs.twimg.com/profile_images/378800000296217768/1fd90d0fa6c3e6c4a8fddbce98209218_normal.jpeg",
        "profile_image_url_https": "https://pbs.twimg.com/profile_images/378800000296217768/1fd90d0fa6c3e6c4a8fddbce98209218_normal.jpeg",
        "profile_banner_url": "https://pbs.twimg.com/profile_banners/31585025/1508798133",
        "profile_link_color": "3B94D9",
        "profile_sidebar_border_color": "000000",
        "profile_sidebar_fill_color": "000000",
        "profile_text_color": "000000",
        "profile_use_background_image": false,
        "has_extended_profile": true,
        "default_profile": false,
        "default_profile_image": false,
        "following": null,
        "follow_request_sent": null,
        "notifications": null,
        "translator_type": "none"
    },
    "geo": null,
    "coordinates": null,
    "place": null,
    "contributors": null,
    "is_quote_status": false,
    "retweet_count": 0,
    "favorite_count": 1,
    "favorited": false,
    "retweeted": false,
    "lang": "en"
}