{
    "created_at": "Tue Apr 16 18:42:11 +0000 2019",
    "id": 1118223077421277185,
    "id_str": "1118223077421277185",
    "text": "@uber I use @jump_rides despite your ownership not because. Reminding me to use the Uber app is a bug not a feature.",
    "truncated": false,
    "entities": {
        "hashtags": [],
        "symbols": [],
        "user_mentions": [
            {
                "screen_name": "Uber",
                "name": "Uber",
                "id": 19103481,
                "id_str": "19103481",
                "indices": [
                    0,
                    5
                ]
            },
            {
                "screen_name": "jump_rides",
                "name": "JUMP",
                "id": 868126911817502721,
                "id_str": "868126911817502721",
                "indices": [
                    12,
                    23
                ]
            }
        ],
        "urls": []
    },
    "metadata": {
        "iso_language_code": "en",
        "result_type": "recent"
    },
    "source": "<a href=\"http://twitter.com/download/iphone\" rel=\"nofollow\">Twitter for iPhone</a>",
    "in_reply_to_status_id": null,
    "in_reply_to_status_id_str": null,
    "in_reply_to_user_id": 19103481,
    "in_reply_to_user_id_str": "19103481",
    "in_reply_to_screen_name": "Uber",
    "user": {
        "id": 2242703221,
        "id_str": "2242703221",
        "name": "Riley Casey",
        "screen_name": "eRileyCasey",
        "location": "WDC",
        "description": "Sound guy, utility cyclist, partially disenfranchised citizen, grandparent",
        "url": "https://t.co/5KIrwqQAcw",
        "entities": {
            "url": {
                "urls": [
                    {
                        "url": "https://t.co/5KIrwqQAcw",
                        "expanded_url": "http://espsound.com",
                        "display_url": "espsound.com",
                        "indices": [
                            0,
                            23
                        ]
                    }
                ]
            },
            "description": {
                "urls": []
            }
        },
        "protected": false,
        "followers_count": 53,
        "friends_count": 95,
        "listed_count": 0,
        "created_at": "Thu Dec 12 17:38:51 +0000 2013",
        "favourites_count": 2066,
        "utc_offset": null,
        "time_zone": null,
        "geo_enabled": false,
        "verified": false,
        "statuses_count": 1815,
        "lang": "en",
        "contributors_enabled": false,
        "is_translator": false,
        "is_translation_enabled": false,
        "profile_background_color": "000000",
        "profile_background_image_url": "http://abs.twimg.com/images/themes/theme1/bg.png",
        "profile_background_image_url_https": "https://abs.twimg.com/images/themes/theme1/bg.png",
        "profile_background_tile": false,
        "profile_image_url": "http://pbs.twimg.com/profile_images/927962098524663808/NK0uEEoT_normal.jpg",
        "profile_image_url_https": "https://pbs.twimg.com/profile_images/927962098524663808/NK0uEEoT_normal.jpg",
        "profile_banner_url": "https://pbs.twimg.com/profile_banners/2242703221/1510078421",
        "profile_link_color": "981CEB",
        "profile_sidebar_border_color": "000000",
        "profile_sidebar_fill_color": "000000",
        "profile_text_color": "000000",
        "profile_use_background_image": false,
        "has_extended_profile": false,
        "default_profile": false,
        "default_profile_image": false,
        "following": null,
        "follow_request_sent": null,
        "notifications": null,
        "translator_type": "none"
    },
    "geo": null,
    "coordinates": null,
    "place": null,
    "contributors": null,
    "is_quote_status": false,
    "retweet_count": 0,
    "favorite_count": 0,
    "favorited": false,
    "retweeted": false,
    "lang": "en"
}