{
    "created_at": "Thu Apr 18 10:56:47 +0000 2019",
    "id": 1118830728161177600,
    "id_str": "1118830728161177600",
    "text": "@koko_matshela @Fin24 You cannot just stop loadshedding like it is a taxi and you want to jump out after robot, jus\u2026 https://t.co/2lxtf9Md6i",
    "truncated": true,
    "entities": {
        "hashtags": [],
        "symbols": [],
        "user_mentions": [
            {
                "screen_name": "koko_matshela",
                "name": "Engineer Matshela Koko",
                "id": 756852280448675840,
                "id_str": "756852280448675840",
                "indices": [
                    0,
                    14
                ]
            },
            {
                "screen_name": "Fin24",
                "name": "Fin24",
                "id": 29950404,
                "id_str": "29950404",
                "indices": [
                    15,
                    21
                ]
            }
        ],
        "urls": [
            {
                "url": "https://t.co/2lxtf9Md6i",
                "expanded_url": "https://twitter.com/i/web/status/1118830728161177600",
                "display_url": "twitter.com/i/web/status/1\u2026",
                "indices": [
                    117,
                    140
                ]
            }
        ]
    },
    "metadata": {
        "iso_language_code": "en",
        "result_type": "recent"
    },
    "source": "<a href=\"http://twitter.com/download/android\" rel=\"nofollow\">Twitter for Android</a>",
    "in_reply_to_status_id": 1118829857968939008,
    "in_reply_to_status_id_str": "1118829857968939008",
    "in_reply_to_user_id": 756852280448675840,
    "in_reply_to_user_id_str": "756852280448675840",
    "in_reply_to_screen_name": "koko_matshela",
    "user": {
        "id": 901750776,
        "id_str": "901750776",
        "name": "Father of boys!!",
        "screen_name": "letseare",
        "location": "running to secure a future",
        "description": "a fighter and artist of coward ism. but all in all a man looking for his place in the sun. A capitalist of Ayn Rand's mould!!!! Have peace in you my guy.",
        "url": null,
        "entities": {
            "description": {
                "urls": []
            }
        },
        "protected": false,
        "followers_count": 983,
        "friends_count": 3370,
        "listed_count": 7,
        "created_at": "Wed Oct 24 12:45:36 +0000 2012",
        "favourites_count": 387,
        "utc_offset": null,
        "time_zone": null,
        "geo_enabled": true,
        "verified": false,
        "statuses_count": 2313,
        "lang": "en",
        "contributors_enabled": false,
        "is_translator": false,
        "is_translation_enabled": false,
        "profile_background_color": "000000",
        "profile_background_image_url": "http://abs.twimg.com/images/themes/theme1/bg.png",
        "profile_background_image_url_https": "https://abs.twimg.com/images/themes/theme1/bg.png",
        "profile_background_tile": false,
        "profile_image_url": "http://pbs.twimg.com/profile_images/1101324953960488960/Fx3WukmW_normal.jpg",
        "profile_image_url_https": "https://pbs.twimg.com/profile_images/1101324953960488960/Fx3WukmW_normal.jpg",
        "profile_banner_url": "https://pbs.twimg.com/profile_banners/901750776/1366282165",
        "profile_link_color": "4A913C",
        "profile_sidebar_border_color": "000000",
        "profile_sidebar_fill_color": "000000",
        "profile_text_color": "000000",
        "profile_use_background_image": false,
        "has_extended_profile": true,
        "default_profile": false,
        "default_profile_image": false,
        "following": null,
        "follow_request_sent": null,
        "notifications": null,
        "translator_type": "none"
    },
    "geo": null,
    "coordinates": null,
    "place": null,
    "contributors": null,
    "is_quote_status": false,
    "retweet_count": 0,
    "favorite_count": 0,
    "favorited": false,
    "retweeted": false,
    "lang": "en"
}