{
    "created_at": "Wed Apr 17 02:40:13 +0000 2019",
    "id": 1118343375449542656,
    "id_str": "1118343375449542656",
    "text": "RT @ajlamesa: Uber\u2019s e-bikes had braking problems like Lyft, and riders were injured https://t.co/F1MvJVNnaT via @Verge",
    "truncated": false,
    "entities": {
        "hashtags": [],
        "symbols": [],
        "user_mentions": [
            {
                "screen_name": "ajlamesa",
                "name": "Anthony LaMesa",
                "id": 277851432,
                "id_str": "277851432",
                "indices": [
                    3,
                    12
                ]
            },
            {
                "screen_name": "verge",
                "name": "The Verge",
                "id": 275686563,
                "id_str": "275686563",
                "indices": [
                    113,
                    119
                ]
            }
        ],
        "urls": [
            {
                "url": "https://t.co/F1MvJVNnaT",
                "expanded_url": "https://www.theverge.com/2019/4/16/18410812/uber-jump-ebike-braking-malfunction-injuries?utm_campaign=theverge&utm_content=entry&utm_medium=social&utm_source=twitter",
                "display_url": "theverge.com/2019/4/16/1841\u2026",
                "indices": [
                    85,
                    108
                ]
            }
        ]
    },
    "metadata": {
        "iso_language_code": "en",
        "result_type": "recent"
    },
    "source": "<a href=\"http://twitter.com/download/android\" rel=\"nofollow\">Twitter for Android</a>",
    "in_reply_to_status_id": null,
    "in_reply_to_status_id_str": null,
    "in_reply_to_user_id": null,
    "in_reply_to_user_id_str": null,
    "in_reply_to_screen_name": null,
    "user": {
        "id": 1026802542,
        "id_str": "1026802542",
        "name": "Robert Getch",
        "screen_name": "StumpToEmerald",
        "location": "Seattle, WA",
        "description": "Ruining cities by trying to make them safer for everyone and occasionally advocating for housing (for all people) since 2010.",
        "url": null,
        "entities": {
            "description": {
                "urls": []
            }
        },
        "protected": false,
        "followers_count": 1133,
        "friends_count": 808,
        "listed_count": 53,
        "created_at": "Fri Dec 21 17:31:10 +0000 2012",
        "favourites_count": 10407,
        "utc_offset": null,
        "time_zone": null,
        "geo_enabled": true,
        "verified": false,
        "statuses_count": 23774,
        "lang": "en",
        "contributors_enabled": false,
        "is_translator": false,
        "is_translation_enabled": false,
        "profile_background_color": "C0DEED",
        "profile_background_image_url": "http://abs.twimg.com/images/themes/theme1/bg.png",
        "profile_background_image_url_https": "https://abs.twimg.com/images/themes/theme1/bg.png",
        "profile_background_tile": false,
        "profile_image_url": "http://pbs.twimg.com/profile_images/998420923416887297/Glux996R_normal.jpg",
        "profile_image_url_https": "https://pbs.twimg.com/profile_images/998420923416887297/Glux996R_normal.jpg",
        "profile_banner_url": "https://pbs.twimg.com/profile_banners/1026802542/1399791203",
        "profile_link_color": "51B300",
        "profile_sidebar_border_color": "C0DEED",
        "profile_sidebar_fill_color": "DDEEF6",
        "profile_text_color": "333333",
        "profile_use_background_image": true,
        "has_extended_profile": false,
        "default_profile": false,
        "default_profile_image": false,
        "following": null,
        "follow_request_sent": null,
        "notifications": null,
        "translator_type": "none"
    },
    "geo": null,
    "coordinates": null,
    "place": null,
    "contributors": null,
    "retweeted_status": {
        "created_at": "Wed Apr 17 02:06:53 +0000 2019",
        "id": 1118334986812383232,
        "id_str": "1118334986812383232",
        "text": "Uber\u2019s e-bikes had braking problems like Lyft, and riders were injured https://t.co/F1MvJVNnaT via @Verge",
        "truncated": false,
        "entities": {
            "hashtags": [],
            "symbols": [],
            "user_mentions": [
                {
                    "screen_name": "verge",
                    "name": "The Verge",
                    "id": 275686563,
                    "id_str": "275686563",
                    "indices": [
                        99,
                        105
                    ]
                }
            ],
            "urls": [
                {
                    "url": "https://t.co/F1MvJVNnaT",
                    "expanded_url": "https://www.theverge.com/2019/4/16/18410812/uber-jump-ebike-braking-malfunction-injuries?utm_campaign=theverge&utm_content=entry&utm_medium=social&utm_source=twitter",
                    "display_url": "theverge.com/2019/4/16/1841\u2026",
                    "indices": [
                        71,
                        94
                    ]
                }
            ]
        },
        "metadata": {
            "iso_language_code": "en",
            "result_type": "recent"
        },
        "source": "<a href=\"http://twitter.com\" rel=\"nofollow\">Twitter Web Client</a>",
        "in_reply_to_status_id": null,
        "in_reply_to_status_id_str": null,
        "in_reply_to_user_id": null,
        "in_reply_to_user_id_str": null,
        "in_reply_to_screen_name": null,
        "user": {
            "id": 277851432,
            "id_str": "277851432",
            "name": "Anthony LaMesa",
            "screen_name": "ajlamesa",
            "location": "",
            "description": "I tweet about things: urbanism, social policy, education, politics, etc. Dual U.S.-EU citizen @UVA, @TeachForAmerica, @LSESocialPolicy, @WorldBank",
            "url": null,
            "entities": {
                "description": {
                    "urls": []
                }
            },
            "protected": false,
            "followers_count": 1467,
            "friends_count": 3314,
            "listed_count": 83,
            "created_at": "Wed Apr 06 04:52:58 +0000 2011",
            "favourites_count": 43730,
            "utc_offset": null,
            "time_zone": null,
            "geo_enabled": false,
            "verified": false,
            "statuses_count": 15639,
            "lang": "en",
            "contributors_enabled": false,
            "is_translator": false,
            "is_translation_enabled": false,
            "profile_background_color": "C0DEED",
            "profile_background_image_url": "http://abs.twimg.com/images/themes/theme1/bg.png",
            "profile_background_image_url_https": "https://abs.twimg.com/images/themes/theme1/bg.png",
            "profile_background_tile": false,
            "profile_image_url": "http://pbs.twimg.com/profile_images/1039234213424365568/TVA460p-_normal.jpg",
            "profile_image_url_https": "https://pbs.twimg.com/profile_images/1039234213424365568/TVA460p-_normal.jpg",
            "profile_banner_url": "https://pbs.twimg.com/profile_banners/277851432/1512937344",
            "profile_link_color": "1DA1F2",
            "profile_sidebar_border_color": "C0DEED",
            "profile_sidebar_fill_color": "DDEEF6",
            "profile_text_color": "333333",
            "profile_use_background_image": true,
            "has_extended_profile": false,
            "default_profile": true,
            "default_profile_image": false,
            "following": null,
            "follow_request_sent": null,
            "notifications": null,
            "translator_type": "none"
        },
        "geo": null,
        "coordinates": null,
        "place": null,
        "contributors": null,
        "is_quote_status": false,
        "retweet_count": 3,
        "favorite_count": 2,
        "favorited": false,
        "retweeted": false,
        "possibly_sensitive": false,
        "lang": "en"
    },
    "is_quote_status": false,
    "retweet_count": 3,
    "favorite_count": 0,
    "favorited": false,
    "retweeted": false,
    "possibly_sensitive": false,
    "lang": "en"
}