{
    "created_at": "Wed Apr 17 02:49:04 +0000 2019",
    "id": 1118345603598159874,
    "id_str": "1118345603598159874",
    "text": "I wonder if anybody has ever ordered an uber to jump start their car. Would be pretty neat",
    "truncated": false,
    "entities": {
        "hashtags": [],
        "symbols": [],
        "user_mentions": [],
        "urls": []
    },
    "metadata": {
        "iso_language_code": "en",
        "result_type": "recent"
    },
    "source": "<a href=\"http://twitter.com/download/iphone\" rel=\"nofollow\">Twitter for iPhone</a>",
    "in_reply_to_status_id": null,
    "in_reply_to_status_id_str": null,
    "in_reply_to_user_id": null,
    "in_reply_to_user_id_str": null,
    "in_reply_to_screen_name": null,
    "user": {
        "id": 429568457,
        "id_str": "429568457",
        "name": "Michael wants pancakes",
        "screen_name": "Duffer00",
        "location": "Philadelphia, PA",
        "description": "Another straight white dude with opinions | Student | Aspiring Writer | Maybe | I\u2019m figuring it out",
        "url": null,
        "entities": {
            "description": {
                "urls": []
            }
        },
        "protected": false,
        "followers_count": 58,
        "friends_count": 388,
        "listed_count": 0,
        "created_at": "Tue Dec 06 03:50:21 +0000 2011",
        "favourites_count": 1747,
        "utc_offset": null,
        "time_zone": null,
        "geo_enabled": false,
        "verified": false,
        "statuses_count": 582,
        "lang": "en",
        "contributors_enabled": false,
        "is_translator": false,
        "is_translation_enabled": false,
        "profile_background_color": "C0DEED",
        "profile_background_image_url": "http://abs.twimg.com/images/themes/theme1/bg.png",
        "profile_background_image_url_https": "https://abs.twimg.com/images/themes/theme1/bg.png",
        "profile_background_tile": false,
        "profile_image_url": "http://pbs.twimg.com/profile_images/1079425953783271424/hBBbLYIu_normal.jpg",
        "profile_image_url_https": "https://pbs.twimg.com/profile_images/1079425953783271424/hBBbLYIu_normal.jpg",
        "profile_banner_url": "https://pbs.twimg.com/profile_banners/429568457/1552077503",
        "profile_link_color": "0084B4",
        "profile_sidebar_border_color": "FFFFFF",
        "profile_sidebar_fill_color": "DDEEF6",
        "profile_text_color": "333333",
        "profile_use_background_image": true,
        "has_extended_profile": false,
        "default_profile": false,
        "default_profile_image": false,
        "following": null,
        "follow_request_sent": null,
        "notifications": null,
        "translator_type": "none"
    },
    "geo": null,
    "coordinates": null,
    "place": null,
    "contributors": null,
    "is_quote_status": false,
    "retweet_count": 0,
    "favorite_count": 3,
    "favorited": false,
    "retweeted": false,
    "lang": "en"
}