{
    "created_at": "Tue Apr 16 16:36:14 +0000 2019",
    "id": 1118191380373942272,
    "id_str": "1118191380373942272",
    "text": "RT @WorldOfNumeric: \ud83d\udcd6 #ArticleNum\u00e9rique - #Uber #UberJump - \ud83e\uddd0 \"Uber lance ses v\u00e9los et trottinettes \u00e9lectriques Jump \u00e0 Paris\" \ud83d\ude80\n\n\ud83d\udde3 #Uber #J\u2026",
    "truncated": false,
    "entities": {
        "hashtags": [
            {
                "text": "ArticleNum\u00e9rique",
                "indices": [
                    22,
                    39
                ]
            },
            {
                "text": "Uber",
                "indices": [
                    42,
                    47
                ]
            },
            {
                "text": "UberJump",
                "indices": [
                    48,
                    57
                ]
            },
            {
                "text": "Uber",
                "indices": [
                    131,
                    136
                ]
            }
        ],
        "symbols": [],
        "user_mentions": [
            {
                "screen_name": "WorldOfNumeric",
                "name": "World Of Numeric",
                "id": 870986292045262848,
                "id_str": "870986292045262848",
                "indices": [
                    3,
                    18
                ]
            }
        ],
        "urls": []
    },
    "metadata": {
        "iso_language_code": "fr",
        "result_type": "recent"
    },
    "source": "<a href=\"http://twitter.com/download/android\" rel=\"nofollow\">Twitter for Android</a>",
    "in_reply_to_status_id": null,
    "in_reply_to_status_id_str": null,
    "in_reply_to_user_id": null,
    "in_reply_to_user_id_str": null,
    "in_reply_to_screen_name": null,
    "user": {
        "id": 1072230524574466049,
        "id_str": "1072230524574466049",
        "name": "Moussaid Moncef",
        "screen_name": "MoussaidMoncef",
        "location": "Paris, France",
        "description": "Chef de Projet  chez @Worldofnumeric",
        "url": null,
        "entities": {
            "description": {
                "urls": []
            }
        },
        "protected": false,
        "followers_count": 27,
        "friends_count": 51,
        "listed_count": 1,
        "created_at": "Mon Dec 10 20:44:12 +0000 2018",
        "favourites_count": 97,
        "utc_offset": null,
        "time_zone": null,
        "geo_enabled": false,
        "verified": false,
        "statuses_count": 46,
        "lang": "fr",
        "contributors_enabled": false,
        "is_translator": false,
        "is_translation_enabled": false,
        "profile_background_color": "F5F8FA",
        "profile_background_image_url": null,
        "profile_background_image_url_https": null,
        "profile_background_tile": false,
        "profile_image_url": "http://pbs.twimg.com/profile_images/1072236498110570497/LqVRgTES_normal.jpg",
        "profile_image_url_https": "https://pbs.twimg.com/profile_images/1072236498110570497/LqVRgTES_normal.jpg",
        "profile_banner_url": "https://pbs.twimg.com/profile_banners/1072230524574466049/1544476076",
        "profile_link_color": "1DA1F2",
        "profile_sidebar_border_color": "C0DEED",
        "profile_sidebar_fill_color": "DDEEF6",
        "profile_text_color": "333333",
        "profile_use_background_image": true,
        "has_extended_profile": false,
        "default_profile": true,
        "default_profile_image": false,
        "following": null,
        "follow_request_sent": null,
        "notifications": null,
        "translator_type": "none"
    },
    "geo": null,
    "coordinates": null,
    "place": null,
    "contributors": null,
    "retweeted_status": {
        "created_at": "Tue Apr 16 15:52:34 +0000 2019",
        "id": 1118180388797603840,
        "id_str": "1118180388797603840",
        "text": "\ud83d\udcd6 #ArticleNum\u00e9rique - #Uber #UberJump - \ud83e\uddd0 \"Uber lance ses v\u00e9los et trottinettes \u00e9lectriques Jump \u00e0 Paris\" \ud83d\ude80\n\n\ud83d\udde3\u2026 https://t.co/Owd3EOz0wD",
        "truncated": true,
        "entities": {
            "hashtags": [
                {
                    "text": "ArticleNum\u00e9rique",
                    "indices": [
                        2,
                        19
                    ]
                },
                {
                    "text": "Uber",
                    "indices": [
                        22,
                        27
                    ]
                },
                {
                    "text": "UberJump",
                    "indices": [
                        28,
                        37
                    ]
                }
            ],
            "symbols": [],
            "user_mentions": [],
            "urls": [
                {
                    "url": "https://t.co/Owd3EOz0wD",
                    "expanded_url": "https://twitter.com/i/web/status/1118180388797603840",
                    "display_url": "twitter.com/i/web/status/1\u2026",
                    "indices": [
                        112,
                        135
                    ]
                }
            ]
        },
        "metadata": {
            "iso_language_code": "fr",
            "result_type": "recent"
        },
        "source": "<a href=\"http://twitter.com\" rel=\"nofollow\">Twitter Web Client</a>",
        "in_reply_to_status_id": null,
        "in_reply_to_status_id_str": null,
        "in_reply_to_user_id": null,
        "in_reply_to_user_id_str": null,
        "in_reply_to_screen_name": null,
        "user": {
            "id": 870986292045262848,
            "id_str": "870986292045262848",
            "name": "World Of Numeric",
            "screen_name": "WorldOfNumeric",
            "location": "",
            "description": "Conseil num\u00e9rique #TransfoNum #ExpertComptable #Audit #Marketing #SI #RGPD #CyberSecurit\u00e9 #Blockchain  #Data #Crowdfunding #Strat\u00e9gie #IA #Tech @SanaaMoussaid",
            "url": "https://t.co/YmfH2Cna5g",
            "entities": {
                "url": {
                    "urls": [
                        {
                            "url": "https://t.co/YmfH2Cna5g",
                            "expanded_url": "http://www.worldofnumeric.fr",
                            "display_url": "worldofnumeric.fr",
                            "indices": [
                                0,
                                23
                            ]
                        }
                    ]
                },
                "description": {
                    "urls": []
                }
            },
            "protected": false,
            "followers_count": 310,
            "friends_count": 410,
            "listed_count": 6,
            "created_at": "Sat Jun 03 12:51:28 +0000 2017",
            "favourites_count": 62,
            "utc_offset": null,
            "time_zone": null,
            "geo_enabled": false,
            "verified": false,
            "statuses_count": 502,
            "lang": "fr",
            "contributors_enabled": false,
            "is_translator": false,
            "is_translation_enabled": false,
            "profile_background_color": "F5F8FA",
            "profile_background_image_url": null,
            "profile_background_image_url_https": null,
            "profile_background_tile": false,
            "profile_image_url": "http://pbs.twimg.com/profile_images/1095600812796055552/zpRHLGwp_normal.png",
            "profile_image_url_https": "https://pbs.twimg.com/profile_images/1095600812796055552/zpRHLGwp_normal.png",
            "profile_banner_url": "https://pbs.twimg.com/profile_banners/870986292045262848/1553591822",
            "profile_link_color": "1DA1F2",
            "profile_sidebar_border_color": "C0DEED",
            "profile_sidebar_fill_color": "DDEEF6",
            "profile_text_color": "333333",
            "profile_use_background_image": true,
            "has_extended_profile": false,
            "default_profile": true,
            "default_profile_image": false,
            "following": null,
            "follow_request_sent": null,
            "notifications": null,
            "translator_type": "none"
        },
        "geo": null,
        "coordinates": null,
        "place": null,
        "contributors": null,
        "is_quote_status": false,
        "retweet_count": 1,
        "favorite_count": 1,
        "favorited": false,
        "retweeted": false,
        "possibly_sensitive": false,
        "lang": "fr"
    },
    "is_quote_status": false,
    "retweet_count": 1,
    "favorite_count": 0,
    "favorited": false,
    "retweeted": false,
    "lang": "fr"
}