{
    "created_at": "Tue Apr 16 19:09:38 +0000 2019",
    "id": 1118229984542199808,
    "id_str": "1118229984542199808",
    "text": "Uber is starting to test using  contractors for JUMP scooter charging and deployment.\n\nWhat do you call an Uber sco\u2026 https://t.co/5TOB9Py72y",
    "truncated": true,
    "entities": {
        "hashtags": [],
        "symbols": [],
        "user_mentions": [],
        "urls": [
            {
                "url": "https://t.co/5TOB9Py72y",
                "expanded_url": "https://twitter.com/i/web/status/1118229984542199808",
                "display_url": "twitter.com/i/web/status/1\u2026",
                "indices": [
                    117,
                    140
                ]
            }
        ]
    },
    "metadata": {
        "iso_language_code": "en",
        "result_type": "recent"
    },
    "source": "<a href=\"http://twitter.com/download/iphone\" rel=\"nofollow\">Twitter for iPhone</a>",
    "in_reply_to_status_id": null,
    "in_reply_to_status_id_str": null,
    "in_reply_to_user_id": null,
    "in_reply_to_user_id_str": null,
    "in_reply_to_screen_name": null,
    "user": {
        "id": 14327996,
        "id_str": "14327996",
        "name": "michal Naka\u26a1\ufe0f",
        "screen_name": "michalnaka",
        "location": "Portland, OR",
        "description": "building @ridereport",
        "url": "https://t.co/Qn8b5fe2Am",
        "entities": {
            "url": {
                "urls": [
                    {
                        "url": "https://t.co/Qn8b5fe2Am",
                        "expanded_url": "https://movements.substack.com/",
                        "display_url": "movements.substack.com",
                        "indices": [
                            0,
                            23
                        ]
                    }
                ]
            },
            "description": {
                "urls": []
            }
        },
        "protected": false,
        "followers_count": 3362,
        "friends_count": 425,
        "listed_count": 127,
        "created_at": "Mon Apr 07 23:38:12 +0000 2008",
        "favourites_count": 23482,
        "utc_offset": null,
        "time_zone": null,
        "geo_enabled": true,
        "verified": false,
        "statuses_count": 2284,
        "lang": "en",
        "contributors_enabled": false,
        "is_translator": false,
        "is_translation_enabled": false,
        "profile_background_color": "1A1B1F",
        "profile_background_image_url": "http://abs.twimg.com/images/themes/theme9/bg.gif",
        "profile_background_image_url_https": "https://abs.twimg.com/images/themes/theme9/bg.gif",
        "profile_background_tile": true,
        "profile_image_url": "http://pbs.twimg.com/profile_images/1107118262523854854/DUrf6U-N_normal.jpg",
        "profile_image_url_https": "https://pbs.twimg.com/profile_images/1107118262523854854/DUrf6U-N_normal.jpg",
        "profile_banner_url": "https://pbs.twimg.com/profile_banners/14327996/1455687258",
        "profile_link_color": "1B95E0",
        "profile_sidebar_border_color": "181A1E",
        "profile_sidebar_fill_color": "252429",
        "profile_text_color": "666666",
        "profile_use_background_image": true,
        "has_extended_profile": true,
        "default_profile": false,
        "default_profile_image": false,
        "following": null,
        "follow_request_sent": null,
        "notifications": null,
        "translator_type": "none"
    },
    "geo": null,
    "coordinates": null,
    "place": null,
    "contributors": null,
    "is_quote_status": false,
    "retweet_count": 7,
    "favorite_count": 48,
    "favorited": false,
    "retweeted": false,
    "possibly_sensitive": false,
    "lang": "en"
}