{
    "created_at": "Thu Apr 18 19:01:10 +0000 2019",
    "id": 1118952629680390145,
    "id_str": "1118952629680390145",
    "text": "@marty_walsh Mayor, when are we going to jump on green mobility options and allow scooters back into the city?!\u2026 https://t.co/UkNmTjPMv4",
    "truncated": true,
    "entities": {
        "hashtags": [],
        "symbols": [],
        "user_mentions": [
            {
                "screen_name": "marty_walsh",
                "name": "Mayor Marty Walsh",
                "id": 77764733,
                "id_str": "77764733",
                "indices": [
                    0,
                    12
                ]
            }
        ],
        "urls": [
            {
                "url": "https://t.co/UkNmTjPMv4",
                "expanded_url": "https://twitter.com/i/web/status/1118952629680390145",
                "display_url": "twitter.com/i/web/status/1\u2026",
                "indices": [
                    113,
                    136
                ]
            }
        ]
    },
    "metadata": {
        "iso_language_code": "en",
        "result_type": "recent"
    },
    "source": "<a href=\"http://twitter.com/download/iphone\" rel=\"nofollow\">Twitter for iPhone</a>",
    "in_reply_to_status_id": null,
    "in_reply_to_status_id_str": null,
    "in_reply_to_user_id": 77764733,
    "in_reply_to_user_id_str": "77764733",
    "in_reply_to_screen_name": "marty_walsh",
    "user": {
        "id": 317778962,
        "id_str": "317778962",
        "name": "Conor",
        "screen_name": "FoleyConor",
        "location": "Boston, MA",
        "description": "",
        "url": null,
        "entities": {
            "description": {
                "urls": []
            }
        },
        "protected": false,
        "followers_count": 109,
        "friends_count": 622,
        "listed_count": 3,
        "created_at": "Wed Jun 15 13:25:39 +0000 2011",
        "favourites_count": 339,
        "utc_offset": null,
        "time_zone": null,
        "geo_enabled": true,
        "verified": false,
        "statuses_count": 489,
        "lang": "en",
        "contributors_enabled": false,
        "is_translator": false,
        "is_translation_enabled": false,
        "profile_background_color": "C0DEED",
        "profile_background_image_url": "http://abs.twimg.com/images/themes/theme1/bg.png",
        "profile_background_image_url_https": "https://abs.twimg.com/images/themes/theme1/bg.png",
        "profile_background_tile": false,
        "profile_image_url": "http://pbs.twimg.com/profile_images/1078860197874028544/Ja_5YmlR_normal.jpg",
        "profile_image_url_https": "https://pbs.twimg.com/profile_images/1078860197874028544/Ja_5YmlR_normal.jpg",
        "profile_banner_url": "https://pbs.twimg.com/profile_banners/317778962/1478784878",
        "profile_link_color": "1DA1F2",
        "profile_sidebar_border_color": "C0DEED",
        "profile_sidebar_fill_color": "DDEEF6",
        "profile_text_color": "333333",
        "profile_use_background_image": true,
        "has_extended_profile": false,
        "default_profile": true,
        "default_profile_image": false,
        "following": null,
        "follow_request_sent": null,
        "notifications": null,
        "translator_type": "none"
    },
    "geo": null,
    "coordinates": null,
    "place": null,
    "contributors": null,
    "is_quote_status": false,
    "retweet_count": 0,
    "favorite_count": 0,
    "favorited": false,
    "retweeted": false,
    "lang": "en"
}