{
    "created_at": "Wed Apr 17 01:00:02 +0000 2019",
    "id": 1118318162955706368,
    "id_str": "1118318162955706368",
    "text": "Should cities pump the brakes on Uber and Lyft e-bikes, amid multiple reports of injuries? | @verge @andyjayhawk https://t.co/5wA0hmnnFC",
    "truncated": false,
    "entities": {
        "hashtags": [],
        "symbols": [],
        "user_mentions": [
            {
                "screen_name": "verge",
                "name": "The Verge",
                "id": 275686563,
                "id_str": "275686563",
                "indices": [
                    93,
                    99
                ]
            },
            {
                "screen_name": "andyjayhawk",
                "name": "Andrew J. Hawkins \ud83d\ude82\ud83d\ude87\ud83d\ude80",
                "id": 21209333,
                "id_str": "21209333",
                "indices": [
                    100,
                    112
                ]
            }
        ],
        "urls": [
            {
                "url": "https://t.co/5wA0hmnnFC",
                "expanded_url": "https://www.theverge.com/2019/4/16/18410812/uber-jump-ebike-braking-malfunction-injuries",
                "display_url": "theverge.com/2019/4/16/1841\u2026",
                "indices": [
                    113,
                    136
                ]
            }
        ]
    },
    "metadata": {
        "iso_language_code": "en",
        "result_type": "recent"
    },
    "source": "<a href=\"http://twitter.com/download/iphone\" rel=\"nofollow\">Twitter for iPhone</a>",
    "in_reply_to_status_id": null,
    "in_reply_to_status_id_str": null,
    "in_reply_to_user_id": null,
    "in_reply_to_user_id_str": null,
    "in_reply_to_screen_name": null,
    "user": {
        "id": 4848022139,
        "id_str": "4848022139",
        "name": "LegalRideshare\u00ae",
        "screen_name": "LegalRideshare",
        "location": "Chicago, IL",
        "description": "The only law firm entirely dedicated to #Uber, #Lyft, #scooter and #bikeshare accident/injury claims \u2022 Open DM \u2022 help@LegalRideshare.com",
        "url": "https://t.co/76WVZ5fT5p",
        "entities": {
            "url": {
                "urls": [
                    {
                        "url": "https://t.co/76WVZ5fT5p",
                        "expanded_url": "http://LegalRideshare.com",
                        "display_url": "LegalRideshare.com",
                        "indices": [
                            0,
                            23
                        ]
                    }
                ]
            },
            "description": {
                "urls": []
            }
        },
        "protected": false,
        "followers_count": 5229,
        "friends_count": 1815,
        "listed_count": 37,
        "created_at": "Tue Jan 26 03:24:02 +0000 2016",
        "favourites_count": 1809,
        "utc_offset": null,
        "time_zone": null,
        "geo_enabled": true,
        "verified": false,
        "statuses_count": 5464,
        "lang": "en",
        "contributors_enabled": false,
        "is_translator": false,
        "is_translation_enabled": false,
        "profile_background_color": "3B94D9",
        "profile_background_image_url": "http://abs.twimg.com/images/themes/theme1/bg.png",
        "profile_background_image_url_https": "https://abs.twimg.com/images/themes/theme1/bg.png",
        "profile_background_tile": true,
        "profile_image_url": "http://pbs.twimg.com/profile_images/1004006674917679104/B2a_Zkav_normal.jpg",
        "profile_image_url_https": "https://pbs.twimg.com/profile_images/1004006674917679104/B2a_Zkav_normal.jpg",
        "profile_banner_url": "https://pbs.twimg.com/profile_banners/4848022139/1528313508",
        "profile_link_color": "3B94D9",
        "profile_sidebar_border_color": "000000",
        "profile_sidebar_fill_color": "000000",
        "profile_text_color": "000000",
        "profile_use_background_image": true,
        "has_extended_profile": false,
        "default_profile": false,
        "default_profile_image": false,
        "following": null,
        "follow_request_sent": null,
        "notifications": null,
        "translator_type": "none"
    },
    "geo": null,
    "coordinates": null,
    "place": null,
    "contributors": null,
    "is_quote_status": false,
    "retweet_count": 1,
    "favorite_count": 1,
    "favorited": false,
    "retweeted": false,
    "possibly_sensitive": false,
    "lang": "en"
}