{
    "created_at": "Wed Apr 17 22:11:35 +0000 2019",
    "id": 1118638162731884544,
    "id_str": "1118638162731884544",
    "text": "The Uber/Jump gen 1 ebikes also use the same Shimano brake as the Lyft ebikes. Via the @washingtonpost, Uber acknow\u2026 https://t.co/ejd62BKUVh",
    "truncated": true,
    "entities": {
        "hashtags": [],
        "symbols": [],
        "user_mentions": [
            {
                "screen_name": "washingtonpost",
                "name": "The Washington Post",
                "id": 2467791,
                "id_str": "2467791",
                "indices": [
                    87,
                    102
                ]
            }
        ],
        "urls": [
            {
                "url": "https://t.co/ejd62BKUVh",
                "expanded_url": "https://twitter.com/i/web/status/1118638162731884544",
                "display_url": "twitter.com/i/web/status/1\u2026",
                "indices": [
                    117,
                    140
                ]
            }
        ]
    },
    "metadata": {
        "iso_language_code": "en",
        "result_type": "recent"
    },
    "source": "<a href=\"http://twitter.com\" rel=\"nofollow\">Twitter Web Client</a>",
    "in_reply_to_status_id": 1118638161960157184,
    "in_reply_to_status_id_str": "1118638161960157184",
    "in_reply_to_user_id": 16989200,
    "in_reply_to_user_id_str": "16989200",
    "in_reply_to_screen_name": "sheeter",
    "user": {
        "id": 16989200,
        "id_str": "16989200",
        "name": "Daniel Sheeter",
        "screen_name": "sheeter",
        "location": "San Francisco, CA",
        "description": "Streets, rails and trails / City of San Francisco transportation planner / District 10 resident / Views are mine",
        "url": "https://t.co/DcJ3DH7AYJ",
        "entities": {
            "url": {
                "urls": [
                    {
                        "url": "https://t.co/DcJ3DH7AYJ",
                        "expanded_url": "http://daniel.sheeter.me",
                        "display_url": "daniel.sheeter.me",
                        "indices": [
                            0,
                            23
                        ]
                    }
                ]
            },
            "description": {
                "urls": []
            }
        },
        "protected": false,
        "followers_count": 290,
        "friends_count": 435,
        "listed_count": 16,
        "created_at": "Mon Oct 27 00:39:22 +0000 2008",
        "favourites_count": 224,
        "utc_offset": null,
        "time_zone": null,
        "geo_enabled": true,
        "verified": false,
        "statuses_count": 1991,
        "lang": "en",
        "contributors_enabled": false,
        "is_translator": false,
        "is_translation_enabled": false,
        "profile_background_color": "000000",
        "profile_background_image_url": "http://abs.twimg.com/images/themes/theme5/bg.gif",
        "profile_background_image_url_https": "https://abs.twimg.com/images/themes/theme5/bg.gif",
        "profile_background_tile": false,
        "profile_image_url": "http://pbs.twimg.com/profile_images/378800000324117582/c81d896e5eed163ea48b74140dd28749_normal.jpeg",
        "profile_image_url_https": "https://pbs.twimg.com/profile_images/378800000324117582/c81d896e5eed163ea48b74140dd28749_normal.jpeg",
        "profile_link_color": "1B95E0",
        "profile_sidebar_border_color": "829D5E",
        "profile_sidebar_fill_color": "99CC33",
        "profile_text_color": "3E4415",
        "profile_use_background_image": true,
        "has_extended_profile": false,
        "default_profile": false,
        "default_profile_image": false,
        "following": null,
        "follow_request_sent": null,
        "notifications": null,
        "translator_type": "none"
    },
    "geo": null,
    "coordinates": null,
    "place": null,
    "contributors": null,
    "is_quote_status": false,
    "retweet_count": 0,
    "favorite_count": 1,
    "favorited": false,
    "retweeted": false,
    "lang": "en"
}