{
    "created_at": "Tue Apr 16 22:12:37 +0000 2019",
    "id": 1118276034636451841,
    "id_str": "1118276034636451841",
    "text": "Member of public brings ride sharing concerns he adds, there\u2019s More thought that needs to go into it. Says police a\u2026 https://t.co/YlRtVzeGMw",
    "truncated": true,
    "entities": {
        "hashtags": [],
        "symbols": [],
        "user_mentions": [],
        "urls": [
            {
                "url": "https://t.co/YlRtVzeGMw",
                "expanded_url": "https://twitter.com/i/web/status/1118276034636451841",
                "display_url": "twitter.com/i/web/status/1\u2026",
                "indices": [
                    117,
                    140
                ]
            }
        ]
    },
    "metadata": {
        "iso_language_code": "en",
        "result_type": "recent"
    },
    "source": "<a href=\"http://twitter.com/download/iphone\" rel=\"nofollow\">Twitter for iPhone</a>",
    "in_reply_to_status_id": null,
    "in_reply_to_status_id_str": null,
    "in_reply_to_user_id": null,
    "in_reply_to_user_id_str": null,
    "in_reply_to_screen_name": null,
    "user": {
        "id": 3236435570,
        "id_str": "3236435570",
        "name": "Paul Rivera",
        "screen_name": "PaulRiveraNews",
        "location": "Columbia, SC",
        "description": "@WIS10 anchor/reporter, Formerly @KLTV7 @oursoutheastern grad. Musician,  \u269c\ufe0f fan. Fb: Paul Rivera WISTV, Instagram: paultherivera",
        "url": "https://t.co/wqPMpNtjAj",
        "entities": {
            "url": {
                "urls": [
                    {
                        "url": "https://t.co/wqPMpNtjAj",
                        "expanded_url": "https://www.wistv.com",
                        "display_url": "wistv.com",
                        "indices": [
                            0,
                            23
                        ]
                    }
                ]
            },
            "description": {
                "urls": []
            }
        },
        "protected": false,
        "followers_count": 956,
        "friends_count": 514,
        "listed_count": 19,
        "created_at": "Thu Jun 04 22:42:48 +0000 2015",
        "favourites_count": 3388,
        "utc_offset": null,
        "time_zone": null,
        "geo_enabled": true,
        "verified": true,
        "statuses_count": 4740,
        "lang": "en",
        "contributors_enabled": false,
        "is_translator": false,
        "is_translation_enabled": false,
        "profile_background_color": "C0DEED",
        "profile_background_image_url": "http://abs.twimg.com/images/themes/theme1/bg.png",
        "profile_background_image_url_https": "https://abs.twimg.com/images/themes/theme1/bg.png",
        "profile_background_tile": false,
        "profile_image_url": "http://pbs.twimg.com/profile_images/1018116180169641984/xQynsPJM_normal.jpg",
        "profile_image_url_https": "https://pbs.twimg.com/profile_images/1018116180169641984/xQynsPJM_normal.jpg",
        "profile_banner_url": "https://pbs.twimg.com/profile_banners/3236435570/1537931229",
        "profile_link_color": "1DA1F2",
        "profile_sidebar_border_color": "C0DEED",
        "profile_sidebar_fill_color": "DDEEF6",
        "profile_text_color": "333333",
        "profile_use_background_image": true,
        "has_extended_profile": true,
        "default_profile": true,
        "default_profile_image": false,
        "following": null,
        "follow_request_sent": null,
        "notifications": null,
        "translator_type": "none"
    },
    "geo": null,
    "coordinates": null,
    "place": null,
    "contributors": null,
    "is_quote_status": false,
    "retweet_count": 2,
    "favorite_count": 1,
    "favorited": false,
    "retweeted": false,
    "possibly_sensitive": false,
    "lang": "en"
}