{
    "created_at": "Tue Apr 16 22:34:16 +0000 2019",
    "id": 1118281479610667008,
    "id_str": "1118281479610667008",
    "text": "Uber says it recently modified some of its JUMP electric bikes after finding a braking problem like the one that pr\u2026 https://t.co/BmCDa1Vm8H",
    "truncated": true,
    "entities": {
        "hashtags": [],
        "symbols": [],
        "user_mentions": [],
        "urls": [
            {
                "url": "https://t.co/BmCDa1Vm8H",
                "expanded_url": "https://twitter.com/i/web/status/1118281479610667008",
                "display_url": "twitter.com/i/web/status/1\u2026",
                "indices": [
                    117,
                    140
                ]
            }
        ]
    },
    "metadata": {
        "iso_language_code": "en",
        "result_type": "recent"
    },
    "source": "<a href=\"https://ifttt.com\" rel=\"nofollow\">IFTTT</a>",
    "in_reply_to_status_id": null,
    "in_reply_to_status_id_str": null,
    "in_reply_to_user_id": null,
    "in_reply_to_user_id_str": null,
    "in_reply_to_screen_name": null,
    "user": {
        "id": 720930434343952384,
        "id_str": "720930434343952384",
        "name": "Spacedad Academy",
        "screen_name": "SpacedadUNI",
        "location": "Norway",
        "description": "We're the academy for all professional media-based enterprises. Models, Actors, Producers, Performers, Videographers etc.",
        "url": "https://t.co/CTN5nKLPOm",
        "entities": {
            "url": {
                "urls": [
                    {
                        "url": "https://t.co/CTN5nKLPOm",
                        "expanded_url": "http://www.slemfisk.eu",
                        "display_url": "slemfisk.eu",
                        "indices": [
                            0,
                            23
                        ]
                    }
                ]
            },
            "description": {
                "urls": []
            }
        },
        "protected": false,
        "followers_count": 3001,
        "friends_count": 171,
        "listed_count": 198,
        "created_at": "Fri Apr 15 11:03:04 +0000 2016",
        "favourites_count": 213,
        "utc_offset": null,
        "time_zone": null,
        "geo_enabled": true,
        "verified": false,
        "statuses_count": 168514,
        "lang": "en",
        "contributors_enabled": false,
        "is_translator": false,
        "is_translation_enabled": false,
        "profile_background_color": "000000",
        "profile_background_image_url": "http://abs.twimg.com/images/themes/theme1/bg.png",
        "profile_background_image_url_https": "https://abs.twimg.com/images/themes/theme1/bg.png",
        "profile_background_tile": false,
        "profile_image_url": "http://pbs.twimg.com/profile_images/730000689477210112/SciL5jEP_normal.jpg",
        "profile_image_url_https": "https://pbs.twimg.com/profile_images/730000689477210112/SciL5jEP_normal.jpg",
        "profile_banner_url": "https://pbs.twimg.com/profile_banners/720930434343952384/1469854697",
        "profile_link_color": "ABB8C2",
        "profile_sidebar_border_color": "000000",
        "profile_sidebar_fill_color": "000000",
        "profile_text_color": "000000",
        "profile_use_background_image": false,
        "has_extended_profile": true,
        "default_profile": false,
        "default_profile_image": false,
        "following": null,
        "follow_request_sent": null,
        "notifications": null,
        "translator_type": "none"
    },
    "geo": null,
    "coordinates": null,
    "place": null,
    "contributors": null,
    "is_quote_status": false,
    "retweet_count": 0,
    "favorite_count": 0,
    "favorited": false,
    "retweeted": false,
    "possibly_sensitive": false,
    "lang": "en"
}