{
    "created_at": "Tue Apr 16 07:21:47 +0000 2019",
    "id": 1118051846944432134,
    "id_str": "1118051846944432134",
    "text": "@GMA @VictorOquendo Why would she think the car was her Uber? Did he have the exact same model car as her actual Ub\u2026 https://t.co/PTPRHldlo2",
    "truncated": true,
    "entities": {
        "hashtags": [],
        "symbols": [],
        "user_mentions": [
            {
                "screen_name": "GMA",
                "name": "Good Morning America",
                "id": 22650211,
                "id_str": "22650211",
                "indices": [
                    0,
                    4
                ]
            },
            {
                "screen_name": "VictorOquendo",
                "name": "Victor Oquendo",
                "id": 31599456,
                "id_str": "31599456",
                "indices": [
                    5,
                    19
                ]
            }
        ],
        "urls": [
            {
                "url": "https://t.co/PTPRHldlo2",
                "expanded_url": "https://twitter.com/i/web/status/1118051846944432134",
                "display_url": "twitter.com/i/web/status/1\u2026",
                "indices": [
                    117,
                    140
                ]
            }
        ]
    },
    "metadata": {
        "iso_language_code": "en",
        "result_type": "recent"
    },
    "source": "<a href=\"http://twitter.com\" rel=\"nofollow\">Twitter Web Client</a>",
    "in_reply_to_status_id": 1113037344242774026,
    "in_reply_to_status_id_str": "1113037344242774026",
    "in_reply_to_user_id": 22650211,
    "in_reply_to_user_id_str": "22650211",
    "in_reply_to_screen_name": "GMA",
    "user": {
        "id": 970461709336023046,
        "id_str": "970461709336023046",
        "name": "Mike Armentrout",
        "screen_name": "marmentrout85",
        "location": "",
        "description": "",
        "url": null,
        "entities": {
            "description": {
                "urls": []
            }
        },
        "protected": false,
        "followers_count": 20,
        "friends_count": 392,
        "listed_count": 0,
        "created_at": "Mon Mar 05 00:51:16 +0000 2018",
        "favourites_count": 124,
        "utc_offset": null,
        "time_zone": null,
        "geo_enabled": false,
        "verified": false,
        "statuses_count": 97,
        "lang": "en",
        "contributors_enabled": false,
        "is_translator": false,
        "is_translation_enabled": false,
        "profile_background_color": "F5F8FA",
        "profile_background_image_url": null,
        "profile_background_image_url_https": null,
        "profile_background_tile": false,
        "profile_image_url": "http://pbs.twimg.com/profile_images/1092955917073637377/3HP-9ZvE_normal.jpg",
        "profile_image_url_https": "https://pbs.twimg.com/profile_images/1092955917073637377/3HP-9ZvE_normal.jpg",
        "profile_link_color": "1DA1F2",
        "profile_sidebar_border_color": "C0DEED",
        "profile_sidebar_fill_color": "DDEEF6",
        "profile_text_color": "333333",
        "profile_use_background_image": true,
        "has_extended_profile": false,
        "default_profile": true,
        "default_profile_image": false,
        "following": null,
        "follow_request_sent": null,
        "notifications": null,
        "translator_type": "none"
    },
    "geo": null,
    "coordinates": null,
    "place": null,
    "contributors": null,
    "is_quote_status": false,
    "retweet_count": 0,
    "favorite_count": 0,
    "favorited": false,
    "retweeted": false,
    "lang": "en"
}