{
    "created_at": "Wed Apr 17 15:24:24 +0000 2019",
    "id": 1118535691749560321,
    "id_str": "1118535691749560321",
    "text": "Interesting thread on scooter charging and #uber #jump relationship\nThanks @michalnaka for sharing https://t.co/pesbYTFdx4",
    "truncated": false,
    "entities": {
        "hashtags": [
            {
                "text": "uber",
                "indices": [
                    43,
                    48
                ]
            },
            {
                "text": "jump",
                "indices": [
                    49,
                    54
                ]
            }
        ],
        "symbols": [],
        "user_mentions": [
            {
                "screen_name": "michalnaka",
                "name": "michal Naka\u26a1\ufe0f",
                "id": 14327996,
                "id_str": "14327996",
                "indices": [
                    75,
                    86
                ]
            }
        ],
        "urls": [
            {
                "url": "https://t.co/pesbYTFdx4",
                "expanded_url": "https://twitter.com/michalnaka/status/1118229984542199808",
                "display_url": "twitter.com/michalnaka/sta\u2026",
                "indices": [
                    99,
                    122
                ]
            }
        ]
    },
    "metadata": {
        "iso_language_code": "en",
        "result_type": "recent"
    },
    "source": "<a href=\"http://twitter.com/download/android\" rel=\"nofollow\">Twitter for Android</a>",
    "in_reply_to_status_id": null,
    "in_reply_to_status_id_str": null,
    "in_reply_to_user_id": null,
    "in_reply_to_user_id_str": null,
    "in_reply_to_screen_name": null,
    "user": {
        "id": 98319700,
        "id_str": "98319700",
        "name": "Sandra Phillips",
        "screen_name": "SPhillipsLuethi",
        "location": "YVR, ZHR, SEA, DBX, HNL",
        "description": "Founder @shared_mobility | Women of Influence 2018 Nominee | NextVisionary2017 TED/BMWi | Advisor @ecomobix @velometro @reveltransit | #mobility #carsharing",
        "url": "https://t.co/IiSFmKcDD1",
        "entities": {
            "url": {
                "urls": [
                    {
                        "url": "https://t.co/IiSFmKcDD1",
                        "expanded_url": "http://movmi.net",
                        "display_url": "movmi.net",
                        "indices": [
                            0,
                            23
                        ]
                    }
                ]
            },
            "description": {
                "urls": []
            }
        },
        "protected": false,
        "followers_count": 2615,
        "friends_count": 3062,
        "listed_count": 88,
        "created_at": "Mon Dec 21 07:48:56 +0000 2009",
        "favourites_count": 1089,
        "utc_offset": null,
        "time_zone": null,
        "geo_enabled": true,
        "verified": false,
        "statuses_count": 2236,
        "lang": "en",
        "contributors_enabled": false,
        "is_translator": false,
        "is_translation_enabled": false,
        "profile_background_color": "E9F5F3",
        "profile_background_image_url": "http://abs.twimg.com/images/themes/theme1/bg.png",
        "profile_background_image_url_https": "https://abs.twimg.com/images/themes/theme1/bg.png",
        "profile_background_tile": false,
        "profile_image_url": "http://pbs.twimg.com/profile_images/1013609531639717888/Z8j-Wsvj_normal.jpg",
        "profile_image_url_https": "https://pbs.twimg.com/profile_images/1013609531639717888/Z8j-Wsvj_normal.jpg",
        "profile_banner_url": "https://pbs.twimg.com/profile_banners/98319700/1528764260",
        "profile_link_color": "000000",
        "profile_sidebar_border_color": "EEEEEE",
        "profile_sidebar_fill_color": "F6F6F6",
        "profile_text_color": "333333",
        "profile_use_background_image": true,
        "has_extended_profile": false,
        "default_profile": false,
        "default_profile_image": false,
        "following": null,
        "follow_request_sent": null,
        "notifications": null,
        "translator_type": "none"
    },
    "geo": null,
    "coordinates": null,
    "place": null,
    "contributors": null,
    "is_quote_status": true,
    "quoted_status_id": 1118229984542199808,
    "quoted_status_id_str": "1118229984542199808",
    "quoted_status": {
        "created_at": "Tue Apr 16 19:09:38 +0000 2019",
        "id": 1118229984542199808,
        "id_str": "1118229984542199808",
        "text": "Uber is starting to test using  contractors for JUMP scooter charging and deployment.\n\nWhat do you call an Uber sco\u2026 https://t.co/5TOB9Py72y",
        "truncated": true,
        "entities": {
            "hashtags": [],
            "symbols": [],
            "user_mentions": [],
            "urls": [
                {
                    "url": "https://t.co/5TOB9Py72y",
                    "expanded_url": "https://twitter.com/i/web/status/1118229984542199808",
                    "display_url": "twitter.com/i/web/status/1\u2026",
                    "indices": [
                        117,
                        140
                    ]
                }
            ]
        },
        "metadata": {
            "iso_language_code": "en",
            "result_type": "recent"
        },
        "source": "<a href=\"http://twitter.com/download/iphone\" rel=\"nofollow\">Twitter for iPhone</a>",
        "in_reply_to_status_id": null,
        "in_reply_to_status_id_str": null,
        "in_reply_to_user_id": null,
        "in_reply_to_user_id_str": null,
        "in_reply_to_screen_name": null,
        "user": {
            "id": 14327996,
            "id_str": "14327996",
            "name": "michal Naka\u26a1\ufe0f",
            "screen_name": "michalnaka",
            "location": "Portland, OR",
            "description": "building @ridereport",
            "url": "https://t.co/Qn8b5fe2Am",
            "entities": {
                "url": {
                    "urls": [
                        {
                            "url": "https://t.co/Qn8b5fe2Am",
                            "expanded_url": "https://movements.substack.com/",
                            "display_url": "movements.substack.com",
                            "indices": [
                                0,
                                23
                            ]
                        }
                    ]
                },
                "description": {
                    "urls": []
                }
            },
            "protected": false,
            "followers_count": 3362,
            "friends_count": 425,
            "listed_count": 127,
            "created_at": "Mon Apr 07 23:38:12 +0000 2008",
            "favourites_count": 23482,
            "utc_offset": null,
            "time_zone": null,
            "geo_enabled": true,
            "verified": false,
            "statuses_count": 2284,
            "lang": "en",
            "contributors_enabled": false,
            "is_translator": false,
            "is_translation_enabled": false,
            "profile_background_color": "1A1B1F",
            "profile_background_image_url": "http://abs.twimg.com/images/themes/theme9/bg.gif",
            "profile_background_image_url_https": "https://abs.twimg.com/images/themes/theme9/bg.gif",
            "profile_background_tile": true,
            "profile_image_url": "http://pbs.twimg.com/profile_images/1107118262523854854/DUrf6U-N_normal.jpg",
            "profile_image_url_https": "https://pbs.twimg.com/profile_images/1107118262523854854/DUrf6U-N_normal.jpg",
            "profile_banner_url": "https://pbs.twimg.com/profile_banners/14327996/1455687258",
            "profile_link_color": "1B95E0",
            "profile_sidebar_border_color": "181A1E",
            "profile_sidebar_fill_color": "252429",
            "profile_text_color": "666666",
            "profile_use_background_image": true,
            "has_extended_profile": true,
            "default_profile": false,
            "default_profile_image": false,
            "following": null,
            "follow_request_sent": null,
            "notifications": null,
            "translator_type": "none"
        },
        "geo": null,
        "coordinates": null,
        "place": null,
        "contributors": null,
        "is_quote_status": false,
        "retweet_count": 7,
        "favorite_count": 48,
        "favorited": false,
        "retweeted": false,
        "possibly_sensitive": false,
        "lang": "en"
    },
    "retweet_count": 0,
    "favorite_count": 1,
    "favorited": false,
    "retweeted": false,
    "possibly_sensitive": false,
    "lang": "en"
}