{
    "created_at": "Tue Apr 16 21:32:32 +0000 2019",
    "id": 1118265945200271360,
    "id_str": "1118265945200271360",
    "text": "Uber says it fixed its e-bikes with similar brake problems as Lyft, but some riders were still injured https://t.co/x7OGv3MTdm",
    "truncated": false,
    "entities": {
        "hashtags": [],
        "symbols": [],
        "user_mentions": [],
        "urls": [
            {
                "url": "https://t.co/x7OGv3MTdm",
                "expanded_url": "http://dlvr.it/R2xsNw",
                "display_url": "dlvr.it/R2xsNw",
                "indices": [
                    103,
                    126
                ]
            }
        ]
    },
    "metadata": {
        "iso_language_code": "en",
        "result_type": "recent"
    },
    "source": "<a href=\"https://dlvrit.com/\" rel=\"nofollow\">dlvr.it</a>",
    "in_reply_to_status_id": null,
    "in_reply_to_status_id_str": null,
    "in_reply_to_user_id": null,
    "in_reply_to_user_id_str": null,
    "in_reply_to_screen_name": null,
    "user": {
        "id": 750184382950879232,
        "id_str": "750184382950879232",
        "name": "Vishnu Shaji",
        "screen_name": "Vish3890",
        "location": "",
        "description": "",
        "url": null,
        "entities": {
            "description": {
                "urls": []
            }
        },
        "protected": false,
        "followers_count": 138,
        "friends_count": 484,
        "listed_count": 18,
        "created_at": "Tue Jul 05 04:27:49 +0000 2016",
        "favourites_count": 2094,
        "utc_offset": null,
        "time_zone": null,
        "geo_enabled": false,
        "verified": false,
        "statuses_count": 48977,
        "lang": "en",
        "contributors_enabled": false,
        "is_translator": false,
        "is_translation_enabled": false,
        "profile_background_color": "F5F8FA",
        "profile_background_image_url": null,
        "profile_background_image_url_https": null,
        "profile_background_tile": false,
        "profile_image_url": "http://pbs.twimg.com/profile_images/812602010478313472/tNIHTwtm_normal.jpg",
        "profile_image_url_https": "https://pbs.twimg.com/profile_images/812602010478313472/tNIHTwtm_normal.jpg",
        "profile_link_color": "1DA1F2",
        "profile_sidebar_border_color": "C0DEED",
        "profile_sidebar_fill_color": "DDEEF6",
        "profile_text_color": "333333",
        "profile_use_background_image": true,
        "has_extended_profile": false,
        "default_profile": true,
        "default_profile_image": false,
        "following": null,
        "follow_request_sent": null,
        "notifications": null,
        "translator_type": "none"
    },
    "geo": null,
    "coordinates": null,
    "place": null,
    "contributors": null,
    "is_quote_status": false,
    "retweet_count": 0,
    "favorite_count": 0,
    "favorited": false,
    "retweeted": false,
    "possibly_sensitive": false,
    "lang": "en"
}