{
    "created_at": "Mon Apr 15 21:00:53 +0000 2019",
    "id": 1117895591206506497,
    "id_str": "1117895591206506497",
    "text": "@MBKhMedia \u041d\u0435\u0432\u0435\u0440\u043d\u043e\u0435 \u0442\u0430\u043a\u0436\u0435 \u043a\u0430\u043a Citi bike \u0432 NYC ?",
    "truncated": false,
    "entities": {
        "hashtags": [],
        "symbols": [],
        "user_mentions": [
            {
                "screen_name": "MBKhMedia",
                "name": "\u041c\u0411\u0425 \u041c\u0435\u0434\u0438\u0430",
                "id": 2758834280,
                "id_str": "2758834280",
                "indices": [
                    0,
                    10
                ]
            }
        ],
        "urls": []
    },
    "metadata": {
        "result_type": "recent",
        "iso_language_code": "ru"
    },
    "source": "<a href=\"http://twitter.com/download/android\" rel=\"nofollow\">Twitter for Android</a>",
    "in_reply_to_status_id": 1117887302548762625,
    "in_reply_to_status_id_str": "1117887302548762625",
    "in_reply_to_user_id": 2758834280,
    "in_reply_to_user_id_str": "2758834280",
    "in_reply_to_screen_name": "MBKhMedia",
    "user": {
        "id": 52092765,
        "id_str": "52092765",
        "name": "NooYawk",
        "screen_name": "xrumerschool",
        "location": "",
        "description": "#horseshitidea make millions",
        "url": null,
        "entities": {
            "description": {
                "urls": []
            }
        },
        "protected": false,
        "followers_count": 82,
        "friends_count": 78,
        "listed_count": 1,
        "created_at": "Mon Jun 29 15:45:48 +0000 2009",
        "favourites_count": 77,
        "utc_offset": null,
        "time_zone": null,
        "geo_enabled": true,
        "verified": false,
        "statuses_count": 341,
        "lang": "en",
        "contributors_enabled": false,
        "is_translator": false,
        "is_translation_enabled": false,
        "profile_background_color": "C0DEED",
        "profile_background_image_url": "http://abs.twimg.com/images/themes/theme1/bg.png",
        "profile_background_image_url_https": "https://abs.twimg.com/images/themes/theme1/bg.png",
        "profile_background_tile": true,
        "profile_image_url": "http://pbs.twimg.com/profile_images/378800000377438869/a8330dbafab92f95f35d39fad2e45b44_normal.png",
        "profile_image_url_https": "https://pbs.twimg.com/profile_images/378800000377438869/a8330dbafab92f95f35d39fad2e45b44_normal.png",
        "profile_link_color": "0084B4",
        "profile_sidebar_border_color": "FFFFFF",
        "profile_sidebar_fill_color": "DDEEF6",
        "profile_text_color": "333333",
        "profile_use_background_image": true,
        "has_extended_profile": false,
        "default_profile": false,
        "default_profile_image": false,
        "following": null,
        "follow_request_sent": null,
        "notifications": null,
        "translator_type": "none"
    },
    "geo": null,
    "coordinates": null,
    "place": null,
    "contributors": null,
    "is_quote_status": false,
    "retweet_count": 0,
    "favorite_count": 0,
    "favorited": false,
    "retweeted": false,
    "lang": "ru"
}