{
    "created_at": "Tue Apr 16 02:31:17 +0000 2019",
    "id": 1117978741005746177,
    "id_str": "1117978741005746177",
    "text": "Lyft adds New York\u2019s Citi Bikes to its app Beginning in May, Lyft customers in New York City will be able to use Ci\u2026 https://t.co/XoEpzBAVRV",
    "truncated": true,
    "entities": {
        "hashtags": [],
        "symbols": [],
        "user_mentions": [],
        "urls": [
            {
                "url": "https://t.co/XoEpzBAVRV",
                "expanded_url": "https://twitter.com/i/web/status/1117978741005746177",
                "display_url": "twitter.com/i/web/status/1\u2026",
                "indices": [
                    117,
                    140
                ]
            }
        ]
    },
    "metadata": {
        "iso_language_code": "en",
        "result_type": "recent"
    },
    "source": "<a href=\"https://ifttt.com\" rel=\"nofollow\">IFTTT</a>",
    "in_reply_to_status_id": null,
    "in_reply_to_status_id_str": null,
    "in_reply_to_user_id": null,
    "in_reply_to_user_id_str": null,
    "in_reply_to_screen_name": null,
    "user": {
        "id": 954671306,
        "id_str": "954671306",
        "name": "Lo mejor de la web",
        "screen_name": "InternetPremium",
        "location": "La red",
        "description": "Bienvenidos a la red, tenemos gatos. Lo mejor de internet, cultura, ocio, tecnolog\u00eda, negocios y mucho m\u00e1s #Followback #Siguemeytesigo",
        "url": null,
        "entities": {
            "description": {
                "urls": []
            }
        },
        "protected": false,
        "followers_count": 1496,
        "friends_count": 1731,
        "listed_count": 44,
        "created_at": "Sun Nov 18 02:06:00 +0000 2012",
        "favourites_count": 1,
        "utc_offset": null,
        "time_zone": null,
        "geo_enabled": false,
        "verified": false,
        "statuses_count": 77908,
        "lang": "es",
        "contributors_enabled": false,
        "is_translator": false,
        "is_translation_enabled": false,
        "profile_background_color": "EDECE9",
        "profile_background_image_url": "http://abs.twimg.com/images/themes/theme3/bg.gif",
        "profile_background_image_url_https": "https://abs.twimg.com/images/themes/theme3/bg.gif",
        "profile_background_tile": false,
        "profile_image_url": "http://pbs.twimg.com/profile_images/2862982232/8c001525091f21bd84fb9899bc82ec09_normal.jpeg",
        "profile_image_url_https": "https://pbs.twimg.com/profile_images/2862982232/8c001525091f21bd84fb9899bc82ec09_normal.jpeg",
        "profile_banner_url": "https://pbs.twimg.com/profile_banners/954671306/1353206368",
        "profile_link_color": "088253",
        "profile_sidebar_border_color": "D3D2CF",
        "profile_sidebar_fill_color": "E3E2DE",
        "profile_text_color": "634047",
        "profile_use_background_image": true,
        "has_extended_profile": false,
        "default_profile": false,
        "default_profile_image": false,
        "following": null,
        "follow_request_sent": null,
        "notifications": null,
        "translator_type": "none"
    },
    "geo": null,
    "coordinates": null,
    "place": null,
    "contributors": null,
    "is_quote_status": false,
    "retweet_count": 0,
    "favorite_count": 0,
    "favorited": false,
    "retweeted": false,
    "possibly_sensitive": false,
    "lang": "en"
}