{
    "created_at": "Mon Apr 15 20:59:06 +0000 2019",
    "id": 1117895145515433984,
    "id_str": "1117895145515433984",
    "text": "@alex_block also, I was uninformed about the severity of the issue at the time of my tweet as detailed in this story https://t.co/Gm4c0BY8Ax",
    "truncated": false,
    "entities": {
        "hashtags": [],
        "symbols": [],
        "user_mentions": [
            {
                "screen_name": "alex_block",
                "name": "alex block",
                "id": 130149985,
                "id_str": "130149985",
                "indices": [
                    0,
                    11
                ]
            }
        ],
        "urls": [
            {
                "url": "https://t.co/Gm4c0BY8Ax",
                "expanded_url": "https://www.nydailynews.com/new-york/ny-citi-bike-e-bike-pulled-from-service-20190414-qdgpcntc55e6fppiqovk33ps3m-story.html",
                "display_url": "nydailynews.com/new-york/ny-ci\u2026",
                "indices": [
                    117,
                    140
                ]
            }
        ]
    },
    "metadata": {
        "iso_language_code": "en",
        "result_type": "recent"
    },
    "source": "<a href=\"https://about.twitter.com/products/tweetdeck\" rel=\"nofollow\">TweetDeck</a>",
    "in_reply_to_status_id": 1117894928774774784,
    "in_reply_to_status_id_str": "1117894928774774784",
    "in_reply_to_user_id": 145821662,
    "in_reply_to_user_id_str": "145821662",
    "in_reply_to_screen_name": "sharrowsDC",
    "user": {
        "id": 145821662,
        "id_str": "145821662",
        "name": "sharrowsDC",
        "screen_name": "sharrowsDC",
        "location": "Not Bloomingdale, DC",
        "description": "of #bikeDC. @gearprudence at @wcp.",
        "url": "https://t.co/y3JC1iVDI1",
        "entities": {
            "url": {
                "urls": [
                    {
                        "url": "https://t.co/y3JC1iVDI1",
                        "expanded_url": "http://www.washingtoncitypaper.com/columns/gear-prudence/",
                        "display_url": "washingtoncitypaper.com/columns/gear-p\u2026",
                        "indices": [
                            0,
                            23
                        ]
                    }
                ]
            },
            "description": {
                "urls": []
            }
        },
        "protected": false,
        "followers_count": 5399,
        "friends_count": 884,
        "listed_count": 294,
        "created_at": "Wed May 19 23:49:44 +0000 2010",
        "favourites_count": 2,
        "utc_offset": null,
        "time_zone": null,
        "geo_enabled": false,
        "verified": false,
        "statuses_count": 112599,
        "lang": "en",
        "contributors_enabled": false,
        "is_translator": false,
        "is_translation_enabled": false,
        "profile_background_color": "C0DEED",
        "profile_background_image_url": "http://abs.twimg.com/images/themes/theme1/bg.png",
        "profile_background_image_url_https": "https://abs.twimg.com/images/themes/theme1/bg.png",
        "profile_background_tile": false,
        "profile_image_url": "http://pbs.twimg.com/profile_images/1004713220060405762/5t6sTVNC_normal.jpg",
        "profile_image_url_https": "https://pbs.twimg.com/profile_images/1004713220060405762/5t6sTVNC_normal.jpg",
        "profile_banner_url": "https://pbs.twimg.com/profile_banners/145821662/1491074982",
        "profile_link_color": "1DA1F2",
        "profile_sidebar_border_color": "C0DEED",
        "profile_sidebar_fill_color": "DDEEF6",
        "profile_text_color": "333333",
        "profile_use_background_image": true,
        "has_extended_profile": true,
        "default_profile": true,
        "default_profile_image": false,
        "following": null,
        "follow_request_sent": null,
        "notifications": null,
        "translator_type": "none"
    },
    "geo": null,
    "coordinates": null,
    "place": null,
    "contributors": null,
    "is_quote_status": false,
    "retweet_count": 0,
    "favorite_count": 1,
    "favorited": false,
    "retweeted": false,
    "possibly_sensitive": false,
    "lang": "en"
}