{
    "created_at": "Tue Apr 16 02:43:05 +0000 2019",
    "id": 1117981709310369793,
    "id_str": "1117981709310369793",
    "text": "Lyft adds New York\u2019s Citi Bikes to its app https://t.co/Y82WhxRaTV https://t.co/RKMMpfhDct",
    "truncated": false,
    "entities": {
        "hashtags": [],
        "symbols": [],
        "user_mentions": [],
        "urls": [
            {
                "url": "https://t.co/Y82WhxRaTV",
                "expanded_url": "http://bit.ly/2XetT1u",
                "display_url": "bit.ly/2XetT1u",
                "indices": [
                    43,
                    66
                ]
            }
        ],
        "media": [
            {
                "id": 1117981707754336256,
                "id_str": "1117981707754336256",
                "indices": [
                    67,
                    90
                ],
                "media_url": "http://pbs.twimg.com/media/D4PecJwU8AARxcY.jpg",
                "media_url_https": "https://pbs.twimg.com/media/D4PecJwU8AARxcY.jpg",
                "url": "https://t.co/RKMMpfhDct",
                "display_url": "pic.twitter.com/RKMMpfhDct",
                "expanded_url": "https://twitter.com/techrdv/status/1117981709310369793/photo/1",
                "type": "photo",
                "sizes": {
                    "thumb": {
                        "w": 150,
                        "h": 150,
                        "resize": "crop"
                    },
                    "small": {
                        "w": 680,
                        "h": 357,
                        "resize": "fit"
                    },
                    "medium": {
                        "w": 1200,
                        "h": 630,
                        "resize": "fit"
                    },
                    "large": {
                        "w": 1200,
                        "h": 630,
                        "resize": "fit"
                    }
                }
            }
        ]
    },
    "extended_entities": {
        "media": [
            {
                "id": 1117981707754336256,
                "id_str": "1117981707754336256",
                "indices": [
                    67,
                    90
                ],
                "media_url": "http://pbs.twimg.com/media/D4PecJwU8AARxcY.jpg",
                "media_url_https": "https://pbs.twimg.com/media/D4PecJwU8AARxcY.jpg",
                "url": "https://t.co/RKMMpfhDct",
                "display_url": "pic.twitter.com/RKMMpfhDct",
                "expanded_url": "https://twitter.com/techrdv/status/1117981709310369793/photo/1",
                "type": "photo",
                "sizes": {
                    "thumb": {
                        "w": 150,
                        "h": 150,
                        "resize": "crop"
                    },
                    "small": {
                        "w": 680,
                        "h": 357,
                        "resize": "fit"
                    },
                    "medium": {
                        "w": 1200,
                        "h": 630,
                        "resize": "fit"
                    },
                    "large": {
                        "w": 1200,
                        "h": 630,
                        "resize": "fit"
                    }
                }
            }
        ]
    },
    "metadata": {
        "iso_language_code": "en",
        "result_type": "recent"
    },
    "source": "<a href=\"https://dlvrit.com/\" rel=\"nofollow\">dlvr.it</a>",
    "in_reply_to_status_id": null,
    "in_reply_to_status_id_str": null,
    "in_reply_to_user_id": null,
    "in_reply_to_user_id_str": null,
    "in_reply_to_screen_name": null,
    "user": {
        "id": 878906574319779842,
        "id_str": "878906574319779842",
        "name": "Tech Rendezvous",
        "screen_name": "techrdv",
        "location": "Global",
        "description": "#DigitalTransformation, Technology, Innovation, Startups, GAFAM (Google, Apple, Facebook, Amazon, Microsoft) and Geek Culture | Also: @marketingrdv and @numrdv",
        "url": "https://t.co/pdVPZouWWP",
        "entities": {
            "url": {
                "urls": [
                    {
                        "url": "https://t.co/pdVPZouWWP",
                        "expanded_url": "https://www.youtube.com/playlist?list=PLNBYT3A7ZEOuweTUxMQYhZx_KLA47zAYx",
                        "display_url": "youtube.com/playlist?list=\u2026",
                        "indices": [
                            0,
                            23
                        ]
                    }
                ]
            },
            "description": {
                "urls": []
            }
        },
        "protected": false,
        "followers_count": 725,
        "friends_count": 343,
        "listed_count": 40,
        "created_at": "Sun Jun 25 09:23:51 +0000 2017",
        "favourites_count": 171,
        "utc_offset": null,
        "time_zone": null,
        "geo_enabled": false,
        "verified": false,
        "statuses_count": 66658,
        "lang": "fr",
        "contributors_enabled": false,
        "is_translator": false,
        "is_translation_enabled": false,
        "profile_background_color": "000000",
        "profile_background_image_url": "http://abs.twimg.com/images/themes/theme1/bg.png",
        "profile_background_image_url_https": "https://abs.twimg.com/images/themes/theme1/bg.png",
        "profile_background_tile": false,
        "profile_image_url": "http://pbs.twimg.com/profile_images/1028555895347838981/BcVlHzx__normal.jpg",
        "profile_image_url_https": "https://pbs.twimg.com/profile_images/1028555895347838981/BcVlHzx__normal.jpg",
        "profile_banner_url": "https://pbs.twimg.com/profile_banners/878906574319779842/1548403863",
        "profile_link_color": "1B95E0",
        "profile_sidebar_border_color": "000000",
        "profile_sidebar_fill_color": "000000",
        "profile_text_color": "000000",
        "profile_use_background_image": false,
        "has_extended_profile": false,
        "default_profile": false,
        "default_profile_image": false,
        "following": null,
        "follow_request_sent": null,
        "notifications": null,
        "translator_type": "none"
    },
    "geo": null,
    "coordinates": null,
    "place": null,
    "contributors": null,
    "is_quote_status": false,
    "retweet_count": 0,
    "favorite_count": 0,
    "favorited": false,
    "retweeted": false,
    "possibly_sensitive": false,
    "lang": "en"
}