{
    "created_at": "Tue Apr 16 00:18:54 +0000 2019",
    "id": 1117945423807664129,
    "id_str": "1117945423807664129",
    "text": "RT @nytimes: In recent months, dozens of riders have reported injuries while riding electric Citi Bikes, prompting the company on Sunday to\u2026",
    "truncated": false,
    "entities": {
        "hashtags": [],
        "symbols": [],
        "user_mentions": [
            {
                "screen_name": "nytimes",
                "name": "The New York Times",
                "id": 807095,
                "id_str": "807095",
                "indices": [
                    3,
                    11
                ]
            }
        ],
        "urls": []
    },
    "metadata": {
        "iso_language_code": "en",
        "result_type": "recent"
    },
    "source": "<a href=\"http://twitter.com/download/iphone\" rel=\"nofollow\">Twitter for iPhone</a>",
    "in_reply_to_status_id": null,
    "in_reply_to_status_id_str": null,
    "in_reply_to_user_id": null,
    "in_reply_to_user_id_str": null,
    "in_reply_to_screen_name": null,
    "user": {
        "id": 182914318,
        "id_str": "182914318",
        "name": "\uff2d\uff21\uff2e\uff21\uff22\uff25\uff34\uff21\uff2b\uff35\uff33\uff35\uff2b\uff25\u3000\u3000\u771f\u934b\u5353\u4ecb",
        "screen_name": "manabetakusuke",
        "location": "\u5927\u962a\u5e9c\u583a\u5e02",
        "description": "JAPANESE\u3010HOME PAGE\u3011https://t.co/01vrYFWuyD\u3010TAKUSUKE\u3000MANABE   YOU TUBE\u3011https://t.co/UhX78BAOEE",
        "url": "https://t.co/CcvgbyTTlN",
        "entities": {
            "url": {
                "urls": [
                    {
                        "url": "https://t.co/CcvgbyTTlN",
                        "expanded_url": "http://d.hatena.ne.jp/manabetakusuke/20180226/1519634631",
                        "display_url": "d.hatena.ne.jp/manabetakusuke\u2026",
                        "indices": [
                            0,
                            23
                        ]
                    }
                ]
            },
            "description": {
                "urls": [
                    {
                        "url": "https://t.co/01vrYFWuyD",
                        "expanded_url": "https://super7dolphinexample.wordpress.com/",
                        "display_url": "super7dolphinexample.wordpress.com",
                        "indices": [
                            19,
                            42
                        ]
                    },
                    {
                        "url": "https://t.co/UhX78BAOEE",
                        "expanded_url": "https://www.youtube.com/channel/UCqrQYxWbZHwAddfDelETJ1w/videos",
                        "display_url": "youtube.com/channel/UCqrQY\u2026",
                        "indices": [
                            70,
                            93
                        ]
                    }
                ]
            }
        },
        "protected": false,
        "followers_count": 440,
        "friends_count": 2547,
        "listed_count": 4,
        "created_at": "Wed Aug 25 18:16:11 +0000 2010",
        "favourites_count": 5576,
        "utc_offset": null,
        "time_zone": null,
        "geo_enabled": true,
        "verified": false,
        "statuses_count": 21275,
        "lang": "ja",
        "contributors_enabled": false,
        "is_translator": false,
        "is_translation_enabled": false,
        "profile_background_color": "0099B9",
        "profile_background_image_url": "http://abs.twimg.com/images/themes/theme1/bg.png",
        "profile_background_image_url_https": "https://abs.twimg.com/images/themes/theme1/bg.png",
        "profile_background_tile": false,
        "profile_image_url": "http://pbs.twimg.com/profile_images/3023373348/91ca4dd3b48c4eb3c8b05c656acfc3e6_normal.jpeg",
        "profile_image_url_https": "https://pbs.twimg.com/profile_images/3023373348/91ca4dd3b48c4eb3c8b05c656acfc3e6_normal.jpeg",
        "profile_banner_url": "https://pbs.twimg.com/profile_banners/182914318/1519689699",
        "profile_link_color": "1B95E0",
        "profile_sidebar_border_color": "5ED4DC",
        "profile_sidebar_fill_color": "95E8EC",
        "profile_text_color": "3C3940",
        "profile_use_background_image": true,
        "has_extended_profile": true,
        "default_profile": false,
        "default_profile_image": false,
        "following": null,
        "follow_request_sent": null,
        "notifications": null,
        "translator_type": "regular"
    },
    "geo": null,
    "coordinates": null,
    "place": null,
    "contributors": null,
    "retweeted_status": {
        "created_at": "Mon Apr 15 13:15:06 +0000 2019",
        "id": 1117778375324651521,
        "id_str": "1117778375324651521",
        "text": "In recent months, dozens of riders have reported injuries while riding electric Citi Bikes, prompting the company o\u2026 https://t.co/iBcoKCFsyn",
        "truncated": true,
        "entities": {
            "hashtags": [],
            "symbols": [],
            "user_mentions": [],
            "urls": [
                {
                    "url": "https://t.co/iBcoKCFsyn",
                    "expanded_url": "https://twitter.com/i/web/status/1117778375324651521",
                    "display_url": "twitter.com/i/web/status/1\u2026",
                    "indices": [
                        117,
                        140
                    ]
                }
            ]
        },
        "metadata": {
            "iso_language_code": "en",
            "result_type": "recent"
        },
        "source": "<a href=\"http://www.socialflow.com\" rel=\"nofollow\">SocialFlow</a>",
        "in_reply_to_status_id": null,
        "in_reply_to_status_id_str": null,
        "in_reply_to_user_id": null,
        "in_reply_to_user_id_str": null,
        "in_reply_to_screen_name": null,
        "user": {
            "id": 807095,
            "id_str": "807095",
            "name": "The New York Times",
            "screen_name": "nytimes",
            "location": "New York City",
            "description": "Where the conversation begins. Follow for breaking news, special reports, RTs of our journalists and more. Visit https://t.co/ghL9OoYKMM to share news tips.",
            "url": "http://t.co/ahvuWqicF9",
            "entities": {
                "url": {
                    "urls": [
                        {
                            "url": "http://t.co/ahvuWqicF9",
                            "expanded_url": "http://www.nytimes.com/",
                            "display_url": "nytimes.com",
                            "indices": [
                                0,
                                22
                            ]
                        }
                    ]
                },
                "description": {
                    "urls": [
                        {
                            "url": "https://t.co/ghL9OoYKMM",
                            "expanded_url": "http://nyti.ms/2FVHq9v",
                            "display_url": "nyti.ms/2FVHq9v",
                            "indices": [
                                113,
                                136
                            ]
                        }
                    ]
                }
            },
            "protected": false,
            "followers_count": 43250355,
            "friends_count": 889,
            "listed_count": 199766,
            "created_at": "Fri Mar 02 20:41:42 +0000 2007",
            "favourites_count": 17836,
            "utc_offset": null,
            "time_zone": null,
            "geo_enabled": false,
            "verified": true,
            "statuses_count": 356484,
            "lang": "en",
            "contributors_enabled": false,
            "is_translator": false,
            "is_translation_enabled": true,
            "profile_background_color": "131516",
            "profile_background_image_url": "http://abs.twimg.com/images/themes/theme14/bg.gif",
            "profile_background_image_url_https": "https://abs.twimg.com/images/themes/theme14/bg.gif",
            "profile_background_tile": true,
            "profile_image_url": "http://pbs.twimg.com/profile_images/1098244578472280064/gjkVMelR_normal.png",
            "profile_image_url_https": "https://pbs.twimg.com/profile_images/1098244578472280064/gjkVMelR_normal.png",
            "profile_banner_url": "https://pbs.twimg.com/profile_banners/807095/1522172276",
            "profile_link_color": "607696",
            "profile_sidebar_border_color": "FFFFFF",
            "profile_sidebar_fill_color": "EFEFEF",
            "profile_text_color": "333333",
            "profile_use_background_image": true,
            "has_extended_profile": false,
            "default_profile": false,
            "default_profile_image": false,
            "following": null,
            "follow_request_sent": null,
            "notifications": null,
            "translator_type": "none"
        },
        "geo": null,
        "coordinates": null,
        "place": null,
        "contributors": null,
        "is_quote_status": false,
        "retweet_count": 46,
        "favorite_count": 79,
        "favorited": false,
        "retweeted": false,
        "possibly_sensitive": false,
        "lang": "en"
    },
    "is_quote_status": false,
    "retweet_count": 46,
    "favorite_count": 0,
    "favorited": false,
    "retweeted": false,
    "lang": "en"
}