{
    "created_at": "Mon Apr 15 20:16:30 +0000 2019",
    "id": 1117884424022974464,
    "id_str": "1117884424022974464",
    "text": "Friends, countrymen, people who can't be bothered to sign up for a Citi Bike membership -- your day has come, the b\u2026 https://t.co/cDfuRawghP",
    "truncated": true,
    "entities": {
        "hashtags": [],
        "symbols": [],
        "user_mentions": [],
        "urls": [
            {
                "url": "https://t.co/cDfuRawghP",
                "expanded_url": "https://twitter.com/i/web/status/1117884424022974464",
                "display_url": "twitter.com/i/web/status/1\u2026",
                "indices": [
                    117,
                    140
                ]
            }
        ]
    },
    "metadata": {
        "iso_language_code": "en",
        "result_type": "recent"
    },
    "source": "<a href=\"http://twitter.com\" rel=\"nofollow\">Twitter Web Client</a>",
    "in_reply_to_status_id": null,
    "in_reply_to_status_id_str": null,
    "in_reply_to_user_id": null,
    "in_reply_to_user_id_str": null,
    "in_reply_to_screen_name": null,
    "user": {
        "id": 15949714,
        "id_str": "15949714",
        "name": "Julie Wood",
        "screen_name": "juliewood",
        "location": "BROOKLYN",
        "description": "Sharing bicycles. Proud alum of @HillaryClinton 2016 & @nycmayorsoffice & @kickstarter & @georgetown. I read newspapers.",
        "url": "https://t.co/bRP9Z7nwjB",
        "entities": {
            "url": {
                "urls": [
                    {
                        "url": "https://t.co/bRP9Z7nwjB",
                        "expanded_url": "http://swimmingholes.org/",
                        "display_url": "swimmingholes.org",
                        "indices": [
                            0,
                            23
                        ]
                    }
                ]
            },
            "description": {
                "urls": []
            }
        },
        "protected": false,
        "followers_count": 3843,
        "friends_count": 2956,
        "listed_count": 119,
        "created_at": "Fri Aug 22 20:23:12 +0000 2008",
        "favourites_count": 19135,
        "utc_offset": null,
        "time_zone": null,
        "geo_enabled": true,
        "verified": false,
        "statuses_count": 7480,
        "lang": "en",
        "contributors_enabled": false,
        "is_translator": false,
        "is_translation_enabled": false,
        "profile_background_color": "BADFCD",
        "profile_background_image_url": "http://abs.twimg.com/images/themes/theme12/bg.gif",
        "profile_background_image_url_https": "https://abs.twimg.com/images/themes/theme12/bg.gif",
        "profile_background_tile": true,
        "profile_image_url": "http://pbs.twimg.com/profile_images/1006163971257389056/mwiQTyKG_normal.jpg",
        "profile_image_url_https": "https://pbs.twimg.com/profile_images/1006163971257389056/mwiQTyKG_normal.jpg",
        "profile_banner_url": "https://pbs.twimg.com/profile_banners/15949714/1501624826",
        "profile_link_color": "FF0000",
        "profile_sidebar_border_color": "FFFFFF",
        "profile_sidebar_fill_color": "FFF7CC",
        "profile_text_color": "0C3E53",
        "profile_use_background_image": true,
        "has_extended_profile": false,
        "default_profile": false,
        "default_profile_image": false,
        "following": null,
        "follow_request_sent": null,
        "notifications": null,
        "translator_type": "none"
    },
    "geo": null,
    "coordinates": null,
    "place": null,
    "contributors": null,
    "is_quote_status": false,
    "retweet_count": 0,
    "favorite_count": 13,
    "favorited": false,
    "retweeted": false,
    "possibly_sensitive": false,
    "lang": "en"
}