{
    "created_at": "Mon Apr 15 20:00:56 +0000 2019",
    "id": 1117880504932372480,
    "id_str": "1117880504932372480",
    "text": "New York is a safe place . There was a citi Bike in front of my building for days and no one touched it . Also I ca\u2026 https://t.co/1d34p69IWG",
    "truncated": true,
    "entities": {
        "hashtags": [],
        "symbols": [],
        "user_mentions": [],
        "urls": [
            {
                "url": "https://t.co/1d34p69IWG",
                "expanded_url": "https://twitter.com/i/web/status/1117880504932372480",
                "display_url": "twitter.com/i/web/status/1\u2026",
                "indices": [
                    117,
                    140
                ]
            }
        ]
    },
    "metadata": {
        "iso_language_code": "en",
        "result_type": "recent"
    },
    "source": "<a href=\"http://twitter.com/download/iphone\" rel=\"nofollow\">Twitter for iPhone</a>",
    "in_reply_to_status_id": null,
    "in_reply_to_status_id_str": null,
    "in_reply_to_user_id": null,
    "in_reply_to_user_id_str": null,
    "in_reply_to_screen_name": null,
    "user": {
        "id": 27254779,
        "id_str": "27254779",
        "name": "NuNu",
        "screen_name": "MizzShades",
        "location": "Greatest City in the World ",
        "description": "#ZrinsCorner \ud83d\udcab follow my dream of making a Safe Haven for the elderly and teenagers..... website coming soon ...",
        "url": null,
        "entities": {
            "description": {
                "urls": []
            }
        },
        "protected": false,
        "followers_count": 934,
        "friends_count": 714,
        "listed_count": 17,
        "created_at": "Sat Mar 28 16:12:52 +0000 2009",
        "favourites_count": 5983,
        "utc_offset": null,
        "time_zone": null,
        "geo_enabled": true,
        "verified": false,
        "statuses_count": 48522,
        "lang": "en",
        "contributors_enabled": false,
        "is_translator": false,
        "is_translation_enabled": false,
        "profile_background_color": "1A1B1F",
        "profile_background_image_url": "http://abs.twimg.com/images/themes/theme9/bg.gif",
        "profile_background_image_url_https": "https://abs.twimg.com/images/themes/theme9/bg.gif",
        "profile_background_tile": true,
        "profile_image_url": "http://pbs.twimg.com/profile_images/1098330371178008595/iA_1mCe-_normal.jpg",
        "profile_image_url_https": "https://pbs.twimg.com/profile_images/1098330371178008595/iA_1mCe-_normal.jpg",
        "profile_banner_url": "https://pbs.twimg.com/profile_banners/27254779/1544594492",
        "profile_link_color": "7D7D7D",
        "profile_sidebar_border_color": "181A1E",
        "profile_sidebar_fill_color": "252429",
        "profile_text_color": "F04893",
        "profile_use_background_image": true,
        "has_extended_profile": true,
        "default_profile": false,
        "default_profile_image": false,
        "following": null,
        "follow_request_sent": null,
        "notifications": null,
        "translator_type": "none"
    },
    "geo": null,
    "coordinates": null,
    "place": {
        "id": "00c39537733fa112",
        "url": "https://api.twitter.com/1.1/geo/id/00c39537733fa112.json",
        "place_type": "city",
        "name": "Queens",
        "full_name": "Queens, NY",
        "country_code": "US",
        "country": "United States",
        "contained_within": [],
        "bounding_box": {
            "type": "Polygon",
            "coordinates": [
                [
                    [
                        -73.962582,
                        40.541722
                    ],
                    [
                        -73.699793,
                        40.541722
                    ],
                    [
                        -73.699793,
                        40.8000371
                    ],
                    [
                        -73.962582,
                        40.8000371
                    ]
                ]
            ]
        },
        "attributes": {}
    },
    "contributors": null,
    "is_quote_status": false,
    "retweet_count": 0,
    "favorite_count": 1,
    "favorited": false,
    "retweeted": false,
    "lang": "en"
}