{
    "created_at": "Mon Apr 15 19:02:57 +0000 2019",
    "id": 1117865912244342790,
    "id_str": "1117865912244342790",
    "text": "Citi Bike pulls electric bikes with touchy brakes after rider breaks hip https://t.co/21uQOTvIYS https://t.co/OLrtmx5oiW",
    "truncated": false,
    "entities": {
        "hashtags": [],
        "symbols": [],
        "user_mentions": [],
        "urls": [
            {
                "url": "https://t.co/21uQOTvIYS",
                "expanded_url": "http://jalo.ps/aAaSlea",
                "display_url": "jalo.ps/aAaSlea",
                "indices": [
                    73,
                    96
                ]
            }
        ],
        "media": [
            {
                "id": 1117865908352049155,
                "id_str": "1117865908352049155",
                "indices": [
                    97,
                    120
                ],
                "media_url": "http://pbs.twimg.com/media/D4N1HvXX4AMvADE.jpg",
                "media_url_https": "https://pbs.twimg.com/media/D4N1HvXX4AMvADE.jpg",
                "url": "https://t.co/OLrtmx5oiW",
                "display_url": "pic.twitter.com/OLrtmx5oiW",
                "expanded_url": "https://twitter.com/Jalopnik/status/1117865912244342790/photo/1",
                "type": "photo",
                "sizes": {
                    "thumb": {
                        "w": 150,
                        "h": 150,
                        "resize": "crop"
                    },
                    "small": {
                        "w": 680,
                        "h": 378,
                        "resize": "fit"
                    },
                    "large": {
                        "w": 1446,
                        "h": 804,
                        "resize": "fit"
                    },
                    "medium": {
                        "w": 1200,
                        "h": 667,
                        "resize": "fit"
                    }
                }
            }
        ]
    },
    "extended_entities": {
        "media": [
            {
                "id": 1117865908352049155,
                "id_str": "1117865908352049155",
                "indices": [
                    97,
                    120
                ],
                "media_url": "http://pbs.twimg.com/media/D4N1HvXX4AMvADE.jpg",
                "media_url_https": "https://pbs.twimg.com/media/D4N1HvXX4AMvADE.jpg",
                "url": "https://t.co/OLrtmx5oiW",
                "display_url": "pic.twitter.com/OLrtmx5oiW",
                "expanded_url": "https://twitter.com/Jalopnik/status/1117865912244342790/photo/1",
                "type": "photo",
                "sizes": {
                    "thumb": {
                        "w": 150,
                        "h": 150,
                        "resize": "crop"
                    },
                    "small": {
                        "w": 680,
                        "h": 378,
                        "resize": "fit"
                    },
                    "large": {
                        "w": 1446,
                        "h": 804,
                        "resize": "fit"
                    },
                    "medium": {
                        "w": 1200,
                        "h": 667,
                        "resize": "fit"
                    }
                }
            }
        ]
    },
    "metadata": {
        "iso_language_code": "en",
        "result_type": "recent"
    },
    "source": "<a href=\"http://www.socialflow.com\" rel=\"nofollow\">SocialFlow</a>",
    "in_reply_to_status_id": null,
    "in_reply_to_status_id_str": null,
    "in_reply_to_user_id": null,
    "in_reply_to_user_id_str": null,
    "in_reply_to_screen_name": null,
    "user": {
        "id": 3060631,
        "id_str": "3060631",
        "name": "Jalopnik",
        "screen_name": "Jalopnik",
        "location": "",
        "description": "Obsessed with the cult of cars and everything that moves you.",
        "url": "http://t.co/B44JMMSJvw",
        "entities": {
            "url": {
                "urls": [
                    {
                        "url": "http://t.co/B44JMMSJvw",
                        "expanded_url": "http://jalopnik.com",
                        "display_url": "jalopnik.com",
                        "indices": [
                            0,
                            22
                        ]
                    }
                ]
            },
            "description": {
                "urls": []
            }
        },
        "protected": false,
        "followers_count": 293896,
        "friends_count": 25,
        "listed_count": 3536,
        "created_at": "Sat Mar 31 13:20:56 +0000 2007",
        "favourites_count": 72,
        "utc_offset": null,
        "time_zone": null,
        "geo_enabled": false,
        "verified": true,
        "statuses_count": 107127,
        "lang": "en",
        "contributors_enabled": false,
        "is_translator": false,
        "is_translation_enabled": false,
        "profile_background_color": "EEEEEE",
        "profile_background_image_url": "http://abs.twimg.com/images/themes/theme1/bg.png",
        "profile_background_image_url_https": "https://abs.twimg.com/images/themes/theme1/bg.png",
        "profile_background_tile": false,
        "profile_image_url": "http://pbs.twimg.com/profile_images/593015363564015616/SV7c0N84_normal.png",
        "profile_image_url_https": "https://pbs.twimg.com/profile_images/593015363564015616/SV7c0N84_normal.png",
        "profile_banner_url": "https://pbs.twimg.com/profile_banners/3060631/1507751821",
        "profile_link_color": "75636F",
        "profile_sidebar_border_color": "88BCD0",
        "profile_sidebar_fill_color": "88BCD0",
        "profile_text_color": "000000",
        "profile_use_background_image": false,
        "has_extended_profile": false,
        "default_profile": false,
        "default_profile_image": false,
        "following": null,
        "follow_request_sent": null,
        "notifications": null,
        "translator_type": "none"
    },
    "geo": null,
    "coordinates": null,
    "place": null,
    "contributors": null,
    "is_quote_status": false,
    "retweet_count": 0,
    "favorite_count": 5,
    "favorited": false,
    "retweeted": false,
    "possibly_sensitive": false,
    "lang": "en"
}