{
    "created_at": "Mon Apr 15 22:37:27 +0000 2019",
    "id": 1117919895881170944,
    "id_str": "1117919895881170944",
    "text": "Bicycles will soon be available on the Lyft app, but its e-bikes still need a fix https://t.co/AaFroCZxTn \n\nBike-sh\u2026 https://t.co/3UnDZbBnaM",
    "truncated": true,
    "entities": {
        "hashtags": [],
        "symbols": [],
        "user_mentions": [],
        "urls": [
            {
                "url": "https://t.co/AaFroCZxTn",
                "expanded_url": "http://bit.ly/2IENK5Q",
                "display_url": "bit.ly/2IENK5Q",
                "indices": [
                    82,
                    105
                ]
            },
            {
                "url": "https://t.co/3UnDZbBnaM",
                "expanded_url": "https://twitter.com/i/web/status/1117919895881170944",
                "display_url": "twitter.com/i/web/status/1\u2026",
                "indices": [
                    117,
                    140
                ]
            }
        ]
    },
    "metadata": {
        "iso_language_code": "en",
        "result_type": "recent"
    },
    "source": "<a href=\"https://ifttt.com\" rel=\"nofollow\">IFTTT</a>",
    "in_reply_to_status_id": null,
    "in_reply_to_status_id_str": null,
    "in_reply_to_user_id": null,
    "in_reply_to_user_id_str": null,
    "in_reply_to_screen_name": null,
    "user": {
        "id": 22259704,
        "id_str": "22259704",
        "name": "robert phillips",
        "screen_name": "berge31",
        "location": "Liberty Lake, WA",
        "description": "Avid father, investor, workout warrior, Enjoy good food, beer, wine, chocoholic. Live in the Spokane area",
        "url": null,
        "entities": {
            "description": {
                "urls": []
            }
        },
        "protected": false,
        "followers_count": 2583,
        "friends_count": 2646,
        "listed_count": 158,
        "created_at": "Sat Feb 28 14:32:00 +0000 2009",
        "favourites_count": 2552,
        "utc_offset": null,
        "time_zone": null,
        "geo_enabled": false,
        "verified": false,
        "statuses_count": 181383,
        "lang": "en",
        "contributors_enabled": false,
        "is_translator": false,
        "is_translation_enabled": false,
        "profile_background_color": "709397",
        "profile_background_image_url": "http://abs.twimg.com/images/themes/theme6/bg.gif",
        "profile_background_image_url_https": "https://abs.twimg.com/images/themes/theme6/bg.gif",
        "profile_background_tile": false,
        "profile_image_url": "http://pbs.twimg.com/profile_images/1798102124/34067_133636613321706_100000261047193_295679_5409721_n_normal.jpg",
        "profile_image_url_https": "https://pbs.twimg.com/profile_images/1798102124/34067_133636613321706_100000261047193_295679_5409721_n_normal.jpg",
        "profile_link_color": "FF3300",
        "profile_sidebar_border_color": "86A4A6",
        "profile_sidebar_fill_color": "A0C5C7",
        "profile_text_color": "333333",
        "profile_use_background_image": true,
        "has_extended_profile": false,
        "default_profile": false,
        "default_profile_image": false,
        "following": null,
        "follow_request_sent": null,
        "notifications": null,
        "translator_type": "none"
    },
    "geo": null,
    "coordinates": null,
    "place": null,
    "contributors": null,
    "is_quote_status": false,
    "retweet_count": 0,
    "favorite_count": 0,
    "favorited": false,
    "retweeted": false,
    "possibly_sensitive": false,
    "lang": "en"
}