{
    "created_at": "Tue Apr 16 02:43:05 +0000 2019",
    "id": 1117981709729816576,
    "id_str": "1117981709729816576",
    "text": "Lyft adds New York\u2019s Citi Bikes to its app https://t.co/CP9BPosxkL https://t.co/1iLcGX3jCJ",
    "truncated": false,
    "entities": {
        "hashtags": [],
        "symbols": [],
        "user_mentions": [],
        "urls": [
            {
                "url": "https://t.co/CP9BPosxkL",
                "expanded_url": "http://bit.ly/2IjQYfO",
                "display_url": "bit.ly/2IjQYfO",
                "indices": [
                    43,
                    66
                ]
            }
        ],
        "media": [
            {
                "id": 1117981708198895616,
                "id_str": "1117981708198895616",
                "indices": [
                    67,
                    90
                ],
                "media_url": "http://pbs.twimg.com/media/D4PecLaUYAAQ6dA.jpg",
                "media_url_https": "https://pbs.twimg.com/media/D4PecLaUYAAQ6dA.jpg",
                "url": "https://t.co/1iLcGX3jCJ",
                "display_url": "pic.twitter.com/1iLcGX3jCJ",
                "expanded_url": "https://twitter.com/CATechCouncil/status/1117981709729816576/photo/1",
                "type": "photo",
                "sizes": {
                    "thumb": {
                        "w": 150,
                        "h": 150,
                        "resize": "crop"
                    },
                    "small": {
                        "w": 680,
                        "h": 357,
                        "resize": "fit"
                    },
                    "medium": {
                        "w": 1200,
                        "h": 630,
                        "resize": "fit"
                    },
                    "large": {
                        "w": 1200,
                        "h": 630,
                        "resize": "fit"
                    }
                }
            }
        ]
    },
    "extended_entities": {
        "media": [
            {
                "id": 1117981708198895616,
                "id_str": "1117981708198895616",
                "indices": [
                    67,
                    90
                ],
                "media_url": "http://pbs.twimg.com/media/D4PecLaUYAAQ6dA.jpg",
                "media_url_https": "https://pbs.twimg.com/media/D4PecLaUYAAQ6dA.jpg",
                "url": "https://t.co/1iLcGX3jCJ",
                "display_url": "pic.twitter.com/1iLcGX3jCJ",
                "expanded_url": "https://twitter.com/CATechCouncil/status/1117981709729816576/photo/1",
                "type": "photo",
                "sizes": {
                    "thumb": {
                        "w": 150,
                        "h": 150,
                        "resize": "crop"
                    },
                    "small": {
                        "w": 680,
                        "h": 357,
                        "resize": "fit"
                    },
                    "medium": {
                        "w": 1200,
                        "h": 630,
                        "resize": "fit"
                    },
                    "large": {
                        "w": 1200,
                        "h": 630,
                        "resize": "fit"
                    }
                }
            }
        ]
    },
    "metadata": {
        "iso_language_code": "en",
        "result_type": "recent"
    },
    "source": "<a href=\"https://dlvrit.com/\" rel=\"nofollow\">dlvr.it</a>",
    "in_reply_to_status_id": null,
    "in_reply_to_status_id_str": null,
    "in_reply_to_user_id": null,
    "in_reply_to_user_id_str": null,
    "in_reply_to_screen_name": null,
    "user": {
        "id": 2792360893,
        "id_str": "2792360893",
        "name": "CA Tech Council",
        "screen_name": "CATechCouncil",
        "location": "",
        "description": "CTC is an industry development organization serving innovators from all sectors.",
        "url": "http://t.co/G56t5F8EqD",
        "entities": {
            "url": {
                "urls": [
                    {
                        "url": "http://t.co/G56t5F8EqD",
                        "expanded_url": "http://www.californiatechnology.org",
                        "display_url": "californiatechnology.org",
                        "indices": [
                            0,
                            22
                        ]
                    }
                ]
            },
            "description": {
                "urls": []
            }
        },
        "protected": false,
        "followers_count": 1065,
        "friends_count": 1555,
        "listed_count": 646,
        "created_at": "Fri Sep 05 17:04:17 +0000 2014",
        "favourites_count": 502,
        "utc_offset": null,
        "time_zone": null,
        "geo_enabled": true,
        "verified": false,
        "statuses_count": 84410,
        "lang": "en",
        "contributors_enabled": false,
        "is_translator": false,
        "is_translation_enabled": false,
        "profile_background_color": "C0DEED",
        "profile_background_image_url": "http://abs.twimg.com/images/themes/theme1/bg.png",
        "profile_background_image_url_https": "https://abs.twimg.com/images/themes/theme1/bg.png",
        "profile_background_tile": false,
        "profile_image_url": "http://pbs.twimg.com/profile_images/897492881593651200/n3r8-gXm_normal.jpg",
        "profile_image_url_https": "https://pbs.twimg.com/profile_images/897492881593651200/n3r8-gXm_normal.jpg",
        "profile_banner_url": "https://pbs.twimg.com/profile_banners/2792360893/1502815221",
        "profile_link_color": "1DA1F2",
        "profile_sidebar_border_color": "C0DEED",
        "profile_sidebar_fill_color": "DDEEF6",
        "profile_text_color": "333333",
        "profile_use_background_image": true,
        "has_extended_profile": false,
        "default_profile": true,
        "default_profile_image": false,
        "following": null,
        "follow_request_sent": null,
        "notifications": null,
        "translator_type": "none"
    },
    "geo": null,
    "coordinates": null,
    "place": null,
    "contributors": null,
    "is_quote_status": false,
    "retweet_count": 0,
    "favorite_count": 0,
    "favorited": false,
    "retweeted": false,
    "possibly_sensitive": false,
    "lang": "en"
}