{
    "created_at": "Tue Apr 16 00:06:07 +0000 2019",
    "id": 1117942207238033408,
    "id_str": "1117942207238033408",
    "text": "Those @CitiBikeNYC e-bikes are fast \u2014\u00a0but don\u2019t expect a speedy return for them on city streets, as @gershkuntzman\u2026 https://t.co/mW1U3GfVpB",
    "truncated": true,
    "entities": {
        "hashtags": [],
        "symbols": [],
        "user_mentions": [
            {
                "screen_name": "CitiBikeNYC",
                "name": "Citi Bike",
                "id": 366631688,
                "id_str": "366631688",
                "indices": [
                    6,
                    18
                ]
            },
            {
                "screen_name": "GershKuntzman",
                "name": "Gersh Kuntzman",
                "id": 424769341,
                "id_str": "424769341",
                "indices": [
                    100,
                    114
                ]
            }
        ],
        "urls": [
            {
                "url": "https://t.co/mW1U3GfVpB",
                "expanded_url": "https://twitter.com/i/web/status/1117942207238033408",
                "display_url": "twitter.com/i/web/status/1\u2026",
                "indices": [
                    116,
                    139
                ]
            }
        ]
    },
    "metadata": {
        "iso_language_code": "en",
        "result_type": "recent"
    },
    "source": "<a href=\"https://about.twitter.com/products/tweetdeck\" rel=\"nofollow\">TweetDeck</a>",
    "in_reply_to_status_id": null,
    "in_reply_to_status_id_str": null,
    "in_reply_to_user_id": null,
    "in_reply_to_user_id_str": null,
    "in_reply_to_screen_name": null,
    "user": {
        "id": 128750686,
        "id_str": "128750686",
        "name": "Streetsblog New York",
        "screen_name": "StreetsblogNYC",
        "location": "New York City",
        "description": "Covering the movement for better walking, biking, and transit in the five boroughs. Tweets by @GershKuntzman.",
        "url": "https://t.co/VbmAMLvWlk",
        "entities": {
            "url": {
                "urls": [
                    {
                        "url": "https://t.co/VbmAMLvWlk",
                        "expanded_url": "http://nyc.streetsblog.org",
                        "display_url": "nyc.streetsblog.org",
                        "indices": [
                            0,
                            23
                        ]
                    }
                ]
            },
            "description": {
                "urls": []
            }
        },
        "protected": false,
        "followers_count": 24262,
        "friends_count": 693,
        "listed_count": 1124,
        "created_at": "Fri Apr 02 02:54:41 +0000 2010",
        "favourites_count": 515,
        "utc_offset": null,
        "time_zone": null,
        "geo_enabled": false,
        "verified": false,
        "statuses_count": 16726,
        "lang": "en",
        "contributors_enabled": false,
        "is_translator": false,
        "is_translation_enabled": false,
        "profile_background_color": "FFFFFF",
        "profile_background_image_url": "http://abs.twimg.com/images/themes/theme1/bg.png",
        "profile_background_image_url_https": "https://abs.twimg.com/images/themes/theme1/bg.png",
        "profile_background_tile": false,
        "profile_image_url": "http://pbs.twimg.com/profile_images/1542883981/streetsblog-nyc-twitter_normal.png",
        "profile_image_url_https": "https://pbs.twimg.com/profile_images/1542883981/streetsblog-nyc-twitter_normal.png",
        "profile_banner_url": "https://pbs.twimg.com/profile_banners/128750686/1481994118",
        "profile_link_color": "0084B4",
        "profile_sidebar_border_color": "FED368",
        "profile_sidebar_fill_color": "FFFAED",
        "profile_text_color": "333333",
        "profile_use_background_image": true,
        "has_extended_profile": false,
        "default_profile": false,
        "default_profile_image": false,
        "following": null,
        "follow_request_sent": null,
        "notifications": null,
        "translator_type": "none"
    },
    "geo": null,
    "coordinates": null,
    "place": null,
    "contributors": null,
    "is_quote_status": false,
    "retweet_count": 1,
    "favorite_count": 6,
    "favorited": false,
    "retweeted": false,
    "possibly_sensitive": false,
    "lang": "en"
}