{
    "created_at": "Mon Apr 15 22:19:37 +0000 2019",
    "id": 1117915408630046720,
    "id_str": "1117915408630046720",
    "text": "New Yorkers can hop on a Citi Bike using Lyft's app starting in early May. https://t.co/jW54A50tsE",
    "truncated": false,
    "entities": {
        "hashtags": [],
        "symbols": [],
        "user_mentions": [],
        "urls": [
            {
                "url": "https://t.co/jW54A50tsE",
                "expanded_url": "https://trib.al/STCotOK",
                "display_url": "trib.al/STCotOK",
                "indices": [
                    75,
                    98
                ]
            }
        ]
    },
    "metadata": {
        "iso_language_code": "en",
        "result_type": "recent"
    },
    "source": "<a href=\"http://www.socialflow.com\" rel=\"nofollow\">SocialFlow</a>",
    "in_reply_to_status_id": null,
    "in_reply_to_status_id_str": null,
    "in_reply_to_user_id": null,
    "in_reply_to_user_id_str": null,
    "in_reply_to_screen_name": null,
    "user": {
        "id": 3430514559,
        "id_str": "3430514559",
        "name": "Williamsburg Patch",
        "screen_name": "WburgGptPatch",
        "location": "Williamsburg-Greenpoint, NY",
        "description": "Local news, alerts, events and more. We\u2019re your source for all things Williamsburg and Greenpoint.",
        "url": "http://t.co/DFdIlLw0TO",
        "entities": {
            "url": {
                "urls": [
                    {
                        "url": "http://t.co/DFdIlLw0TO",
                        "expanded_url": "http://patch.com/new-york/williamsburg",
                        "display_url": "patch.com/new-york/willi\u2026",
                        "indices": [
                            0,
                            22
                        ]
                    }
                ]
            },
            "description": {
                "urls": []
            }
        },
        "protected": false,
        "followers_count": 147,
        "friends_count": 118,
        "listed_count": 9,
        "created_at": "Tue Aug 18 22:28:57 +0000 2015",
        "favourites_count": 7,
        "utc_offset": null,
        "time_zone": null,
        "geo_enabled": false,
        "verified": false,
        "statuses_count": 9581,
        "lang": "en",
        "contributors_enabled": false,
        "is_translator": false,
        "is_translation_enabled": false,
        "profile_background_color": "000000",
        "profile_background_image_url": "http://abs.twimg.com/images/themes/theme1/bg.png",
        "profile_background_image_url_https": "https://abs.twimg.com/images/themes/theme1/bg.png",
        "profile_background_tile": false,
        "profile_image_url": "http://pbs.twimg.com/profile_images/928707658646818816/bznQA7zI_normal.jpg",
        "profile_image_url_https": "https://pbs.twimg.com/profile_images/928707658646818816/bznQA7zI_normal.jpg",
        "profile_banner_url": "https://pbs.twimg.com/profile_banners/3430514559/1440006569",
        "profile_link_color": "4A913C",
        "profile_sidebar_border_color": "000000",
        "profile_sidebar_fill_color": "000000",
        "profile_text_color": "000000",
        "profile_use_background_image": false,
        "has_extended_profile": false,
        "default_profile": false,
        "default_profile_image": false,
        "following": null,
        "follow_request_sent": null,
        "notifications": null,
        "translator_type": "none"
    },
    "geo": null,
    "coordinates": null,
    "place": null,
    "contributors": null,
    "is_quote_status": false,
    "retweet_count": 0,
    "favorite_count": 0,
    "favorited": false,
    "retweeted": false,
    "possibly_sensitive": false,
    "lang": "en"
}