{
    "created_at": "Mon Apr 15 22:16:15 +0000 2019",
    "id": 1117914558339792902,
    "id_str": "1117914558339792902",
    "text": "New Yorkers can hop on a Citi Bike using Lyft's app starting in early May. https://t.co/GBcUJnb2f8",
    "truncated": false,
    "entities": {
        "hashtags": [],
        "symbols": [],
        "user_mentions": [],
        "urls": [
            {
                "url": "https://t.co/GBcUJnb2f8",
                "expanded_url": "https://trib.al/vmyf7Pf",
                "display_url": "trib.al/vmyf7Pf",
                "indices": [
                    75,
                    98
                ]
            }
        ]
    },
    "metadata": {
        "iso_language_code": "en",
        "result_type": "recent"
    },
    "source": "<a href=\"http://www.socialflow.com\" rel=\"nofollow\">SocialFlow</a>",
    "in_reply_to_status_id": null,
    "in_reply_to_status_id_str": null,
    "in_reply_to_user_id": null,
    "in_reply_to_user_id_str": null,
    "in_reply_to_screen_name": null,
    "user": {
        "id": 165907318,
        "id_str": "165907318",
        "name": "Fort Greene Patch",
        "screen_name": "FortGreenePatch",
        "location": "Fort Greene, Brooklyn",
        "description": "Local news, alerts, events and more. We\u2019re your source for all things Fort Greene and Clinton Hill.",
        "url": "https://t.co/Nnci4yrkHr",
        "entities": {
            "url": {
                "urls": [
                    {
                        "url": "https://t.co/Nnci4yrkHr",
                        "expanded_url": "http://patch.com/new-york/fortgreene",
                        "display_url": "patch.com/new-york/fortg\u2026",
                        "indices": [
                            0,
                            23
                        ]
                    }
                ]
            },
            "description": {
                "urls": []
            }
        },
        "protected": false,
        "followers_count": 2615,
        "friends_count": 361,
        "listed_count": 116,
        "created_at": "Mon Jul 12 21:13:43 +0000 2010",
        "favourites_count": 5,
        "utc_offset": null,
        "time_zone": null,
        "geo_enabled": true,
        "verified": false,
        "statuses_count": 16179,
        "lang": "en",
        "contributors_enabled": false,
        "is_translator": false,
        "is_translation_enabled": false,
        "profile_background_color": "000000",
        "profile_background_image_url": "http://abs.twimg.com/images/themes/theme1/bg.png",
        "profile_background_image_url_https": "https://abs.twimg.com/images/themes/theme1/bg.png",
        "profile_background_tile": false,
        "profile_image_url": "http://pbs.twimg.com/profile_images/928701919995969536/-7L7lrQg_normal.jpg",
        "profile_image_url_https": "https://pbs.twimg.com/profile_images/928701919995969536/-7L7lrQg_normal.jpg",
        "profile_banner_url": "https://pbs.twimg.com/profile_banners/165907318/1456252931",
        "profile_link_color": "239B44",
        "profile_sidebar_border_color": "000000",
        "profile_sidebar_fill_color": "000000",
        "profile_text_color": "000000",
        "profile_use_background_image": false,
        "has_extended_profile": false,
        "default_profile": false,
        "default_profile_image": false,
        "following": null,
        "follow_request_sent": null,
        "notifications": null,
        "translator_type": "none"
    },
    "geo": null,
    "coordinates": null,
    "place": null,
    "contributors": null,
    "is_quote_status": false,
    "retweet_count": 0,
    "favorite_count": 0,
    "favorited": false,
    "retweeted": false,
    "possibly_sensitive": false,
    "lang": "en"
}