{
    "created_at": "Mon Apr 15 22:29:51 +0000 2019",
    "id": 1117917981915402241,
    "id_str": "1117917981915402241",
    "text": "New Yorkers can hop on a Citi Bike using Lyft's app starting in early May. https://t.co/ZefrPHR9vM",
    "truncated": false,
    "entities": {
        "hashtags": [],
        "symbols": [],
        "user_mentions": [],
        "urls": [
            {
                "url": "https://t.co/ZefrPHR9vM",
                "expanded_url": "https://trib.al/AavRrcO",
                "display_url": "trib.al/AavRrcO",
                "indices": [
                    75,
                    98
                ]
            }
        ]
    },
    "metadata": {
        "iso_language_code": "en",
        "result_type": "recent"
    },
    "source": "<a href=\"http://www.socialflow.com\" rel=\"nofollow\">SocialFlow</a>",
    "in_reply_to_status_id": null,
    "in_reply_to_status_id_str": null,
    "in_reply_to_user_id": null,
    "in_reply_to_user_id_str": null,
    "in_reply_to_screen_name": null,
    "user": {
        "id": 918882192582995968,
        "id_str": "918882192582995968",
        "name": "Jamaica Patch",
        "screen_name": "JamaicaNYCPatch",
        "location": "Jamaica",
        "description": "Local news, alerts, events and more. We\u2019re your source for all things Jamaica.",
        "url": "https://t.co/GCEDDaYai3",
        "entities": {
            "url": {
                "urls": [
                    {
                        "url": "https://t.co/GCEDDaYai3",
                        "expanded_url": "https://patch.com/new-york/jamaica",
                        "display_url": "patch.com/new-york/jamai\u2026",
                        "indices": [
                            0,
                            23
                        ]
                    }
                ]
            },
            "description": {
                "urls": []
            }
        },
        "protected": false,
        "followers_count": 26,
        "friends_count": 0,
        "listed_count": 2,
        "created_at": "Fri Oct 13 16:52:41 +0000 2017",
        "favourites_count": 0,
        "utc_offset": null,
        "time_zone": null,
        "geo_enabled": false,
        "verified": false,
        "statuses_count": 3620,
        "lang": "en",
        "contributors_enabled": false,
        "is_translator": false,
        "is_translation_enabled": false,
        "profile_background_color": "000000",
        "profile_background_image_url": "http://abs.twimg.com/images/themes/theme1/bg.png",
        "profile_background_image_url_https": "https://abs.twimg.com/images/themes/theme1/bg.png",
        "profile_background_tile": false,
        "profile_image_url": "http://pbs.twimg.com/profile_images/950433805734576128/J1Y82y1K_normal.jpg",
        "profile_image_url_https": "https://pbs.twimg.com/profile_images/950433805734576128/J1Y82y1K_normal.jpg",
        "profile_banner_url": "https://pbs.twimg.com/profile_banners/918882192582995968/1515436080",
        "profile_link_color": "19CF86",
        "profile_sidebar_border_color": "000000",
        "profile_sidebar_fill_color": "000000",
        "profile_text_color": "000000",
        "profile_use_background_image": false,
        "has_extended_profile": false,
        "default_profile": false,
        "default_profile_image": false,
        "following": null,
        "follow_request_sent": null,
        "notifications": null,
        "translator_type": "none"
    },
    "geo": null,
    "coordinates": null,
    "place": null,
    "contributors": null,
    "is_quote_status": false,
    "retweet_count": 0,
    "favorite_count": 0,
    "favorited": false,
    "retweeted": false,
    "possibly_sensitive": false,
    "lang": "en"
}