{
    "created_at": "Mon Apr 15 23:58:54 +0000 2019",
    "id": 1117940393302081537,
    "id_str": "1117940393302081537",
    "text": "Lyft pulls thousands of e-bikes out of service in three US cities for braking malfunctions https://t.co/9AeW3O5Gfm via @Verge",
    "truncated": false,
    "entities": {
        "hashtags": [],
        "symbols": [],
        "user_mentions": [
            {
                "screen_name": "verge",
                "name": "The Verge",
                "id": 275686563,
                "id_str": "275686563",
                "indices": [
                    119,
                    125
                ]
            }
        ],
        "urls": [
            {
                "url": "https://t.co/9AeW3O5Gfm",
                "expanded_url": "https://www.theverge.com/2019/4/15/18311243/lyft-electric-citi-bike-bikeshare-nyc-sf-dc-braking-malfunction?utm_campaign=theverge&utm_content=entry&utm_medium=social&utm_source=twitter",
                "display_url": "theverge.com/2019/4/15/1831\u2026",
                "indices": [
                    91,
                    114
                ]
            }
        ]
    },
    "metadata": {
        "iso_language_code": "en",
        "result_type": "recent"
    },
    "source": "<a href=\"http://twitter.com\" rel=\"nofollow\">Twitter Web Client</a>",
    "in_reply_to_status_id": null,
    "in_reply_to_status_id_str": null,
    "in_reply_to_user_id": null,
    "in_reply_to_user_id_str": null,
    "in_reply_to_screen_name": null,
    "user": {
        "id": 19224725,
        "id_str": "19224725",
        "name": "Techchaser",
        "screen_name": "Techchaser",
        "location": "United States",
        "description": "A Trusted Resource in the IT Industry, delivering latest Enterprise and Technology News.",
        "url": "https://t.co/mkoG5RWBoR",
        "entities": {
            "url": {
                "urls": [
                    {
                        "url": "https://t.co/mkoG5RWBoR",
                        "expanded_url": "https://codewr.blogspot.com/p/business.html",
                        "display_url": "codewr.blogspot.com/p/business.html",
                        "indices": [
                            0,
                            23
                        ]
                    }
                ]
            },
            "description": {
                "urls": []
            }
        },
        "protected": false,
        "followers_count": 1214,
        "friends_count": 1700,
        "listed_count": 109,
        "created_at": "Tue Jan 20 08:04:23 +0000 2009",
        "favourites_count": 112,
        "utc_offset": null,
        "time_zone": null,
        "geo_enabled": false,
        "verified": false,
        "statuses_count": 48118,
        "lang": "en",
        "contributors_enabled": false,
        "is_translator": false,
        "is_translation_enabled": false,
        "profile_background_color": "0099B9",
        "profile_background_image_url": "http://abs.twimg.com/images/themes/theme2/bg.gif",
        "profile_background_image_url_https": "https://abs.twimg.com/images/themes/theme2/bg.gif",
        "profile_background_tile": true,
        "profile_image_url": "http://pbs.twimg.com/profile_images/1106351682831548416/oygd-0la_normal.png",
        "profile_image_url_https": "https://pbs.twimg.com/profile_images/1106351682831548416/oygd-0la_normal.png",
        "profile_banner_url": "https://pbs.twimg.com/profile_banners/19224725/1525563462",
        "profile_link_color": "ABB8C2",
        "profile_sidebar_border_color": "FFFFFF",
        "profile_sidebar_fill_color": "DAECF4",
        "profile_text_color": "663B12",
        "profile_use_background_image": true,
        "has_extended_profile": false,
        "default_profile": false,
        "default_profile_image": false,
        "following": null,
        "follow_request_sent": null,
        "notifications": null,
        "translator_type": "none"
    },
    "geo": null,
    "coordinates": null,
    "place": null,
    "contributors": null,
    "is_quote_status": false,
    "retweet_count": 0,
    "favorite_count": 0,
    "favorited": false,
    "retweeted": false,
    "possibly_sensitive": true,
    "lang": "en"
}