{
    "created_at": "Mon Apr 15 21:22:03 +0000 2019",
    "id": 1117900919625134085,
    "id_str": "1117900919625134085",
    "text": "Citi Bike pulls electric bikes off streets due to brake problems https://t.co/76kHhPji3y",
    "truncated": false,
    "entities": {
        "hashtags": [],
        "symbols": [],
        "user_mentions": [],
        "urls": [
            {
                "url": "https://t.co/76kHhPji3y",
                "expanded_url": "http://www.fox5ny.com/news/citi-bike-pulls-electric-bikes-off-streets",
                "display_url": "fox5ny.com/news/citi-bike\u2026",
                "indices": [
                    65,
                    88
                ]
            }
        ]
    },
    "metadata": {
        "iso_language_code": "en",
        "result_type": "recent"
    },
    "source": "<a href=\"http://www.socialnewsdesk.com\" rel=\"nofollow\">SocialNewsDesk</a>",
    "in_reply_to_status_id": null,
    "in_reply_to_status_id_str": null,
    "in_reply_to_user_id": null,
    "in_reply_to_user_id_str": null,
    "in_reply_to_screen_name": null,
    "user": {
        "id": 9229672,
        "id_str": "9229672",
        "name": "Fox5NY",
        "screen_name": "fox5ny",
        "location": "New York",
        "description": "Comments & photos shared here or using #Fox5NY could be used on any FOX platforms.",
        "url": "http://t.co/4Zs8s3El4O",
        "entities": {
            "url": {
                "urls": [
                    {
                        "url": "http://t.co/4Zs8s3El4O",
                        "expanded_url": "http://www.fox5ny.com",
                        "display_url": "fox5ny.com",
                        "indices": [
                            0,
                            22
                        ]
                    }
                ]
            },
            "description": {
                "urls": []
            }
        },
        "protected": false,
        "followers_count": 109093,
        "friends_count": 423,
        "listed_count": 1824,
        "created_at": "Wed Oct 03 19:06:04 +0000 2007",
        "favourites_count": 4527,
        "utc_offset": null,
        "time_zone": null,
        "geo_enabled": true,
        "verified": true,
        "statuses_count": 127801,
        "lang": "en",
        "contributors_enabled": false,
        "is_translator": false,
        "is_translation_enabled": false,
        "profile_background_color": "0C091A",
        "profile_background_image_url": "http://abs.twimg.com/images/themes/theme1/bg.png",
        "profile_background_image_url_https": "https://abs.twimg.com/images/themes/theme1/bg.png",
        "profile_background_tile": false,
        "profile_image_url": "http://pbs.twimg.com/profile_images/862393610209308672/ExL27e2d_normal.jpg",
        "profile_image_url_https": "https://pbs.twimg.com/profile_images/862393610209308672/ExL27e2d_normal.jpg",
        "profile_banner_url": "https://pbs.twimg.com/profile_banners/9229672/1414514569",
        "profile_link_color": "0084B4",
        "profile_sidebar_border_color": "FFFFFF",
        "profile_sidebar_fill_color": "E0FF92",
        "profile_text_color": "000000",
        "profile_use_background_image": true,
        "has_extended_profile": false,
        "default_profile": false,
        "default_profile_image": false,
        "following": null,
        "follow_request_sent": null,
        "notifications": null,
        "translator_type": "none"
    },
    "geo": null,
    "coordinates": null,
    "place": null,
    "contributors": null,
    "is_quote_status": false,
    "retweet_count": 0,
    "favorite_count": 0,
    "favorited": false,
    "retweeted": false,
    "possibly_sensitive": false,
    "lang": "en"
}