{
    "created_at": "Mon Apr 15 21:48:02 +0000 2019",
    "id": 1117907458507198464,
    "id_str": "1117907458507198464",
    "text": "#CitiBike Pulls New #ElectricBikes Off Streets, Citing #Safety Concerns https://t.co/oftf7eyRHF #ebikes #Lyft https://t.co/bFBc4Jikzu",
    "truncated": false,
    "entities": {
        "hashtags": [
            {
                "text": "CitiBike",
                "indices": [
                    0,
                    9
                ]
            },
            {
                "text": "ElectricBikes",
                "indices": [
                    20,
                    34
                ]
            },
            {
                "text": "Safety",
                "indices": [
                    55,
                    62
                ]
            },
            {
                "text": "ebikes",
                "indices": [
                    96,
                    103
                ]
            },
            {
                "text": "Lyft",
                "indices": [
                    104,
                    109
                ]
            }
        ],
        "symbols": [],
        "user_mentions": [],
        "urls": [
            {
                "url": "https://t.co/oftf7eyRHF",
                "expanded_url": "https://buff.ly/2UA5bfg",
                "display_url": "buff.ly/2UA5bfg",
                "indices": [
                    72,
                    95
                ]
            }
        ],
        "media": [
            {
                "id": 1117907456330555392,
                "id_str": "1117907456330555392",
                "indices": [
                    110,
                    133
                ],
                "media_url": "http://pbs.twimg.com/media/D4Oa6JpX4AAmWff.jpg",
                "media_url_https": "https://pbs.twimg.com/media/D4Oa6JpX4AAmWff.jpg",
                "url": "https://t.co/bFBc4Jikzu",
                "display_url": "pic.twitter.com/bFBc4Jikzu",
                "expanded_url": "https://twitter.com/haroldlgardner/status/1117907458507198464/photo/1",
                "type": "photo",
                "sizes": {
                    "thumb": {
                        "w": 150,
                        "h": 150,
                        "resize": "crop"
                    },
                    "small": {
                        "w": 680,
                        "h": 356,
                        "resize": "fit"
                    },
                    "large": {
                        "w": 1050,
                        "h": 550,
                        "resize": "fit"
                    },
                    "medium": {
                        "w": 1050,
                        "h": 550,
                        "resize": "fit"
                    }
                }
            }
        ]
    },
    "extended_entities": {
        "media": [
            {
                "id": 1117907456330555392,
                "id_str": "1117907456330555392",
                "indices": [
                    110,
                    133
                ],
                "media_url": "http://pbs.twimg.com/media/D4Oa6JpX4AAmWff.jpg",
                "media_url_https": "https://pbs.twimg.com/media/D4Oa6JpX4AAmWff.jpg",
                "url": "https://t.co/bFBc4Jikzu",
                "display_url": "pic.twitter.com/bFBc4Jikzu",
                "expanded_url": "https://twitter.com/haroldlgardner/status/1117907458507198464/photo/1",
                "type": "photo",
                "sizes": {
                    "thumb": {
                        "w": 150,
                        "h": 150,
                        "resize": "crop"
                    },
                    "small": {
                        "w": 680,
                        "h": 356,
                        "resize": "fit"
                    },
                    "large": {
                        "w": 1050,
                        "h": 550,
                        "resize": "fit"
                    },
                    "medium": {
                        "w": 1050,
                        "h": 550,
                        "resize": "fit"
                    }
                }
            }
        ]
    },
    "metadata": {
        "iso_language_code": "en",
        "result_type": "recent"
    },
    "source": "<a href=\"https://buffer.com\" rel=\"nofollow\">Buffer</a>",
    "in_reply_to_status_id": null,
    "in_reply_to_status_id_str": null,
    "in_reply_to_user_id": null,
    "in_reply_to_user_id_str": null,
    "in_reply_to_screen_name": null,
    "user": {
        "id": 203025512,
        "id_str": "203025512",
        "name": "Harold Gardner",
        "screen_name": "haroldlgardner",
        "location": "Houston, TX",
        "description": "Just a simple country boy doing the best I can in the big city! I #followback",
        "url": "http://t.co/7mYxriO5VM",
        "entities": {
            "url": {
                "urls": [
                    {
                        "url": "http://t.co/7mYxriO5VM",
                        "expanded_url": "http://haroldgardner.blogspot.com",
                        "display_url": "haroldgardner.blogspot.com",
                        "indices": [
                            0,
                            22
                        ]
                    }
                ]
            },
            "description": {
                "urls": []
            }
        },
        "protected": false,
        "followers_count": 25903,
        "friends_count": 20171,
        "listed_count": 922,
        "created_at": "Fri Oct 15 10:59:16 +0000 2010",
        "favourites_count": 7914,
        "utc_offset": null,
        "time_zone": null,
        "geo_enabled": false,
        "verified": false,
        "statuses_count": 82957,
        "lang": "en",
        "contributors_enabled": false,
        "is_translator": false,
        "is_translation_enabled": false,
        "profile_background_color": "C0DEED",
        "profile_background_image_url": "http://abs.twimg.com/images/themes/theme1/bg.png",
        "profile_background_image_url_https": "https://abs.twimg.com/images/themes/theme1/bg.png",
        "profile_background_tile": false,
        "profile_image_url": "http://pbs.twimg.com/profile_images/1145713830/Harold_normal.jpg",
        "profile_image_url_https": "https://pbs.twimg.com/profile_images/1145713830/Harold_normal.jpg",
        "profile_banner_url": "https://pbs.twimg.com/profile_banners/203025512/1472820654",
        "profile_link_color": "3B94D9",
        "profile_sidebar_border_color": "C0DEED",
        "profile_sidebar_fill_color": "DDEEF6",
        "profile_text_color": "333333",
        "profile_use_background_image": true,
        "has_extended_profile": false,
        "default_profile": false,
        "default_profile_image": false,
        "following": null,
        "follow_request_sent": null,
        "notifications": null,
        "translator_type": "none"
    },
    "geo": null,
    "coordinates": null,
    "place": null,
    "contributors": null,
    "is_quote_status": false,
    "retweet_count": 1,
    "favorite_count": 0,
    "favorited": false,
    "retweeted": false,
    "possibly_sensitive": false,
    "lang": "en"
}