{
    "created_at": "Mon Apr 15 21:15:05 +0000 2019",
    "id": 1117899166926004224,
    "id_str": "1117899166926004224",
    "text": "Paul Buijs had logged more than 750 Citi Bike rides before he took out an electric bike for the first time. He was\u2026 https://t.co/270SUPMojO",
    "truncated": true,
    "entities": {
        "hashtags": [],
        "symbols": [],
        "user_mentions": [],
        "urls": [
            {
                "url": "https://t.co/270SUPMojO",
                "expanded_url": "https://twitter.com/i/web/status/1117899166926004224",
                "display_url": "twitter.com/i/web/status/1\u2026",
                "indices": [
                    116,
                    139
                ]
            }
        ]
    },
    "metadata": {
        "iso_language_code": "en",
        "result_type": "recent"
    },
    "source": "<a href=\"http://bloxcms.com/\" rel=\"nofollow\">BLOX CMS</a>",
    "in_reply_to_status_id": null,
    "in_reply_to_status_id_str": null,
    "in_reply_to_user_id": null,
    "in_reply_to_user_id_str": null,
    "in_reply_to_screen_name": null,
    "user": {
        "id": 44976030,
        "id_str": "44976030",
        "name": "San Mateo Daily Journal",
        "screen_name": "smdailyjournal",
        "location": "San Mateo, CA",
        "description": "Local newspaper covering the San Francisco Bay Peninsula",
        "url": "http://t.co/fH8Jh4UyzO",
        "entities": {
            "url": {
                "urls": [
                    {
                        "url": "http://t.co/fH8Jh4UyzO",
                        "expanded_url": "http://www.smdailyjournal.com",
                        "display_url": "smdailyjournal.com",
                        "indices": [
                            0,
                            22
                        ]
                    }
                ]
            },
            "description": {
                "urls": []
            }
        },
        "protected": false,
        "followers_count": 5567,
        "friends_count": 69,
        "listed_count": 214,
        "created_at": "Fri Jun 05 19:42:00 +0000 2009",
        "favourites_count": 14,
        "utc_offset": null,
        "time_zone": null,
        "geo_enabled": false,
        "verified": false,
        "statuses_count": 26634,
        "lang": "en",
        "contributors_enabled": false,
        "is_translator": false,
        "is_translation_enabled": false,
        "profile_background_color": "EBEBEB",
        "profile_background_image_url": "http://abs.twimg.com/images/themes/theme1/bg.png",
        "profile_background_image_url_https": "https://abs.twimg.com/images/themes/theme1/bg.png",
        "profile_background_tile": false,
        "profile_image_url": "http://pbs.twimg.com/profile_images/3213287267/dfec16056e22e4539b5c13b11151ea77_normal.jpeg",
        "profile_image_url_https": "https://pbs.twimg.com/profile_images/3213287267/dfec16056e22e4539b5c13b11151ea77_normal.jpeg",
        "profile_link_color": "990000",
        "profile_sidebar_border_color": "DFDFDF",
        "profile_sidebar_fill_color": "F3F3F3",
        "profile_text_color": "333333",
        "profile_use_background_image": false,
        "has_extended_profile": false,
        "default_profile": false,
        "default_profile_image": false,
        "following": null,
        "follow_request_sent": null,
        "notifications": null,
        "translator_type": "none"
    },
    "geo": null,
    "coordinates": null,
    "place": null,
    "contributors": null,
    "is_quote_status": false,
    "retweet_count": 0,
    "favorite_count": 0,
    "favorited": false,
    "retweeted": false,
    "possibly_sensitive": false,
    "lang": "en"
}