{
    "created_at": "Tue Apr 16 02:50:26 +0000 2019",
    "id": 1117983558180724741,
    "id_str": "1117983558180724741",
    "text": "Lyft adds New York\u2019s Citi Bikes to its app https://t.co/6icyYfJseU",
    "truncated": false,
    "entities": {
        "hashtags": [],
        "symbols": [],
        "user_mentions": [],
        "urls": [
            {
                "url": "https://t.co/6icyYfJseU",
                "expanded_url": "https://goo.gl/fb/mFgMcy",
                "display_url": "goo.gl/fb/mFgMcy",
                "indices": [
                    43,
                    66
                ]
            }
        ]
    },
    "metadata": {
        "iso_language_code": "en",
        "result_type": "recent"
    },
    "source": "<a href=\"https://www.google.com/\" rel=\"nofollow\">Google</a>",
    "in_reply_to_status_id": null,
    "in_reply_to_status_id_str": null,
    "in_reply_to_user_id": null,
    "in_reply_to_user_id_str": null,
    "in_reply_to_screen_name": null,
    "user": {
        "id": 15613363,
        "id_str": "15613363",
        "name": "Noah Swint",
        "screen_name": "nswint",
        "location": "Arlington, VA",
        "description": "\u00dcbergeek,home automation junkie,all things Linux,open source, high def, writing a blockhain screenplay",
        "url": "https://t.co/UDqzzY8VZp",
        "entities": {
            "url": {
                "urls": [
                    {
                        "url": "https://t.co/UDqzzY8VZp",
                        "expanded_url": "https://keybase.io/nswint",
                        "display_url": "keybase.io/nswint",
                        "indices": [
                            0,
                            23
                        ]
                    }
                ]
            },
            "description": {
                "urls": []
            }
        },
        "protected": false,
        "followers_count": 1138,
        "friends_count": 3006,
        "listed_count": 37,
        "created_at": "Sat Jul 26 19:08:27 +0000 2008",
        "favourites_count": 1041,
        "utc_offset": null,
        "time_zone": null,
        "geo_enabled": true,
        "verified": false,
        "statuses_count": 159626,
        "lang": "en",
        "contributors_enabled": false,
        "is_translator": false,
        "is_translation_enabled": false,
        "profile_background_color": "131516",
        "profile_background_image_url": "http://abs.twimg.com/images/themes/theme14/bg.gif",
        "profile_background_image_url_https": "https://abs.twimg.com/images/themes/theme14/bg.gif",
        "profile_background_tile": true,
        "profile_image_url": "http://pbs.twimg.com/profile_images/1004806736912543746/a_R64iuK_normal.jpg",
        "profile_image_url_https": "https://pbs.twimg.com/profile_images/1004806736912543746/a_R64iuK_normal.jpg",
        "profile_banner_url": "https://pbs.twimg.com/profile_banners/15613363/1442624355",
        "profile_link_color": "009999",
        "profile_sidebar_border_color": "EEEEEE",
        "profile_sidebar_fill_color": "EFEFEF",
        "profile_text_color": "333333",
        "profile_use_background_image": true,
        "has_extended_profile": true,
        "default_profile": false,
        "default_profile_image": false,
        "following": null,
        "follow_request_sent": null,
        "notifications": null,
        "translator_type": "none"
    },
    "geo": null,
    "coordinates": null,
    "place": null,
    "contributors": null,
    "is_quote_status": false,
    "retweet_count": 0,
    "favorite_count": 0,
    "favorited": false,
    "retweeted": false,
    "possibly_sensitive": false,
    "lang": "en"
}