{
    "created_at": "Mon Apr 15 23:02:27 +0000 2019",
    "id": 1117926187307798529,
    "id_str": "1117926187307798529",
    "text": "RT @CityAndStateNY: Noticed there are less Citi Bikes out than usual? Here's why: https://t.co/jMlhShf9P8 https://t.co/paxHoab8qo",
    "truncated": false,
    "entities": {
        "hashtags": [],
        "symbols": [],
        "user_mentions": [
            {
                "screen_name": "CityAndStateNY",
                "name": "City & State NY",
                "id": 21921531,
                "id_str": "21921531",
                "indices": [
                    3,
                    18
                ]
            }
        ],
        "urls": [
            {
                "url": "https://t.co/jMlhShf9P8",
                "expanded_url": "http://ow.ly/wTKC50qjLkj",
                "display_url": "ow.ly/wTKC50qjLkj",
                "indices": [
                    82,
                    105
                ]
            }
        ],
        "media": [
            {
                "id": 1117925722151096328,
                "id_str": "1117925722151096328",
                "indices": [
                    106,
                    129
                ],
                "media_url": "http://pbs.twimg.com/media/D4OrhXIWkAg6fNg.jpg",
                "media_url_https": "https://pbs.twimg.com/media/D4OrhXIWkAg6fNg.jpg",
                "url": "https://t.co/paxHoab8qo",
                "display_url": "pic.twitter.com/paxHoab8qo",
                "expanded_url": "https://twitter.com/CityAndStateNY/status/1117925723598143490/photo/1",
                "type": "photo",
                "sizes": {
                    "thumb": {
                        "w": 150,
                        "h": 150,
                        "resize": "crop"
                    },
                    "medium": {
                        "w": 764,
                        "h": 451,
                        "resize": "fit"
                    },
                    "large": {
                        "w": 764,
                        "h": 451,
                        "resize": "fit"
                    },
                    "small": {
                        "w": 680,
                        "h": 401,
                        "resize": "fit"
                    }
                },
                "source_status_id": 1117925723598143490,
                "source_status_id_str": "1117925723598143490",
                "source_user_id": 21921531,
                "source_user_id_str": "21921531"
            }
        ]
    },
    "extended_entities": {
        "media": [
            {
                "id": 1117925722151096328,
                "id_str": "1117925722151096328",
                "indices": [
                    106,
                    129
                ],
                "media_url": "http://pbs.twimg.com/media/D4OrhXIWkAg6fNg.jpg",
                "media_url_https": "https://pbs.twimg.com/media/D4OrhXIWkAg6fNg.jpg",
                "url": "https://t.co/paxHoab8qo",
                "display_url": "pic.twitter.com/paxHoab8qo",
                "expanded_url": "https://twitter.com/CityAndStateNY/status/1117925723598143490/photo/1",
                "type": "photo",
                "sizes": {
                    "thumb": {
                        "w": 150,
                        "h": 150,
                        "resize": "crop"
                    },
                    "medium": {
                        "w": 764,
                        "h": 451,
                        "resize": "fit"
                    },
                    "large": {
                        "w": 764,
                        "h": 451,
                        "resize": "fit"
                    },
                    "small": {
                        "w": 680,
                        "h": 401,
                        "resize": "fit"
                    }
                },
                "source_status_id": 1117925723598143490,
                "source_status_id_str": "1117925723598143490",
                "source_user_id": 21921531,
                "source_user_id_str": "21921531"
            }
        ]
    },
    "metadata": {
        "iso_language_code": "en",
        "result_type": "recent"
    },
    "source": "<a href=\"http://twitter.com/download/iphone\" rel=\"nofollow\">Twitter for iPhone</a>",
    "in_reply_to_status_id": null,
    "in_reply_to_status_id_str": null,
    "in_reply_to_user_id": null,
    "in_reply_to_user_id_str": null,
    "in_reply_to_screen_name": null,
    "user": {
        "id": 70499835,
        "id_str": "70499835",
        "name": "Navid",
        "screen_name": "NYCNavid",
        "location": "New York, USA",
        "description": "NY attorney. Life Motto: The Emperor has no body. Navid pronounced as Naveed (\u05e0\u05d1\u05d9\u05d3, \u0646\u0648\u06cc\u062f). Personal account, reflecting only my own views.",
        "url": "https://t.co/J4KGzJe8Tu",
        "entities": {
            "url": {
                "urls": [
                    {
                        "url": "https://t.co/J4KGzJe8Tu",
                        "expanded_url": "https://www.instagram.com/DiscoNappe",
                        "display_url": "instagram.com/DiscoNappe",
                        "indices": [
                            0,
                            23
                        ]
                    }
                ]
            },
            "description": {
                "urls": []
            }
        },
        "protected": false,
        "followers_count": 47604,
        "friends_count": 38532,
        "listed_count": 288,
        "created_at": "Mon Aug 31 21:03:30 +0000 2009",
        "favourites_count": 28190,
        "utc_offset": null,
        "time_zone": null,
        "geo_enabled": true,
        "verified": false,
        "statuses_count": 94819,
        "lang": "en",
        "contributors_enabled": false,
        "is_translator": false,
        "is_translation_enabled": false,
        "profile_background_color": "FFFFFF",
        "profile_background_image_url": "http://abs.twimg.com/images/themes/theme8/bg.gif",
        "profile_background_image_url_https": "https://abs.twimg.com/images/themes/theme8/bg.gif",
        "profile_background_tile": true,
        "profile_image_url": "http://pbs.twimg.com/profile_images/620564830345383936/jQIWYfPj_normal.jpg",
        "profile_image_url_https": "https://pbs.twimg.com/profile_images/620564830345383936/jQIWYfPj_normal.jpg",
        "profile_banner_url": "https://pbs.twimg.com/profile_banners/70499835/1555214698",
        "profile_link_color": "DD2E44",
        "profile_sidebar_border_color": "A4B45D",
        "profile_sidebar_fill_color": "CEDBD7",
        "profile_text_color": "8C9C43",
        "profile_use_background_image": false,
        "has_extended_profile": true,
        "default_profile": false,
        "default_profile_image": false,
        "following": null,
        "follow_request_sent": null,
        "notifications": null,
        "translator_type": "regular"
    },
    "geo": null,
    "coordinates": null,
    "place": null,
    "contributors": null,
    "retweeted_status": {
        "created_at": "Mon Apr 15 23:00:37 +0000 2019",
        "id": 1117925723598143490,
        "id_str": "1117925723598143490",
        "text": "Noticed there are less Citi Bikes out than usual? Here's why: https://t.co/jMlhShf9P8 https://t.co/paxHoab8qo",
        "truncated": false,
        "entities": {
            "hashtags": [],
            "symbols": [],
            "user_mentions": [],
            "urls": [
                {
                    "url": "https://t.co/jMlhShf9P8",
                    "expanded_url": "http://ow.ly/wTKC50qjLkj",
                    "display_url": "ow.ly/wTKC50qjLkj",
                    "indices": [
                        62,
                        85
                    ]
                }
            ],
            "media": [
                {
                    "id": 1117925722151096328,
                    "id_str": "1117925722151096328",
                    "indices": [
                        86,
                        109
                    ],
                    "media_url": "http://pbs.twimg.com/media/D4OrhXIWkAg6fNg.jpg",
                    "media_url_https": "https://pbs.twimg.com/media/D4OrhXIWkAg6fNg.jpg",
                    "url": "https://t.co/paxHoab8qo",
                    "display_url": "pic.twitter.com/paxHoab8qo",
                    "expanded_url": "https://twitter.com/CityAndStateNY/status/1117925723598143490/photo/1",
                    "type": "photo",
                    "sizes": {
                        "thumb": {
                            "w": 150,
                            "h": 150,
                            "resize": "crop"
                        },
                        "medium": {
                            "w": 764,
                            "h": 451,
                            "resize": "fit"
                        },
                        "large": {
                            "w": 764,
                            "h": 451,
                            "resize": "fit"
                        },
                        "small": {
                            "w": 680,
                            "h": 401,
                            "resize": "fit"
                        }
                    }
                }
            ]
        },
        "extended_entities": {
            "media": [
                {
                    "id": 1117925722151096328,
                    "id_str": "1117925722151096328",
                    "indices": [
                        86,
                        109
                    ],
                    "media_url": "http://pbs.twimg.com/media/D4OrhXIWkAg6fNg.jpg",
                    "media_url_https": "https://pbs.twimg.com/media/D4OrhXIWkAg6fNg.jpg",
                    "url": "https://t.co/paxHoab8qo",
                    "display_url": "pic.twitter.com/paxHoab8qo",
                    "expanded_url": "https://twitter.com/CityAndStateNY/status/1117925723598143490/photo/1",
                    "type": "photo",
                    "sizes": {
                        "thumb": {
                            "w": 150,
                            "h": 150,
                            "resize": "crop"
                        },
                        "medium": {
                            "w": 764,
                            "h": 451,
                            "resize": "fit"
                        },
                        "large": {
                            "w": 764,
                            "h": 451,
                            "resize": "fit"
                        },
                        "small": {
                            "w": 680,
                            "h": 401,
                            "resize": "fit"
                        }
                    }
                }
            ]
        },
        "metadata": {
            "iso_language_code": "en",
            "result_type": "recent"
        },
        "source": "<a href=\"https://www.hootsuite.com\" rel=\"nofollow\">Hootsuite Inc.</a>",
        "in_reply_to_status_id": null,
        "in_reply_to_status_id_str": null,
        "in_reply_to_user_id": null,
        "in_reply_to_user_id_str": null,
        "in_reply_to_screen_name": null,
        "user": {
            "id": 21921531,
            "id_str": "21921531",
            "name": "City & State NY",
            "screen_name": "CityAndStateNY",
            "location": "New York",
            "description": "City & State is a weekly magazine covering politics & policy in the Empire State. First Read emails 7 a.m. & 5 p.m. Got tips? editor@cityandstateny.com",
            "url": "https://t.co/KAVMppMYB1",
            "entities": {
                "url": {
                    "urls": [
                        {
                            "url": "https://t.co/KAVMppMYB1",
                            "expanded_url": "http://www.cityandstateny.com",
                            "display_url": "cityandstateny.com",
                            "indices": [
                                0,
                                23
                            ]
                        }
                    ]
                },
                "description": {
                    "urls": []
                }
            },
            "protected": false,
            "followers_count": 30788,
            "friends_count": 2865,
            "listed_count": 1083,
            "created_at": "Wed Feb 25 21:27:18 +0000 2009",
            "favourites_count": 3593,
            "utc_offset": null,
            "time_zone": null,
            "geo_enabled": true,
            "verified": true,
            "statuses_count": 34770,
            "lang": "en",
            "contributors_enabled": false,
            "is_translator": false,
            "is_translation_enabled": false,
            "profile_background_color": "0071BD",
            "profile_background_image_url": "http://abs.twimg.com/images/themes/theme1/bg.png",
            "profile_background_image_url_https": "https://abs.twimg.com/images/themes/theme1/bg.png",
            "profile_background_tile": true,
            "profile_image_url": "http://pbs.twimg.com/profile_images/761214185392840709/Bru3KjsD_normal.jpg",
            "profile_image_url_https": "https://pbs.twimg.com/profile_images/761214185392840709/Bru3KjsD_normal.jpg",
            "profile_banner_url": "https://pbs.twimg.com/profile_banners/21921531/1554829587",
            "profile_link_color": "0071BD",
            "profile_sidebar_border_color": "FFFFFF",
            "profile_sidebar_fill_color": "F7921F",
            "profile_text_color": "222222",
            "profile_use_background_image": true,
            "has_extended_profile": false,
            "default_profile": false,
            "default_profile_image": false,
            "following": null,
            "follow_request_sent": null,
            "notifications": null,
            "translator_type": "none"
        },
        "geo": null,
        "coordinates": null,
        "place": null,
        "contributors": null,
        "is_quote_status": false,
        "retweet_count": 1,
        "favorite_count": 1,
        "favorited": false,
        "retweeted": false,
        "possibly_sensitive": false,
        "lang": "en"
    },
    "is_quote_status": false,
    "retweet_count": 1,
    "favorite_count": 0,
    "favorited": false,
    "retweeted": false,
    "possibly_sensitive": false,
    "lang": "en"
}