{
    "created_at": "Mon Apr 15 19:22:20 +0000 2019",
    "id": 1117870792753029120,
    "id_str": "1117870792753029120",
    "text": "Citi Bike Pulls Electric Bikes With Touchy Brakes After Rider Breaks Hip - \u00a0\u00a0Bikeshare systems around the country r\u2026 https://t.co/dqq0lpplv7",
    "truncated": true,
    "entities": {
        "hashtags": [],
        "symbols": [],
        "user_mentions": [],
        "urls": [
            {
                "url": "https://t.co/dqq0lpplv7",
                "expanded_url": "https://twitter.com/i/web/status/1117870792753029120",
                "display_url": "twitter.com/i/web/status/1\u2026",
                "indices": [
                    117,
                    140
                ]
            }
        ]
    },
    "metadata": {
        "iso_language_code": "en",
        "result_type": "recent"
    },
    "source": "<a href=\"https://www.autonewssite.com\" rel=\"nofollow\">autonewssite.com</a>",
    "in_reply_to_status_id": null,
    "in_reply_to_status_id_str": null,
    "in_reply_to_user_id": null,
    "in_reply_to_user_id_str": null,
    "in_reply_to_screen_name": null,
    "user": {
        "id": 968592364498337792,
        "id_str": "968592364498337792",
        "name": "James Stamper",
        "screen_name": "autonewssiite",
        "location": "",
        "description": "",
        "url": null,
        "entities": {
            "description": {
                "urls": []
            }
        },
        "protected": false,
        "followers_count": 90,
        "friends_count": 55,
        "listed_count": 4,
        "created_at": "Tue Feb 27 21:03:10 +0000 2018",
        "favourites_count": 0,
        "utc_offset": null,
        "time_zone": null,
        "geo_enabled": false,
        "verified": false,
        "statuses_count": 20907,
        "lang": "en",
        "contributors_enabled": false,
        "is_translator": false,
        "is_translation_enabled": false,
        "profile_background_color": "F5F8FA",
        "profile_background_image_url": null,
        "profile_background_image_url_https": null,
        "profile_background_tile": false,
        "profile_image_url": "http://pbs.twimg.com/profile_images/968593265246154752/6CsDSAec_normal.jpg",
        "profile_image_url_https": "https://pbs.twimg.com/profile_images/968593265246154752/6CsDSAec_normal.jpg",
        "profile_link_color": "1DA1F2",
        "profile_sidebar_border_color": "C0DEED",
        "profile_sidebar_fill_color": "DDEEF6",
        "profile_text_color": "333333",
        "profile_use_background_image": true,
        "has_extended_profile": false,
        "default_profile": true,
        "default_profile_image": false,
        "following": null,
        "follow_request_sent": null,
        "notifications": null,
        "translator_type": "none"
    },
    "geo": null,
    "coordinates": null,
    "place": null,
    "contributors": null,
    "is_quote_status": false,
    "retweet_count": 0,
    "favorite_count": 0,
    "favorited": false,
    "retweeted": false,
    "possibly_sensitive": false,
    "lang": "en"
}