{
    "created_at": "Tue Apr 16 02:46:08 +0000 2019",
    "id": 1117982476364910592,
    "id_str": "1117982476364910592",
    "text": "#NEWS https://t.co/qbbydJmeSM",
    "truncated": false,
    "entities": {
        "hashtags": [
            {
                "text": "NEWS",
                "indices": [
                    0,
                    5
                ]
            }
        ],
        "symbols": [],
        "user_mentions": [],
        "urls": [
            {
                "url": "https://t.co/qbbydJmeSM",
                "expanded_url": "http://ow.ly/aHix50qoTxz",
                "display_url": "ow.ly/aHix50qoTxz",
                "indices": [
                    6,
                    29
                ]
            }
        ]
    },
    "metadata": {
        "iso_language_code": "und",
        "result_type": "recent"
    },
    "source": "<a href=\"http://www.facebook.com/twitter\" rel=\"nofollow\">Facebook</a>",
    "in_reply_to_status_id": null,
    "in_reply_to_status_id_str": null,
    "in_reply_to_user_id": null,
    "in_reply_to_user_id_str": null,
    "in_reply_to_screen_name": null,
    "user": {
        "id": 3365887301,
        "id_str": "3365887301",
        "name": "Trending Ofertas",
        "screen_name": "TrendingOfertas",
        "location": "Espa\u00f1a",
        "description": "Te traemos las mejores ofertas en Tecnolog\u00eda de la red. Si buscas algo en concreto comentanoslo y te buscamos el mejor chollo.",
        "url": "https://t.co/JLtaU2DCuO",
        "entities": {
            "url": {
                "urls": [
                    {
                        "url": "https://t.co/JLtaU2DCuO",
                        "expanded_url": "http://TrendingOfertas.com",
                        "display_url": "TrendingOfertas.com",
                        "indices": [
                            0,
                            23
                        ]
                    }
                ]
            },
            "description": {
                "urls": []
            }
        },
        "protected": false,
        "followers_count": 2551,
        "friends_count": 1123,
        "listed_count": 154,
        "created_at": "Wed Jul 08 12:51:06 +0000 2015",
        "favourites_count": 443,
        "utc_offset": null,
        "time_zone": null,
        "geo_enabled": true,
        "verified": false,
        "statuses_count": 108130,
        "lang": "es",
        "contributors_enabled": false,
        "is_translator": false,
        "is_translation_enabled": false,
        "profile_background_color": "000000",
        "profile_background_image_url": "http://abs.twimg.com/images/themes/theme1/bg.png",
        "profile_background_image_url_https": "https://abs.twimg.com/images/themes/theme1/bg.png",
        "profile_background_tile": false,
        "profile_image_url": "http://pbs.twimg.com/profile_images/742756803444912128/JSHkQRPc_normal.jpg",
        "profile_image_url_https": "https://pbs.twimg.com/profile_images/742756803444912128/JSHkQRPc_normal.jpg",
        "profile_banner_url": "https://pbs.twimg.com/profile_banners/3365887301/1465933926",
        "profile_link_color": "1B95E0",
        "profile_sidebar_border_color": "000000",
        "profile_sidebar_fill_color": "000000",
        "profile_text_color": "000000",
        "profile_use_background_image": false,
        "has_extended_profile": false,
        "default_profile": false,
        "default_profile_image": false,
        "following": null,
        "follow_request_sent": null,
        "notifications": null,
        "translator_type": "none"
    },
    "geo": null,
    "coordinates": null,
    "place": null,
    "contributors": null,
    "is_quote_status": false,
    "retweet_count": 0,
    "favorite_count": 0,
    "favorited": false,
    "retweeted": false,
    "possibly_sensitive": false,
    "lang": "und"
}