{
    "created_at": "Mon Apr 15 20:12:07 +0000 2019",
    "id": 1117883318953861122,
    "id_str": "1117883318953861122",
    "text": "Lyft pulls thousands of e-bikes out of service in three US cities for braking malfunctions https://t.co/hxXMpwndbG\u2026 https://t.co/UI2T2WLfCV",
    "truncated": true,
    "entities": {
        "hashtags": [],
        "symbols": [],
        "user_mentions": [],
        "urls": [
            {
                "url": "https://t.co/hxXMpwndbG",
                "expanded_url": "https://www.theverge.com/2019/4/15/18311243/lyft-electric-citi-bike-bikeshare-nyc-sf-dc-braking-malfunction",
                "display_url": "theverge.com/2019/4/15/1831\u2026",
                "indices": [
                    91,
                    114
                ]
            },
            {
                "url": "https://t.co/UI2T2WLfCV",
                "expanded_url": "https://twitter.com/i/web/status/1117883318953861122",
                "display_url": "twitter.com/i/web/status/1\u2026",
                "indices": [
                    116,
                    139
                ]
            }
        ]
    },
    "metadata": {
        "iso_language_code": "en",
        "result_type": "recent"
    },
    "source": "<a href=\"http://twitter.com/download/android\" rel=\"nofollow\">Twitter for Android</a>",
    "in_reply_to_status_id": null,
    "in_reply_to_status_id_str": null,
    "in_reply_to_user_id": null,
    "in_reply_to_user_id_str": null,
    "in_reply_to_screen_name": null,
    "user": {
        "id": 1142711,
        "id_str": "1142711",
        "name": "Phil Jeudy",
        "screen_name": "PhilJ",
        "location": "San Francisco Bay Area",
        "description": "Strategy expert, Business  Development professional - Advisor at @Fairwai and more - Storyteller @ https://t.co/bHfNEe05yx Music and movies addict",
        "url": "https://t.co/C6rxrXprUt",
        "entities": {
            "url": {
                "urls": [
                    {
                        "url": "https://t.co/C6rxrXprUt",
                        "expanded_url": "https://about.me/philjeudy",
                        "display_url": "about.me/philjeudy",
                        "indices": [
                            0,
                            23
                        ]
                    }
                ]
            },
            "description": {
                "urls": [
                    {
                        "url": "https://t.co/bHfNEe05yx",
                        "expanded_url": "http://bit.ly/1xAG5rJ",
                        "display_url": "bit.ly/1xAG5rJ",
                        "indices": [
                            99,
                            122
                        ]
                    }
                ]
            }
        },
        "protected": false,
        "followers_count": 8714,
        "friends_count": 7,
        "listed_count": 559,
        "created_at": "Wed Mar 14 07:13:41 +0000 2007",
        "favourites_count": 4,
        "utc_offset": null,
        "time_zone": null,
        "geo_enabled": true,
        "verified": true,
        "statuses_count": 45071,
        "lang": "en",
        "contributors_enabled": false,
        "is_translator": false,
        "is_translation_enabled": false,
        "profile_background_color": "022330",
        "profile_background_image_url": "http://abs.twimg.com/images/themes/theme15/bg.png",
        "profile_background_image_url_https": "https://abs.twimg.com/images/themes/theme15/bg.png",
        "profile_background_tile": true,
        "profile_image_url": "http://pbs.twimg.com/profile_images/477526863934279680/KzaT5KfP_normal.jpeg",
        "profile_image_url_https": "https://pbs.twimg.com/profile_images/477526863934279680/KzaT5KfP_normal.jpeg",
        "profile_banner_url": "https://pbs.twimg.com/profile_banners/1142711/1524003880",
        "profile_link_color": "981CEB",
        "profile_sidebar_border_color": "000000",
        "profile_sidebar_fill_color": "F52525",
        "profile_text_color": "000000",
        "profile_use_background_image": true,
        "has_extended_profile": true,
        "default_profile": false,
        "default_profile_image": false,
        "following": null,
        "follow_request_sent": null,
        "notifications": null,
        "translator_type": "none"
    },
    "geo": null,
    "coordinates": null,
    "place": null,
    "contributors": null,
    "is_quote_status": false,
    "retweet_count": 0,
    "favorite_count": 0,
    "favorited": false,
    "retweeted": false,
    "possibly_sensitive": false,
    "lang": "en"
}