{
    "created_at": "Mon Apr 15 21:39:08 +0000 2019",
    "id": 1117905218098753536,
    "id_str": "1117905218098753536",
    "text": "@laurencro https://t.co/3avGJYIQzf",
    "truncated": false,
    "entities": {
        "hashtags": [],
        "symbols": [],
        "user_mentions": [
            {
                "screen_name": "laurencro",
                "name": "Lauren Crothers",
                "id": 105557018,
                "id_str": "105557018",
                "indices": [
                    0,
                    10
                ]
            }
        ],
        "urls": [
            {
                "url": "https://t.co/3avGJYIQzf",
                "expanded_url": "https://www.nytimes.com/2019/04/15/nyregion/citi-bike-electric.html",
                "display_url": "nytimes.com/2019/04/15/nyr\u2026",
                "indices": [
                    11,
                    34
                ]
            }
        ]
    },
    "metadata": {
        "iso_language_code": "und",
        "result_type": "recent"
    },
    "source": "<a href=\"https://about.twitter.com/products/tweetdeck\" rel=\"nofollow\">TweetDeck</a>",
    "in_reply_to_status_id": null,
    "in_reply_to_status_id_str": null,
    "in_reply_to_user_id": 105557018,
    "in_reply_to_user_id_str": "105557018",
    "in_reply_to_screen_name": "laurencro",
    "user": {
        "id": 17822855,
        "id_str": "17822855",
        "name": "AJ",
        "screen_name": "ajchavar",
        "location": "ajchavar.com",
        "description": "Video and photo journalist. Sr. producer, photographer. he/him. Previously @nytimes, @washingtonpost, @voxdotcom, @dailyorange",
        "url": "https://t.co/vfztwYdpZz",
        "entities": {
            "url": {
                "urls": [
                    {
                        "url": "https://t.co/vfztwYdpZz",
                        "expanded_url": "http://nooo.ooo",
                        "display_url": "nooo.ooo",
                        "indices": [
                            0,
                            23
                        ]
                    }
                ]
            },
            "description": {
                "urls": []
            }
        },
        "protected": false,
        "followers_count": 6859,
        "friends_count": 1181,
        "listed_count": 363,
        "created_at": "Wed Dec 03 00:02:36 +0000 2008",
        "favourites_count": 5148,
        "utc_offset": null,
        "time_zone": null,
        "geo_enabled": false,
        "verified": true,
        "statuses_count": 17620,
        "lang": "en",
        "contributors_enabled": false,
        "is_translator": false,
        "is_translation_enabled": false,
        "profile_background_color": "787878",
        "profile_background_image_url": "http://abs.twimg.com/images/themes/theme9/bg.gif",
        "profile_background_image_url_https": "https://abs.twimg.com/images/themes/theme9/bg.gif",
        "profile_background_tile": true,
        "profile_image_url": "http://pbs.twimg.com/profile_images/504003621348855808/wikyfpry_normal.jpeg",
        "profile_image_url_https": "https://pbs.twimg.com/profile_images/504003621348855808/wikyfpry_normal.jpeg",
        "profile_banner_url": "https://pbs.twimg.com/profile_banners/17822855/1496199096",
        "profile_link_color": "000000",
        "profile_sidebar_border_color": "000000",
        "profile_sidebar_fill_color": "000000",
        "profile_text_color": "000000",
        "profile_use_background_image": true,
        "has_extended_profile": false,
        "default_profile": false,
        "default_profile_image": false,
        "following": null,
        "follow_request_sent": null,
        "notifications": null,
        "translator_type": "none"
    },
    "geo": null,
    "coordinates": null,
    "place": null,
    "contributors": null,
    "is_quote_status": false,
    "retweet_count": 0,
    "favorite_count": 0,
    "favorited": false,
    "retweeted": false,
    "possibly_sensitive": false,
    "lang": "und"
}