{
    "created_at": "Mon Apr 15 18:00:16 +0000 2019",
    "id": 1117850140541214720,
    "id_str": "1117850140541214720",
    "text": "RT @nytimes: In recent months, dozens of riders have reported injuries while riding electric Citi Bikes, prompting the company on Sunday to\u2026",
    "truncated": false,
    "entities": {
        "hashtags": [],
        "symbols": [],
        "user_mentions": [
            {
                "screen_name": "nytimes",
                "name": "The New York Times",
                "id": 807095,
                "id_str": "807095",
                "indices": [
                    3,
                    11
                ]
            }
        ],
        "urls": []
    },
    "metadata": {
        "iso_language_code": "en",
        "result_type": "recent"
    },
    "source": "<a href=\"http://twitter.com\" rel=\"nofollow\">Twitter Web Client</a>",
    "in_reply_to_status_id": null,
    "in_reply_to_status_id_str": null,
    "in_reply_to_user_id": null,
    "in_reply_to_user_id_str": null,
    "in_reply_to_screen_name": null,
    "user": {
        "id": 1062185074307809280,
        "id_str": "1062185074307809280",
        "name": "Whats a name?",
        "screen_name": "MandyBa68034975",
        "location": "Location",
        "description": "bio",
        "url": null,
        "entities": {
            "description": {
                "urls": []
            }
        },
        "protected": false,
        "followers_count": 10,
        "friends_count": 34,
        "listed_count": 0,
        "created_at": "Tue Nov 13 03:27:10 +0000 2018",
        "favourites_count": 148,
        "utc_offset": null,
        "time_zone": null,
        "geo_enabled": false,
        "verified": false,
        "statuses_count": 555,
        "lang": "en",
        "contributors_enabled": false,
        "is_translator": false,
        "is_translation_enabled": false,
        "profile_background_color": "000000",
        "profile_background_image_url": "http://abs.twimg.com/images/themes/theme1/bg.png",
        "profile_background_image_url_https": "https://abs.twimg.com/images/themes/theme1/bg.png",
        "profile_background_tile": false,
        "profile_image_url": "http://pbs.twimg.com/profile_images/1062509977753939968/QcRJQCHu_normal.jpg",
        "profile_image_url_https": "https://pbs.twimg.com/profile_images/1062509977753939968/QcRJQCHu_normal.jpg",
        "profile_banner_url": "https://pbs.twimg.com/profile_banners/1062185074307809280/1544829898",
        "profile_link_color": "FF691F",
        "profile_sidebar_border_color": "000000",
        "profile_sidebar_fill_color": "000000",
        "profile_text_color": "000000",
        "profile_use_background_image": false,
        "has_extended_profile": false,
        "default_profile": false,
        "default_profile_image": false,
        "following": null,
        "follow_request_sent": null,
        "notifications": null,
        "translator_type": "none"
    },
    "geo": null,
    "coordinates": null,
    "place": null,
    "contributors": null,
    "retweeted_status": {
        "created_at": "Mon Apr 15 13:15:06 +0000 2019",
        "id": 1117778375324651521,
        "id_str": "1117778375324651521",
        "text": "In recent months, dozens of riders have reported injuries while riding electric Citi Bikes, prompting the company o\u2026 https://t.co/iBcoKCFsyn",
        "truncated": true,
        "entities": {
            "hashtags": [],
            "symbols": [],
            "user_mentions": [],
            "urls": [
                {
                    "url": "https://t.co/iBcoKCFsyn",
                    "expanded_url": "https://twitter.com/i/web/status/1117778375324651521",
                    "display_url": "twitter.com/i/web/status/1\u2026",
                    "indices": [
                        117,
                        140
                    ]
                }
            ]
        },
        "metadata": {
            "iso_language_code": "en",
            "result_type": "recent"
        },
        "source": "<a href=\"http://www.socialflow.com\" rel=\"nofollow\">SocialFlow</a>",
        "in_reply_to_status_id": null,
        "in_reply_to_status_id_str": null,
        "in_reply_to_user_id": null,
        "in_reply_to_user_id_str": null,
        "in_reply_to_screen_name": null,
        "user": {
            "id": 807095,
            "id_str": "807095",
            "name": "The New York Times",
            "screen_name": "nytimes",
            "location": "New York City",
            "description": "Where the conversation begins. Follow for breaking news, special reports, RTs of our journalists and more. Visit https://t.co/ghL9OoYKMM to share news tips.",
            "url": "http://t.co/ahvuWqicF9",
            "entities": {
                "url": {
                    "urls": [
                        {
                            "url": "http://t.co/ahvuWqicF9",
                            "expanded_url": "http://www.nytimes.com/",
                            "display_url": "nytimes.com",
                            "indices": [
                                0,
                                22
                            ]
                        }
                    ]
                },
                "description": {
                    "urls": [
                        {
                            "url": "https://t.co/ghL9OoYKMM",
                            "expanded_url": "http://nyti.ms/2FVHq9v",
                            "display_url": "nyti.ms/2FVHq9v",
                            "indices": [
                                113,
                                136
                            ]
                        }
                    ]
                }
            },
            "protected": false,
            "followers_count": 43250355,
            "friends_count": 889,
            "listed_count": 199766,
            "created_at": "Fri Mar 02 20:41:42 +0000 2007",
            "favourites_count": 17836,
            "utc_offset": null,
            "time_zone": null,
            "geo_enabled": false,
            "verified": true,
            "statuses_count": 356484,
            "lang": "en",
            "contributors_enabled": false,
            "is_translator": false,
            "is_translation_enabled": true,
            "profile_background_color": "131516",
            "profile_background_image_url": "http://abs.twimg.com/images/themes/theme14/bg.gif",
            "profile_background_image_url_https": "https://abs.twimg.com/images/themes/theme14/bg.gif",
            "profile_background_tile": true,
            "profile_image_url": "http://pbs.twimg.com/profile_images/1098244578472280064/gjkVMelR_normal.png",
            "profile_image_url_https": "https://pbs.twimg.com/profile_images/1098244578472280064/gjkVMelR_normal.png",
            "profile_banner_url": "https://pbs.twimg.com/profile_banners/807095/1522172276",
            "profile_link_color": "607696",
            "profile_sidebar_border_color": "FFFFFF",
            "profile_sidebar_fill_color": "EFEFEF",
            "profile_text_color": "333333",
            "profile_use_background_image": true,
            "has_extended_profile": false,
            "default_profile": false,
            "default_profile_image": false,
            "following": null,
            "follow_request_sent": null,
            "notifications": null,
            "translator_type": "none"
        },
        "geo": null,
        "coordinates": null,
        "place": null,
        "contributors": null,
        "is_quote_status": false,
        "retweet_count": 46,
        "favorite_count": 79,
        "favorited": false,
        "retweeted": false,
        "possibly_sensitive": false,
        "lang": "en"
    },
    "is_quote_status": false,
    "retweet_count": 46,
    "favorite_count": 0,
    "favorited": false,
    "retweeted": false,
    "lang": "en"
}