{
    "created_at": "Tue Apr 16 02:45:46 +0000 2019",
    "id": 1117982386338316289,
    "id_str": "1117982386338316289",
    "text": "Lyft adds New York\u2019s Citi Bikes to its app https://t.co/QfmLNvsHue #engadget #tomgadget",
    "truncated": false,
    "entities": {
        "hashtags": [
            {
                "text": "engadget",
                "indices": [
                    67,
                    76
                ]
            },
            {
                "text": "tomgadget",
                "indices": [
                    77,
                    87
                ]
            }
        ],
        "symbols": [],
        "user_mentions": [],
        "urls": [
            {
                "url": "https://t.co/QfmLNvsHue",
                "expanded_url": "https://engt.co/2DiXkrU",
                "display_url": "engt.co/2DiXkrU",
                "indices": [
                    43,
                    66
                ]
            }
        ]
    },
    "metadata": {
        "iso_language_code": "en",
        "result_type": "recent"
    },
    "source": "<a href=\"https://ifttt.com\" rel=\"nofollow\">IFTTT</a>",
    "in_reply_to_status_id": null,
    "in_reply_to_status_id_str": null,
    "in_reply_to_user_id": null,
    "in_reply_to_user_id_str": null,
    "in_reply_to_screen_name": null,
    "user": {
        "id": 14113270,
        "id_str": "14113270",
        "name": "Tom Taylor",
        "screen_name": "tom_taylor",
        "location": "Warrington, UK",
        "description": "#HouseDJ | Web Architect @TheHutGroup, Agile UX Consultant @TheTomTaylorCo | Bookings: play@tomtaylor.dj | Views/Terms: https://t.co/GOOoYCHtg6",
        "url": "https://t.co/Mjzcv6w02b",
        "entities": {
            "url": {
                "urls": [
                    {
                        "url": "https://t.co/Mjzcv6w02b",
                        "expanded_url": "http://tommytaylor.co.uk",
                        "display_url": "tommytaylor.co.uk",
                        "indices": [
                            0,
                            23
                        ]
                    }
                ]
            },
            "description": {
                "urls": [
                    {
                        "url": "https://t.co/GOOoYCHtg6",
                        "expanded_url": "http://tommytaylor.co.uk/#terms",
                        "display_url": "tommytaylor.co.uk/#terms",
                        "indices": [
                            120,
                            143
                        ]
                    }
                ]
            }
        },
        "protected": false,
        "followers_count": 1287,
        "friends_count": 1156,
        "listed_count": 142,
        "created_at": "Mon Mar 10 12:56:41 +0000 2008",
        "favourites_count": 560,
        "utc_offset": null,
        "time_zone": null,
        "geo_enabled": true,
        "verified": false,
        "statuses_count": 85807,
        "lang": "en",
        "contributors_enabled": false,
        "is_translator": false,
        "is_translation_enabled": false,
        "profile_background_color": "022330",
        "profile_background_image_url": "http://abs.twimg.com/images/themes/theme15/bg.png",
        "profile_background_image_url_https": "https://abs.twimg.com/images/themes/theme15/bg.png",
        "profile_background_tile": false,
        "profile_image_url": "http://pbs.twimg.com/profile_images/378800000699229454/03975af39acb2dda860b377f93cf5285_normal.png",
        "profile_image_url_https": "https://pbs.twimg.com/profile_images/378800000699229454/03975af39acb2dda860b377f93cf5285_normal.png",
        "profile_banner_url": "https://pbs.twimg.com/profile_banners/14113270/1495222402",
        "profile_link_color": "0084B4",
        "profile_sidebar_border_color": "FFFFFF",
        "profile_sidebar_fill_color": "C0DFEC",
        "profile_text_color": "333333",
        "profile_use_background_image": true,
        "has_extended_profile": false,
        "default_profile": false,
        "default_profile_image": false,
        "following": null,
        "follow_request_sent": null,
        "notifications": null,
        "translator_type": "none"
    },
    "geo": null,
    "coordinates": null,
    "place": null,
    "contributors": null,
    "is_quote_status": false,
    "retweet_count": 0,
    "favorite_count": 0,
    "favorited": false,
    "retweeted": false,
    "possibly_sensitive": false,
    "lang": "en"
}