{
    "created_at": "Mon Apr 15 18:05:03 +0000 2019",
    "id": 1117851342289145861,
    "id_str": "1117851342289145861",
    "text": "Lyft, which owns Citi Bike, has recalled its electric bicycles which will be replaced with standard bikes in the me\u2026 https://t.co/QdVOsvR9h0",
    "truncated": true,
    "entities": {
        "hashtags": [],
        "symbols": [],
        "user_mentions": [],
        "urls": [
            {
                "url": "https://t.co/QdVOsvR9h0",
                "expanded_url": "https://twitter.com/i/web/status/1117851342289145861",
                "display_url": "twitter.com/i/web/status/1\u2026",
                "indices": [
                    117,
                    140
                ]
            }
        ]
    },
    "metadata": {
        "iso_language_code": "en",
        "result_type": "recent"
    },
    "source": "<a href=\"http://www.socialflow.com\" rel=\"nofollow\">SocialFlow</a>",
    "in_reply_to_status_id": null,
    "in_reply_to_status_id_str": null,
    "in_reply_to_user_id": null,
    "in_reply_to_user_id_str": null,
    "in_reply_to_screen_name": null,
    "user": {
        "id": 15222806,
        "id_str": "15222806",
        "name": "NYT Metro",
        "screen_name": "NYTMetro",
        "location": "New York City",
        "description": "We write about New York. (New Jersey and Connecticut, too!) \ud83d\ude96\ud83c\udf07\ud83c\udf4e Get your New York news by email: https://t.co/W3bR2oelEA",
        "url": "https://t.co/g4LWJKJfQv",
        "entities": {
            "url": {
                "urls": [
                    {
                        "url": "https://t.co/g4LWJKJfQv",
                        "expanded_url": "https://www.nytimes.com/newsletters/newyorktoday",
                        "display_url": "nytimes.com/newsletters/ne\u2026",
                        "indices": [
                            0,
                            23
                        ]
                    }
                ]
            },
            "description": {
                "urls": [
                    {
                        "url": "https://t.co/W3bR2oelEA",
                        "expanded_url": "https://nyti.ms/2AM49Qz",
                        "display_url": "nyti.ms/2AM49Qz",
                        "indices": [
                            97,
                            120
                        ]
                    }
                ]
            }
        },
        "protected": false,
        "followers_count": 139484,
        "friends_count": 487,
        "listed_count": 4060,
        "created_at": "Tue Jun 24 18:55:14 +0000 2008",
        "favourites_count": 1365,
        "utc_offset": null,
        "time_zone": null,
        "geo_enabled": false,
        "verified": true,
        "statuses_count": 91383,
        "lang": "en",
        "contributors_enabled": false,
        "is_translator": false,
        "is_translation_enabled": false,
        "profile_background_color": "FFFFFF",
        "profile_background_image_url": "http://abs.twimg.com/images/themes/theme1/bg.png",
        "profile_background_image_url_https": "https://abs.twimg.com/images/themes/theme1/bg.png",
        "profile_background_tile": true,
        "profile_image_url": "http://pbs.twimg.com/profile_images/963563692355764224/kiKUiSyr_normal.jpg",
        "profile_image_url_https": "https://pbs.twimg.com/profile_images/963563692355764224/kiKUiSyr_normal.jpg",
        "profile_banner_url": "https://pbs.twimg.com/profile_banners/15222806/1552418779",
        "profile_link_color": "A9A9A9",
        "profile_sidebar_border_color": "323232",
        "profile_sidebar_fill_color": "E7EFF8",
        "profile_text_color": "000000",
        "profile_use_background_image": true,
        "has_extended_profile": false,
        "default_profile": false,
        "default_profile_image": false,
        "following": null,
        "follow_request_sent": null,
        "notifications": null,
        "translator_type": "none"
    },
    "geo": null,
    "coordinates": null,
    "place": null,
    "contributors": null,
    "is_quote_status": false,
    "retweet_count": 1,
    "favorite_count": 1,
    "favorited": false,
    "retweeted": false,
    "possibly_sensitive": false,
    "lang": "en"
}