{
    "created_at": "Mon Apr 15 22:19:35 +0000 2019",
    "id": 1117915399838789632,
    "id_str": "1117915399838789632",
    "text": "New Yorkers can hop on a Citi Bike using Lyft's app starting in early May. https://t.co/Cm7zB5tULR",
    "truncated": false,
    "entities": {
        "hashtags": [],
        "symbols": [],
        "user_mentions": [],
        "urls": [
            {
                "url": "https://t.co/Cm7zB5tULR",
                "expanded_url": "https://trib.al/JTskBmA",
                "display_url": "trib.al/JTskBmA",
                "indices": [
                    75,
                    98
                ]
            }
        ]
    },
    "metadata": {
        "iso_language_code": "en",
        "result_type": "recent"
    },
    "source": "<a href=\"http://www.socialflow.com\" rel=\"nofollow\">SocialFlow</a>",
    "in_reply_to_status_id": null,
    "in_reply_to_status_id_str": null,
    "in_reply_to_user_id": null,
    "in_reply_to_user_id_str": null,
    "in_reply_to_screen_name": null,
    "user": {
        "id": 746385389812846596,
        "id_str": "746385389812846596",
        "name": "Washington Hts Patch",
        "screen_name": "WashHtsPatch",
        "location": "Washington Heights, Manhattan",
        "description": "Local news, alerts, events and more. We\u2019re your source for all things Washington Heights and Inwood.",
        "url": "https://t.co/L4tpawERkI",
        "entities": {
            "url": {
                "urls": [
                    {
                        "url": "https://t.co/L4tpawERkI",
                        "expanded_url": "http://patch.com/new-york/washington-heights-inwood",
                        "display_url": "patch.com/new-york/washi\u2026",
                        "indices": [
                            0,
                            23
                        ]
                    }
                ]
            },
            "description": {
                "urls": []
            }
        },
        "protected": false,
        "followers_count": 256,
        "friends_count": 60,
        "listed_count": 12,
        "created_at": "Fri Jun 24 16:51:59 +0000 2016",
        "favourites_count": 4,
        "utc_offset": null,
        "time_zone": null,
        "geo_enabled": false,
        "verified": false,
        "statuses_count": 7469,
        "lang": "en",
        "contributors_enabled": false,
        "is_translator": false,
        "is_translation_enabled": false,
        "profile_background_color": "000000",
        "profile_background_image_url": "http://abs.twimg.com/images/themes/theme1/bg.png",
        "profile_background_image_url_https": "https://abs.twimg.com/images/themes/theme1/bg.png",
        "profile_background_tile": false,
        "profile_image_url": "http://pbs.twimg.com/profile_images/928692630858358784/3a4K7G8u_normal.jpg",
        "profile_image_url_https": "https://pbs.twimg.com/profile_images/928692630858358784/3a4K7G8u_normal.jpg",
        "profile_banner_url": "https://pbs.twimg.com/profile_banners/746385389812846596/1467297317",
        "profile_link_color": "239B44",
        "profile_sidebar_border_color": "000000",
        "profile_sidebar_fill_color": "000000",
        "profile_text_color": "000000",
        "profile_use_background_image": false,
        "has_extended_profile": false,
        "default_profile": false,
        "default_profile_image": false,
        "following": null,
        "follow_request_sent": null,
        "notifications": null,
        "translator_type": "none"
    },
    "geo": null,
    "coordinates": null,
    "place": null,
    "contributors": null,
    "is_quote_status": false,
    "retweet_count": 0,
    "favorite_count": 0,
    "favorited": false,
    "retweeted": false,
    "possibly_sensitive": false,
    "lang": "en"
}