{
    "created_at": "Tue Apr 16 02:55:11 +0000 2019",
    "id": 1117984754958249985,
    "id_str": "1117984754958249985",
    "text": "Lyft adds New York\u2019s Citi Bikes to its app https://t.co/2vozjb29mU",
    "truncated": false,
    "entities": {
        "hashtags": [],
        "symbols": [],
        "user_mentions": [],
        "urls": [
            {
                "url": "https://t.co/2vozjb29mU",
                "expanded_url": "https://engt.co/2Isznmf",
                "display_url": "engt.co/2Isznmf",
                "indices": [
                    43,
                    66
                ]
            }
        ]
    },
    "metadata": {
        "iso_language_code": "en",
        "result_type": "recent"
    },
    "source": "<a href=\"https://ifttt.com\" rel=\"nofollow\">IFTTT</a>",
    "in_reply_to_status_id": null,
    "in_reply_to_status_id_str": null,
    "in_reply_to_user_id": null,
    "in_reply_to_user_id_str": null,
    "in_reply_to_screen_name": null,
    "user": {
        "id": 531075690,
        "id_str": "531075690",
        "name": "Pasion Robotica",
        "screen_name": "MoreDuino",
        "location": "Le\u00f3n",
        "description": "Pasi\u00f3n por la electr\u00f3nica en especial la rob\u00f3tica. Desde Arduino al infinito. Passion for electronics, specially robotics. From Arduino to infinity",
        "url": null,
        "entities": {
            "description": {
                "urls": []
            }
        },
        "protected": false,
        "followers_count": 2338,
        "friends_count": 246,
        "listed_count": 79,
        "created_at": "Tue Mar 20 07:04:49 +0000 2012",
        "favourites_count": 1,
        "utc_offset": null,
        "time_zone": null,
        "geo_enabled": false,
        "verified": false,
        "statuses_count": 37611,
        "lang": "es",
        "contributors_enabled": false,
        "is_translator": false,
        "is_translation_enabled": false,
        "profile_background_color": "C0DCF1",
        "profile_background_image_url": "http://abs.twimg.com/images/themes/theme14/bg.gif",
        "profile_background_image_url_https": "https://abs.twimg.com/images/themes/theme14/bg.gif",
        "profile_background_tile": true,
        "profile_image_url": "http://pbs.twimg.com/profile_images/1912674711/Moreduino_normal.PNG",
        "profile_image_url_https": "https://pbs.twimg.com/profile_images/1912674711/Moreduino_normal.PNG",
        "profile_link_color": "37968E",
        "profile_sidebar_border_color": "C0DCF1",
        "profile_sidebar_fill_color": "1C1C1C",
        "profile_text_color": "5C91B9",
        "profile_use_background_image": true,
        "has_extended_profile": false,
        "default_profile": false,
        "default_profile_image": false,
        "following": null,
        "follow_request_sent": null,
        "notifications": null,
        "translator_type": "none"
    },
    "geo": null,
    "coordinates": null,
    "place": null,
    "contributors": null,
    "is_quote_status": false,
    "retweet_count": 0,
    "favorite_count": 0,
    "favorited": false,
    "retweeted": false,
    "possibly_sensitive": false,
    "lang": "en"
}