{
    "created_at": "Mon Apr 15 19:03:39 +0000 2019",
    "id": 1117866091114631174,
    "id_str": "1117866091114631174",
    "text": "Lyft adds Citi Bikes to its app for NYC riders https://t.co/O6TIRjMMnz\n\nLyft is going to integrate Citi Bike into i\u2026 https://t.co/HOPQNLK6fK",
    "truncated": true,
    "entities": {
        "hashtags": [],
        "symbols": [],
        "user_mentions": [],
        "urls": [
            {
                "url": "https://t.co/O6TIRjMMnz",
                "expanded_url": "https://tcrn.ch/2UBZKfL",
                "display_url": "tcrn.ch/2UBZKfL",
                "indices": [
                    47,
                    70
                ]
            },
            {
                "url": "https://t.co/HOPQNLK6fK",
                "expanded_url": "https://twitter.com/i/web/status/1117866091114631174",
                "display_url": "twitter.com/i/web/status/1\u2026",
                "indices": [
                    117,
                    140
                ]
            }
        ]
    },
    "metadata": {
        "iso_language_code": "en",
        "result_type": "recent"
    },
    "source": "<a href=\"https://ifttt.com\" rel=\"nofollow\">IFTTT</a>",
    "in_reply_to_status_id": null,
    "in_reply_to_status_id_str": null,
    "in_reply_to_user_id": null,
    "in_reply_to_user_id_str": null,
    "in_reply_to_screen_name": null,
    "user": {
        "id": 4927214758,
        "id_str": "4927214758",
        "name": "Aman Ijaz",
        "screen_name": "worldat247",
        "location": "toronto,canada",
        "description": "Not hard working but hard work is key to success ,so i do hard work in digital marketing,which make me able to standup act like a professional.",
        "url": "https://t.co/4OL3JiWGCN",
        "entities": {
            "url": {
                "urls": [
                    {
                        "url": "https://t.co/4OL3JiWGCN",
                        "expanded_url": "https://www.thedubaievents.ae",
                        "display_url": "thedubaievents.ae",
                        "indices": [
                            0,
                            23
                        ]
                    }
                ]
            },
            "description": {
                "urls": []
            }
        },
        "protected": false,
        "followers_count": 97,
        "friends_count": 1,
        "listed_count": 6,
        "created_at": "Thu Feb 18 09:18:02 +0000 2016",
        "favourites_count": 6,
        "utc_offset": null,
        "time_zone": null,
        "geo_enabled": true,
        "verified": false,
        "statuses_count": 23293,
        "lang": "en-gb",
        "contributors_enabled": false,
        "is_translator": false,
        "is_translation_enabled": false,
        "profile_background_color": "F5F8FA",
        "profile_background_image_url": null,
        "profile_background_image_url_https": null,
        "profile_background_tile": false,
        "profile_image_url": "http://pbs.twimg.com/profile_images/1066622667715952640/p5KbU3jD_normal.jpg",
        "profile_image_url_https": "https://pbs.twimg.com/profile_images/1066622667715952640/p5KbU3jD_normal.jpg",
        "profile_banner_url": "https://pbs.twimg.com/profile_banners/4927214758/1543137638",
        "profile_link_color": "1DA1F2",
        "profile_sidebar_border_color": "C0DEED",
        "profile_sidebar_fill_color": "DDEEF6",
        "profile_text_color": "333333",
        "profile_use_background_image": true,
        "has_extended_profile": true,
        "default_profile": true,
        "default_profile_image": false,
        "following": null,
        "follow_request_sent": null,
        "notifications": null,
        "translator_type": "none"
    },
    "geo": null,
    "coordinates": null,
    "place": null,
    "contributors": null,
    "is_quote_status": false,
    "retweet_count": 0,
    "favorite_count": 0,
    "favorited": false,
    "retweeted": false,
    "possibly_sensitive": false,
    "lang": "en"
}