{
    "created_at": "Tue Apr 16 02:40:19 +0000 2019",
    "id": 1117981015794962436,
    "id_str": "1117981015794962436",
    "text": "Lyft adds New York\u2019s Citi Bikes to its app https://t.co/8q4SADktM5",
    "truncated": false,
    "entities": {
        "hashtags": [],
        "symbols": [],
        "user_mentions": [],
        "urls": [
            {
                "url": "https://t.co/8q4SADktM5",
                "expanded_url": "https://engt.co/2Isznmf",
                "display_url": "engt.co/2Isznmf",
                "indices": [
                    43,
                    66
                ]
            }
        ]
    },
    "metadata": {
        "iso_language_code": "en",
        "result_type": "recent"
    },
    "source": "<a href=\"https://ifttt.com\" rel=\"nofollow\">IFTTT</a>",
    "in_reply_to_status_id": null,
    "in_reply_to_status_id_str": null,
    "in_reply_to_user_id": null,
    "in_reply_to_user_id_str": null,
    "in_reply_to_screen_name": null,
    "user": {
        "id": 917316852,
        "id_str": "917316852",
        "name": "Adiccion Musical",
        "screen_name": "AdiccionMM",
        "location": "Isla de Margarita, Venezuela",
        "description": "Escuchanos de lun a vie 4pm a 5pm por Tiuna 91.1 FM, programa para toda la familia que apoya al talento nacional! conducido por @milangelaperez",
        "url": "https://t.co/AThEA5f5BA",
        "entities": {
            "url": {
                "urls": [
                    {
                        "url": "https://t.co/AThEA5f5BA",
                        "expanded_url": "http://perlavisionradiotv.com",
                        "display_url": "perlavisionradiotv.com",
                        "indices": [
                            0,
                            23
                        ]
                    }
                ]
            },
            "description": {
                "urls": []
            }
        },
        "protected": false,
        "followers_count": 928,
        "friends_count": 758,
        "listed_count": 17,
        "created_at": "Wed Oct 31 17:36:20 +0000 2012",
        "favourites_count": 543,
        "utc_offset": null,
        "time_zone": null,
        "geo_enabled": true,
        "verified": false,
        "statuses_count": 64590,
        "lang": "es",
        "contributors_enabled": false,
        "is_translator": false,
        "is_translation_enabled": false,
        "profile_background_color": "E6D1E4",
        "profile_background_image_url": "http://abs.twimg.com/images/themes/theme14/bg.gif",
        "profile_background_image_url_https": "https://abs.twimg.com/images/themes/theme14/bg.gif",
        "profile_background_tile": true,
        "profile_image_url": "http://pbs.twimg.com/profile_images/826965026149896192/MQ4XddeX_normal.jpg",
        "profile_image_url_https": "https://pbs.twimg.com/profile_images/826965026149896192/MQ4XddeX_normal.jpg",
        "profile_banner_url": "https://pbs.twimg.com/profile_banners/917316852/1455079979",
        "profile_link_color": "009999",
        "profile_sidebar_border_color": "FFFFFF",
        "profile_sidebar_fill_color": "EFEFEF",
        "profile_text_color": "333333",
        "profile_use_background_image": true,
        "has_extended_profile": false,
        "default_profile": false,
        "default_profile_image": false,
        "following": null,
        "follow_request_sent": null,
        "notifications": null,
        "translator_type": "none"
    },
    "geo": null,
    "coordinates": null,
    "place": null,
    "contributors": null,
    "is_quote_status": false,
    "retweet_count": 0,
    "favorite_count": 0,
    "favorited": false,
    "retweeted": false,
    "possibly_sensitive": false,
    "lang": "en"
}