{
    "created_at": "Tue Apr 16 03:11:11 +0000 2019",
    "id": 1117988782949707776,
    "id_str": "1117988782949707776",
    "text": "Lyft adds New York\u2019s Citi Bikes to its app\n https://t.co/NpAyto7Aqb #Gadget #Technology",
    "truncated": false,
    "entities": {
        "hashtags": [
            {
                "text": "Gadget",
                "indices": [
                    68,
                    75
                ]
            },
            {
                "text": "Technology",
                "indices": [
                    76,
                    87
                ]
            }
        ],
        "symbols": [],
        "user_mentions": [],
        "urls": [
            {
                "url": "https://t.co/NpAyto7Aqb",
                "expanded_url": "https://www.engadget.com/2019/04/15/lyft-citi-bike-new-york-city/",
                "display_url": "engadget.com/2019/04/15/lyf\u2026",
                "indices": [
                    44,
                    67
                ]
            }
        ]
    },
    "metadata": {
        "iso_language_code": "en",
        "result_type": "recent"
    },
    "source": "<a href=\"http://www.viperit.com.br\" rel=\"nofollow\">AutoPost Viper IT</a>",
    "in_reply_to_status_id": null,
    "in_reply_to_status_id_str": null,
    "in_reply_to_user_id": null,
    "in_reply_to_user_id_str": null,
    "in_reply_to_screen_name": null,
    "user": {
        "id": 15175317,
        "id_str": "15175317",
        "name": "Daniel Bastos \ud83c\udde7\ud83c\uddf7",
        "screen_name": "danielbastos",
        "location": "Fortaleza, Brasil",
        "description": "Curator of @TechNowOrNever specialist on #ITSolutions #IoT #AI Interested on business innovation, disruptive technology and Startup",
        "url": "https://t.co/Hyu2QFbKxU",
        "entities": {
            "url": {
                "urls": [
                    {
                        "url": "https://t.co/Hyu2QFbKxU",
                        "expanded_url": "http://www.danielbastos.com.br",
                        "display_url": "danielbastos.com.br",
                        "indices": [
                            0,
                            23
                        ]
                    }
                ]
            },
            "description": {
                "urls": []
            }
        },
        "protected": false,
        "followers_count": 1886,
        "friends_count": 1257,
        "listed_count": 122,
        "created_at": "Fri Jun 20 01:29:07 +0000 2008",
        "favourites_count": 2411,
        "utc_offset": null,
        "time_zone": null,
        "geo_enabled": true,
        "verified": false,
        "statuses_count": 24717,
        "lang": "pt",
        "contributors_enabled": false,
        "is_translator": false,
        "is_translation_enabled": false,
        "profile_background_color": "FFFFFF",
        "profile_background_image_url": "http://abs.twimg.com/images/themes/theme2/bg.gif",
        "profile_background_image_url_https": "https://abs.twimg.com/images/themes/theme2/bg.gif",
        "profile_background_tile": false,
        "profile_image_url": "http://pbs.twimg.com/profile_images/1073025460177645568/kkdNPmzj_normal.jpg",
        "profile_image_url_https": "https://pbs.twimg.com/profile_images/1073025460177645568/kkdNPmzj_normal.jpg",
        "profile_banner_url": "https://pbs.twimg.com/profile_banners/15175317/1514059768",
        "profile_link_color": "1B95E0",
        "profile_sidebar_border_color": "000000",
        "profile_sidebar_fill_color": "000000",
        "profile_text_color": "000000",
        "profile_use_background_image": false,
        "has_extended_profile": true,
        "default_profile": false,
        "default_profile_image": false,
        "following": null,
        "follow_request_sent": null,
        "notifications": null,
        "translator_type": "none"
    },
    "geo": null,
    "coordinates": null,
    "place": null,
    "contributors": null,
    "is_quote_status": false,
    "retweet_count": 0,
    "favorite_count": 0,
    "favorited": false,
    "retweeted": false,
    "possibly_sensitive": false,
    "lang": "en"
}