{
    "created_at": "Mon Apr 15 22:23:26 +0000 2019",
    "id": 1117916365426319361,
    "id_str": "1117916365426319361",
    "text": "New Yorkers can hop on a Citi Bike using Lyft's app starting in early May. https://t.co/Iolk9tLmf4",
    "truncated": false,
    "entities": {
        "hashtags": [],
        "symbols": [],
        "user_mentions": [],
        "urls": [
            {
                "url": "https://t.co/Iolk9tLmf4",
                "expanded_url": "https://trib.al/KSM3oFO",
                "display_url": "trib.al/KSM3oFO",
                "indices": [
                    75,
                    98
                ]
            }
        ]
    },
    "metadata": {
        "iso_language_code": "en",
        "result_type": "recent"
    },
    "source": "<a href=\"http://www.socialflow.com\" rel=\"nofollow\">SocialFlow</a>",
    "in_reply_to_status_id": null,
    "in_reply_to_status_id_str": null,
    "in_reply_to_user_id": null,
    "in_reply_to_user_id_str": null,
    "in_reply_to_screen_name": null,
    "user": {
        "id": 509783832,
        "id_str": "509783832",
        "name": "WindsorTerrace Patch",
        "screen_name": "WTKPatch",
        "location": "Windsor Terrace, Brooklyn",
        "description": "Local news, alerts, events and more. We're your source for all things Windsor Terrace, Brooklyn.",
        "url": "https://t.co/dWCvmzFn14",
        "entities": {
            "url": {
                "urls": [
                    {
                        "url": "https://t.co/dWCvmzFn14",
                        "expanded_url": "https://patch.com/new-york/windsorterrace",
                        "display_url": "patch.com/new-york/winds\u2026",
                        "indices": [
                            0,
                            23
                        ]
                    }
                ]
            },
            "description": {
                "urls": []
            }
        },
        "protected": false,
        "followers_count": 174,
        "friends_count": 85,
        "listed_count": 5,
        "created_at": "Thu Mar 01 05:59:34 +0000 2012",
        "favourites_count": 0,
        "utc_offset": null,
        "time_zone": null,
        "geo_enabled": false,
        "verified": false,
        "statuses_count": 5920,
        "lang": "en",
        "contributors_enabled": false,
        "is_translator": false,
        "is_translation_enabled": false,
        "profile_background_color": "000000",
        "profile_background_image_url": "http://abs.twimg.com/images/themes/theme1/bg.png",
        "profile_background_image_url_https": "https://abs.twimg.com/images/themes/theme1/bg.png",
        "profile_background_tile": false,
        "profile_image_url": "http://pbs.twimg.com/profile_images/928699837926617088/U6xJQzSW_normal.jpg",
        "profile_image_url_https": "https://pbs.twimg.com/profile_images/928699837926617088/U6xJQzSW_normal.jpg",
        "profile_banner_url": "https://pbs.twimg.com/profile_banners/509783832/1493954229",
        "profile_link_color": "2E7923",
        "profile_sidebar_border_color": "000000",
        "profile_sidebar_fill_color": "000000",
        "profile_text_color": "000000",
        "profile_use_background_image": false,
        "has_extended_profile": false,
        "default_profile": false,
        "default_profile_image": false,
        "following": null,
        "follow_request_sent": null,
        "notifications": null,
        "translator_type": "none"
    },
    "geo": null,
    "coordinates": null,
    "place": null,
    "contributors": null,
    "is_quote_status": false,
    "retweet_count": 0,
    "favorite_count": 0,
    "favorited": false,
    "retweeted": false,
    "possibly_sensitive": false,
    "lang": "en"
}