{
    "created_at": "Mon Apr 15 22:19:35 +0000 2019",
    "id": 1117915399713062912,
    "id_str": "1117915399713062912",
    "text": "New Yorkers can hop on a Citi Bike using Lyft's app starting in early May. https://t.co/LBOCZggu3M",
    "truncated": false,
    "entities": {
        "hashtags": [],
        "symbols": [],
        "user_mentions": [],
        "urls": [
            {
                "url": "https://t.co/LBOCZggu3M",
                "expanded_url": "https://trib.al/7xoUxoo",
                "display_url": "trib.al/7xoUxoo",
                "indices": [
                    75,
                    98
                ]
            }
        ]
    },
    "metadata": {
        "iso_language_code": "en",
        "result_type": "recent"
    },
    "source": "<a href=\"http://www.socialflow.com\" rel=\"nofollow\">SocialFlow</a>",
    "in_reply_to_status_id": null,
    "in_reply_to_status_id_str": null,
    "in_reply_to_user_id": null,
    "in_reply_to_user_id_str": null,
    "in_reply_to_screen_name": null,
    "user": {
        "id": 165907598,
        "id_str": "165907598",
        "name": "Park Slope Patch",
        "screen_name": "ParkSlopePatch",
        "location": "Park Slope, Brooklyn",
        "description": "Local news, alerts, events and more. We\u2019re your source for all things Park Slope.",
        "url": "https://t.co/5oEt8hPRAH",
        "entities": {
            "url": {
                "urls": [
                    {
                        "url": "https://t.co/5oEt8hPRAH",
                        "expanded_url": "https://patch.com/new-york/parkslope",
                        "display_url": "patch.com/new-york/parks\u2026",
                        "indices": [
                            0,
                            23
                        ]
                    }
                ]
            },
            "description": {
                "urls": []
            }
        },
        "protected": false,
        "followers_count": 6940,
        "friends_count": 420,
        "listed_count": 226,
        "created_at": "Mon Jul 12 21:14:38 +0000 2010",
        "favourites_count": 30,
        "utc_offset": null,
        "time_zone": null,
        "geo_enabled": false,
        "verified": false,
        "statuses_count": 15510,
        "lang": "en",
        "contributors_enabled": false,
        "is_translator": false,
        "is_translation_enabled": false,
        "profile_background_color": "000000",
        "profile_background_image_url": "http://abs.twimg.com/images/themes/theme1/bg.png",
        "profile_background_image_url_https": "https://abs.twimg.com/images/themes/theme1/bg.png",
        "profile_background_tile": false,
        "profile_image_url": "http://pbs.twimg.com/profile_images/928698798473330688/2Q4yF4O8_normal.jpg",
        "profile_image_url_https": "https://pbs.twimg.com/profile_images/928698798473330688/2Q4yF4O8_normal.jpg",
        "profile_banner_url": "https://pbs.twimg.com/profile_banners/165907598/1448316251",
        "profile_link_color": "4A913C",
        "profile_sidebar_border_color": "000000",
        "profile_sidebar_fill_color": "000000",
        "profile_text_color": "000000",
        "profile_use_background_image": false,
        "has_extended_profile": false,
        "default_profile": false,
        "default_profile_image": false,
        "following": null,
        "follow_request_sent": null,
        "notifications": null,
        "translator_type": "none"
    },
    "geo": null,
    "coordinates": null,
    "place": null,
    "contributors": null,
    "is_quote_status": false,
    "retweet_count": 0,
    "favorite_count": 0,
    "favorited": false,
    "retweeted": false,
    "possibly_sensitive": false,
    "lang": "en"
}