{
    "created_at": "Mon Apr 15 22:22:56 +0000 2019",
    "id": 1117916241597874177,
    "id_str": "1117916241597874177",
    "text": "New Yorkers can hop on a Citi Bike using Lyft's app starting in early May. https://t.co/6gpEznpfgi",
    "truncated": false,
    "entities": {
        "hashtags": [],
        "symbols": [],
        "user_mentions": [],
        "urls": [
            {
                "url": "https://t.co/6gpEznpfgi",
                "expanded_url": "https://trib.al/tmf5Vt1",
                "display_url": "trib.al/tmf5Vt1",
                "indices": [
                    75,
                    98
                ]
            }
        ]
    },
    "metadata": {
        "iso_language_code": "en",
        "result_type": "recent"
    },
    "source": "<a href=\"http://www.socialflow.com\" rel=\"nofollow\">SocialFlow</a>",
    "in_reply_to_status_id": null,
    "in_reply_to_status_id_str": null,
    "in_reply_to_user_id": null,
    "in_reply_to_user_id_str": null,
    "in_reply_to_screen_name": null,
    "user": {
        "id": 214701857,
        "id_str": "214701857",
        "name": "Queens Patch",
        "screen_name": "QueensPatch",
        "location": "Queens, NY",
        "description": "Hyperlocal news, alerts, events and more. We're your source for all things Queens.",
        "url": "https://t.co/3dBj1OZjcZ",
        "entities": {
            "url": {
                "urls": [
                    {
                        "url": "https://t.co/3dBj1OZjcZ",
                        "expanded_url": "http://patch.com/new-york/queens",
                        "display_url": "patch.com/new-york/queens",
                        "indices": [
                            0,
                            23
                        ]
                    }
                ]
            },
            "description": {
                "urls": []
            }
        },
        "protected": false,
        "followers_count": 171,
        "friends_count": 49,
        "listed_count": 7,
        "created_at": "Fri Nov 12 01:10:15 +0000 2010",
        "favourites_count": 0,
        "utc_offset": null,
        "time_zone": null,
        "geo_enabled": false,
        "verified": false,
        "statuses_count": 6868,
        "lang": "en",
        "contributors_enabled": false,
        "is_translator": false,
        "is_translation_enabled": false,
        "profile_background_color": "000000",
        "profile_background_image_url": "http://abs.twimg.com/images/themes/theme1/bg.png",
        "profile_background_image_url_https": "https://abs.twimg.com/images/themes/theme1/bg.png",
        "profile_background_tile": false,
        "profile_image_url": "http://pbs.twimg.com/profile_images/948669851064610817/Bw3zQ0p5_normal.jpg",
        "profile_image_url_https": "https://pbs.twimg.com/profile_images/948669851064610817/Bw3zQ0p5_normal.jpg",
        "profile_banner_url": "https://pbs.twimg.com/profile_banners/214701857/1478104660",
        "profile_link_color": "239B44",
        "profile_sidebar_border_color": "000000",
        "profile_sidebar_fill_color": "000000",
        "profile_text_color": "000000",
        "profile_use_background_image": false,
        "has_extended_profile": false,
        "default_profile": false,
        "default_profile_image": false,
        "following": null,
        "follow_request_sent": null,
        "notifications": null,
        "translator_type": "none"
    },
    "geo": null,
    "coordinates": null,
    "place": null,
    "contributors": null,
    "is_quote_status": false,
    "retweet_count": 0,
    "favorite_count": 0,
    "favorited": false,
    "retweeted": false,
    "possibly_sensitive": false,
    "lang": "en"
}