{
    "created_at": "Tue Apr 16 00:48:55 +0000 2019",
    "id": 1117952981452951558,
    "id_str": "1117952981452951558",
    "text": "Citi Bike Pulls New Electric Bikes Off Streets, Citing Safety Concerns - The New York Times https://t.co/u1TCQwhan9",
    "truncated": false,
    "entities": {
        "hashtags": [],
        "symbols": [],
        "user_mentions": [],
        "urls": [
            {
                "url": "https://t.co/u1TCQwhan9",
                "expanded_url": "https://www.nytimes.com/2019/04/15/nyregion/citi-bike-electric.html?partner=rss&emc=rss",
                "display_url": "nytimes.com/2019/04/15/nyr\u2026",
                "indices": [
                    92,
                    115
                ]
            }
        ]
    },
    "metadata": {
        "iso_language_code": "en",
        "result_type": "recent"
    },
    "source": "<a href=\"http://twitter.com\" rel=\"nofollow\">Twitter Web Client</a>",
    "in_reply_to_status_id": null,
    "in_reply_to_status_id_str": null,
    "in_reply_to_user_id": null,
    "in_reply_to_user_id_str": null,
    "in_reply_to_screen_name": null,
    "user": {
        "id": 14812474,
        "id_str": "14812474",
        "name": "Barbara E Bj",
        "screen_name": "barbaraebj",
        "location": "Delaware City, DE  USA",
        "description": "I mute advertisers & block mean people. \ud83d\ude42",
        "url": "http://t.co/v09UKxeJwc",
        "entities": {
            "url": {
                "urls": [
                    {
                        "url": "http://t.co/v09UKxeJwc",
                        "expanded_url": "http://Facebook.com/barbaraebj",
                        "display_url": "Facebook.com/barbaraebj",
                        "indices": [
                            0,
                            22
                        ]
                    }
                ]
            },
            "description": {
                "urls": []
            }
        },
        "protected": false,
        "followers_count": 157,
        "friends_count": 364,
        "listed_count": 12,
        "created_at": "Sat May 17 16:52:35 +0000 2008",
        "favourites_count": 1435,
        "utc_offset": null,
        "time_zone": null,
        "geo_enabled": false,
        "verified": false,
        "statuses_count": 11586,
        "lang": "en",
        "contributors_enabled": false,
        "is_translator": false,
        "is_translation_enabled": false,
        "profile_background_color": "030103",
        "profile_background_image_url": "http://abs.twimg.com/images/themes/theme15/bg.png",
        "profile_background_image_url_https": "https://abs.twimg.com/images/themes/theme15/bg.png",
        "profile_background_tile": false,
        "profile_image_url": "http://pbs.twimg.com/profile_images/1033546293933731843/N7cs56ID_normal.jpg",
        "profile_image_url_https": "https://pbs.twimg.com/profile_images/1033546293933731843/N7cs56ID_normal.jpg",
        "profile_banner_url": "https://pbs.twimg.com/profile_banners/14812474/1425189754",
        "profile_link_color": "FA8459",
        "profile_sidebar_border_color": "ADF1FC",
        "profile_sidebar_fill_color": "000000",
        "profile_text_color": "947974",
        "profile_use_background_image": true,
        "has_extended_profile": false,
        "default_profile": false,
        "default_profile_image": false,
        "following": null,
        "follow_request_sent": null,
        "notifications": null,
        "translator_type": "none"
    },
    "geo": null,
    "coordinates": null,
    "place": null,
    "contributors": null,
    "is_quote_status": false,
    "retweet_count": 0,
    "favorite_count": 0,
    "favorited": false,
    "retweeted": false,
    "possibly_sensitive": false,
    "lang": "en"
}