{
    "created_at": "Tue Apr 16 02:40:27 +0000 2019",
    "id": 1117981047516475392,
    "id_str": "1117981047516475392",
    "text": "Lyft adds New York\u2019s Citi Bikes to its app https://t.co/b0vW5nGMN9",
    "truncated": false,
    "entities": {
        "hashtags": [],
        "symbols": [],
        "user_mentions": [],
        "urls": [
            {
                "url": "https://t.co/b0vW5nGMN9",
                "expanded_url": "https://engt.co/2Isznmf",
                "display_url": "engt.co/2Isznmf",
                "indices": [
                    43,
                    66
                ]
            }
        ]
    },
    "metadata": {
        "iso_language_code": "en",
        "result_type": "recent"
    },
    "source": "<a href=\"https://ifttt.com\" rel=\"nofollow\">IFTTT</a>",
    "in_reply_to_status_id": null,
    "in_reply_to_status_id_str": null,
    "in_reply_to_user_id": null,
    "in_reply_to_user_id_str": null,
    "in_reply_to_screen_name": null,
    "user": {
        "id": 66079234,
        "id_str": "66079234",
        "name": "Michael Adams",
        "screen_name": "mikeadams68",
        "location": "Georgia, US",
        "description": "I am a computer geek that loves gadgets. As much as I love technology I believe all knowledge just shows us how Awesome God is and how this Nation Needs him.",
        "url": "http://t.co/jjfbh3Aq1e",
        "entities": {
            "url": {
                "urls": [
                    {
                        "url": "http://t.co/jjfbh3Aq1e",
                        "expanded_url": "http://www.biblepathway.info",
                        "display_url": "biblepathway.info",
                        "indices": [
                            0,
                            22
                        ]
                    }
                ]
            },
            "description": {
                "urls": []
            }
        },
        "protected": false,
        "followers_count": 424,
        "friends_count": 621,
        "listed_count": 20,
        "created_at": "Sun Aug 16 08:07:52 +0000 2009",
        "favourites_count": 205,
        "utc_offset": null,
        "time_zone": null,
        "geo_enabled": false,
        "verified": false,
        "statuses_count": 60430,
        "lang": "en",
        "contributors_enabled": false,
        "is_translator": false,
        "is_translation_enabled": false,
        "profile_background_color": "131516",
        "profile_background_image_url": "http://abs.twimg.com/images/themes/theme14/bg.gif",
        "profile_background_image_url_https": "https://abs.twimg.com/images/themes/theme14/bg.gif",
        "profile_background_tile": true,
        "profile_image_url": "http://pbs.twimg.com/profile_images/908117500495323137/p159kyWH_normal.jpg",
        "profile_image_url_https": "https://pbs.twimg.com/profile_images/908117500495323137/p159kyWH_normal.jpg",
        "profile_banner_url": "https://pbs.twimg.com/profile_banners/66079234/1418831016",
        "profile_link_color": "009999",
        "profile_sidebar_border_color": "EEEEEE",
        "profile_sidebar_fill_color": "EFEFEF",
        "profile_text_color": "333333",
        "profile_use_background_image": true,
        "has_extended_profile": true,
        "default_profile": false,
        "default_profile_image": false,
        "following": null,
        "follow_request_sent": null,
        "notifications": null,
        "translator_type": "none"
    },
    "geo": null,
    "coordinates": null,
    "place": null,
    "contributors": null,
    "is_quote_status": false,
    "retweet_count": 0,
    "favorite_count": 0,
    "favorited": false,
    "retweeted": false,
    "possibly_sensitive": false,
    "lang": "en"
}