{
    "created_at": "Tue Apr 16 02:46:32 +0000 2019",
    "id": 1117982578609283072,
    "id_str": "1117982578609283072",
    "text": "Lyft adds New York\u2019s Citi Bikes to its app: Beginning in May, Lyft customers in New York City will be able to use C\u2026 https://t.co/2SoKU2yTyQ",
    "truncated": true,
    "entities": {
        "hashtags": [],
        "symbols": [],
        "user_mentions": [],
        "urls": [
            {
                "url": "https://t.co/2SoKU2yTyQ",
                "expanded_url": "https://twitter.com/i/web/status/1117982578609283072",
                "display_url": "twitter.com/i/web/status/1\u2026",
                "indices": [
                    117,
                    140
                ]
            }
        ]
    },
    "metadata": {
        "iso_language_code": "en",
        "result_type": "recent"
    },
    "source": "<a href=\"https://dlvrit.com/\" rel=\"nofollow\">dlvr.it</a>",
    "in_reply_to_status_id": null,
    "in_reply_to_status_id_str": null,
    "in_reply_to_user_id": null,
    "in_reply_to_user_id_str": null,
    "in_reply_to_screen_name": null,
    "user": {
        "id": 393735322,
        "id_str": "393735322",
        "name": "No Name",
        "screen_name": "net_seo",
        "location": "",
        "description": "IT, SEO, Internet News (auch aus nichtdeutschen und nichtenglischen Blogs) auf deutsch.",
        "url": null,
        "entities": {
            "description": {
                "urls": []
            }
        },
        "protected": false,
        "followers_count": 2820,
        "friends_count": 3002,
        "listed_count": 357,
        "created_at": "Wed Oct 19 00:28:20 +0000 2011",
        "favourites_count": 0,
        "utc_offset": null,
        "time_zone": null,
        "geo_enabled": false,
        "verified": false,
        "statuses_count": 58390,
        "lang": "en",
        "contributors_enabled": false,
        "is_translator": false,
        "is_translation_enabled": false,
        "profile_background_color": "C0DEED",
        "profile_background_image_url": "http://abs.twimg.com/images/themes/theme1/bg.png",
        "profile_background_image_url_https": "https://abs.twimg.com/images/themes/theme1/bg.png",
        "profile_background_tile": true,
        "profile_image_url": "http://pbs.twimg.com/profile_images/1595409585/stormy-weather-300x209_normal.jpg",
        "profile_image_url_https": "https://pbs.twimg.com/profile_images/1595409585/stormy-weather-300x209_normal.jpg",
        "profile_link_color": "0084B4",
        "profile_sidebar_border_color": "383430",
        "profile_sidebar_fill_color": "F0EBE2",
        "profile_text_color": "333333",
        "profile_use_background_image": true,
        "has_extended_profile": false,
        "default_profile": false,
        "default_profile_image": false,
        "following": null,
        "follow_request_sent": null,
        "notifications": null,
        "translator_type": "none"
    },
    "geo": null,
    "coordinates": null,
    "place": null,
    "contributors": null,
    "is_quote_status": false,
    "retweet_count": 0,
    "favorite_count": 0,
    "favorited": false,
    "retweeted": false,
    "possibly_sensitive": false,
    "lang": "en"
}