{
    "created_at": "Mon Apr 15 20:18:44 +0000 2019",
    "id": 1117884986198118400,
    "id_str": "1117884986198118400",
    "text": "Citi Bike Pulls Electric Bikes With Touchy Brakes After Rider Breaks Hip https://t.co/UWNvgJjxYc",
    "truncated": false,
    "entities": {
        "hashtags": [],
        "symbols": [],
        "user_mentions": [],
        "urls": [
            {
                "url": "https://t.co/UWNvgJjxYc",
                "expanded_url": "https://jalopnik.com/citi-bike-pulls-electric-bikes-because-of-overly-sensit-1834047560",
                "display_url": "jalopnik.com/citi-bike-pull\u2026",
                "indices": [
                    73,
                    96
                ]
            }
        ]
    },
    "metadata": {
        "iso_language_code": "en",
        "result_type": "recent"
    },
    "source": "<a href=\"https://paper.li\" rel=\"nofollow\">Paper.li</a>",
    "in_reply_to_status_id": null,
    "in_reply_to_status_id_str": null,
    "in_reply_to_user_id": null,
    "in_reply_to_user_id_str": null,
    "in_reply_to_screen_name": null,
    "user": {
        "id": 35500093,
        "id_str": "35500093",
        "name": "Logistics Unit",
        "screen_name": "logisticsunit",
        "location": "Hong Kong",
        "description": "Logistics Unit: news, business, services https://t.co/gO5lMFBgkG",
        "url": "https://t.co/gO5lMFBgkG",
        "entities": {
            "url": {
                "urls": [
                    {
                        "url": "https://t.co/gO5lMFBgkG",
                        "expanded_url": "http://LogisticsUnit.com",
                        "display_url": "LogisticsUnit.com",
                        "indices": [
                            0,
                            23
                        ]
                    }
                ]
            },
            "description": {
                "urls": [
                    {
                        "url": "https://t.co/gO5lMFBgkG",
                        "expanded_url": "http://LogisticsUnit.com",
                        "display_url": "LogisticsUnit.com",
                        "indices": [
                            41,
                            64
                        ]
                    }
                ]
            }
        },
        "protected": false,
        "followers_count": 545,
        "friends_count": 1335,
        "listed_count": 8,
        "created_at": "Sun Apr 26 16:28:49 +0000 2009",
        "favourites_count": 290,
        "utc_offset": null,
        "time_zone": null,
        "geo_enabled": false,
        "verified": false,
        "statuses_count": 1393,
        "lang": "en",
        "contributors_enabled": false,
        "is_translator": false,
        "is_translation_enabled": false,
        "profile_background_color": "C0DEED",
        "profile_background_image_url": "http://abs.twimg.com/images/themes/theme1/bg.png",
        "profile_background_image_url_https": "https://abs.twimg.com/images/themes/theme1/bg.png",
        "profile_background_tile": true,
        "profile_image_url": "http://pbs.twimg.com/profile_images/1073305077694259208/M4syAePN_normal.jpg",
        "profile_image_url_https": "https://pbs.twimg.com/profile_images/1073305077694259208/M4syAePN_normal.jpg",
        "profile_banner_url": "https://pbs.twimg.com/profile_banners/35500093/1544730885",
        "profile_link_color": "0084B4",
        "profile_sidebar_border_color": "000000",
        "profile_sidebar_fill_color": "DDEEF6",
        "profile_text_color": "333333",
        "profile_use_background_image": true,
        "has_extended_profile": false,
        "default_profile": false,
        "default_profile_image": false,
        "following": null,
        "follow_request_sent": null,
        "notifications": null,
        "translator_type": "none"
    },
    "geo": null,
    "coordinates": null,
    "place": null,
    "contributors": null,
    "is_quote_status": false,
    "retweet_count": 0,
    "favorite_count": 0,
    "favorited": false,
    "retweeted": false,
    "possibly_sensitive": false,
    "lang": "en"
}