{
    "created_at": "Mon Apr 15 19:37:17 +0000 2019",
    "id": 1117874552837758976,
    "id_str": "1117874552837758976",
    "text": "@VanessaGregson @skip_sf @FordGoBike This affects all of the Lyft owned bike rentals... for ebikes.  NYC\u2019s Citi Bikes also pulled the ebikes",
    "truncated": false,
    "entities": {
        "hashtags": [],
        "symbols": [],
        "user_mentions": [
            {
                "screen_name": "VanessaGregson",
                "name": "Vanessa Gregson",
                "id": 217185147,
                "id_str": "217185147",
                "indices": [
                    0,
                    15
                ]
            },
            {
                "screen_name": "skip_sf",
                "name": "Skip Pile",
                "id": 4831407566,
                "id_str": "4831407566",
                "indices": [
                    16,
                    24
                ]
            },
            {
                "screen_name": "FordGoBike",
                "name": "Ford GoBike",
                "id": 1511580332,
                "id_str": "1511580332",
                "indices": [
                    25,
                    36
                ]
            }
        ],
        "urls": []
    },
    "metadata": {
        "iso_language_code": "en",
        "result_type": "recent"
    },
    "source": "<a href=\"http://twitter.com/download/iphone\" rel=\"nofollow\">Twitter for iPhone</a>",
    "in_reply_to_status_id": 1117868822856253440,
    "in_reply_to_status_id_str": "1117868822856253440",
    "in_reply_to_user_id": 217185147,
    "in_reply_to_user_id_str": "217185147",
    "in_reply_to_screen_name": "VanessaGregson",
    "user": {
        "id": 11493452,
        "id_str": "11493452",
        "name": "Phil Ritz",
        "screen_name": "philritz1",
        "location": "Tribeca, Manhattan",
        "description": "I take pics and clean the air. Environmental Scientist, YIMBY, Sustainability, Habitatmap, Columbia, Rutgers, \ud83d\udeb2 \ud83d\udcf8 \ud83c\udfe2\ud83c\udf32\ud83c\udf0d(tweets are my personal opinion)",
        "url": "https://t.co/kj0M8AVEns",
        "entities": {
            "url": {
                "urls": [
                    {
                        "url": "https://t.co/kj0M8AVEns",
                        "expanded_url": "http://Instagram.com/philritz",
                        "display_url": "Instagram.com/philritz",
                        "indices": [
                            0,
                            23
                        ]
                    }
                ]
            },
            "description": {
                "urls": []
            }
        },
        "protected": false,
        "followers_count": 5494,
        "friends_count": 988,
        "listed_count": 65,
        "created_at": "Tue Dec 25 03:53:09 +0000 2007",
        "favourites_count": 295239,
        "utc_offset": null,
        "time_zone": null,
        "geo_enabled": true,
        "verified": false,
        "statuses_count": 6354,
        "lang": "en",
        "contributors_enabled": false,
        "is_translator": false,
        "is_translation_enabled": false,
        "profile_background_color": "000000",
        "profile_background_image_url": "http://abs.twimg.com/images/themes/theme1/bg.png",
        "profile_background_image_url_https": "https://abs.twimg.com/images/themes/theme1/bg.png",
        "profile_background_tile": false,
        "profile_image_url": "http://pbs.twimg.com/profile_images/1111627957850853377/9SS1d8gE_normal.jpg",
        "profile_image_url_https": "https://pbs.twimg.com/profile_images/1111627957850853377/9SS1d8gE_normal.jpg",
        "profile_banner_url": "https://pbs.twimg.com/profile_banners/11493452/1554832525",
        "profile_link_color": "7FDBB6",
        "profile_sidebar_border_color": "000000",
        "profile_sidebar_fill_color": "000000",
        "profile_text_color": "000000",
        "profile_use_background_image": false,
        "has_extended_profile": true,
        "default_profile": false,
        "default_profile_image": false,
        "following": null,
        "follow_request_sent": null,
        "notifications": null,
        "translator_type": "none"
    },
    "geo": null,
    "coordinates": null,
    "place": null,
    "contributors": null,
    "is_quote_status": false,
    "retweet_count": 0,
    "favorite_count": 0,
    "favorited": false,
    "retweeted": false,
    "lang": "en"
}