{
    "created_at": "Mon Apr 15 21:19:23 +0000 2019",
    "id": 1117900247148052482,
    "id_str": "1117900247148052482",
    "text": "@bikepedantic @sharrowsDC this article says it was Lyft's decision anyway: https://t.co/Gp6O55duwv",
    "truncated": false,
    "entities": {
        "hashtags": [],
        "symbols": [],
        "user_mentions": [
            {
                "screen_name": "bikepedantic",
                "name": "montgomery clyft",
                "id": 476129944,
                "id_str": "476129944",
                "indices": [
                    0,
                    13
                ]
            },
            {
                "screen_name": "sharrowsDC",
                "name": "sharrowsDC",
                "id": 145821662,
                "id_str": "145821662",
                "indices": [
                    14,
                    25
                ]
            }
        ],
        "urls": [
            {
                "url": "https://t.co/Gp6O55duwv",
                "expanded_url": "https://www.nytimes.com/2019/04/15/nyregion/citi-bike-electric.html",
                "display_url": "nytimes.com/2019/04/15/nyr\u2026",
                "indices": [
                    75,
                    98
                ]
            }
        ]
    },
    "metadata": {
        "iso_language_code": "en",
        "result_type": "recent"
    },
    "source": "<a href=\"http://twitter.com\" rel=\"nofollow\">Twitter Web Client</a>",
    "in_reply_to_status_id": 1117899981665579009,
    "in_reply_to_status_id_str": "1117899981665579009",
    "in_reply_to_user_id": 1931494634,
    "in_reply_to_user_id_str": "1931494634",
    "in_reply_to_screen_name": "ezradf",
    "user": {
        "id": 1931494634,
        "id_str": "1931494634",
        "name": "Ezra DF",
        "screen_name": "ezradf",
        "location": "DC/MD",
        "description": "Politics nerd, banjo man, lover of sandwiches.",
        "url": null,
        "entities": {
            "description": {
                "urls": []
            }
        },
        "protected": false,
        "followers_count": 1884,
        "friends_count": 425,
        "listed_count": 25,
        "created_at": "Thu Oct 03 17:38:06 +0000 2013",
        "favourites_count": 11778,
        "utc_offset": null,
        "time_zone": null,
        "geo_enabled": false,
        "verified": false,
        "statuses_count": 10697,
        "lang": "en",
        "contributors_enabled": false,
        "is_translator": false,
        "is_translation_enabled": false,
        "profile_background_color": "C0DEED",
        "profile_background_image_url": "http://abs.twimg.com/images/themes/theme1/bg.png",
        "profile_background_image_url_https": "https://abs.twimg.com/images/themes/theme1/bg.png",
        "profile_background_tile": false,
        "profile_image_url": "http://pbs.twimg.com/profile_images/378800000859250155/IvWe0m_P_normal.jpeg",
        "profile_image_url_https": "https://pbs.twimg.com/profile_images/378800000859250155/IvWe0m_P_normal.jpeg",
        "profile_banner_url": "https://pbs.twimg.com/profile_banners/1931494634/1403475916",
        "profile_link_color": "1DA1F2",
        "profile_sidebar_border_color": "C0DEED",
        "profile_sidebar_fill_color": "DDEEF6",
        "profile_text_color": "333333",
        "profile_use_background_image": true,
        "has_extended_profile": false,
        "default_profile": true,
        "default_profile_image": false,
        "following": null,
        "follow_request_sent": null,
        "notifications": null,
        "translator_type": "none"
    },
    "geo": null,
    "coordinates": null,
    "place": null,
    "contributors": null,
    "is_quote_status": false,
    "retweet_count": 0,
    "favorite_count": 0,
    "favorited": false,
    "retweeted": false,
    "possibly_sensitive": false,
    "lang": "en"
}