{
    "created_at": "Mon Apr 15 18:37:28 +0000 2019",
    "id": 1117859502450204673,
    "id_str": "1117859502450204673",
    "text": "Lyft is pulling its recently acquired network of e-bikes from service in three major cities. Those include Citi Bik\u2026 https://t.co/dP1eUF7Agg",
    "truncated": true,
    "entities": {
        "hashtags": [],
        "symbols": [],
        "user_mentions": [],
        "urls": [
            {
                "url": "https://t.co/dP1eUF7Agg",
                "expanded_url": "https://twitter.com/i/web/status/1117859502450204673",
                "display_url": "twitter.com/i/web/status/1\u2026",
                "indices": [
                    117,
                    140
                ]
            }
        ]
    },
    "metadata": {
        "iso_language_code": "en",
        "result_type": "recent"
    },
    "source": "<a href=\"http://twitter.com/download/iphone\" rel=\"nofollow\">Twitter for iPhone</a>",
    "in_reply_to_status_id": null,
    "in_reply_to_status_id_str": null,
    "in_reply_to_user_id": null,
    "in_reply_to_user_id_str": null,
    "in_reply_to_screen_name": null,
    "user": {
        "id": 935388199,
        "id_str": "935388199",
        "name": "JR 2",
        "screen_name": "Fox14390",
        "location": "Planet Earth",
        "description": "I #FollowBack",
        "url": null,
        "entities": {
            "description": {
                "urls": []
            }
        },
        "protected": false,
        "followers_count": 6371,
        "friends_count": 5452,
        "listed_count": 35,
        "created_at": "Thu Nov 08 20:38:51 +0000 2012",
        "favourites_count": 2463,
        "utc_offset": null,
        "time_zone": null,
        "geo_enabled": false,
        "verified": false,
        "statuses_count": 8952,
        "lang": "en",
        "contributors_enabled": false,
        "is_translator": false,
        "is_translation_enabled": false,
        "profile_background_color": "C0DEED",
        "profile_background_image_url": "http://abs.twimg.com/images/themes/theme1/bg.png",
        "profile_background_image_url_https": "https://abs.twimg.com/images/themes/theme1/bg.png",
        "profile_background_tile": false,
        "profile_image_url": "http://pbs.twimg.com/profile_images/553230237946118144/m_Py3krb_normal.jpeg",
        "profile_image_url_https": "https://pbs.twimg.com/profile_images/553230237946118144/m_Py3krb_normal.jpeg",
        "profile_banner_url": "https://pbs.twimg.com/profile_banners/935388199/1386688848",
        "profile_link_color": "1DA1F2",
        "profile_sidebar_border_color": "C0DEED",
        "profile_sidebar_fill_color": "DDEEF6",
        "profile_text_color": "333333",
        "profile_use_background_image": true,
        "has_extended_profile": false,
        "default_profile": true,
        "default_profile_image": false,
        "following": null,
        "follow_request_sent": null,
        "notifications": null,
        "translator_type": "none"
    },
    "geo": null,
    "coordinates": null,
    "place": null,
    "contributors": null,
    "is_quote_status": false,
    "retweet_count": 0,
    "favorite_count": 0,
    "favorited": false,
    "retweeted": false,
    "possibly_sensitive": false,
    "lang": "en"
}