{
    "created_at": "Mon Apr 15 22:16:06 +0000 2019",
    "id": 1117914523074064384,
    "id_str": "1117914523074064384",
    "text": "New Yorkers can hop on a Citi Bike using Lyft's app starting in early May. https://t.co/8SzNNmVTnK",
    "truncated": false,
    "entities": {
        "hashtags": [],
        "symbols": [],
        "user_mentions": [],
        "urls": [
            {
                "url": "https://t.co/8SzNNmVTnK",
                "expanded_url": "https://trib.al/JqfRpSR",
                "display_url": "trib.al/JqfRpSR",
                "indices": [
                    75,
                    98
                ]
            }
        ]
    },
    "metadata": {
        "iso_language_code": "en",
        "result_type": "recent"
    },
    "source": "<a href=\"http://www.socialflow.com\" rel=\"nofollow\">SocialFlow</a>",
    "in_reply_to_status_id": null,
    "in_reply_to_status_id_str": null,
    "in_reply_to_user_id": null,
    "in_reply_to_user_id_str": null,
    "in_reply_to_screen_name": null,
    "user": {
        "id": 165906729,
        "id_str": "165906729",
        "name": "Bed-Stuy Patch",
        "screen_name": "BedStuyPatch",
        "location": "Bedford Stuyvesant, Brooklyn",
        "description": "Local news, alerts, events and more. We\u2019re your source for all things Bed-Stuy.",
        "url": "https://t.co/bIkMccXSTG",
        "entities": {
            "url": {
                "urls": [
                    {
                        "url": "https://t.co/bIkMccXSTG",
                        "expanded_url": "http://patch.com/new-york/bed-stuy",
                        "display_url": "patch.com/new-york/bed-s\u2026",
                        "indices": [
                            0,
                            23
                        ]
                    }
                ]
            },
            "description": {
                "urls": []
            }
        },
        "protected": false,
        "followers_count": 3695,
        "friends_count": 312,
        "listed_count": 120,
        "created_at": "Mon Jul 12 21:11:44 +0000 2010",
        "favourites_count": 1,
        "utc_offset": null,
        "time_zone": null,
        "geo_enabled": true,
        "verified": false,
        "statuses_count": 16719,
        "lang": "en",
        "contributors_enabled": false,
        "is_translator": false,
        "is_translation_enabled": false,
        "profile_background_color": "FFFFFF",
        "profile_background_image_url": "http://abs.twimg.com/images/themes/theme1/bg.png",
        "profile_background_image_url_https": "https://abs.twimg.com/images/themes/theme1/bg.png",
        "profile_background_tile": true,
        "profile_image_url": "http://pbs.twimg.com/profile_images/928700340404338688/S9Cd6SJD_normal.jpg",
        "profile_image_url_https": "https://pbs.twimg.com/profile_images/928700340404338688/S9Cd6SJD_normal.jpg",
        "profile_banner_url": "https://pbs.twimg.com/profile_banners/165906729/1434729890",
        "profile_link_color": "367428",
        "profile_sidebar_border_color": "5CAD4B",
        "profile_sidebar_fill_color": "FFFFFF",
        "profile_text_color": "000000",
        "profile_use_background_image": false,
        "has_extended_profile": false,
        "default_profile": false,
        "default_profile_image": false,
        "following": null,
        "follow_request_sent": null,
        "notifications": null,
        "translator_type": "none"
    },
    "geo": null,
    "coordinates": null,
    "place": null,
    "contributors": null,
    "is_quote_status": false,
    "retweet_count": 0,
    "favorite_count": 0,
    "favorited": false,
    "retweeted": false,
    "possibly_sensitive": false,
    "lang": "en"
}