{
    "created_at": "Tue Apr 16 03:29:08 +0000 2019",
    "id": 1117993299690737664,
    "id_str": "1117993299690737664",
    "text": "Lyft adds New York\u2019s Citi Bikes to its app https://t.co/adGsvGF2OO https://t.co/MsLEj86uWd",
    "truncated": false,
    "entities": {
        "hashtags": [],
        "symbols": [],
        "user_mentions": [],
        "urls": [
            {
                "url": "https://t.co/adGsvGF2OO",
                "expanded_url": "http://dlvr.it/R2tsB4",
                "display_url": "dlvr.it/R2tsB4",
                "indices": [
                    43,
                    66
                ]
            }
        ],
        "media": [
            {
                "id": 1117993298121986048,
                "id_str": "1117993298121986048",
                "indices": [
                    67,
                    90
                ],
                "media_url": "http://pbs.twimg.com/media/D4Po-zPUEAA9Tul.jpg",
                "media_url_https": "https://pbs.twimg.com/media/D4Po-zPUEAA9Tul.jpg",
                "url": "https://t.co/MsLEj86uWd",
                "display_url": "pic.twitter.com/MsLEj86uWd",
                "expanded_url": "https://twitter.com/Ackros/status/1117993299690737664/photo/1",
                "type": "photo",
                "sizes": {
                    "thumb": {
                        "w": 150,
                        "h": 150,
                        "resize": "crop"
                    },
                    "small": {
                        "w": 680,
                        "h": 357,
                        "resize": "fit"
                    },
                    "medium": {
                        "w": 1200,
                        "h": 630,
                        "resize": "fit"
                    },
                    "large": {
                        "w": 1200,
                        "h": 630,
                        "resize": "fit"
                    }
                }
            }
        ]
    },
    "extended_entities": {
        "media": [
            {
                "id": 1117993298121986048,
                "id_str": "1117993298121986048",
                "indices": [
                    67,
                    90
                ],
                "media_url": "http://pbs.twimg.com/media/D4Po-zPUEAA9Tul.jpg",
                "media_url_https": "https://pbs.twimg.com/media/D4Po-zPUEAA9Tul.jpg",
                "url": "https://t.co/MsLEj86uWd",
                "display_url": "pic.twitter.com/MsLEj86uWd",
                "expanded_url": "https://twitter.com/Ackros/status/1117993299690737664/photo/1",
                "type": "photo",
                "sizes": {
                    "thumb": {
                        "w": 150,
                        "h": 150,
                        "resize": "crop"
                    },
                    "small": {
                        "w": 680,
                        "h": 357,
                        "resize": "fit"
                    },
                    "medium": {
                        "w": 1200,
                        "h": 630,
                        "resize": "fit"
                    },
                    "large": {
                        "w": 1200,
                        "h": 630,
                        "resize": "fit"
                    }
                }
            }
        ]
    },
    "metadata": {
        "iso_language_code": "en",
        "result_type": "recent"
    },
    "source": "<a href=\"https://dlvrit.com/\" rel=\"nofollow\">dlvr.it</a>",
    "in_reply_to_status_id": null,
    "in_reply_to_status_id_str": null,
    "in_reply_to_user_id": null,
    "in_reply_to_user_id_str": null,
    "in_reply_to_screen_name": null,
    "user": {
        "id": 41403882,
        "id_str": "41403882",
        "name": "Ackros \ud83c\uddee\ud83c\uddea  #WeThePlayers",
        "screen_name": "Ackros",
        "location": "Ireland",
        "description": "Check out @wetheplayers_ coming soon, reserve your name today at https://t.co/AZBrwpSFZO",
        "url": "https://t.co/6ihgU0i4xt",
        "entities": {
            "url": {
                "urls": [
                    {
                        "url": "https://t.co/6ihgU0i4xt",
                        "expanded_url": "http://wetheplayers.com",
                        "display_url": "wetheplayers.com",
                        "indices": [
                            0,
                            23
                        ]
                    }
                ]
            },
            "description": {
                "urls": [
                    {
                        "url": "https://t.co/AZBrwpSFZO",
                        "expanded_url": "https://wetheplayers.com",
                        "display_url": "wetheplayers.com",
                        "indices": [
                            65,
                            88
                        ]
                    }
                ]
            }
        },
        "protected": false,
        "followers_count": 836,
        "friends_count": 2037,
        "listed_count": 35,
        "created_at": "Wed May 20 17:26:18 +0000 2009",
        "favourites_count": 3570,
        "utc_offset": null,
        "time_zone": null,
        "geo_enabled": true,
        "verified": false,
        "statuses_count": 17030,
        "lang": "en",
        "contributors_enabled": false,
        "is_translator": false,
        "is_translation_enabled": false,
        "profile_background_color": "000000",
        "profile_background_image_url": "http://abs.twimg.com/images/themes/theme15/bg.png",
        "profile_background_image_url_https": "https://abs.twimg.com/images/themes/theme15/bg.png",
        "profile_background_tile": false,
        "profile_image_url": "http://pbs.twimg.com/profile_images/994547277787103232/MfyNANqU_normal.jpg",
        "profile_image_url_https": "https://pbs.twimg.com/profile_images/994547277787103232/MfyNANqU_normal.jpg",
        "profile_banner_url": "https://pbs.twimg.com/profile_banners/41403882/1555604690",
        "profile_link_color": "002126",
        "profile_sidebar_border_color": "000000",
        "profile_sidebar_fill_color": "000000",
        "profile_text_color": "000000",
        "profile_use_background_image": false,
        "has_extended_profile": true,
        "default_profile": false,
        "default_profile_image": false,
        "following": null,
        "follow_request_sent": null,
        "notifications": null,
        "translator_type": "none"
    },
    "geo": null,
    "coordinates": null,
    "place": null,
    "contributors": null,
    "is_quote_status": false,
    "retweet_count": 0,
    "favorite_count": 0,
    "favorited": false,
    "retweeted": false,
    "possibly_sensitive": false,
    "lang": "en"
}