{
    "created_at": "Mon Apr 15 19:24:40 +0000 2019",
    "id": 1117871377111891968,
    "id_str": "1117871377111891968",
    "text": "Ouch!\nLaura Zampa, what will you do? https://t.co/OIhDYwxuad",
    "truncated": false,
    "entities": {
        "hashtags": [],
        "symbols": [],
        "user_mentions": [],
        "urls": [
            {
                "url": "https://t.co/OIhDYwxuad",
                "expanded_url": "https://ny.curbed.com/2019/4/15/18310966/citi-bike-new-york-pedal-assist-safety",
                "display_url": "ny.curbed.com/2019/4/15/1831\u2026",
                "indices": [
                    37,
                    60
                ]
            }
        ]
    },
    "metadata": {
        "iso_language_code": "en",
        "result_type": "recent"
    },
    "source": "<a href=\"http://www.facebook.com/twitter\" rel=\"nofollow\">Facebook</a>",
    "in_reply_to_status_id": null,
    "in_reply_to_status_id_str": null,
    "in_reply_to_user_id": null,
    "in_reply_to_user_id_str": null,
    "in_reply_to_screen_name": null,
    "user": {
        "id": 889548678,
        "id_str": "889548678",
        "name": "Kris Sylvester",
        "screen_name": "Kris3Sylvester",
        "location": "Brooklyn, NY",
        "description": "I love everything real estate",
        "url": "https://t.co/jGwRje8cU4",
        "entities": {
            "url": {
                "urls": [
                    {
                        "url": "https://t.co/jGwRje8cU4",
                        "expanded_url": "http://www.halstead.com/k3s",
                        "display_url": "halstead.com/k3s",
                        "indices": [
                            0,
                            23
                        ]
                    }
                ]
            },
            "description": {
                "urls": []
            }
        },
        "protected": false,
        "followers_count": 83,
        "friends_count": 51,
        "listed_count": 2,
        "created_at": "Thu Oct 18 19:12:08 +0000 2012",
        "favourites_count": 59,
        "utc_offset": null,
        "time_zone": null,
        "geo_enabled": false,
        "verified": false,
        "statuses_count": 3201,
        "lang": "en",
        "contributors_enabled": false,
        "is_translator": false,
        "is_translation_enabled": false,
        "profile_background_color": "C0DEED",
        "profile_background_image_url": "http://abs.twimg.com/images/themes/theme1/bg.png",
        "profile_background_image_url_https": "https://abs.twimg.com/images/themes/theme1/bg.png",
        "profile_background_tile": false,
        "profile_image_url": "http://pbs.twimg.com/profile_images/820021309795082241/3DDvyaO7_normal.jpg",
        "profile_image_url_https": "https://pbs.twimg.com/profile_images/820021309795082241/3DDvyaO7_normal.jpg",
        "profile_banner_url": "https://pbs.twimg.com/profile_banners/889548678/1484343404",
        "profile_link_color": "1DA1F2",
        "profile_sidebar_border_color": "C0DEED",
        "profile_sidebar_fill_color": "DDEEF6",
        "profile_text_color": "333333",
        "profile_use_background_image": true,
        "has_extended_profile": true,
        "default_profile": true,
        "default_profile_image": false,
        "following": null,
        "follow_request_sent": null,
        "notifications": null,
        "translator_type": "none"
    },
    "geo": null,
    "coordinates": null,
    "place": null,
    "contributors": null,
    "is_quote_status": false,
    "retweet_count": 0,
    "favorite_count": 0,
    "favorited": false,
    "retweeted": false,
    "possibly_sensitive": false,
    "lang": "en"
}