{
    "created_at": "Mon Apr 15 20:10:05 +0000 2019",
    "id": 1117882807047446528,
    "id_str": "1117882807047446528",
    "text": "Lyft pulls thousands of e-bikes out of service in three US cities for braking malfunctions  #BusinessNews\u2026 https://t.co/jjVrOiGkRG",
    "truncated": true,
    "entities": {
        "hashtags": [
            {
                "text": "BusinessNews",
                "indices": [
                    92,
                    105
                ]
            }
        ],
        "symbols": [],
        "user_mentions": [],
        "urls": [
            {
                "url": "https://t.co/jjVrOiGkRG",
                "expanded_url": "https://twitter.com/i/web/status/1117882807047446528",
                "display_url": "twitter.com/i/web/status/1\u2026",
                "indices": [
                    107,
                    130
                ]
            }
        ]
    },
    "metadata": {
        "iso_language_code": "en",
        "result_type": "recent"
    },
    "source": "<a href=\"https://buffer.com\" rel=\"nofollow\">Buffer</a>",
    "in_reply_to_status_id": null,
    "in_reply_to_status_id_str": null,
    "in_reply_to_user_id": null,
    "in_reply_to_user_id_str": null,
    "in_reply_to_screen_name": null,
    "user": {
        "id": 3018375669,
        "id_str": "3018375669",
        "name": "QS2 Point",
        "screen_name": "QS2Point",
        "location": "Michigan, USA",
        "description": "Your partner on-premise, onshore, nearshore, or offshore technology.\nWe retweet tech news.",
        "url": "https://t.co/5qCyJhSXGE",
        "entities": {
            "url": {
                "urls": [
                    {
                        "url": "https://t.co/5qCyJhSXGE",
                        "expanded_url": "http://www.qs2point.com",
                        "display_url": "qs2point.com",
                        "indices": [
                            0,
                            23
                        ]
                    }
                ]
            },
            "description": {
                "urls": []
            }
        },
        "protected": false,
        "followers_count": 1406,
        "friends_count": 2119,
        "listed_count": 182,
        "created_at": "Wed Feb 04 19:13:24 +0000 2015",
        "favourites_count": 207,
        "utc_offset": null,
        "time_zone": null,
        "geo_enabled": true,
        "verified": false,
        "statuses_count": 9085,
        "lang": "en",
        "contributors_enabled": false,
        "is_translator": false,
        "is_translation_enabled": false,
        "profile_background_color": "000000",
        "profile_background_image_url": "http://abs.twimg.com/images/themes/theme1/bg.png",
        "profile_background_image_url_https": "https://abs.twimg.com/images/themes/theme1/bg.png",
        "profile_background_tile": false,
        "profile_image_url": "http://pbs.twimg.com/profile_images/838048705626443777/KnJlojxw_normal.jpg",
        "profile_image_url_https": "https://pbs.twimg.com/profile_images/838048705626443777/KnJlojxw_normal.jpg",
        "profile_banner_url": "https://pbs.twimg.com/profile_banners/3018375669/1488641471",
        "profile_link_color": "06316C",
        "profile_sidebar_border_color": "000000",
        "profile_sidebar_fill_color": "000000",
        "profile_text_color": "000000",
        "profile_use_background_image": false,
        "has_extended_profile": false,
        "default_profile": false,
        "default_profile_image": false,
        "following": null,
        "follow_request_sent": null,
        "notifications": null,
        "translator_type": "none"
    },
    "geo": null,
    "coordinates": null,
    "place": null,
    "contributors": null,
    "is_quote_status": false,
    "retweet_count": 0,
    "favorite_count": 0,
    "favorited": false,
    "retweeted": false,
    "possibly_sensitive": false,
    "lang": "en"
}