{
    "created_at": "Tue Apr 16 01:09:56 +0000 2019",
    "id": 1117958268259844096,
    "id_str": "1117958268259844096",
    "text": "@driversofnyc @CitiBikeNYC How do you get that view? We got this multi-pin view by searching for Citi Bike. https://t.co/qHPYTelue5",
    "truncated": false,
    "entities": {
        "hashtags": [],
        "symbols": [],
        "user_mentions": [
            {
                "screen_name": "driversofnyc",
                "name": "Bike Commuting NYC",
                "id": 874442574769123331,
                "id_str": "874442574769123331",
                "indices": [
                    0,
                    13
                ]
            },
            {
                "screen_name": "CitiBikeNYC",
                "name": "Citi Bike",
                "id": 366631688,
                "id_str": "366631688",
                "indices": [
                    14,
                    26
                ]
            }
        ],
        "urls": [],
        "media": [
            {
                "id": 1117958265026031617,
                "id_str": "1117958265026031617",
                "indices": [
                    108,
                    131
                ],
                "media_url": "http://pbs.twimg.com/media/D4PJHmyWsAEwuO7.jpg",
                "media_url_https": "https://pbs.twimg.com/media/D4PJHmyWsAEwuO7.jpg",
                "url": "https://t.co/qHPYTelue5",
                "display_url": "pic.twitter.com/qHPYTelue5",
                "expanded_url": "https://twitter.com/bikejc/status/1117958268259844096/photo/1",
                "type": "photo",
                "sizes": {
                    "thumb": {
                        "w": 150,
                        "h": 150,
                        "resize": "crop"
                    },
                    "large": {
                        "w": 473,
                        "h": 1024,
                        "resize": "fit"
                    },
                    "medium": {
                        "w": 473,
                        "h": 1024,
                        "resize": "fit"
                    },
                    "small": {
                        "w": 314,
                        "h": 680,
                        "resize": "fit"
                    }
                }
            }
        ]
    },
    "extended_entities": {
        "media": [
            {
                "id": 1117958265026031617,
                "id_str": "1117958265026031617",
                "indices": [
                    108,
                    131
                ],
                "media_url": "http://pbs.twimg.com/media/D4PJHmyWsAEwuO7.jpg",
                "media_url_https": "https://pbs.twimg.com/media/D4PJHmyWsAEwuO7.jpg",
                "url": "https://t.co/qHPYTelue5",
                "display_url": "pic.twitter.com/qHPYTelue5",
                "expanded_url": "https://twitter.com/bikejc/status/1117958268259844096/photo/1",
                "type": "photo",
                "sizes": {
                    "thumb": {
                        "w": 150,
                        "h": 150,
                        "resize": "crop"
                    },
                    "large": {
                        "w": 473,
                        "h": 1024,
                        "resize": "fit"
                    },
                    "medium": {
                        "w": 473,
                        "h": 1024,
                        "resize": "fit"
                    },
                    "small": {
                        "w": 314,
                        "h": 680,
                        "resize": "fit"
                    }
                }
            }
        ]
    },
    "metadata": {
        "iso_language_code": "en",
        "result_type": "recent"
    },
    "source": "<a href=\"http://twitter.com/download/iphone\" rel=\"nofollow\">Twitter for iPhone</a>",
    "in_reply_to_status_id": 1117822498735906816,
    "in_reply_to_status_id_str": "1117822498735906816",
    "in_reply_to_user_id": 874442574769123331,
    "in_reply_to_user_id_str": "874442574769123331",
    "in_reply_to_screen_name": "driversofnyc",
    "user": {
        "id": 103610446,
        "id_str": "103610446",
        "name": "\ud83d\udeb2BikeJC\ud83d\uddfd",
        "screen_name": "bikejc",
        "location": "Jersey City, NJ",
        "description": "501c3 making Jersey City \ud83d\udeb2-friendlier since 2009. FB: BikeJC IG: @bikejcgram Email Sub: https://t.co/dURCS0gP5O Admins: @elsqueet @kevinaskevin RT\u2260endorsement",
        "url": "https://t.co/upOFS5pgSb",
        "entities": {
            "url": {
                "urls": [
                    {
                        "url": "https://t.co/upOFS5pgSb",
                        "expanded_url": "http://www.bikejc.org",
                        "display_url": "bikejc.org",
                        "indices": [
                            0,
                            23
                        ]
                    }
                ]
            },
            "description": {
                "urls": [
                    {
                        "url": "https://t.co/dURCS0gP5O",
                        "expanded_url": "http://eepurl.com/AIxr",
                        "display_url": "eepurl.com/AIxr",
                        "indices": [
                            88,
                            111
                        ]
                    }
                ]
            }
        },
        "protected": false,
        "followers_count": 3911,
        "friends_count": 910,
        "listed_count": 217,
        "created_at": "Sun Jan 10 16:46:09 +0000 2010",
        "favourites_count": 65152,
        "utc_offset": null,
        "time_zone": null,
        "geo_enabled": true,
        "verified": false,
        "statuses_count": 26099,
        "lang": "en",
        "contributors_enabled": false,
        "is_translator": false,
        "is_translation_enabled": false,
        "profile_background_color": "B2DFDA",
        "profile_background_image_url": "http://abs.twimg.com/images/themes/theme13/bg.gif",
        "profile_background_image_url_https": "https://abs.twimg.com/images/themes/theme13/bg.gif",
        "profile_background_tile": false,
        "profile_image_url": "http://pbs.twimg.com/profile_images/873506371488055298/iuKExhxB_normal.jpg",
        "profile_image_url_https": "https://pbs.twimg.com/profile_images/873506371488055298/iuKExhxB_normal.jpg",
        "profile_banner_url": "https://pbs.twimg.com/profile_banners/103610446/1553385447",
        "profile_link_color": "93A644",
        "profile_sidebar_border_color": "EEEEEE",
        "profile_sidebar_fill_color": "FFFFFF",
        "profile_text_color": "333333",
        "profile_use_background_image": true,
        "has_extended_profile": false,
        "default_profile": false,
        "default_profile_image": false,
        "following": null,
        "follow_request_sent": null,
        "notifications": null,
        "translator_type": "none"
    },
    "geo": null,
    "coordinates": null,
    "place": null,
    "contributors": null,
    "is_quote_status": false,
    "retweet_count": 0,
    "favorite_count": 0,
    "favorited": false,
    "retweeted": false,
    "possibly_sensitive": false,
    "lang": "en"
}