{
    "created_at": "Mon Apr 15 22:26:02 +0000 2019",
    "id": 1117917022480945153,
    "id_str": "1117917022480945153",
    "text": "New Yorkers can hop on a Citi Bike using Lyft's app starting in early May. https://t.co/B9BdX4jYN5",
    "truncated": false,
    "entities": {
        "hashtags": [],
        "symbols": [],
        "user_mentions": [],
        "urls": [
            {
                "url": "https://t.co/B9BdX4jYN5",
                "expanded_url": "https://trib.al/wlS7Otp",
                "display_url": "trib.al/wlS7Otp",
                "indices": [
                    75,
                    98
                ]
            }
        ]
    },
    "metadata": {
        "iso_language_code": "en",
        "result_type": "recent"
    },
    "source": "<a href=\"http://www.socialflow.com\" rel=\"nofollow\">SocialFlow</a>",
    "in_reply_to_status_id": null,
    "in_reply_to_status_id_str": null,
    "in_reply_to_user_id": null,
    "in_reply_to_user_id_str": null,
    "in_reply_to_screen_name": null,
    "user": {
        "id": 756505084285054977,
        "id_str": "756505084285054977",
        "name": "LES-Chinatown Patch",
        "screen_name": "LES_Patch",
        "location": "Lower East Side, Manhattan",
        "description": "Local news, alerts, events and more. We\u2019re your source for all things Lower East Side and Chinatown.",
        "url": "https://t.co/PkyUgfmzKA",
        "entities": {
            "url": {
                "urls": [
                    {
                        "url": "https://t.co/PkyUgfmzKA",
                        "expanded_url": "http://patch.com/new-york/lower-east-side-chinatown",
                        "display_url": "patch.com/new-york/lower\u2026",
                        "indices": [
                            0,
                            23
                        ]
                    }
                ]
            },
            "description": {
                "urls": []
            }
        },
        "protected": false,
        "followers_count": 92,
        "friends_count": 22,
        "listed_count": 1,
        "created_at": "Fri Jul 22 15:04:02 +0000 2016",
        "favourites_count": 0,
        "utc_offset": null,
        "time_zone": null,
        "geo_enabled": false,
        "verified": false,
        "statuses_count": 6344,
        "lang": "en",
        "contributors_enabled": false,
        "is_translator": false,
        "is_translation_enabled": false,
        "profile_background_color": "000000",
        "profile_background_image_url": "http://abs.twimg.com/images/themes/theme1/bg.png",
        "profile_background_image_url_https": "https://abs.twimg.com/images/themes/theme1/bg.png",
        "profile_background_tile": false,
        "profile_image_url": "http://pbs.twimg.com/profile_images/928694037191598080/Q0mZYIS6_normal.jpg",
        "profile_image_url_https": "https://pbs.twimg.com/profile_images/928694037191598080/Q0mZYIS6_normal.jpg",
        "profile_banner_url": "https://pbs.twimg.com/profile_banners/756505084285054977/1501607545",
        "profile_link_color": "239B44",
        "profile_sidebar_border_color": "000000",
        "profile_sidebar_fill_color": "000000",
        "profile_text_color": "000000",
        "profile_use_background_image": false,
        "has_extended_profile": false,
        "default_profile": false,
        "default_profile_image": false,
        "following": null,
        "follow_request_sent": null,
        "notifications": null,
        "translator_type": "none"
    },
    "geo": null,
    "coordinates": null,
    "place": null,
    "contributors": null,
    "is_quote_status": false,
    "retweet_count": 0,
    "favorite_count": 0,
    "favorited": false,
    "retweeted": false,
    "possibly_sensitive": false,
    "lang": "en"
}