{
    "created_at": "Tue Apr 16 02:33:33 +0000 2019",
    "id": 1117979311384870912,
    "id_str": "1117979311384870912",
    "text": "Lyft adds New York\u2019s Citi Bikes to its app https://t.co/SVRIGkZNm0 https://t.co/cW890Jn9QD",
    "truncated": false,
    "entities": {
        "hashtags": [],
        "symbols": [],
        "user_mentions": [],
        "urls": [
            {
                "url": "https://t.co/SVRIGkZNm0",
                "expanded_url": "http://dlvr.it/R2tlqf",
                "display_url": "dlvr.it/R2tlqf",
                "indices": [
                    43,
                    66
                ]
            }
        ],
        "media": [
            {
                "id": 1117979309900062720,
                "id_str": "1117979309900062720",
                "indices": [
                    67,
                    90
                ],
                "media_url": "http://pbs.twimg.com/media/D4PcQlDUYAA7aEF.jpg",
                "media_url_https": "https://pbs.twimg.com/media/D4PcQlDUYAA7aEF.jpg",
                "url": "https://t.co/cW890Jn9QD",
                "display_url": "pic.twitter.com/cW890Jn9QD",
                "expanded_url": "https://twitter.com/marciojmsilva/status/1117979311384870912/photo/1",
                "type": "photo",
                "sizes": {
                    "thumb": {
                        "w": 150,
                        "h": 150,
                        "resize": "crop"
                    },
                    "small": {
                        "w": 680,
                        "h": 357,
                        "resize": "fit"
                    },
                    "medium": {
                        "w": 1200,
                        "h": 630,
                        "resize": "fit"
                    },
                    "large": {
                        "w": 1200,
                        "h": 630,
                        "resize": "fit"
                    }
                }
            }
        ]
    },
    "extended_entities": {
        "media": [
            {
                "id": 1117979309900062720,
                "id_str": "1117979309900062720",
                "indices": [
                    67,
                    90
                ],
                "media_url": "http://pbs.twimg.com/media/D4PcQlDUYAA7aEF.jpg",
                "media_url_https": "https://pbs.twimg.com/media/D4PcQlDUYAA7aEF.jpg",
                "url": "https://t.co/cW890Jn9QD",
                "display_url": "pic.twitter.com/cW890Jn9QD",
                "expanded_url": "https://twitter.com/marciojmsilva/status/1117979311384870912/photo/1",
                "type": "photo",
                "sizes": {
                    "thumb": {
                        "w": 150,
                        "h": 150,
                        "resize": "crop"
                    },
                    "small": {
                        "w": 680,
                        "h": 357,
                        "resize": "fit"
                    },
                    "medium": {
                        "w": 1200,
                        "h": 630,
                        "resize": "fit"
                    },
                    "large": {
                        "w": 1200,
                        "h": 630,
                        "resize": "fit"
                    }
                }
            }
        ]
    },
    "metadata": {
        "iso_language_code": "en",
        "result_type": "recent"
    },
    "source": "<a href=\"https://dlvrit.com/\" rel=\"nofollow\">dlvr.it</a>",
    "in_reply_to_status_id": null,
    "in_reply_to_status_id_str": null,
    "in_reply_to_user_id": null,
    "in_reply_to_user_id_str": null,
    "in_reply_to_screen_name": null,
    "user": {
        "id": 82350646,
        "id_str": "82350646",
        "name": "M\u00e1rcio M. Silva",
        "screen_name": "marciojmsilva",
        "location": "Lousada, Portugal",
        "description": "Living life, one day after another. One day at a time without thinking about tomorrow. Today, here and now. Nothing simpler, and so I Live...",
        "url": "https://t.co/HU98Tp5XHx",
        "entities": {
            "url": {
                "urls": [
                    {
                        "url": "https://t.co/HU98Tp5XHx",
                        "expanded_url": "https://goo.gl/jMDByi",
                        "display_url": "goo.gl/jMDByi",
                        "indices": [
                            0,
                            23
                        ]
                    }
                ]
            },
            "description": {
                "urls": []
            }
        },
        "protected": false,
        "followers_count": 1341,
        "friends_count": 2518,
        "listed_count": 761,
        "created_at": "Wed Oct 14 12:47:43 +0000 2009",
        "favourites_count": 1865,
        "utc_offset": null,
        "time_zone": null,
        "geo_enabled": true,
        "verified": false,
        "statuses_count": 697884,
        "lang": "pt",
        "contributors_enabled": false,
        "is_translator": false,
        "is_translation_enabled": false,
        "profile_background_color": "000000",
        "profile_background_image_url": "http://abs.twimg.com/images/themes/theme14/bg.gif",
        "profile_background_image_url_https": "https://abs.twimg.com/images/themes/theme14/bg.gif",
        "profile_background_tile": true,
        "profile_image_url": "http://pbs.twimg.com/profile_images/470392656/0869_normal.jpg",
        "profile_image_url_https": "https://pbs.twimg.com/profile_images/470392656/0869_normal.jpg",
        "profile_banner_url": "https://pbs.twimg.com/profile_banners/82350646/1493374598",
        "profile_link_color": "013064",
        "profile_sidebar_border_color": "EEEEEE",
        "profile_sidebar_fill_color": "EFEFEF",
        "profile_text_color": "7A7A7A",
        "profile_use_background_image": true,
        "has_extended_profile": true,
        "default_profile": false,
        "default_profile_image": false,
        "following": null,
        "follow_request_sent": null,
        "notifications": null,
        "translator_type": "regular"
    },
    "geo": null,
    "coordinates": null,
    "place": null,
    "contributors": null,
    "is_quote_status": false,
    "retweet_count": 0,
    "favorite_count": 0,
    "favorited": false,
    "retweeted": false,
    "possibly_sensitive": false,
    "lang": "en"
}