{
    "created_at": "Tue Apr 16 02:40:12 +0000 2019",
    "id": 1117980986317451265,
    "id_str": "1117980986317451265",
    "text": "engadget: Lyft adds New York\u2019s Citi Bikes to its app https://t.co/ZV378fKWBr",
    "truncated": false,
    "entities": {
        "hashtags": [],
        "symbols": [],
        "user_mentions": [],
        "urls": [
            {
                "url": "https://t.co/ZV378fKWBr",
                "expanded_url": "http://bit.ly/2UnbaiJ",
                "display_url": "bit.ly/2UnbaiJ",
                "indices": [
                    53,
                    76
                ]
            }
        ]
    },
    "metadata": {
        "iso_language_code": "en",
        "result_type": "recent"
    },
    "source": "<a href=\"http://www.jadoremontreal.ml\" rel=\"nofollow\">punto read tweets</a>",
    "in_reply_to_status_id": null,
    "in_reply_to_status_id_str": null,
    "in_reply_to_user_id": null,
    "in_reply_to_user_id_str": null,
    "in_reply_to_screen_name": null,
    "user": {
        "id": 775482296782716928,
        "id_str": "775482296782716928",
        "name": "punto tecnologico",
        "screen_name": "Point_tecno",
        "location": "Aguascalientes, M\u00e9xico",
        "description": "Noticias tecnol\u00f3gicas, gadgets, apps y mucho mas",
        "url": "https://t.co/aESoYLt0kB",
        "entities": {
            "url": {
                "urls": [
                    {
                        "url": "https://t.co/aESoYLt0kB",
                        "expanded_url": "http://www.software.genteags.com",
                        "display_url": "software.genteags.com",
                        "indices": [
                            0,
                            23
                        ]
                    }
                ]
            },
            "description": {
                "urls": []
            }
        },
        "protected": false,
        "followers_count": 741,
        "friends_count": 1437,
        "listed_count": 158,
        "created_at": "Mon Sep 12 23:52:42 +0000 2016",
        "favourites_count": 3,
        "utc_offset": null,
        "time_zone": null,
        "geo_enabled": false,
        "verified": false,
        "statuses_count": 200396,
        "lang": "es",
        "contributors_enabled": false,
        "is_translator": false,
        "is_translation_enabled": false,
        "profile_background_color": "000000",
        "profile_background_image_url": "http://abs.twimg.com/images/themes/theme1/bg.png",
        "profile_background_image_url_https": "https://abs.twimg.com/images/themes/theme1/bg.png",
        "profile_background_tile": false,
        "profile_image_url": "http://pbs.twimg.com/profile_images/775488558480158720/syJ4apM0_normal.jpg",
        "profile_image_url_https": "https://pbs.twimg.com/profile_images/775488558480158720/syJ4apM0_normal.jpg",
        "profile_banner_url": "https://pbs.twimg.com/profile_banners/775482296782716928/1473726031",
        "profile_link_color": "FF691F",
        "profile_sidebar_border_color": "000000",
        "profile_sidebar_fill_color": "000000",
        "profile_text_color": "000000",
        "profile_use_background_image": false,
        "has_extended_profile": true,
        "default_profile": false,
        "default_profile_image": false,
        "following": null,
        "follow_request_sent": null,
        "notifications": null,
        "translator_type": "none"
    },
    "geo": null,
    "coordinates": null,
    "place": null,
    "contributors": null,
    "is_quote_status": false,
    "retweet_count": 0,
    "favorite_count": 0,
    "favorited": false,
    "retweeted": false,
    "possibly_sensitive": false,
    "lang": "en"
}