{
    "created_at": "Mon Apr 15 21:03:09 +0000 2019",
    "id": 1117896161958850560,
    "id_str": "1117896161958850560",
    "text": "Flights - Citi Bike Pulls Electric Bikes With Touchy Brakes A... https://t.co/vrNK1ttrzq #transport https://t.co/mVyFjnkd0W",
    "truncated": false,
    "entities": {
        "hashtags": [
            {
                "text": "transport",
                "indices": [
                    89,
                    99
                ]
            }
        ],
        "symbols": [],
        "user_mentions": [],
        "urls": [
            {
                "url": "https://t.co/vrNK1ttrzq",
                "expanded_url": "http://bit.ly/2Pk7j57",
                "display_url": "bit.ly/2Pk7j57",
                "indices": [
                    65,
                    88
                ]
            }
        ],
        "media": [
            {
                "id": 1117896160163790848,
                "id_str": "1117896160163790848",
                "indices": [
                    100,
                    123
                ],
                "media_url": "http://pbs.twimg.com/media/D4OQooJWAAA5dnR.jpg",
                "media_url_https": "https://pbs.twimg.com/media/D4OQooJWAAA5dnR.jpg",
                "url": "https://t.co/mVyFjnkd0W",
                "display_url": "pic.twitter.com/mVyFjnkd0W",
                "expanded_url": "https://twitter.com/FlightsMag/status/1117896161958850560/photo/1",
                "type": "photo",
                "sizes": {
                    "thumb": {
                        "w": 150,
                        "h": 150,
                        "resize": "crop"
                    },
                    "small": {
                        "w": 534,
                        "h": 300,
                        "resize": "fit"
                    },
                    "large": {
                        "w": 534,
                        "h": 300,
                        "resize": "fit"
                    },
                    "medium": {
                        "w": 534,
                        "h": 300,
                        "resize": "fit"
                    }
                }
            }
        ]
    },
    "extended_entities": {
        "media": [
            {
                "id": 1117896160163790848,
                "id_str": "1117896160163790848",
                "indices": [
                    100,
                    123
                ],
                "media_url": "http://pbs.twimg.com/media/D4OQooJWAAA5dnR.jpg",
                "media_url_https": "https://pbs.twimg.com/media/D4OQooJWAAA5dnR.jpg",
                "url": "https://t.co/mVyFjnkd0W",
                "display_url": "pic.twitter.com/mVyFjnkd0W",
                "expanded_url": "https://twitter.com/FlightsMag/status/1117896161958850560/photo/1",
                "type": "photo",
                "sizes": {
                    "thumb": {
                        "w": 150,
                        "h": 150,
                        "resize": "crop"
                    },
                    "small": {
                        "w": 534,
                        "h": 300,
                        "resize": "fit"
                    },
                    "large": {
                        "w": 534,
                        "h": 300,
                        "resize": "fit"
                    },
                    "medium": {
                        "w": 534,
                        "h": 300,
                        "resize": "fit"
                    }
                }
            }
        ]
    },
    "metadata": {
        "iso_language_code": "en",
        "result_type": "recent"
    },
    "source": "<a href=\"http://www.fooddrinkbuzz.com\" rel=\"nofollow\">Restaurant Usa</a>",
    "in_reply_to_status_id": null,
    "in_reply_to_status_id_str": null,
    "in_reply_to_user_id": null,
    "in_reply_to_user_id_str": null,
    "in_reply_to_screen_name": null,
    "user": {
        "id": 3323976664,
        "id_str": "3323976664",
        "name": "Flights TravelMag",
        "screen_name": "FlightsMag",
        "location": "New York, NY, United States ",
        "description": "Flights TravelMag #flights #fly #travel",
        "url": "http://t.co/0B7EoHe3jF",
        "entities": {
            "url": {
                "urls": [
                    {
                        "url": "http://t.co/0B7EoHe3jF",
                        "expanded_url": "http://www.travelmag.pw/flights/",
                        "display_url": "travelmag.pw/flights/",
                        "indices": [
                            0,
                            22
                        ]
                    }
                ]
            },
            "description": {
                "urls": []
            }
        },
        "protected": false,
        "followers_count": 7003,
        "friends_count": 4750,
        "listed_count": 41,
        "created_at": "Sun Jun 14 00:20:43 +0000 2015",
        "favourites_count": 875,
        "utc_offset": null,
        "time_zone": null,
        "geo_enabled": false,
        "verified": false,
        "statuses_count": 10820,
        "lang": "en",
        "contributors_enabled": false,
        "is_translator": false,
        "is_translation_enabled": true,
        "profile_background_color": "000000",
        "profile_background_image_url": "http://abs.twimg.com/images/themes/theme1/bg.png",
        "profile_background_image_url_https": "https://abs.twimg.com/images/themes/theme1/bg.png",
        "profile_background_tile": false,
        "profile_image_url": "http://pbs.twimg.com/profile_images/609878356348305409/yx0eWqwF_normal.jpg",
        "profile_image_url_https": "https://pbs.twimg.com/profile_images/609878356348305409/yx0eWqwF_normal.jpg",
        "profile_link_color": "891E30",
        "profile_sidebar_border_color": "000000",
        "profile_sidebar_fill_color": "000000",
        "profile_text_color": "000000",
        "profile_use_background_image": false,
        "has_extended_profile": false,
        "default_profile": false,
        "default_profile_image": false,
        "following": null,
        "follow_request_sent": null,
        "notifications": null,
        "translator_type": "none"
    },
    "geo": null,
    "coordinates": null,
    "place": null,
    "contributors": null,
    "is_quote_status": false,
    "retweet_count": 0,
    "favorite_count": 0,
    "favorited": false,
    "retweeted": false,
    "possibly_sensitive": false,
    "lang": "en"
}