{
    "created_at": "Tue Apr 16 01:21:59 +0000 2019",
    "id": 1117961299823083521,
    "id_str": "1117961299823083521",
    "text": "Citi Bike Pulls New Electric Bikes Off Streets, Citing Safety Concerns https://t.co/uhQg9NbHfT",
    "truncated": false,
    "entities": {
        "hashtags": [],
        "symbols": [],
        "user_mentions": [],
        "urls": [
            {
                "url": "https://t.co/uhQg9NbHfT",
                "expanded_url": "https://nyti.ms/2DehuDn",
                "display_url": "nyti.ms/2DehuDn",
                "indices": [
                    71,
                    94
                ]
            }
        ]
    },
    "metadata": {
        "iso_language_code": "en",
        "result_type": "recent"
    },
    "source": "<a href=\"http://twitter.com\" rel=\"nofollow\">Twitter Web Client</a>",
    "in_reply_to_status_id": null,
    "in_reply_to_status_id_str": null,
    "in_reply_to_user_id": null,
    "in_reply_to_user_id_str": null,
    "in_reply_to_screen_name": null,
    "user": {
        "id": 589617310,
        "id_str": "589617310",
        "name": "Guy Wade",
        "screen_name": "GWade_DZWL",
        "location": "Dallas, Texas",
        "description": "Big firm trained trial lawyer solving legal problems for those the big firms won't represent. Business and injury cases handled for those who have been wronged.",
        "url": "http://t.co/VFVmuX5WjL",
        "entities": {
            "url": {
                "urls": [
                    {
                        "url": "http://t.co/VFVmuX5WjL",
                        "expanded_url": "http://www.dzwlaw.com",
                        "display_url": "dzwlaw.com",
                        "indices": [
                            0,
                            22
                        ]
                    }
                ]
            },
            "description": {
                "urls": []
            }
        },
        "protected": false,
        "followers_count": 7668,
        "friends_count": 4720,
        "listed_count": 78,
        "created_at": "Fri May 25 02:28:43 +0000 2012",
        "favourites_count": 236,
        "utc_offset": null,
        "time_zone": null,
        "geo_enabled": false,
        "verified": false,
        "statuses_count": 672,
        "lang": "en",
        "contributors_enabled": false,
        "is_translator": false,
        "is_translation_enabled": false,
        "profile_background_color": "C0DEED",
        "profile_background_image_url": "http://abs.twimg.com/images/themes/theme1/bg.png",
        "profile_background_image_url_https": "https://abs.twimg.com/images/themes/theme1/bg.png",
        "profile_background_tile": false,
        "profile_image_url": "http://pbs.twimg.com/profile_images/2789187363/ac8dac11dd4e0eb7e7ba877d776126ca_normal.png",
        "profile_image_url_https": "https://pbs.twimg.com/profile_images/2789187363/ac8dac11dd4e0eb7e7ba877d776126ca_normal.png",
        "profile_link_color": "0084B4",
        "profile_sidebar_border_color": "FFFFFF",
        "profile_sidebar_fill_color": "DDEEF6",
        "profile_text_color": "333333",
        "profile_use_background_image": true,
        "has_extended_profile": false,
        "default_profile": false,
        "default_profile_image": false,
        "following": null,
        "follow_request_sent": null,
        "notifications": null,
        "translator_type": "none"
    },
    "geo": null,
    "coordinates": null,
    "place": null,
    "contributors": null,
    "is_quote_status": false,
    "retweet_count": 0,
    "favorite_count": 0,
    "favorited": false,
    "retweeted": false,
    "possibly_sensitive": false,
    "lang": "en"
}