{
    "created_at": "Mon Apr 15 19:37:33 +0000 2019",
    "id": 1117874619967361024,
    "id_str": "1117874619967361024",
    "text": "RT @My_Octane: Citi Bike Pulls Electric Bikes With Touchy Brakes After Rider Breaks Hip https://t.co/d93cJ2F3VE via @Jalopnik https://t.co/\u2026",
    "truncated": false,
    "entities": {
        "hashtags": [],
        "symbols": [],
        "user_mentions": [
            {
                "screen_name": "My_Octane",
                "name": "MyOctane",
                "id": 2928457873,
                "id_str": "2928457873",
                "indices": [
                    3,
                    13
                ]
            },
            {
                "screen_name": "Jalopnik",
                "name": "Jalopnik",
                "id": 3060631,
                "id_str": "3060631",
                "indices": [
                    116,
                    125
                ]
            }
        ],
        "urls": [
            {
                "url": "https://t.co/d93cJ2F3VE",
                "expanded_url": "http://dlvr.it/R2ssPW",
                "display_url": "dlvr.it/R2ssPW",
                "indices": [
                    88,
                    111
                ]
            }
        ]
    },
    "metadata": {
        "iso_language_code": "en",
        "result_type": "recent"
    },
    "source": "<a href=\"https://dlvrit.com/\" rel=\"nofollow\">dlvr.it</a>",
    "in_reply_to_status_id": null,
    "in_reply_to_status_id_str": null,
    "in_reply_to_user_id": null,
    "in_reply_to_user_id_str": null,
    "in_reply_to_screen_name": null,
    "user": {
        "id": 2381019194,
        "id_str": "2381019194",
        "name": "Craig's Car Care",
        "screen_name": "craigscc",
        "location": "Cape Town",
        "description": "Action Vehicles Film & TV / Stunts @stuntmancraig #CraigsCarCare  #CraigSobotkerStunts Contributor to #MyOctane Motoring VLOG @My_Octane https://t.co/upHoynwJxn",
        "url": "https://t.co/hft6eNRr0E",
        "entities": {
            "url": {
                "urls": [
                    {
                        "url": "https://t.co/hft6eNRr0E",
                        "expanded_url": "http://www.craigscc.com",
                        "display_url": "craigscc.com",
                        "indices": [
                            0,
                            23
                        ]
                    }
                ]
            },
            "description": {
                "urls": [
                    {
                        "url": "https://t.co/upHoynwJxn",
                        "expanded_url": "http://myoctane.tv",
                        "display_url": "myoctane.tv",
                        "indices": [
                            137,
                            160
                        ]
                    }
                ]
            }
        },
        "protected": false,
        "followers_count": 646,
        "friends_count": 633,
        "listed_count": 29,
        "created_at": "Sun Mar 09 20:56:01 +0000 2014",
        "favourites_count": 5693,
        "utc_offset": null,
        "time_zone": null,
        "geo_enabled": false,
        "verified": false,
        "statuses_count": 24635,
        "lang": "en-gb",
        "contributors_enabled": false,
        "is_translator": false,
        "is_translation_enabled": false,
        "profile_background_color": "F9FBFC",
        "profile_background_image_url": "http://abs.twimg.com/images/themes/theme1/bg.png",
        "profile_background_image_url_https": "https://abs.twimg.com/images/themes/theme1/bg.png",
        "profile_background_tile": false,
        "profile_image_url": "http://pbs.twimg.com/profile_images/462369102577692672/NfFk6ZsH_normal.png",
        "profile_image_url_https": "https://pbs.twimg.com/profile_images/462369102577692672/NfFk6ZsH_normal.png",
        "profile_banner_url": "https://pbs.twimg.com/profile_banners/2381019194/1529615145",
        "profile_link_color": "F24D00",
        "profile_sidebar_border_color": "FFFFFF",
        "profile_sidebar_fill_color": "DDEEF6",
        "profile_text_color": "0084B4",
        "profile_use_background_image": true,
        "has_extended_profile": false,
        "default_profile": false,
        "default_profile_image": false,
        "following": null,
        "follow_request_sent": null,
        "notifications": null,
        "translator_type": "none"
    },
    "geo": null,
    "coordinates": null,
    "place": null,
    "contributors": null,
    "retweeted_status": {
        "created_at": "Mon Apr 15 19:37:04 +0000 2019",
        "id": 1117874497812488192,
        "id_str": "1117874497812488192",
        "text": "Citi Bike Pulls Electric Bikes With Touchy Brakes After Rider Breaks Hip https://t.co/d93cJ2F3VE via @Jalopnik https://t.co/gma5FXg9TB",
        "truncated": false,
        "entities": {
            "hashtags": [],
            "symbols": [],
            "user_mentions": [
                {
                    "screen_name": "Jalopnik",
                    "name": "Jalopnik",
                    "id": 3060631,
                    "id_str": "3060631",
                    "indices": [
                        101,
                        110
                    ]
                }
            ],
            "urls": [
                {
                    "url": "https://t.co/d93cJ2F3VE",
                    "expanded_url": "http://dlvr.it/R2ssPW",
                    "display_url": "dlvr.it/R2ssPW",
                    "indices": [
                        73,
                        96
                    ]
                }
            ],
            "media": [
                {
                    "id": 1117874495790837760,
                    "id_str": "1117874495790837760",
                    "indices": [
                        111,
                        134
                    ],
                    "media_url": "http://pbs.twimg.com/media/D4N87mEU8AAmaKL.jpg",
                    "media_url_https": "https://pbs.twimg.com/media/D4N87mEU8AAmaKL.jpg",
                    "url": "https://t.co/gma5FXg9TB",
                    "display_url": "pic.twitter.com/gma5FXg9TB",
                    "expanded_url": "https://twitter.com/My_Octane/status/1117874497812488192/photo/1",
                    "type": "photo",
                    "sizes": {
                        "thumb": {
                            "w": 150,
                            "h": 150,
                            "resize": "crop"
                        },
                        "large": {
                            "w": 1600,
                            "h": 900,
                            "resize": "fit"
                        },
                        "medium": {
                            "w": 1200,
                            "h": 675,
                            "resize": "fit"
                        },
                        "small": {
                            "w": 680,
                            "h": 383,
                            "resize": "fit"
                        }
                    }
                }
            ]
        },
        "extended_entities": {
            "media": [
                {
                    "id": 1117874495790837760,
                    "id_str": "1117874495790837760",
                    "indices": [
                        111,
                        134
                    ],
                    "media_url": "http://pbs.twimg.com/media/D4N87mEU8AAmaKL.jpg",
                    "media_url_https": "https://pbs.twimg.com/media/D4N87mEU8AAmaKL.jpg",
                    "url": "https://t.co/gma5FXg9TB",
                    "display_url": "pic.twitter.com/gma5FXg9TB",
                    "expanded_url": "https://twitter.com/My_Octane/status/1117874497812488192/photo/1",
                    "type": "photo",
                    "sizes": {
                        "thumb": {
                            "w": 150,
                            "h": 150,
                            "resize": "crop"
                        },
                        "large": {
                            "w": 1600,
                            "h": 900,
                            "resize": "fit"
                        },
                        "medium": {
                            "w": 1200,
                            "h": 675,
                            "resize": "fit"
                        },
                        "small": {
                            "w": 680,
                            "h": 383,
                            "resize": "fit"
                        }
                    }
                }
            ]
        },
        "metadata": {
            "iso_language_code": "en",
            "result_type": "recent"
        },
        "source": "<a href=\"https://dlvrit.com/\" rel=\"nofollow\">dlvr.it</a>",
        "in_reply_to_status_id": null,
        "in_reply_to_status_id_str": null,
        "in_reply_to_user_id": null,
        "in_reply_to_user_id_str": null,
        "in_reply_to_screen_name": null,
        "user": {
            "id": 2928457873,
            "id_str": "2928457873",
            "name": "MyOctane",
            "screen_name": "My_Octane",
            "location": "Cape Town South Africa",
            "description": "My Octane is a reality driven motoring VLOG born out of South Africa bringing together three very unique petrol heads! This is their story... That's #MyOctane",
            "url": "https://t.co/B5WTSfwEc2",
            "entities": {
                "url": {
                    "urls": [
                        {
                            "url": "https://t.co/B5WTSfwEc2",
                            "expanded_url": "http://myoctane.tv/",
                            "display_url": "myoctane.tv",
                            "indices": [
                                0,
                                23
                            ]
                        }
                    ]
                },
                "description": {
                    "urls": []
                }
            },
            "protected": false,
            "followers_count": 4744,
            "friends_count": 3583,
            "listed_count": 112,
            "created_at": "Sat Dec 13 10:59:17 +0000 2014",
            "favourites_count": 11488,
            "utc_offset": null,
            "time_zone": null,
            "geo_enabled": true,
            "verified": false,
            "statuses_count": 31677,
            "lang": "en",
            "contributors_enabled": false,
            "is_translator": false,
            "is_translation_enabled": false,
            "profile_background_color": "000000",
            "profile_background_image_url": "http://abs.twimg.com/images/themes/theme14/bg.gif",
            "profile_background_image_url_https": "https://abs.twimg.com/images/themes/theme14/bg.gif",
            "profile_background_tile": false,
            "profile_image_url": "http://pbs.twimg.com/profile_images/966685416282877952/jToYyjWo_normal.jpg",
            "profile_image_url_https": "https://pbs.twimg.com/profile_images/966685416282877952/jToYyjWo_normal.jpg",
            "profile_banner_url": "https://pbs.twimg.com/profile_banners/2928457873/1519054398",
            "profile_link_color": "C5B358",
            "profile_sidebar_border_color": "000000",
            "profile_sidebar_fill_color": "000000",
            "profile_text_color": "000000",
            "profile_use_background_image": false,
            "has_extended_profile": false,
            "default_profile": false,
            "default_profile_image": false,
            "following": null,
            "follow_request_sent": null,
            "notifications": null,
            "translator_type": "none"
        },
        "geo": null,
        "coordinates": null,
        "place": null,
        "contributors": null,
        "is_quote_status": false,
        "retweet_count": 3,
        "favorite_count": 0,
        "favorited": false,
        "retweeted": false,
        "possibly_sensitive": false,
        "lang": "en"
    },
    "is_quote_status": false,
    "retweet_count": 3,
    "favorite_count": 0,
    "favorited": false,
    "retweeted": false,
    "possibly_sensitive": false,
    "lang": "en"
}