{
    "created_at": "Mon Apr 15 17:59:20 +0000 2019",
    "id": 1117849902690607104,
    "id_str": "1117849902690607104",
    "text": "Lyft pulls thousands of e-bikes out of service in three US cities for braking malfunctions https://t.co/DpxxVqX3du via @Verge",
    "truncated": false,
    "entities": {
        "hashtags": [],
        "symbols": [],
        "user_mentions": [
            {
                "screen_name": "verge",
                "name": "The Verge",
                "id": 275686563,
                "id_str": "275686563",
                "indices": [
                    119,
                    125
                ]
            }
        ],
        "urls": [
            {
                "url": "https://t.co/DpxxVqX3du",
                "expanded_url": "https://www.theverge.com/2019/4/15/18311243/lyft-electric-citi-bike-bikeshare-nyc-sf-dc-braking-malfunction?utm_campaign=theverge&utm_content=entry&utm_medium=social&utm_source=twitter",
                "display_url": "theverge.com/2019/4/15/1831\u2026",
                "indices": [
                    91,
                    114
                ]
            }
        ]
    },
    "metadata": {
        "iso_language_code": "en",
        "result_type": "recent"
    },
    "source": "<a href=\"http://twitter.com\" rel=\"nofollow\">Twitter Web Client</a>",
    "in_reply_to_status_id": null,
    "in_reply_to_status_id_str": null,
    "in_reply_to_user_id": null,
    "in_reply_to_user_id_str": null,
    "in_reply_to_screen_name": null,
    "user": {
        "id": 756261271,
        "id_str": "756261271",
        "name": "Aaron Sandstrom",
        "screen_name": "MNStrom",
        "location": "Minnetonka, MN",
        "description": "husband. father. believer in the power of continuous learning & time outdoors. working on the future of fleet for @ElementFleet. views are my own.",
        "url": "https://t.co/bfq3Sv49DB",
        "entities": {
            "url": {
                "urls": [
                    {
                        "url": "https://t.co/bfq3Sv49DB",
                        "expanded_url": "https://www.linkedin.com/in/aaron-sandstrom",
                        "display_url": "linkedin.com/in/aaron-sands\u2026",
                        "indices": [
                            0,
                            23
                        ]
                    }
                ]
            },
            "description": {
                "urls": []
            }
        },
        "protected": false,
        "followers_count": 175,
        "friends_count": 1367,
        "listed_count": 2,
        "created_at": "Tue Aug 14 02:06:21 +0000 2012",
        "favourites_count": 1469,
        "utc_offset": null,
        "time_zone": null,
        "geo_enabled": false,
        "verified": false,
        "statuses_count": 490,
        "lang": "en",
        "contributors_enabled": false,
        "is_translator": false,
        "is_translation_enabled": false,
        "profile_background_color": "C0DEED",
        "profile_background_image_url": "http://abs.twimg.com/images/themes/theme1/bg.png",
        "profile_background_image_url_https": "https://abs.twimg.com/images/themes/theme1/bg.png",
        "profile_background_tile": false,
        "profile_image_url": "http://pbs.twimg.com/profile_images/1047612807703924736/OT4qz9K7_normal.jpg",
        "profile_image_url_https": "https://pbs.twimg.com/profile_images/1047612807703924736/OT4qz9K7_normal.jpg",
        "profile_banner_url": "https://pbs.twimg.com/profile_banners/756261271/1511216921",
        "profile_link_color": "1DA1F2",
        "profile_sidebar_border_color": "C0DEED",
        "profile_sidebar_fill_color": "DDEEF6",
        "profile_text_color": "333333",
        "profile_use_background_image": true,
        "has_extended_profile": false,
        "default_profile": true,
        "default_profile_image": false,
        "following": null,
        "follow_request_sent": null,
        "notifications": null,
        "translator_type": "none"
    },
    "geo": null,
    "coordinates": null,
    "place": null,
    "contributors": null,
    "is_quote_status": false,
    "retweet_count": 0,
    "favorite_count": 0,
    "favorited": false,
    "retweeted": false,
    "possibly_sensitive": false,
    "lang": "en"
}