{
    "created_at": "Mon Apr 15 22:26:02 +0000 2019",
    "id": 1117917022946390017,
    "id_str": "1117917022946390017",
    "text": "New Yorkers can hop on a Citi Bike using Lyft's app starting in early May. https://t.co/rPpRWUn320",
    "truncated": false,
    "entities": {
        "hashtags": [],
        "symbols": [],
        "user_mentions": [],
        "urls": [
            {
                "url": "https://t.co/rPpRWUn320",
                "expanded_url": "https://trib.al/HmcdevG",
                "display_url": "trib.al/HmcdevG",
                "indices": [
                    75,
                    98
                ]
            }
        ]
    },
    "metadata": {
        "iso_language_code": "en",
        "result_type": "recent"
    },
    "source": "<a href=\"http://www.socialflow.com\" rel=\"nofollow\">SocialFlow</a>",
    "in_reply_to_status_id": null,
    "in_reply_to_status_id_str": null,
    "in_reply_to_user_id": null,
    "in_reply_to_user_id_str": null,
    "in_reply_to_screen_name": null,
    "user": {
        "id": 164746666,
        "id_str": "164746666",
        "name": "Forest Hills Patch",
        "screen_name": "FoHiPatch",
        "location": "Forest Hills, New York",
        "description": "Forest Hills Patch is your source for local news.",
        "url": "http://t.co/Hf1jbExAaU",
        "entities": {
            "url": {
                "urls": [
                    {
                        "url": "http://t.co/Hf1jbExAaU",
                        "expanded_url": "http://ForestHills.patch.com",
                        "display_url": "ForestHills.patch.com",
                        "indices": [
                            0,
                            22
                        ]
                    }
                ]
            },
            "description": {
                "urls": []
            }
        },
        "protected": false,
        "followers_count": 1192,
        "friends_count": 801,
        "listed_count": 47,
        "created_at": "Fri Jul 09 17:05:53 +0000 2010",
        "favourites_count": 2,
        "utc_offset": null,
        "time_zone": null,
        "geo_enabled": true,
        "verified": false,
        "statuses_count": 10283,
        "lang": "en",
        "contributors_enabled": false,
        "is_translator": false,
        "is_translation_enabled": false,
        "profile_background_color": "000000",
        "profile_background_image_url": "http://abs.twimg.com/images/themes/theme1/bg.png",
        "profile_background_image_url_https": "https://abs.twimg.com/images/themes/theme1/bg.png",
        "profile_background_tile": false,
        "profile_image_url": "http://pbs.twimg.com/profile_images/572441591554396160/khqMCiu__normal.png",
        "profile_image_url_https": "https://pbs.twimg.com/profile_images/572441591554396160/khqMCiu__normal.png",
        "profile_banner_url": "https://pbs.twimg.com/profile_banners/164746666/1434732791",
        "profile_link_color": "4A913C",
        "profile_sidebar_border_color": "000000",
        "profile_sidebar_fill_color": "000000",
        "profile_text_color": "000000",
        "profile_use_background_image": false,
        "has_extended_profile": false,
        "default_profile": false,
        "default_profile_image": false,
        "following": null,
        "follow_request_sent": null,
        "notifications": null,
        "translator_type": "none"
    },
    "geo": null,
    "coordinates": null,
    "place": null,
    "contributors": null,
    "is_quote_status": false,
    "retweet_count": 0,
    "favorite_count": 0,
    "favorited": false,
    "retweeted": false,
    "possibly_sensitive": false,
    "lang": "en"
}