{
    "created_at": "Mon Apr 15 22:22:46 +0000 2019",
    "id": 1117916201529827328,
    "id_str": "1117916201529827328",
    "text": "New Yorkers can hop on a Citi Bike using Lyft's app starting in early May. https://t.co/Akcn5eKB80",
    "truncated": false,
    "entities": {
        "hashtags": [],
        "symbols": [],
        "user_mentions": [],
        "urls": [
            {
                "url": "https://t.co/Akcn5eKB80",
                "expanded_url": "https://trib.al/ANdst0M",
                "display_url": "trib.al/ANdst0M",
                "indices": [
                    75,
                    98
                ]
            }
        ]
    },
    "metadata": {
        "iso_language_code": "en",
        "result_type": "recent"
    },
    "source": "<a href=\"http://www.socialflow.com\" rel=\"nofollow\">SocialFlow</a>",
    "in_reply_to_status_id": null,
    "in_reply_to_status_id_str": null,
    "in_reply_to_user_id": null,
    "in_reply_to_user_id_str": null,
    "in_reply_to_screen_name": null,
    "user": {
        "id": 213280708,
        "id_str": "213280708",
        "name": "CarrollGardens Patch",
        "screen_name": "CarrollGPatch",
        "location": "Carroll Gardens, Brooklyn",
        "description": "Local news, alerts, events and more. We're your source for all things \nCarroll Gardens and Cobble Hill.",
        "url": "https://t.co/PNnmVWLleP",
        "entities": {
            "url": {
                "urls": [
                    {
                        "url": "https://t.co/PNnmVWLleP",
                        "expanded_url": "http://patch.com/carrollgardens",
                        "display_url": "patch.com/carrollgardens",
                        "indices": [
                            0,
                            23
                        ]
                    }
                ]
            },
            "description": {
                "urls": []
            }
        },
        "protected": false,
        "followers_count": 4068,
        "friends_count": 780,
        "listed_count": 155,
        "created_at": "Mon Nov 08 13:54:49 +0000 2010",
        "favourites_count": 328,
        "utc_offset": null,
        "time_zone": null,
        "geo_enabled": true,
        "verified": false,
        "statuses_count": 18621,
        "lang": "en",
        "contributors_enabled": false,
        "is_translator": false,
        "is_translation_enabled": false,
        "profile_background_color": "000000",
        "profile_background_image_url": "http://abs.twimg.com/images/themes/theme1/bg.png",
        "profile_background_image_url_https": "https://abs.twimg.com/images/themes/theme1/bg.png",
        "profile_background_tile": false,
        "profile_image_url": "http://pbs.twimg.com/profile_images/928695894387580929/EWSE1COG_normal.jpg",
        "profile_image_url_https": "https://pbs.twimg.com/profile_images/928695894387580929/EWSE1COG_normal.jpg",
        "profile_banner_url": "https://pbs.twimg.com/profile_banners/213280708/1459285536",
        "profile_link_color": "239B44",
        "profile_sidebar_border_color": "000000",
        "profile_sidebar_fill_color": "000000",
        "profile_text_color": "000000",
        "profile_use_background_image": false,
        "has_extended_profile": false,
        "default_profile": false,
        "default_profile_image": false,
        "following": null,
        "follow_request_sent": null,
        "notifications": null,
        "translator_type": "none"
    },
    "geo": null,
    "coordinates": null,
    "place": null,
    "contributors": null,
    "is_quote_status": false,
    "retweet_count": 0,
    "favorite_count": 0,
    "favorited": false,
    "retweeted": false,
    "possibly_sensitive": false,
    "lang": "en"
}