{
    "created_at": "Mon Apr 15 21:45:07 +0000 2019",
    "id": 1117906725560995840,
    "id_str": "1117906725560995840",
    "text": "Citi Bike removed the new electric bicycles from the streets for security reasons - Infobae America\n\rhttps://t.co/q7VJxomFqC",
    "truncated": false,
    "entities": {
        "hashtags": [],
        "symbols": [],
        "user_mentions": [],
        "urls": [
            {
                "url": "https://t.co/q7VJxomFqC",
                "expanded_url": "https://www.infobae.com/america/the-new-york-times/2019/04/15/citi-bike-retiro-de-las-calles-las-nuevas-bicicletas-electricas-por-cuestiones-de-seguridad/",
                "display_url": "infobae.com/america/the-ne\u2026",
                "indices": [
                    101,
                    124
                ]
            }
        ]
    },
    "metadata": {
        "iso_language_code": "en",
        "result_type": "recent"
    },
    "source": "<a href=\"http://demo.phpdots.com/\" rel=\"nofollow\">EMFI</a>",
    "in_reply_to_status_id": null,
    "in_reply_to_status_id_str": null,
    "in_reply_to_user_id": null,
    "in_reply_to_user_id_str": null,
    "in_reply_to_screen_name": null,
    "user": {
        "id": 908491806337363973,
        "id_str": "908491806337363973",
        "name": "EMFI Securities",
        "screen_name": "EmfiSecurities",
        "location": "London, England",
        "description": "EMFI Securities Limited is registered in the United Kingdom and authorised and regulated by the Financial Conduct Authority.\n\nRTs \u2260 endorsements",
        "url": "https://t.co/EiK7ncBulq",
        "entities": {
            "url": {
                "urls": [
                    {
                        "url": "https://t.co/EiK7ncBulq",
                        "expanded_url": "http://www.emfisecurities.com",
                        "display_url": "emfisecurities.com",
                        "indices": [
                            0,
                            23
                        ]
                    }
                ]
            },
            "description": {
                "urls": []
            }
        },
        "protected": false,
        "followers_count": 334,
        "friends_count": 362,
        "listed_count": 8,
        "created_at": "Fri Sep 15 00:45:00 +0000 2017",
        "favourites_count": 2204,
        "utc_offset": null,
        "time_zone": null,
        "geo_enabled": false,
        "verified": false,
        "statuses_count": 74225,
        "lang": "en",
        "contributors_enabled": false,
        "is_translator": false,
        "is_translation_enabled": false,
        "profile_background_color": "000000",
        "profile_background_image_url": "http://abs.twimg.com/images/themes/theme1/bg.png",
        "profile_background_image_url_https": "https://abs.twimg.com/images/themes/theme1/bg.png",
        "profile_background_tile": false,
        "profile_image_url": "http://pbs.twimg.com/profile_images/1055797689659596801/pBblyYSm_normal.jpg",
        "profile_image_url_https": "https://pbs.twimg.com/profile_images/1055797689659596801/pBblyYSm_normal.jpg",
        "profile_banner_url": "https://pbs.twimg.com/profile_banners/908491806337363973/1540556747",
        "profile_link_color": "06284B",
        "profile_sidebar_border_color": "000000",
        "profile_sidebar_fill_color": "000000",
        "profile_text_color": "000000",
        "profile_use_background_image": false,
        "has_extended_profile": false,
        "default_profile": false,
        "default_profile_image": false,
        "following": null,
        "follow_request_sent": null,
        "notifications": null,
        "translator_type": "none"
    },
    "geo": null,
    "coordinates": null,
    "place": null,
    "contributors": null,
    "is_quote_status": false,
    "retweet_count": 0,
    "favorite_count": 0,
    "favorited": false,
    "retweeted": false,
    "possibly_sensitive": false,
    "lang": "en"
}