{
    "created_at": "Mon Apr 15 22:16:45 +0000 2019",
    "id": 1117914684324139008,
    "id_str": "1117914684324139008",
    "text": "RT @Econ_Marshall: Somehow I totally missed that both Citi Bike (NYC) and Capital Bikeshare (DC) had been bought by Lyft. Is that really th\u2026",
    "truncated": false,
    "entities": {
        "hashtags": [],
        "symbols": [],
        "user_mentions": [
            {
                "screen_name": "Econ_Marshall",
                "name": "Marshall Steinbaum \ud83d\udd25\ud83c\udf49",
                "id": 2496925550,
                "id_str": "2496925550",
                "indices": [
                    3,
                    17
                ]
            }
        ],
        "urls": []
    },
    "metadata": {
        "iso_language_code": "en",
        "result_type": "recent"
    },
    "source": "<a href=\"https://mobile.twitter.com\" rel=\"nofollow\">Twitter Web App</a>",
    "in_reply_to_status_id": null,
    "in_reply_to_status_id_str": null,
    "in_reply_to_user_id": null,
    "in_reply_to_user_id_str": null,
    "in_reply_to_screen_name": null,
    "user": {
        "id": 2990339926,
        "id_str": "2990339926",
        "name": "Not the voice of reason!",
        "screen_name": "blastphemist",
        "location": "Zurich, Switzerland",
        "description": "\ud83d\ude2c",
        "url": null,
        "entities": {
            "description": {
                "urls": []
            }
        },
        "protected": false,
        "followers_count": 18,
        "friends_count": 192,
        "listed_count": 7,
        "created_at": "Wed Jan 21 17:58:53 +0000 2015",
        "favourites_count": 275,
        "utc_offset": null,
        "time_zone": null,
        "geo_enabled": false,
        "verified": false,
        "statuses_count": 9526,
        "lang": "en",
        "contributors_enabled": false,
        "is_translator": false,
        "is_translation_enabled": false,
        "profile_background_color": "C0DEED",
        "profile_background_image_url": "http://abs.twimg.com/images/themes/theme1/bg.png",
        "profile_background_image_url_https": "https://abs.twimg.com/images/themes/theme1/bg.png",
        "profile_background_tile": false,
        "profile_image_url": "http://pbs.twimg.com/profile_images/979046823187824640/pTpHcdpK_normal.png",
        "profile_image_url_https": "https://pbs.twimg.com/profile_images/979046823187824640/pTpHcdpK_normal.png",
        "profile_link_color": "1DA1F2",
        "profile_sidebar_border_color": "C0DEED",
        "profile_sidebar_fill_color": "DDEEF6",
        "profile_text_color": "333333",
        "profile_use_background_image": true,
        "has_extended_profile": true,
        "default_profile": true,
        "default_profile_image": false,
        "following": null,
        "follow_request_sent": null,
        "notifications": null,
        "translator_type": "none"
    },
    "geo": null,
    "coordinates": null,
    "place": null,
    "contributors": null,
    "retweeted_status": {
        "created_at": "Mon Apr 15 13:58:41 +0000 2019",
        "id": 1117789342687203328,
        "id_str": "1117789342687203328",
        "text": "Somehow I totally missed that both Citi Bike (NYC) and Capital Bikeshare (DC) had been bought by Lyft. Is that real\u2026 https://t.co/dHEWgWtmY3",
        "truncated": true,
        "entities": {
            "hashtags": [],
            "symbols": [],
            "user_mentions": [],
            "urls": [
                {
                    "url": "https://t.co/dHEWgWtmY3",
                    "expanded_url": "https://twitter.com/i/web/status/1117789342687203328",
                    "display_url": "twitter.com/i/web/status/1\u2026",
                    "indices": [
                        117,
                        140
                    ]
                }
            ]
        },
        "metadata": {
            "iso_language_code": "en",
            "result_type": "recent"
        },
        "source": "<a href=\"https://about.twitter.com/products/tweetdeck\" rel=\"nofollow\">TweetDeck</a>",
        "in_reply_to_status_id": null,
        "in_reply_to_status_id_str": null,
        "in_reply_to_user_id": null,
        "in_reply_to_user_id_str": null,
        "in_reply_to_screen_name": null,
        "user": {
            "id": 2496925550,
            "id_str": "2496925550",
            "name": "Marshall Steinbaum \ud83d\udd25\ud83c\udf49",
            "screen_name": "Econ_Marshall",
            "location": "Marktmacht erkl\u00e4rt alles",
            "description": "Studying the theoretical economy of the new bourgeoisie. \"A mix of fun, murderous pugnacity and well-explained technical detail.\" -- @pseudoerasmus",
            "url": "https://t.co/IhxX1f5rs8",
            "entities": {
                "url": {
                    "urls": [
                        {
                            "url": "https://t.co/IhxX1f5rs8",
                            "expanded_url": "http://rooseveltinstitute.org/why-im-joining-roosevelt-challenging-conventional-economic-wisdom/",
                            "display_url": "rooseveltinstitute.org/why-im-joining\u2026",
                            "indices": [
                                0,
                                23
                            ]
                        }
                    ]
                },
                "description": {
                    "urls": []
                }
            },
            "protected": false,
            "followers_count": 19011,
            "friends_count": 1263,
            "listed_count": 437,
            "created_at": "Thu May 15 18:44:58 +0000 2014",
            "favourites_count": 30298,
            "utc_offset": null,
            "time_zone": null,
            "geo_enabled": false,
            "verified": false,
            "statuses_count": 19158,
            "lang": "en",
            "contributors_enabled": false,
            "is_translator": false,
            "is_translation_enabled": false,
            "profile_background_color": "C0DEED",
            "profile_background_image_url": "http://abs.twimg.com/images/themes/theme1/bg.png",
            "profile_background_image_url_https": "https://abs.twimg.com/images/themes/theme1/bg.png",
            "profile_background_tile": false,
            "profile_image_url": "http://pbs.twimg.com/profile_images/1099707448045248513/yxPppE6A_normal.png",
            "profile_image_url_https": "https://pbs.twimg.com/profile_images/1099707448045248513/yxPppE6A_normal.png",
            "profile_banner_url": "https://pbs.twimg.com/profile_banners/2496925550/1540579832",
            "profile_link_color": "1DA1F2",
            "profile_sidebar_border_color": "C0DEED",
            "profile_sidebar_fill_color": "DDEEF6",
            "profile_text_color": "333333",
            "profile_use_background_image": true,
            "has_extended_profile": false,
            "default_profile": true,
            "default_profile_image": false,
            "following": null,
            "follow_request_sent": null,
            "notifications": null,
            "translator_type": "none"
        },
        "geo": null,
        "coordinates": null,
        "place": null,
        "contributors": null,
        "is_quote_status": false,
        "retweet_count": 23,
        "favorite_count": 160,
        "favorited": false,
        "retweeted": false,
        "lang": "en"
    },
    "is_quote_status": false,
    "retweet_count": 23,
    "favorite_count": 0,
    "favorited": false,
    "retweeted": false,
    "lang": "en"
}