{
    "created_at": "Mon Apr 15 21:04:05 +0000 2019",
    "id": 1117896398807023616,
    "id_str": "1117896398807023616",
    "text": "Citi Bike has become a monopoly unaccessible to working-class communities across New York. ON TOP OF THAT, they are\u2026 https://t.co/sNZJlzFwvb",
    "truncated": true,
    "entities": {
        "hashtags": [],
        "symbols": [],
        "user_mentions": [],
        "urls": [
            {
                "url": "https://t.co/sNZJlzFwvb",
                "expanded_url": "https://twitter.com/i/web/status/1117896398807023616",
                "display_url": "twitter.com/i/web/status/1\u2026",
                "indices": [
                    117,
                    140
                ]
            }
        ]
    },
    "metadata": {
        "iso_language_code": "en",
        "result_type": "recent"
    },
    "source": "<a href=\"http://twitter.com\" rel=\"nofollow\">Twitter Web Client</a>",
    "in_reply_to_status_id": null,
    "in_reply_to_status_id_str": null,
    "in_reply_to_user_id": null,
    "in_reply_to_user_id_str": null,
    "in_reply_to_screen_name": null,
    "user": {
        "id": 97071323,
        "id_str": "97071323",
        "name": "NYCC",
        "screen_name": "nychange",
        "location": "New York",
        "description": "New York Communities for Change. Uniting neighborhoods in the fight for social and economic justice!",
        "url": "https://t.co/31de9x6shJ",
        "entities": {
            "url": {
                "urls": [
                    {
                        "url": "https://t.co/31de9x6shJ",
                        "expanded_url": "http://www.nycommunities.org",
                        "display_url": "nycommunities.org",
                        "indices": [
                            0,
                            23
                        ]
                    }
                ]
            },
            "description": {
                "urls": []
            }
        },
        "protected": false,
        "followers_count": 15744,
        "friends_count": 2185,
        "listed_count": 391,
        "created_at": "Tue Dec 15 21:58:36 +0000 2009",
        "favourites_count": 6806,
        "utc_offset": null,
        "time_zone": null,
        "geo_enabled": true,
        "verified": true,
        "statuses_count": 20373,
        "lang": "en",
        "contributors_enabled": false,
        "is_translator": false,
        "is_translation_enabled": false,
        "profile_background_color": "C0DEED",
        "profile_background_image_url": "http://abs.twimg.com/images/themes/theme1/bg.png",
        "profile_background_image_url_https": "https://abs.twimg.com/images/themes/theme1/bg.png",
        "profile_background_tile": true,
        "profile_image_url": "http://pbs.twimg.com/profile_images/746299681177739264/apCFNF06_normal.jpg",
        "profile_image_url_https": "https://pbs.twimg.com/profile_images/746299681177739264/apCFNF06_normal.jpg",
        "profile_banner_url": "https://pbs.twimg.com/profile_banners/97071323/1510088458",
        "profile_link_color": "FF6319",
        "profile_sidebar_border_color": "C0DEED",
        "profile_sidebar_fill_color": "DDEEF6",
        "profile_text_color": "333333",
        "profile_use_background_image": false,
        "has_extended_profile": false,
        "default_profile": false,
        "default_profile_image": false,
        "following": null,
        "follow_request_sent": null,
        "notifications": null,
        "translator_type": "none"
    },
    "geo": null,
    "coordinates": null,
    "place": null,
    "contributors": null,
    "is_quote_status": false,
    "retweet_count": 3,
    "favorite_count": 4,
    "favorited": false,
    "retweeted": false,
    "possibly_sensitive": false,
    "lang": "en"
}