{
    "created_at": "Tue Apr 16 02:39:25 +0000 2019",
    "id": 1117980785821265920,
    "id_str": "1117980785821265920",
    "text": "Lyft adds New York\u2019s Citi Bikes to its app https://t.co/7W2gSyfAHL via @ric9871ric #retweet #pleaseretweet https://t.co/Qg57gEwUly",
    "truncated": false,
    "entities": {
        "hashtags": [
            {
                "text": "retweet",
                "indices": [
                    83,
                    91
                ]
            },
            {
                "text": "pleaseretweet",
                "indices": [
                    92,
                    106
                ]
            }
        ],
        "symbols": [],
        "user_mentions": [
            {
                "screen_name": "Ric9871Ric",
                "name": "Ric Olsen",
                "id": 2263797415,
                "id_str": "2263797415",
                "indices": [
                    71,
                    82
                ]
            }
        ],
        "urls": [
            {
                "url": "https://t.co/7W2gSyfAHL",
                "expanded_url": "http://twib.in/l/rMppqoEkEBGE",
                "display_url": "twib.in/l/rMppqoEkEBGE",
                "indices": [
                    43,
                    66
                ]
            }
        ],
        "media": [
            {
                "id": 1117980784256794629,
                "id_str": "1117980784256794629",
                "indices": [
                    107,
                    130
                ],
                "media_url": "http://pbs.twimg.com/media/D4PdmZdWwAUEbH_.jpg",
                "media_url_https": "https://pbs.twimg.com/media/D4PdmZdWwAUEbH_.jpg",
                "url": "https://t.co/Qg57gEwUly",
                "display_url": "pic.twitter.com/Qg57gEwUly",
                "expanded_url": "https://twitter.com/Ric9871Ric/status/1117980785821265920/photo/1",
                "type": "photo",
                "sizes": {
                    "thumb": {
                        "w": 150,
                        "h": 150,
                        "resize": "crop"
                    },
                    "small": {
                        "w": 680,
                        "h": 357,
                        "resize": "fit"
                    },
                    "medium": {
                        "w": 1200,
                        "h": 630,
                        "resize": "fit"
                    },
                    "large": {
                        "w": 1200,
                        "h": 630,
                        "resize": "fit"
                    }
                }
            }
        ]
    },
    "extended_entities": {
        "media": [
            {
                "id": 1117980784256794629,
                "id_str": "1117980784256794629",
                "indices": [
                    107,
                    130
                ],
                "media_url": "http://pbs.twimg.com/media/D4PdmZdWwAUEbH_.jpg",
                "media_url_https": "https://pbs.twimg.com/media/D4PdmZdWwAUEbH_.jpg",
                "url": "https://t.co/Qg57gEwUly",
                "display_url": "pic.twitter.com/Qg57gEwUly",
                "expanded_url": "https://twitter.com/Ric9871Ric/status/1117980785821265920/photo/1",
                "type": "photo",
                "sizes": {
                    "thumb": {
                        "w": 150,
                        "h": 150,
                        "resize": "crop"
                    },
                    "small": {
                        "w": 680,
                        "h": 357,
                        "resize": "fit"
                    },
                    "medium": {
                        "w": 1200,
                        "h": 630,
                        "resize": "fit"
                    },
                    "large": {
                        "w": 1200,
                        "h": 630,
                        "resize": "fit"
                    }
                }
            }
        ]
    },
    "metadata": {
        "iso_language_code": "en",
        "result_type": "recent"
    },
    "source": "<a href=\"http://twibble.io\" rel=\"nofollow\">Twibble.io</a>",
    "in_reply_to_status_id": null,
    "in_reply_to_status_id_str": null,
    "in_reply_to_user_id": null,
    "in_reply_to_user_id_str": null,
    "in_reply_to_screen_name": null,
    "user": {
        "id": 2263797415,
        "id_str": "2263797415",
        "name": "Ric Olsen",
        "screen_name": "Ric9871Ric",
        "location": "VA",
        "description": "",
        "url": null,
        "entities": {
            "description": {
                "urls": []
            }
        },
        "protected": false,
        "followers_count": 25322,
        "friends_count": 24000,
        "listed_count": 1536,
        "created_at": "Fri Dec 27 04:47:29 +0000 2013",
        "favourites_count": 5813,
        "utc_offset": null,
        "time_zone": null,
        "geo_enabled": true,
        "verified": false,
        "statuses_count": 198859,
        "lang": "en",
        "contributors_enabled": false,
        "is_translator": false,
        "is_translation_enabled": false,
        "profile_background_color": "4A913C",
        "profile_background_image_url": "http://abs.twimg.com/images/themes/theme13/bg.gif",
        "profile_background_image_url_https": "https://abs.twimg.com/images/themes/theme13/bg.gif",
        "profile_background_tile": true,
        "profile_image_url": "http://pbs.twimg.com/profile_images/689315369001984000/59fVYTAR_normal.jpg",
        "profile_image_url_https": "https://pbs.twimg.com/profile_images/689315369001984000/59fVYTAR_normal.jpg",
        "profile_banner_url": "https://pbs.twimg.com/profile_banners/2263797415/1518024951",
        "profile_link_color": "91D2FA",
        "profile_sidebar_border_color": "FFFFFF",
        "profile_sidebar_fill_color": "FFFFFF",
        "profile_text_color": "333333",
        "profile_use_background_image": false,
        "has_extended_profile": false,
        "default_profile": false,
        "default_profile_image": false,
        "following": null,
        "follow_request_sent": null,
        "notifications": null,
        "translator_type": "none"
    },
    "geo": null,
    "coordinates": null,
    "place": null,
    "contributors": null,
    "is_quote_status": false,
    "retweet_count": 0,
    "favorite_count": 0,
    "favorited": false,
    "retweeted": false,
    "possibly_sensitive": false,
    "lang": "en"
}