{
    "created_at": "Tue Apr 16 02:33:07 +0000 2019",
    "id": 1117979203767623680,
    "id_str": "1117979203767623680",
    "text": "Lyft adds New York\u2019s Citi Bikes to its app https://t.co/1btTpLfYFF https://t.co/iiNcoeq1FT",
    "truncated": false,
    "entities": {
        "hashtags": [],
        "symbols": [],
        "user_mentions": [],
        "urls": [
            {
                "url": "https://t.co/1btTpLfYFF",
                "expanded_url": "http://bit.ly/2XcDJRv",
                "display_url": "bit.ly/2XcDJRv",
                "indices": [
                    43,
                    66
                ]
            },
            {
                "url": "https://t.co/iiNcoeq1FT",
                "expanded_url": "https://engt.co/2Isznmf",
                "display_url": "engt.co/2Isznmf",
                "indices": [
                    67,
                    90
                ]
            }
        ]
    },
    "metadata": {
        "iso_language_code": "en",
        "result_type": "recent"
    },
    "source": "<a href=\"https://ifttt.com\" rel=\"nofollow\">IFTTT</a>",
    "in_reply_to_status_id": null,
    "in_reply_to_status_id_str": null,
    "in_reply_to_user_id": null,
    "in_reply_to_user_id_str": null,
    "in_reply_to_screen_name": null,
    "user": {
        "id": 341289987,
        "id_str": "341289987",
        "name": "Moebius Web",
        "screen_name": "moebiusweb",
        "location": "Caracas",
        "description": "Artes y nuevas tecnolog\u00edas",
        "url": null,
        "entities": {
            "description": {
                "urls": []
            }
        },
        "protected": false,
        "followers_count": 442,
        "friends_count": 417,
        "listed_count": 26,
        "created_at": "Sun Jul 24 03:54:10 +0000 2011",
        "favourites_count": 31,
        "utc_offset": null,
        "time_zone": null,
        "geo_enabled": false,
        "verified": false,
        "statuses_count": 24963,
        "lang": "es",
        "contributors_enabled": false,
        "is_translator": false,
        "is_translation_enabled": false,
        "profile_background_color": "FFFFFF",
        "profile_background_image_url": "http://abs.twimg.com/images/themes/theme1/bg.png",
        "profile_background_image_url_https": "https://abs.twimg.com/images/themes/theme1/bg.png",
        "profile_background_tile": false,
        "profile_image_url": "http://pbs.twimg.com/profile_images/599463357226340352/BGE4y_MO_normal.jpg",
        "profile_image_url_https": "https://pbs.twimg.com/profile_images/599463357226340352/BGE4y_MO_normal.jpg",
        "profile_banner_url": "https://pbs.twimg.com/profile_banners/341289987/1431758237",
        "profile_link_color": "FA743E",
        "profile_sidebar_border_color": "C0DEED",
        "profile_sidebar_fill_color": "DDEEF6",
        "profile_text_color": "333333",
        "profile_use_background_image": false,
        "has_extended_profile": false,
        "default_profile": false,
        "default_profile_image": false,
        "following": null,
        "follow_request_sent": null,
        "notifications": null,
        "translator_type": "none"
    },
    "geo": null,
    "coordinates": null,
    "place": null,
    "contributors": null,
    "is_quote_status": false,
    "retweet_count": 0,
    "favorite_count": 0,
    "favorited": false,
    "retweeted": false,
    "possibly_sensitive": false,
    "lang": "en"
}