{
    "created_at": "Mon Apr 15 19:52:18 +0000 2019",
    "id": 1117878331871879168,
    "id_str": "1117878331871879168",
    "text": "RT @bikesnobnyc: Sounds like maybe the brakes aren't the biggest problem here.\n\nhttps://t.co/9V8EF13Eox https://t.co/30mpvksXz4",
    "truncated": false,
    "entities": {
        "hashtags": [],
        "symbols": [],
        "user_mentions": [
            {
                "screen_name": "bikesnobnyc",
                "name": "Bike Snob NYC",
                "id": 19368361,
                "id_str": "19368361",
                "indices": [
                    3,
                    15
                ]
            }
        ],
        "urls": [
            {
                "url": "https://t.co/9V8EF13Eox",
                "expanded_url": "https://www.nytimes.com/2019/04/15/nyregion/citi-bike-electric.html",
                "display_url": "nytimes.com/2019/04/15/nyr\u2026",
                "indices": [
                    80,
                    103
                ]
            }
        ],
        "media": [
            {
                "id": 1117877537810657282,
                "id_str": "1117877537810657282",
                "indices": [
                    104,
                    127
                ],
                "media_url": "http://pbs.twimg.com/media/D4N_sqeXsAI4bJa.jpg",
                "media_url_https": "https://pbs.twimg.com/media/D4N_sqeXsAI4bJa.jpg",
                "url": "https://t.co/30mpvksXz4",
                "display_url": "pic.twitter.com/30mpvksXz4",
                "expanded_url": "https://twitter.com/bikesnobnyc/status/1117877546098421760/photo/1",
                "type": "photo",
                "sizes": {
                    "thumb": {
                        "w": 150,
                        "h": 150,
                        "resize": "crop"
                    },
                    "large": {
                        "w": 625,
                        "h": 171,
                        "resize": "fit"
                    },
                    "small": {
                        "w": 625,
                        "h": 171,
                        "resize": "fit"
                    },
                    "medium": {
                        "w": 625,
                        "h": 171,
                        "resize": "fit"
                    }
                },
                "source_status_id": 1117877546098421760,
                "source_status_id_str": "1117877546098421760",
                "source_user_id": 19368361,
                "source_user_id_str": "19368361"
            }
        ]
    },
    "extended_entities": {
        "media": [
            {
                "id": 1117877537810657282,
                "id_str": "1117877537810657282",
                "indices": [
                    104,
                    127
                ],
                "media_url": "http://pbs.twimg.com/media/D4N_sqeXsAI4bJa.jpg",
                "media_url_https": "https://pbs.twimg.com/media/D4N_sqeXsAI4bJa.jpg",
                "url": "https://t.co/30mpvksXz4",
                "display_url": "pic.twitter.com/30mpvksXz4",
                "expanded_url": "https://twitter.com/bikesnobnyc/status/1117877546098421760/photo/1",
                "type": "photo",
                "sizes": {
                    "thumb": {
                        "w": 150,
                        "h": 150,
                        "resize": "crop"
                    },
                    "large": {
                        "w": 625,
                        "h": 171,
                        "resize": "fit"
                    },
                    "small": {
                        "w": 625,
                        "h": 171,
                        "resize": "fit"
                    },
                    "medium": {
                        "w": 625,
                        "h": 171,
                        "resize": "fit"
                    }
                },
                "source_status_id": 1117877546098421760,
                "source_status_id_str": "1117877546098421760",
                "source_user_id": 19368361,
                "source_user_id_str": "19368361"
            }
        ]
    },
    "metadata": {
        "iso_language_code": "en",
        "result_type": "recent"
    },
    "source": "<a href=\"https://about.twitter.com/products/tweetdeck\" rel=\"nofollow\">TweetDeck</a>",
    "in_reply_to_status_id": null,
    "in_reply_to_status_id_str": null,
    "in_reply_to_user_id": null,
    "in_reply_to_user_id_str": null,
    "in_reply_to_screen_name": null,
    "user": {
        "id": 90213,
        "id_str": "90213",
        "name": "Jehiah",
        "screen_name": "jehiah",
        "location": "New York City",
        "description": "Ever stop and wonder what would make streets safe to walk on? https://t.co/qcm9VXEWt9\nPrincipal Platform Architect @Bitly",
        "url": "https://t.co/ahvYZM1hqk",
        "entities": {
            "url": {
                "urls": [
                    {
                        "url": "https://t.co/ahvYZM1hqk",
                        "expanded_url": "https://jehiah.cz/",
                        "display_url": "jehiah.cz",
                        "indices": [
                            0,
                            23
                        ]
                    }
                ]
            },
            "description": {
                "urls": [
                    {
                        "url": "https://t.co/qcm9VXEWt9",
                        "expanded_url": "http://bit.ly/CyclistsWithCameras",
                        "display_url": "bit.ly/CyclistsWithCa\u2026",
                        "indices": [
                            62,
                            85
                        ]
                    }
                ]
            }
        },
        "protected": false,
        "followers_count": 1629,
        "friends_count": 508,
        "listed_count": 100,
        "created_at": "Thu Dec 21 00:47:52 +0000 2006",
        "favourites_count": 18843,
        "utc_offset": null,
        "time_zone": null,
        "geo_enabled": true,
        "verified": false,
        "statuses_count": 17761,
        "lang": "en",
        "contributors_enabled": false,
        "is_translator": false,
        "is_translation_enabled": false,
        "profile_background_color": "F3F3E2",
        "profile_background_image_url": "http://abs.twimg.com/images/themes/theme1/bg.png",
        "profile_background_image_url_https": "https://abs.twimg.com/images/themes/theme1/bg.png",
        "profile_background_tile": false,
        "profile_image_url": "http://pbs.twimg.com/profile_images/1555880192/jehiah_logo_320_320_normal.png",
        "profile_image_url_https": "https://pbs.twimg.com/profile_images/1555880192/jehiah_logo_320_320_normal.png",
        "profile_banner_url": "https://pbs.twimg.com/profile_banners/90213/1547175982",
        "profile_link_color": "009FC6",
        "profile_sidebar_border_color": "C1C1C1",
        "profile_sidebar_fill_color": "D0D0D0",
        "profile_text_color": "000000",
        "profile_use_background_image": false,
        "has_extended_profile": false,
        "default_profile": false,
        "default_profile_image": false,
        "following": null,
        "follow_request_sent": null,
        "notifications": null,
        "translator_type": "regular"
    },
    "geo": null,
    "coordinates": null,
    "place": null,
    "contributors": null,
    "retweeted_status": {
        "created_at": "Mon Apr 15 19:49:10 +0000 2019",
        "id": 1117877546098421760,
        "id_str": "1117877546098421760",
        "text": "Sounds like maybe the brakes aren't the biggest problem here.\n\nhttps://t.co/9V8EF13Eox https://t.co/30mpvksXz4",
        "truncated": false,
        "entities": {
            "hashtags": [],
            "symbols": [],
            "user_mentions": [],
            "urls": [
                {
                    "url": "https://t.co/9V8EF13Eox",
                    "expanded_url": "https://www.nytimes.com/2019/04/15/nyregion/citi-bike-electric.html",
                    "display_url": "nytimes.com/2019/04/15/nyr\u2026",
                    "indices": [
                        63,
                        86
                    ]
                }
            ],
            "media": [
                {
                    "id": 1117877537810657282,
                    "id_str": "1117877537810657282",
                    "indices": [
                        87,
                        110
                    ],
                    "media_url": "http://pbs.twimg.com/media/D4N_sqeXsAI4bJa.jpg",
                    "media_url_https": "https://pbs.twimg.com/media/D4N_sqeXsAI4bJa.jpg",
                    "url": "https://t.co/30mpvksXz4",
                    "display_url": "pic.twitter.com/30mpvksXz4",
                    "expanded_url": "https://twitter.com/bikesnobnyc/status/1117877546098421760/photo/1",
                    "type": "photo",
                    "sizes": {
                        "thumb": {
                            "w": 150,
                            "h": 150,
                            "resize": "crop"
                        },
                        "large": {
                            "w": 625,
                            "h": 171,
                            "resize": "fit"
                        },
                        "small": {
                            "w": 625,
                            "h": 171,
                            "resize": "fit"
                        },
                        "medium": {
                            "w": 625,
                            "h": 171,
                            "resize": "fit"
                        }
                    }
                }
            ]
        },
        "extended_entities": {
            "media": [
                {
                    "id": 1117877537810657282,
                    "id_str": "1117877537810657282",
                    "indices": [
                        87,
                        110
                    ],
                    "media_url": "http://pbs.twimg.com/media/D4N_sqeXsAI4bJa.jpg",
                    "media_url_https": "https://pbs.twimg.com/media/D4N_sqeXsAI4bJa.jpg",
                    "url": "https://t.co/30mpvksXz4",
                    "display_url": "pic.twitter.com/30mpvksXz4",
                    "expanded_url": "https://twitter.com/bikesnobnyc/status/1117877546098421760/photo/1",
                    "type": "photo",
                    "sizes": {
                        "thumb": {
                            "w": 150,
                            "h": 150,
                            "resize": "crop"
                        },
                        "large": {
                            "w": 625,
                            "h": 171,
                            "resize": "fit"
                        },
                        "small": {
                            "w": 625,
                            "h": 171,
                            "resize": "fit"
                        },
                        "medium": {
                            "w": 625,
                            "h": 171,
                            "resize": "fit"
                        }
                    }
                }
            ]
        },
        "metadata": {
            "iso_language_code": "en",
            "result_type": "recent"
        },
        "source": "<a href=\"http://twitter.com\" rel=\"nofollow\">Twitter Web Client</a>",
        "in_reply_to_status_id": null,
        "in_reply_to_status_id_str": null,
        "in_reply_to_user_id": null,
        "in_reply_to_user_id_str": null,
        "in_reply_to_screen_name": null,
        "user": {
            "id": 19368361,
            "id_str": "19368361",
            "name": "Bike Snob NYC",
            "screen_name": "bikesnobnyc",
            "location": "Bronx, NY",
            "description": "World's greatest bike blogger and author of BIKE SNOB, THE ENLIGHTENED CYCLIST, BIKE SNOB ABROAD, and THE ULTIMATE BICYCLE OWNER'S MANUAL.",
            "url": "https://t.co/ErLMPyWFQs",
            "entities": {
                "url": {
                    "urls": [
                        {
                            "url": "https://t.co/ErLMPyWFQs",
                            "expanded_url": "http://bikesnobnyc.blogspot.com",
                            "display_url": "bikesnobnyc.blogspot.com",
                            "indices": [
                                0,
                                23
                            ]
                        }
                    ]
                },
                "description": {
                    "urls": []
                }
            },
            "protected": false,
            "followers_count": 54496,
            "friends_count": 97,
            "listed_count": 1890,
            "created_at": "Thu Jan 22 23:12:56 +0000 2009",
            "favourites_count": 0,
            "utc_offset": null,
            "time_zone": null,
            "geo_enabled": false,
            "verified": false,
            "statuses_count": 11767,
            "lang": "en",
            "contributors_enabled": false,
            "is_translator": false,
            "is_translation_enabled": false,
            "profile_background_color": "3612FF",
            "profile_background_image_url": "http://abs.twimg.com/images/themes/theme1/bg.png",
            "profile_background_image_url_https": "https://abs.twimg.com/images/themes/theme1/bg.png",
            "profile_background_tile": true,
            "profile_image_url": "http://pbs.twimg.com/profile_images/700549149/Seal-2009-Combo-REF_normal.jpg",
            "profile_image_url_https": "https://pbs.twimg.com/profile_images/700549149/Seal-2009-Combo-REF_normal.jpg",
            "profile_banner_url": "https://pbs.twimg.com/profile_banners/19368361/1398214005",
            "profile_link_color": "0084B4",
            "profile_sidebar_border_color": "C0DEED",
            "profile_sidebar_fill_color": "DDEEF6",
            "profile_text_color": "333333",
            "profile_use_background_image": false,
            "has_extended_profile": false,
            "default_profile": false,
            "default_profile_image": false,
            "following": null,
            "follow_request_sent": null,
            "notifications": null,
            "translator_type": "none"
        },
        "geo": null,
        "coordinates": null,
        "place": null,
        "contributors": null,
        "is_quote_status": false,
        "retweet_count": 23,
        "favorite_count": 173,
        "favorited": false,
        "retweeted": false,
        "possibly_sensitive": false,
        "lang": "en"
    },
    "is_quote_status": false,
    "retweet_count": 23,
    "favorite_count": 0,
    "favorited": false,
    "retweeted": false,
    "possibly_sensitive": false,
    "lang": "en"
}