{
    "created_at": "Mon Apr 15 22:33:39 +0000 2019",
    "id": 1117918939022090241,
    "id_str": "1117918939022090241",
    "text": "Bicycles will soon be available on the Lyft app, but its e-bikes still need a fix https://t.co/YaNSZMZ9HD \n\nBike-sh\u2026 https://t.co/BXHRlxCXgG",
    "truncated": true,
    "entities": {
        "hashtags": [],
        "symbols": [],
        "user_mentions": [],
        "urls": [
            {
                "url": "https://t.co/YaNSZMZ9HD",
                "expanded_url": "http://bit.ly/2IENK5Q",
                "display_url": "bit.ly/2IENK5Q",
                "indices": [
                    82,
                    105
                ]
            },
            {
                "url": "https://t.co/BXHRlxCXgG",
                "expanded_url": "https://twitter.com/i/web/status/1117918939022090241",
                "display_url": "twitter.com/i/web/status/1\u2026",
                "indices": [
                    117,
                    140
                ]
            }
        ]
    },
    "metadata": {
        "iso_language_code": "en",
        "result_type": "recent"
    },
    "source": "<a href=\"https://ifttt.com\" rel=\"nofollow\">IFTTT</a>",
    "in_reply_to_status_id": null,
    "in_reply_to_status_id_str": null,
    "in_reply_to_user_id": null,
    "in_reply_to_user_id_str": null,
    "in_reply_to_screen_name": null,
    "user": {
        "id": 16644866,
        "id_str": "16644866",
        "name": "Stanley Ng Kok Wah",
        "screen_name": "snkw1974",
        "location": "",
        "description": "",
        "url": "https://t.co/6KNVOtBHNA",
        "entities": {
            "url": {
                "urls": [
                    {
                        "url": "https://t.co/6KNVOtBHNA",
                        "expanded_url": "https://twitter.com/oauth/authorize?oauth_token=AXe9i58ZX3dgQy7DVwXE2RWSP8sDNE5QoJMRJAJEUY",
                        "display_url": "twitter.com/oauth/authoriz\u2026",
                        "indices": [
                            0,
                            23
                        ]
                    }
                ]
            },
            "description": {
                "urls": []
            }
        },
        "protected": false,
        "followers_count": 291,
        "friends_count": 60,
        "listed_count": 57,
        "created_at": "Wed Oct 08 04:48:25 +0000 2008",
        "favourites_count": 127,
        "utc_offset": null,
        "time_zone": null,
        "geo_enabled": true,
        "verified": false,
        "statuses_count": 461182,
        "lang": "en",
        "contributors_enabled": false,
        "is_translator": false,
        "is_translation_enabled": false,
        "profile_background_color": "131516",
        "profile_background_image_url": "http://abs.twimg.com/images/themes/theme14/bg.gif",
        "profile_background_image_url_https": "https://abs.twimg.com/images/themes/theme14/bg.gif",
        "profile_background_tile": false,
        "profile_image_url": "http://pbs.twimg.com/profile_images/502501346021343233/enJyx5___normal.png",
        "profile_image_url_https": "https://pbs.twimg.com/profile_images/502501346021343233/enJyx5___normal.png",
        "profile_banner_url": "https://pbs.twimg.com/profile_banners/16644866/1408640790",
        "profile_link_color": "009999",
        "profile_sidebar_border_color": "FFFFFF",
        "profile_sidebar_fill_color": "EFEFEF",
        "profile_text_color": "333333",
        "profile_use_background_image": true,
        "has_extended_profile": false,
        "default_profile": false,
        "default_profile_image": false,
        "following": null,
        "follow_request_sent": null,
        "notifications": null,
        "translator_type": "none"
    },
    "geo": null,
    "coordinates": null,
    "place": null,
    "contributors": null,
    "is_quote_status": false,
    "retweet_count": 0,
    "favorite_count": 0,
    "favorited": false,
    "retweeted": false,
    "possibly_sensitive": false,
    "lang": "en"
}