{
    "created_at": "Tue Apr 16 02:39:12 +0000 2019",
    "id": 1117980733908320256,
    "id_str": "1117980733908320256",
    "text": "Lyft adds New York\u2019s Citi Bikes to its app https://t.co/ZcdAu3yzOR via Engadget",
    "truncated": false,
    "entities": {
        "hashtags": [],
        "symbols": [],
        "user_mentions": [],
        "urls": [
            {
                "url": "https://t.co/ZcdAu3yzOR",
                "expanded_url": "http://bit.ly/2UnbaiJ",
                "display_url": "bit.ly/2UnbaiJ",
                "indices": [
                    43,
                    66
                ]
            }
        ]
    },
    "metadata": {
        "iso_language_code": "en",
        "result_type": "recent"
    },
    "source": "<a href=\"https://ifttt.com\" rel=\"nofollow\">IFTTT</a>",
    "in_reply_to_status_id": null,
    "in_reply_to_status_id_str": null,
    "in_reply_to_user_id": null,
    "in_reply_to_user_id_str": null,
    "in_reply_to_screen_name": null,
    "user": {
        "id": 4101361162,
        "id_str": "4101361162",
        "name": "Rerate Ltd",
        "screen_name": "RerateUSA",
        "location": "Aventura, FL",
        "description": "",
        "url": null,
        "entities": {
            "description": {
                "urls": []
            }
        },
        "protected": false,
        "followers_count": 164,
        "friends_count": 129,
        "listed_count": 268,
        "created_at": "Tue Nov 03 01:43:32 +0000 2015",
        "favourites_count": 1,
        "utc_offset": null,
        "time_zone": null,
        "geo_enabled": true,
        "verified": false,
        "statuses_count": 87180,
        "lang": "en",
        "contributors_enabled": false,
        "is_translator": false,
        "is_translation_enabled": false,
        "profile_background_color": "C0DEED",
        "profile_background_image_url": "http://abs.twimg.com/images/themes/theme1/bg.png",
        "profile_background_image_url_https": "https://abs.twimg.com/images/themes/theme1/bg.png",
        "profile_background_tile": false,
        "profile_image_url": "http://pbs.twimg.com/profile_images/790201960670658561/i6UKsaKP_normal.jpg",
        "profile_image_url_https": "https://pbs.twimg.com/profile_images/790201960670658561/i6UKsaKP_normal.jpg",
        "profile_banner_url": "https://pbs.twimg.com/profile_banners/4101361162/1446519253",
        "profile_link_color": "1DA1F2",
        "profile_sidebar_border_color": "C0DEED",
        "profile_sidebar_fill_color": "DDEEF6",
        "profile_text_color": "333333",
        "profile_use_background_image": true,
        "has_extended_profile": false,
        "default_profile": true,
        "default_profile_image": false,
        "following": null,
        "follow_request_sent": null,
        "notifications": null,
        "translator_type": "none"
    },
    "geo": null,
    "coordinates": null,
    "place": null,
    "contributors": null,
    "is_quote_status": false,
    "retweet_count": 0,
    "favorite_count": 0,
    "favorited": false,
    "retweeted": false,
    "possibly_sensitive": false,
    "lang": "en"
}