{
    "created_at": "Mon Apr 15 22:25:34 +0000 2019",
    "id": 1117916906214658048,
    "id_str": "1117916906214658048",
    "text": "https://t.co/JjxLePhDYE via @Verge",
    "truncated": false,
    "entities": {
        "hashtags": [],
        "symbols": [],
        "user_mentions": [
            {
                "screen_name": "verge",
                "name": "The Verge",
                "id": 275686563,
                "id_str": "275686563",
                "indices": [
                    28,
                    34
                ]
            }
        ],
        "urls": [
            {
                "url": "https://t.co/JjxLePhDYE",
                "expanded_url": "https://www.theverge.com/2019/4/15/18311243/lyft-electric-citi-bike-bikeshare-nyc-sf-dc-braking-malfunction?utm_campaign=theverge&utm_content=entry&utm_medium=social&utm_source=twitter",
                "display_url": "theverge.com/2019/4/15/1831\u2026",
                "indices": [
                    0,
                    23
                ]
            }
        ]
    },
    "metadata": {
        "iso_language_code": "und",
        "result_type": "recent"
    },
    "source": "<a href=\"http://twitter.com\" rel=\"nofollow\">Twitter Web Client</a>",
    "in_reply_to_status_id": null,
    "in_reply_to_status_id_str": null,
    "in_reply_to_user_id": null,
    "in_reply_to_user_id_str": null,
    "in_reply_to_screen_name": null,
    "user": {
        "id": 19730806,
        "id_str": "19730806",
        "name": "GetConnected",
        "screen_name": "GetConnectedNow",
        "location": "Canada",
        "description": "Putting technology to work - the latest apps, tech gear and more. Airing across Canada weekly on  @CorusRadio and @globalBC",
        "url": "https://t.co/RmwruGXnNn",
        "entities": {
            "url": {
                "urls": [
                    {
                        "url": "https://t.co/RmwruGXnNn",
                        "expanded_url": "http://www.getconnectedmedia.com",
                        "display_url": "getconnectedmedia.com",
                        "indices": [
                            0,
                            23
                        ]
                    }
                ]
            },
            "description": {
                "urls": []
            }
        },
        "protected": false,
        "followers_count": 7733,
        "friends_count": 3073,
        "listed_count": 269,
        "created_at": "Thu Jan 29 20:08:01 +0000 2009",
        "favourites_count": 1966,
        "utc_offset": null,
        "time_zone": null,
        "geo_enabled": true,
        "verified": false,
        "statuses_count": 8314,
        "lang": "en",
        "contributors_enabled": false,
        "is_translator": false,
        "is_translation_enabled": false,
        "profile_background_color": "000000",
        "profile_background_image_url": "http://abs.twimg.com/images/themes/theme1/bg.png",
        "profile_background_image_url_https": "https://abs.twimg.com/images/themes/theme1/bg.png",
        "profile_background_tile": false,
        "profile_image_url": "http://pbs.twimg.com/profile_images/1113947543774216192/d0tVHWKK_normal.png",
        "profile_image_url_https": "https://pbs.twimg.com/profile_images/1113947543774216192/d0tVHWKK_normal.png",
        "profile_banner_url": "https://pbs.twimg.com/profile_banners/19730806/1554420738",
        "profile_link_color": "2471A3",
        "profile_sidebar_border_color": "000000",
        "profile_sidebar_fill_color": "D9D9D9",
        "profile_text_color": "333333",
        "profile_use_background_image": true,
        "has_extended_profile": false,
        "default_profile": false,
        "default_profile_image": false,
        "following": null,
        "follow_request_sent": null,
        "notifications": null,
        "translator_type": "none"
    },
    "geo": null,
    "coordinates": null,
    "place": null,
    "contributors": null,
    "is_quote_status": false,
    "retweet_count": 0,
    "favorite_count": 0,
    "favorited": false,
    "retweeted": false,
    "possibly_sensitive": false,
    "lang": "und"
}