{
    "created_at": "Tue Apr 16 02:33:04 +0000 2019",
    "id": 1117979187501883392,
    "id_str": "1117979187501883392",
    "text": "Lyft adds New York\u2019s Citi Bikes to its app https://t.co/SpsQqiq64E https://t.co/8umxaK9QQW",
    "truncated": false,
    "entities": {
        "hashtags": [],
        "symbols": [],
        "user_mentions": [],
        "urls": [
            {
                "url": "https://t.co/SpsQqiq64E",
                "expanded_url": "https://engt.co/2Ime0CQ",
                "display_url": "engt.co/2Ime0CQ",
                "indices": [
                    43,
                    66
                ]
            }
        ],
        "media": [
            {
                "id": 1117979185874526209,
                "id_str": "1117979185874526209",
                "indices": [
                    67,
                    90
                ],
                "media_url": "http://pbs.twimg.com/media/D4PcJXBU4AEdQAy.jpg",
                "media_url_https": "https://pbs.twimg.com/media/D4PcJXBU4AEdQAy.jpg",
                "url": "https://t.co/8umxaK9QQW",
                "display_url": "pic.twitter.com/8umxaK9QQW",
                "expanded_url": "https://twitter.com/EngadgetUK/status/1117979187501883392/photo/1",
                "type": "photo",
                "sizes": {
                    "thumb": {
                        "w": 150,
                        "h": 150,
                        "resize": "crop"
                    },
                    "small": {
                        "w": 680,
                        "h": 357,
                        "resize": "fit"
                    },
                    "medium": {
                        "w": 1200,
                        "h": 630,
                        "resize": "fit"
                    },
                    "large": {
                        "w": 1200,
                        "h": 630,
                        "resize": "fit"
                    }
                }
            }
        ]
    },
    "extended_entities": {
        "media": [
            {
                "id": 1117979185874526209,
                "id_str": "1117979185874526209",
                "indices": [
                    67,
                    90
                ],
                "media_url": "http://pbs.twimg.com/media/D4PcJXBU4AEdQAy.jpg",
                "media_url_https": "https://pbs.twimg.com/media/D4PcJXBU4AEdQAy.jpg",
                "url": "https://t.co/8umxaK9QQW",
                "display_url": "pic.twitter.com/8umxaK9QQW",
                "expanded_url": "https://twitter.com/EngadgetUK/status/1117979187501883392/photo/1",
                "type": "photo",
                "sizes": {
                    "thumb": {
                        "w": 150,
                        "h": 150,
                        "resize": "crop"
                    },
                    "small": {
                        "w": 680,
                        "h": 357,
                        "resize": "fit"
                    },
                    "medium": {
                        "w": 1200,
                        "h": 630,
                        "resize": "fit"
                    },
                    "large": {
                        "w": 1200,
                        "h": 630,
                        "resize": "fit"
                    }
                }
            }
        ]
    },
    "metadata": {
        "iso_language_code": "en",
        "result_type": "recent"
    },
    "source": "<a href=\"https://dlvrit.com/\" rel=\"nofollow\">dlvr.it</a>",
    "in_reply_to_status_id": null,
    "in_reply_to_status_id_str": null,
    "in_reply_to_user_id": null,
    "in_reply_to_user_id_str": null,
    "in_reply_to_screen_name": null,
    "user": {
        "id": 2386872595,
        "id_str": "2386872595",
        "name": "Engadget UK",
        "screen_name": "EngadgetUK",
        "location": "London",
        "description": "UK-focused news and features from @Engadget. The definitive guide to this connected life.",
        "url": "http://t.co/aebf0s3Si9",
        "entities": {
            "url": {
                "urls": [
                    {
                        "url": "http://t.co/aebf0s3Si9",
                        "expanded_url": "http://engt.co/uk",
                        "display_url": "engt.co/uk",
                        "indices": [
                            0,
                            22
                        ]
                    }
                ]
            },
            "description": {
                "urls": []
            }
        },
        "protected": false,
        "followers_count": 8569,
        "friends_count": 13,
        "listed_count": 273,
        "created_at": "Thu Mar 13 12:02:34 +0000 2014",
        "favourites_count": 3,
        "utc_offset": null,
        "time_zone": null,
        "geo_enabled": false,
        "verified": true,
        "statuses_count": 51901,
        "lang": "en",
        "contributors_enabled": false,
        "is_translator": false,
        "is_translation_enabled": false,
        "profile_background_color": "C0DEED",
        "profile_background_image_url": "http://abs.twimg.com/images/themes/theme1/bg.png",
        "profile_background_image_url_https": "https://abs.twimg.com/images/themes/theme1/bg.png",
        "profile_background_tile": true,
        "profile_image_url": "http://pbs.twimg.com/profile_images/672061214051143680/eGDDZ9u4_normal.jpg",
        "profile_image_url_https": "https://pbs.twimg.com/profile_images/672061214051143680/eGDDZ9u4_normal.jpg",
        "profile_banner_url": "https://pbs.twimg.com/profile_banners/2386872595/1448985725",
        "profile_link_color": "0084B4",
        "profile_sidebar_border_color": "FFFFFF",
        "profile_sidebar_fill_color": "DDEEF6",
        "profile_text_color": "333333",
        "profile_use_background_image": true,
        "has_extended_profile": false,
        "default_profile": false,
        "default_profile_image": false,
        "following": null,
        "follow_request_sent": null,
        "notifications": null,
        "translator_type": "regular"
    },
    "geo": null,
    "coordinates": null,
    "place": null,
    "contributors": null,
    "is_quote_status": false,
    "retweet_count": 0,
    "favorite_count": 0,
    "favorited": false,
    "retweeted": false,
    "possibly_sensitive": false,
    "lang": "en"
}