{
    "created_at": "Tue Apr 16 02:31:36 +0000 2019",
    "id": 1117978820873785345,
    "id_str": "1117978820873785345",
    "text": "Lyft adds New York\u2019s Citi Bikes to its app https://t.co/zmiwso4D90",
    "truncated": false,
    "entities": {
        "hashtags": [],
        "symbols": [],
        "user_mentions": [],
        "urls": [
            {
                "url": "https://t.co/zmiwso4D90",
                "expanded_url": "https://engt.co/2Isznmf",
                "display_url": "engt.co/2Isznmf",
                "indices": [
                    43,
                    66
                ]
            }
        ]
    },
    "metadata": {
        "iso_language_code": "en",
        "result_type": "recent"
    },
    "source": "<a href=\"https://ifttt.com\" rel=\"nofollow\">IFTTT</a>",
    "in_reply_to_status_id": null,
    "in_reply_to_status_id_str": null,
    "in_reply_to_user_id": null,
    "in_reply_to_user_id_str": null,
    "in_reply_to_screen_name": null,
    "user": {
        "id": 14225006,
        "id_str": "14225006",
        "name": "Mac",
        "screen_name": "MacGenio",
        "location": "Santiago, Chile",
        "description": "Dicen que le pego a la tecnolog\u00eda. Esc\u00fachame en la BioBio 99.7 cada Martes a eso de las 11:40 en el #expresobiobio",
        "url": null,
        "entities": {
            "description": {
                "urls": []
            }
        },
        "protected": false,
        "followers_count": 11231,
        "friends_count": 8239,
        "listed_count": 299,
        "created_at": "Wed Mar 26 12:05:33 +0000 2008",
        "favourites_count": 93,
        "utc_offset": null,
        "time_zone": null,
        "geo_enabled": true,
        "verified": false,
        "statuses_count": 202436,
        "lang": "en",
        "contributors_enabled": false,
        "is_translator": false,
        "is_translation_enabled": false,
        "profile_background_color": "3B94D9",
        "profile_background_image_url": "http://abs.twimg.com/images/themes/theme17/bg.gif",
        "profile_background_image_url_https": "https://abs.twimg.com/images/themes/theme17/bg.gif",
        "profile_background_tile": true,
        "profile_image_url": "http://pbs.twimg.com/profile_images/1111259658495381507/zuRuUVhH_normal.jpg",
        "profile_image_url_https": "https://pbs.twimg.com/profile_images/1111259658495381507/zuRuUVhH_normal.jpg",
        "profile_banner_url": "https://pbs.twimg.com/profile_banners/14225006/1494112895",
        "profile_link_color": "981CEB",
        "profile_sidebar_border_color": "FFFFFF",
        "profile_sidebar_fill_color": "EFEFEF",
        "profile_text_color": "333333",
        "profile_use_background_image": false,
        "has_extended_profile": true,
        "default_profile": false,
        "default_profile_image": false,
        "following": null,
        "follow_request_sent": null,
        "notifications": null,
        "translator_type": "none"
    },
    "geo": null,
    "coordinates": null,
    "place": null,
    "contributors": null,
    "is_quote_status": false,
    "retweet_count": 0,
    "favorite_count": 0,
    "favorited": false,
    "retweeted": false,
    "possibly_sensitive": false,
    "lang": "en"
}