{
    "created_at": "Mon Apr 15 21:49:31 +0000 2019",
    "id": 1117907831804403713,
    "id_str": "1117907831804403713",
    "text": "RT @fox5ny: Citi Bike pulls electric bikes off streets due to brake problems https://t.co/REUrbL2UcE",
    "truncated": false,
    "entities": {
        "hashtags": [],
        "symbols": [],
        "user_mentions": [
            {
                "screen_name": "fox5ny",
                "name": "Fox5NY",
                "id": 9229672,
                "id_str": "9229672",
                "indices": [
                    3,
                    10
                ]
            }
        ],
        "urls": [
            {
                "url": "https://t.co/REUrbL2UcE",
                "expanded_url": "http://www.fox5ny.com/news/citi-bike-pulls-electric-bikes-off-streets",
                "display_url": "fox5ny.com/news/citi-bike\u2026",
                "indices": [
                    77,
                    100
                ]
            }
        ]
    },
    "metadata": {
        "iso_language_code": "en",
        "result_type": "recent"
    },
    "source": "<a href=\"http://www.tweetcaster.com\" rel=\"nofollow\">TweetCaster for Android</a>",
    "in_reply_to_status_id": null,
    "in_reply_to_status_id_str": null,
    "in_reply_to_user_id": null,
    "in_reply_to_user_id_str": null,
    "in_reply_to_screen_name": null,
    "user": {
        "id": 23153001,
        "id_str": "23153001",
        "name": "Trixy Wh",
        "screen_name": "trixywh",
        "location": "Hollywood, CA",
        "description": "whatever is going on in Hollywood/LA from the Beach to the Clubs!!  Get on the dance floor!! And loves to chat! Barney the purple dinosaur is my agent :LOL",
        "url": null,
        "entities": {
            "description": {
                "urls": []
            }
        },
        "protected": false,
        "followers_count": 2435,
        "friends_count": 534,
        "listed_count": 496,
        "created_at": "Sat Mar 07 02:19:39 +0000 2009",
        "favourites_count": 848,
        "utc_offset": null,
        "time_zone": null,
        "geo_enabled": false,
        "verified": false,
        "statuses_count": 505901,
        "lang": "en",
        "contributors_enabled": false,
        "is_translator": false,
        "is_translation_enabled": false,
        "profile_background_color": "9AE4E8",
        "profile_background_image_url": "http://abs.twimg.com/images/themes/theme1/bg.png",
        "profile_background_image_url_https": "https://abs.twimg.com/images/themes/theme1/bg.png",
        "profile_background_tile": true,
        "profile_image_url": "http://pbs.twimg.com/profile_images/834979995038601217/N1ypNDEe_normal.jpg",
        "profile_image_url_https": "https://pbs.twimg.com/profile_images/834979995038601217/N1ypNDEe_normal.jpg",
        "profile_banner_url": "https://pbs.twimg.com/profile_banners/23153001/1349372407",
        "profile_link_color": "0084B4",
        "profile_sidebar_border_color": "BDDCAD",
        "profile_sidebar_fill_color": "DDFFCC",
        "profile_text_color": "333333",
        "profile_use_background_image": true,
        "has_extended_profile": false,
        "default_profile": false,
        "default_profile_image": false,
        "following": null,
        "follow_request_sent": null,
        "notifications": null,
        "translator_type": "none"
    },
    "geo": null,
    "coordinates": null,
    "place": null,
    "contributors": null,
    "is_quote_status": false,
    "retweet_count": 0,
    "favorite_count": 0,
    "favorited": false,
    "retweeted": false,
    "possibly_sensitive": false,
    "lang": "en"
}