{
    "created_at": "Mon Apr 15 20:03:59 +0000 2019",
    "id": 1117881273425391617,
    "id_str": "1117881273425391617",
    "text": "RT @nychange: This is what happens when a company becomes a monopoly in the NYC market: \"at least four people riding electric Citi Bikes re\u2026",
    "truncated": false,
    "entities": {
        "hashtags": [],
        "symbols": [],
        "user_mentions": [
            {
                "screen_name": "nychange",
                "name": "NYCC",
                "id": 97071323,
                "id_str": "97071323",
                "indices": [
                    3,
                    12
                ]
            }
        ],
        "urls": []
    },
    "metadata": {
        "iso_language_code": "en",
        "result_type": "recent"
    },
    "source": "<a href=\"http://twitter.com\" rel=\"nofollow\">Twitter Web Client</a>",
    "in_reply_to_status_id": null,
    "in_reply_to_status_id_str": null,
    "in_reply_to_user_id": null,
    "in_reply_to_user_id_str": null,
    "in_reply_to_screen_name": null,
    "user": {
        "id": 746201370,
        "id_str": "746201370",
        "name": "Educ8tus\ud83d\udc37ll",
        "screen_name": "Educ8tusAll",
        "location": "NYC",
        "description": "Lifelong learner, educator, proponent of human spiritual evolution, informed voter, citizen of the world, and actor, v.o. artist, & screenwriter on the side.",
        "url": null,
        "entities": {
            "description": {
                "urls": []
            }
        },
        "protected": false,
        "followers_count": 1436,
        "friends_count": 351,
        "listed_count": 145,
        "created_at": "Thu Aug 09 00:17:46 +0000 2012",
        "favourites_count": 12655,
        "utc_offset": null,
        "time_zone": null,
        "geo_enabled": true,
        "verified": false,
        "statuses_count": 153519,
        "lang": "en",
        "contributors_enabled": false,
        "is_translator": false,
        "is_translation_enabled": false,
        "profile_background_color": "3D4A5D",
        "profile_background_image_url": "http://abs.twimg.com/images/themes/theme1/bg.png",
        "profile_background_image_url_https": "https://abs.twimg.com/images/themes/theme1/bg.png",
        "profile_background_tile": true,
        "profile_image_url": "http://pbs.twimg.com/profile_images/747876186215321601/-IL02J_T_normal.jpg",
        "profile_image_url_https": "https://pbs.twimg.com/profile_images/747876186215321601/-IL02J_T_normal.jpg",
        "profile_banner_url": "https://pbs.twimg.com/profile_banners/746201370/1459557285",
        "profile_link_color": "309353",
        "profile_sidebar_border_color": "F0B857",
        "profile_sidebar_fill_color": "F2DA6A",
        "profile_text_color": "F1EEA9",
        "profile_use_background_image": true,
        "has_extended_profile": false,
        "default_profile": false,
        "default_profile_image": false,
        "following": null,
        "follow_request_sent": null,
        "notifications": null,
        "translator_type": "none"
    },
    "geo": null,
    "coordinates": null,
    "place": null,
    "contributors": null,
    "retweeted_status": {
        "created_at": "Mon Apr 15 20:00:32 +0000 2019",
        "id": 1117880406550953984,
        "id_str": "1117880406550953984",
        "text": "This is what happens when a company becomes a monopoly in the NYC market: \"at least four people riding electric Cit\u2026 https://t.co/rrXHgeZF8A",
        "truncated": true,
        "entities": {
            "hashtags": [],
            "symbols": [],
            "user_mentions": [],
            "urls": [
                {
                    "url": "https://t.co/rrXHgeZF8A",
                    "expanded_url": "https://twitter.com/i/web/status/1117880406550953984",
                    "display_url": "twitter.com/i/web/status/1\u2026",
                    "indices": [
                        117,
                        140
                    ]
                }
            ]
        },
        "metadata": {
            "iso_language_code": "en",
            "result_type": "recent"
        },
        "source": "<a href=\"http://twitter.com\" rel=\"nofollow\">Twitter Web Client</a>",
        "in_reply_to_status_id": null,
        "in_reply_to_status_id_str": null,
        "in_reply_to_user_id": null,
        "in_reply_to_user_id_str": null,
        "in_reply_to_screen_name": null,
        "user": {
            "id": 97071323,
            "id_str": "97071323",
            "name": "NYCC",
            "screen_name": "nychange",
            "location": "New York",
            "description": "New York Communities for Change. Uniting neighborhoods in the fight for social and economic justice!",
            "url": "https://t.co/31de9x6shJ",
            "entities": {
                "url": {
                    "urls": [
                        {
                            "url": "https://t.co/31de9x6shJ",
                            "expanded_url": "http://www.nycommunities.org",
                            "display_url": "nycommunities.org",
                            "indices": [
                                0,
                                23
                            ]
                        }
                    ]
                },
                "description": {
                    "urls": []
                }
            },
            "protected": false,
            "followers_count": 15744,
            "friends_count": 2185,
            "listed_count": 391,
            "created_at": "Tue Dec 15 21:58:36 +0000 2009",
            "favourites_count": 6806,
            "utc_offset": null,
            "time_zone": null,
            "geo_enabled": true,
            "verified": true,
            "statuses_count": 20373,
            "lang": "en",
            "contributors_enabled": false,
            "is_translator": false,
            "is_translation_enabled": false,
            "profile_background_color": "C0DEED",
            "profile_background_image_url": "http://abs.twimg.com/images/themes/theme1/bg.png",
            "profile_background_image_url_https": "https://abs.twimg.com/images/themes/theme1/bg.png",
            "profile_background_tile": true,
            "profile_image_url": "http://pbs.twimg.com/profile_images/746299681177739264/apCFNF06_normal.jpg",
            "profile_image_url_https": "https://pbs.twimg.com/profile_images/746299681177739264/apCFNF06_normal.jpg",
            "profile_banner_url": "https://pbs.twimg.com/profile_banners/97071323/1510088458",
            "profile_link_color": "FF6319",
            "profile_sidebar_border_color": "C0DEED",
            "profile_sidebar_fill_color": "DDEEF6",
            "profile_text_color": "333333",
            "profile_use_background_image": false,
            "has_extended_profile": false,
            "default_profile": false,
            "default_profile_image": false,
            "following": null,
            "follow_request_sent": null,
            "notifications": null,
            "translator_type": "none"
        },
        "geo": null,
        "coordinates": null,
        "place": null,
        "contributors": null,
        "is_quote_status": false,
        "retweet_count": 2,
        "favorite_count": 5,
        "favorited": false,
        "retweeted": false,
        "possibly_sensitive": false,
        "lang": "en"
    },
    "is_quote_status": false,
    "retweet_count": 2,
    "favorite_count": 0,
    "favorited": false,
    "retweeted": false,
    "lang": "en"
}