{
    "created_at": "Tue Apr 16 02:31:06 +0000 2019",
    "id": 1117978694142832640,
    "id_str": "1117978694142832640",
    "text": "Lyft adds New York\u2019s Citi Bikes to its app\nhttps://t.co/u8mVd5ebMI",
    "truncated": false,
    "entities": {
        "hashtags": [],
        "symbols": [],
        "user_mentions": [],
        "urls": [
            {
                "url": "https://t.co/u8mVd5ebMI",
                "expanded_url": "https://www.engadget.com/2019/04/15/lyft-citi-bike-new-york-city/",
                "display_url": "engadget.com/2019/04/15/lyf\u2026",
                "indices": [
                    43,
                    66
                ]
            }
        ]
    },
    "metadata": {
        "iso_language_code": "en",
        "result_type": "recent"
    },
    "source": "<a href=\"https://github.com/ncarlier/feedpushr\" rel=\"nofollow\">Feedpushr</a>",
    "in_reply_to_status_id": null,
    "in_reply_to_status_id_str": null,
    "in_reply_to_user_id": null,
    "in_reply_to_user_id_str": null,
    "in_reply_to_screen_name": null,
    "user": {
        "id": 971401388860243970,
        "id_str": "971401388860243970",
        "name": "Feedpushr feeds.",
        "screen_name": "feedpushr",
        "location": "Tou",
        "description": "Some feeds pushed by Feedpushr.",
        "url": "https://t.co/r3sYBH5MbL",
        "entities": {
            "url": {
                "urls": [
                    {
                        "url": "https://t.co/r3sYBH5MbL",
                        "expanded_url": "https://github.com/ncarlier/feedpushr",
                        "display_url": "github.com/ncarlier/feedp\u2026",
                        "indices": [
                            0,
                            23
                        ]
                    }
                ]
            },
            "description": {
                "urls": []
            }
        },
        "protected": false,
        "followers_count": 22,
        "friends_count": 0,
        "listed_count": 0,
        "created_at": "Wed Mar 07 15:05:13 +0000 2018",
        "favourites_count": 0,
        "utc_offset": null,
        "time_zone": null,
        "geo_enabled": false,
        "verified": false,
        "statuses_count": 56604,
        "lang": "fr",
        "contributors_enabled": false,
        "is_translator": false,
        "is_translation_enabled": false,
        "profile_background_color": "F5F8FA",
        "profile_background_image_url": null,
        "profile_background_image_url_https": null,
        "profile_background_tile": false,
        "profile_image_url": "http://pbs.twimg.com/profile_images/972034741372358656/tv9hmrXi_normal.jpg",
        "profile_image_url_https": "https://pbs.twimg.com/profile_images/972034741372358656/tv9hmrXi_normal.jpg",
        "profile_link_color": "1DA1F2",
        "profile_sidebar_border_color": "C0DEED",
        "profile_sidebar_fill_color": "DDEEF6",
        "profile_text_color": "333333",
        "profile_use_background_image": true,
        "has_extended_profile": false,
        "default_profile": true,
        "default_profile_image": false,
        "following": null,
        "follow_request_sent": null,
        "notifications": null,
        "translator_type": "none"
    },
    "geo": null,
    "coordinates": null,
    "place": null,
    "contributors": null,
    "is_quote_status": false,
    "retweet_count": 0,
    "favorite_count": 0,
    "favorited": false,
    "retweeted": false,
    "possibly_sensitive": false,
    "lang": "en"
}