{
    "created_at": "Mon Apr 15 20:21:15 +0000 2019",
    "id": 1117885620498706439,
    "id_str": "1117885620498706439",
    "text": "RT @verge: Lyft pulls thousands of e-bikes out of service in three US cities for braking malfunctions https://t.co/HQ7LMqAyFb https://t.co/\u2026",
    "truncated": false,
    "entities": {
        "hashtags": [],
        "symbols": [],
        "user_mentions": [
            {
                "screen_name": "verge",
                "name": "The Verge",
                "id": 275686563,
                "id_str": "275686563",
                "indices": [
                    3,
                    9
                ]
            }
        ],
        "urls": [
            {
                "url": "https://t.co/HQ7LMqAyFb",
                "expanded_url": "https://www.theverge.com/2019/4/15/18311243/lyft-electric-citi-bike-bikeshare-nyc-sf-dc-braking-malfunction?utm_campaign=theverge&utm_content=chorus&utm_medium=social&utm_source=twitter",
                "display_url": "theverge.com/2019/4/15/1831\u2026",
                "indices": [
                    102,
                    125
                ]
            }
        ]
    },
    "metadata": {
        "iso_language_code": "en",
        "result_type": "recent"
    },
    "source": "<a href=\"http://twitter.com/download/android\" rel=\"nofollow\">Twitter for Android</a>",
    "in_reply_to_status_id": null,
    "in_reply_to_status_id_str": null,
    "in_reply_to_user_id": null,
    "in_reply_to_user_id_str": null,
    "in_reply_to_screen_name": null,
    "user": {
        "id": 1088570844396376065,
        "id_str": "1088570844396376065",
        "name": "Peter Parkinson",
        "screen_name": "PeterPa51457221",
        "location": "Brooklyn, NY",
        "description": "",
        "url": null,
        "entities": {
            "description": {
                "urls": []
            }
        },
        "protected": false,
        "followers_count": 7,
        "friends_count": 214,
        "listed_count": 0,
        "created_at": "Thu Jan 24 22:54:48 +0000 2019",
        "favourites_count": 1451,
        "utc_offset": null,
        "time_zone": null,
        "geo_enabled": false,
        "verified": false,
        "statuses_count": 241,
        "lang": "pt",
        "contributors_enabled": false,
        "is_translator": false,
        "is_translation_enabled": false,
        "profile_background_color": "F5F8FA",
        "profile_background_image_url": null,
        "profile_background_image_url_https": null,
        "profile_background_tile": false,
        "profile_image_url": "http://pbs.twimg.com/profile_images/1088571381921521665/7rgzSSfj_normal.jpg",
        "profile_image_url_https": "https://pbs.twimg.com/profile_images/1088571381921521665/7rgzSSfj_normal.jpg",
        "profile_link_color": "1DA1F2",
        "profile_sidebar_border_color": "C0DEED",
        "profile_sidebar_fill_color": "DDEEF6",
        "profile_text_color": "333333",
        "profile_use_background_image": true,
        "has_extended_profile": false,
        "default_profile": true,
        "default_profile_image": false,
        "following": null,
        "follow_request_sent": null,
        "notifications": null,
        "translator_type": "none"
    },
    "geo": null,
    "coordinates": null,
    "place": null,
    "contributors": null,
    "retweeted_status": {
        "created_at": "Mon Apr 15 13:49:41 +0000 2019",
        "id": 1117787076311826432,
        "id_str": "1117787076311826432",
        "text": "Lyft pulls thousands of e-bikes out of service in three US cities for braking malfunctions https://t.co/HQ7LMqAyFb https://t.co/ya1ANIIJD8",
        "truncated": false,
        "entities": {
            "hashtags": [],
            "symbols": [],
            "user_mentions": [],
            "urls": [
                {
                    "url": "https://t.co/HQ7LMqAyFb",
                    "expanded_url": "https://www.theverge.com/2019/4/15/18311243/lyft-electric-citi-bike-bikeshare-nyc-sf-dc-braking-malfunction?utm_campaign=theverge&utm_content=chorus&utm_medium=social&utm_source=twitter",
                    "display_url": "theverge.com/2019/4/15/1831\u2026",
                    "indices": [
                        91,
                        114
                    ]
                }
            ],
            "media": [
                {
                    "id": 1117787074730573824,
                    "id_str": "1117787074730573824",
                    "indices": [
                        115,
                        138
                    ],
                    "media_url": "http://pbs.twimg.com/media/D4MtbBPWwAACzML.jpg",
                    "media_url_https": "https://pbs.twimg.com/media/D4MtbBPWwAACzML.jpg",
                    "url": "https://t.co/ya1ANIIJD8",
                    "display_url": "pic.twitter.com/ya1ANIIJD8",
                    "expanded_url": "https://twitter.com/verge/status/1117787076311826432/photo/1",
                    "type": "photo",
                    "sizes": {
                        "thumb": {
                            "w": 150,
                            "h": 150,
                            "resize": "crop"
                        },
                        "small": {
                            "w": 680,
                            "h": 510,
                            "resize": "fit"
                        },
                        "medium": {
                            "w": 1200,
                            "h": 900,
                            "resize": "fit"
                        },
                        "large": {
                            "w": 1987,
                            "h": 1490,
                            "resize": "fit"
                        }
                    }
                }
            ]
        },
        "extended_entities": {
            "media": [
                {
                    "id": 1117787074730573824,
                    "id_str": "1117787074730573824",
                    "indices": [
                        115,
                        138
                    ],
                    "media_url": "http://pbs.twimg.com/media/D4MtbBPWwAACzML.jpg",
                    "media_url_https": "https://pbs.twimg.com/media/D4MtbBPWwAACzML.jpg",
                    "url": "https://t.co/ya1ANIIJD8",
                    "display_url": "pic.twitter.com/ya1ANIIJD8",
                    "expanded_url": "https://twitter.com/verge/status/1117787076311826432/photo/1",
                    "type": "photo",
                    "sizes": {
                        "thumb": {
                            "w": 150,
                            "h": 150,
                            "resize": "crop"
                        },
                        "small": {
                            "w": 680,
                            "h": 510,
                            "resize": "fit"
                        },
                        "medium": {
                            "w": 1200,
                            "h": 900,
                            "resize": "fit"
                        },
                        "large": {
                            "w": 1987,
                            "h": 1490,
                            "resize": "fit"
                        }
                    }
                }
            ]
        },
        "metadata": {
            "iso_language_code": "en",
            "result_type": "recent"
        },
        "source": "<a href=\"http://www.voxmedia.com\" rel=\"nofollow\">Vox Media</a>",
        "in_reply_to_status_id": null,
        "in_reply_to_status_id_str": null,
        "in_reply_to_user_id": null,
        "in_reply_to_user_id_str": null,
        "in_reply_to_screen_name": null,
        "user": {
            "id": 275686563,
            "id_str": "275686563",
            "name": "The Verge",
            "screen_name": "verge",
            "location": "New York",
            "description": "https://t.co/W2SFxIXkC4 covers life in the future.",
            "url": "http://t.co/W2SFxIXkC4",
            "entities": {
                "url": {
                    "urls": [
                        {
                            "url": "http://t.co/W2SFxIXkC4",
                            "expanded_url": "http://www.theverge.com",
                            "display_url": "theverge.com",
                            "indices": [
                                0,
                                22
                            ]
                        }
                    ]
                },
                "description": {
                    "urls": [
                        {
                            "url": "https://t.co/W2SFxIXkC4",
                            "expanded_url": "http://www.theverge.com",
                            "display_url": "theverge.com",
                            "indices": [
                                0,
                                23
                            ]
                        }
                    ]
                }
            },
            "protected": false,
            "followers_count": 2510345,
            "friends_count": 159,
            "listed_count": 36279,
            "created_at": "Fri Apr 01 19:54:22 +0000 2011",
            "favourites_count": 1519,
            "utc_offset": null,
            "time_zone": null,
            "geo_enabled": true,
            "verified": true,
            "statuses_count": 154786,
            "lang": "en",
            "contributors_enabled": false,
            "is_translator": false,
            "is_translation_enabled": true,
            "profile_background_color": "FFFFFF",
            "profile_background_image_url": "http://abs.twimg.com/images/themes/theme1/bg.png",
            "profile_background_image_url_https": "https://abs.twimg.com/images/themes/theme1/bg.png",
            "profile_background_tile": false,
            "profile_image_url": "http://pbs.twimg.com/profile_images/877903823133704194/Mqp1PXU8_normal.jpg",
            "profile_image_url_https": "https://pbs.twimg.com/profile_images/877903823133704194/Mqp1PXU8_normal.jpg",
            "profile_banner_url": "https://pbs.twimg.com/profile_banners/275686563/1515605311",
            "profile_link_color": "EC008C",
            "profile_sidebar_border_color": "000000",
            "profile_sidebar_fill_color": "EFEFEF",
            "profile_text_color": "333333",
            "profile_use_background_image": true,
            "has_extended_profile": false,
            "default_profile": false,
            "default_profile_image": false,
            "following": null,
            "follow_request_sent": null,
            "notifications": null,
            "translator_type": "regular"
        },
        "geo": null,
        "coordinates": null,
        "place": null,
        "contributors": null,
        "is_quote_status": false,
        "retweet_count": 14,
        "favorite_count": 31,
        "favorited": false,
        "retweeted": false,
        "possibly_sensitive": false,
        "lang": "en"
    },
    "is_quote_status": false,
    "retweet_count": 14,
    "favorite_count": 0,
    "favorited": false,
    "retweeted": false,
    "possibly_sensitive": false,
    "lang": "en"
}