{
    "created_at": "Tue Apr 16 02:33:33 +0000 2019",
    "id": 1117979309476417537,
    "id_str": "1117979309476417537",
    "text": "Lyft adds New York\u2019s Citi Bikes to its app https://t.co/7aDjEEWly7",
    "truncated": false,
    "entities": {
        "hashtags": [],
        "symbols": [],
        "user_mentions": [],
        "urls": [
            {
                "url": "https://t.co/7aDjEEWly7",
                "expanded_url": "http://dlvr.it/R2tlrk",
                "display_url": "dlvr.it/R2tlrk",
                "indices": [
                    43,
                    66
                ]
            }
        ]
    },
    "metadata": {
        "iso_language_code": "en",
        "result_type": "recent"
    },
    "source": "<a href=\"https://dlvrit.com/\" rel=\"nofollow\">dlvr.it</a>",
    "in_reply_to_status_id": null,
    "in_reply_to_status_id_str": null,
    "in_reply_to_user_id": null,
    "in_reply_to_user_id_str": null,
    "in_reply_to_screen_name": null,
    "user": {
        "id": 2534058799,
        "id_str": "2534058799",
        "name": "Digital Lifestyle",
        "screen_name": "digitalXlife",
        "location": "",
        "description": "",
        "url": null,
        "entities": {
            "description": {
                "urls": []
            }
        },
        "protected": false,
        "followers_count": 30,
        "friends_count": 27,
        "listed_count": 3,
        "created_at": "Fri May 30 03:37:34 +0000 2014",
        "favourites_count": 0,
        "utc_offset": null,
        "time_zone": null,
        "geo_enabled": false,
        "verified": false,
        "statuses_count": 30693,
        "lang": "en",
        "contributors_enabled": false,
        "is_translator": false,
        "is_translation_enabled": false,
        "profile_background_color": "C0DEED",
        "profile_background_image_url": "http://abs.twimg.com/images/themes/theme1/bg.png",
        "profile_background_image_url_https": "https://abs.twimg.com/images/themes/theme1/bg.png",
        "profile_background_tile": false,
        "profile_image_url": "http://pbs.twimg.com/profile_images/472221221044494336/RzKon8KJ_normal.jpeg",
        "profile_image_url_https": "https://pbs.twimg.com/profile_images/472221221044494336/RzKon8KJ_normal.jpeg",
        "profile_banner_url": "https://pbs.twimg.com/profile_banners/2534058799/1401425222",
        "profile_link_color": "1DA1F2",
        "profile_sidebar_border_color": "C0DEED",
        "profile_sidebar_fill_color": "DDEEF6",
        "profile_text_color": "333333",
        "profile_use_background_image": true,
        "has_extended_profile": false,
        "default_profile": true,
        "default_profile_image": false,
        "following": null,
        "follow_request_sent": null,
        "notifications": null,
        "translator_type": "none"
    },
    "geo": null,
    "coordinates": null,
    "place": null,
    "contributors": null,
    "is_quote_status": false,
    "retweet_count": 0,
    "favorite_count": 0,
    "favorited": false,
    "retweeted": false,
    "possibly_sensitive": false,
    "lang": "en"
}