{
    "created_at": "Mon Apr 15 22:19:35 +0000 2019",
    "id": 1117915399725600768,
    "id_str": "1117915399725600768",
    "text": "New Yorkers can hop on a Citi Bike using Lyft's app starting in early May. https://t.co/ulCmk5JRCe",
    "truncated": false,
    "entities": {
        "hashtags": [],
        "symbols": [],
        "user_mentions": [],
        "urls": [
            {
                "url": "https://t.co/ulCmk5JRCe",
                "expanded_url": "https://trib.al/mkwJzOT",
                "display_url": "trib.al/mkwJzOT",
                "indices": [
                    75,
                    98
                ]
            }
        ]
    },
    "metadata": {
        "iso_language_code": "en",
        "result_type": "recent"
    },
    "source": "<a href=\"http://www.socialflow.com\" rel=\"nofollow\">SocialFlow</a>",
    "in_reply_to_status_id": null,
    "in_reply_to_status_id_str": null,
    "in_reply_to_user_id": null,
    "in_reply_to_user_id_str": null,
    "in_reply_to_screen_name": null,
    "user": {
        "id": 165907905,
        "id_str": "165907905",
        "name": "Prospect Hts Patch",
        "screen_name": "ProspectHtPatch",
        "location": "Prospect Heights, Brooklyn",
        "description": "Local news, alerts, events and more. We\u2019re your source for all things Prospect Heights and Crown Heights.",
        "url": "https://t.co/XsdaDRJJD1",
        "entities": {
            "url": {
                "urls": [
                    {
                        "url": "https://t.co/XsdaDRJJD1",
                        "expanded_url": "http://patch.com/new-york/prospectheights",
                        "display_url": "patch.com/new-york/prosp\u2026",
                        "indices": [
                            0,
                            23
                        ]
                    }
                ]
            },
            "description": {
                "urls": []
            }
        },
        "protected": false,
        "followers_count": 1935,
        "friends_count": 571,
        "listed_count": 122,
        "created_at": "Mon Jul 12 21:15:43 +0000 2010",
        "favourites_count": 2,
        "utc_offset": null,
        "time_zone": null,
        "geo_enabled": true,
        "verified": false,
        "statuses_count": 17680,
        "lang": "en",
        "contributors_enabled": false,
        "is_translator": false,
        "is_translation_enabled": false,
        "profile_background_color": "000000",
        "profile_background_image_url": "http://abs.twimg.com/images/themes/theme1/bg.png",
        "profile_background_image_url_https": "https://abs.twimg.com/images/themes/theme1/bg.png",
        "profile_background_tile": false,
        "profile_image_url": "http://pbs.twimg.com/profile_images/928699050940973057/t4CRxrNE_normal.jpg",
        "profile_image_url_https": "https://pbs.twimg.com/profile_images/928699050940973057/t4CRxrNE_normal.jpg",
        "profile_banner_url": "https://pbs.twimg.com/profile_banners/165907905/1434745741",
        "profile_link_color": "4A913C",
        "profile_sidebar_border_color": "000000",
        "profile_sidebar_fill_color": "000000",
        "profile_text_color": "000000",
        "profile_use_background_image": false,
        "has_extended_profile": false,
        "default_profile": false,
        "default_profile_image": false,
        "following": null,
        "follow_request_sent": null,
        "notifications": null,
        "translator_type": "none"
    },
    "geo": null,
    "coordinates": null,
    "place": null,
    "contributors": null,
    "is_quote_status": false,
    "retweet_count": 0,
    "favorite_count": 0,
    "favorited": false,
    "retweeted": false,
    "possibly_sensitive": false,
    "lang": "en"
}