{
    "created_at": "Tue Apr 16 02:44:17 +0000 2019",
    "id": 1117982012630020096,
    "id_str": "1117982012630020096",
    "text": "Lyft adds New York\u2019s Citi Bikes to its app https://t.co/dgb6cQaCK5",
    "truncated": false,
    "entities": {
        "hashtags": [],
        "symbols": [],
        "user_mentions": [],
        "urls": [
            {
                "url": "https://t.co/dgb6cQaCK5",
                "expanded_url": "https://engt.co/2Isznmf",
                "display_url": "engt.co/2Isznmf",
                "indices": [
                    43,
                    66
                ]
            }
        ]
    },
    "metadata": {
        "iso_language_code": "en",
        "result_type": "recent"
    },
    "source": "<a href=\"https://ifttt.com\" rel=\"nofollow\">IFTTT</a>",
    "in_reply_to_status_id": null,
    "in_reply_to_status_id_str": null,
    "in_reply_to_user_id": null,
    "in_reply_to_user_id_str": null,
    "in_reply_to_screen_name": null,
    "user": {
        "id": 908424904084729856,
        "id_str": "908424904084729856",
        "name": "Jeffrey B. Tudor",
        "screen_name": "JeffreyTudor",
        "location": "Fort Wayne, IN",
        "description": "I worked as a Computer and Information Systems Managers at Tuthill Corporation.",
        "url": null,
        "entities": {
            "description": {
                "urls": []
            }
        },
        "protected": false,
        "followers_count": 8,
        "friends_count": 3,
        "listed_count": 0,
        "created_at": "Thu Sep 14 20:19:09 +0000 2017",
        "favourites_count": 0,
        "utc_offset": null,
        "time_zone": null,
        "geo_enabled": false,
        "verified": false,
        "statuses_count": 16981,
        "lang": "en",
        "contributors_enabled": false,
        "is_translator": false,
        "is_translation_enabled": false,
        "profile_background_color": "F5F8FA",
        "profile_background_image_url": null,
        "profile_background_image_url_https": null,
        "profile_background_tile": false,
        "profile_image_url": "http://pbs.twimg.com/profile_images/908427106123698178/xuv_CM6g_normal.jpg",
        "profile_image_url_https": "https://pbs.twimg.com/profile_images/908427106123698178/xuv_CM6g_normal.jpg",
        "profile_banner_url": "https://pbs.twimg.com/profile_banners/908424904084729856/1505420856",
        "profile_link_color": "1DA1F2",
        "profile_sidebar_border_color": "C0DEED",
        "profile_sidebar_fill_color": "DDEEF6",
        "profile_text_color": "333333",
        "profile_use_background_image": true,
        "has_extended_profile": true,
        "default_profile": true,
        "default_profile_image": false,
        "following": null,
        "follow_request_sent": null,
        "notifications": null,
        "translator_type": "none"
    },
    "geo": null,
    "coordinates": null,
    "place": null,
    "contributors": null,
    "is_quote_status": false,
    "retweet_count": 0,
    "favorite_count": 0,
    "favorited": false,
    "retweeted": false,
    "possibly_sensitive": false,
    "lang": "en"
}