{
    "created_at": "Mon Apr 15 22:22:56 +0000 2019",
    "id": 1117916241388138496,
    "id_str": "1117916241388138496",
    "text": "New Yorkers can hop on a Citi Bike using Lyft's app starting in early May. https://t.co/NBzpomlogI",
    "truncated": false,
    "entities": {
        "hashtags": [],
        "symbols": [],
        "user_mentions": [],
        "urls": [
            {
                "url": "https://t.co/NBzpomlogI",
                "expanded_url": "https://trib.al/dlyuW9i",
                "display_url": "trib.al/dlyuW9i",
                "indices": [
                    75,
                    98
                ]
            }
        ]
    },
    "metadata": {
        "iso_language_code": "en",
        "result_type": "recent"
    },
    "source": "<a href=\"http://www.socialflow.com\" rel=\"nofollow\">SocialFlow</a>",
    "in_reply_to_status_id": null,
    "in_reply_to_status_id_str": null,
    "in_reply_to_user_id": null,
    "in_reply_to_user_id_str": null,
    "in_reply_to_screen_name": null,
    "user": {
        "id": 741312214863388672,
        "id_str": "741312214863388672",
        "name": "UpperEastSide Patch",
        "screen_name": "UESPatch",
        "location": "Upper East Side, Manhattan",
        "description": "Local news, alerts, events and more. We\u2019re your source for all things Upper East Side.",
        "url": "https://t.co/zM6dpMuBNr",
        "entities": {
            "url": {
                "urls": [
                    {
                        "url": "https://t.co/zM6dpMuBNr",
                        "expanded_url": "http://patch.com/new-york/uppereastside",
                        "display_url": "patch.com/new-york/upper\u2026",
                        "indices": [
                            0,
                            23
                        ]
                    }
                ]
            },
            "description": {
                "urls": []
            }
        },
        "protected": false,
        "followers_count": 552,
        "friends_count": 12,
        "listed_count": 7,
        "created_at": "Fri Jun 10 16:52:59 +0000 2016",
        "favourites_count": 0,
        "utc_offset": null,
        "time_zone": null,
        "geo_enabled": false,
        "verified": false,
        "statuses_count": 7788,
        "lang": "en",
        "contributors_enabled": false,
        "is_translator": false,
        "is_translation_enabled": false,
        "profile_background_color": "000000",
        "profile_background_image_url": "http://abs.twimg.com/images/themes/theme1/bg.png",
        "profile_background_image_url_https": "https://abs.twimg.com/images/themes/theme1/bg.png",
        "profile_background_tile": false,
        "profile_image_url": "http://pbs.twimg.com/profile_images/948668267823951872/6UzLc63d_normal.jpg",
        "profile_image_url_https": "https://pbs.twimg.com/profile_images/948668267823951872/6UzLc63d_normal.jpg",
        "profile_banner_url": "https://pbs.twimg.com/profile_banners/741312214863388672/1510252331",
        "profile_link_color": "239B44",
        "profile_sidebar_border_color": "000000",
        "profile_sidebar_fill_color": "000000",
        "profile_text_color": "000000",
        "profile_use_background_image": false,
        "has_extended_profile": false,
        "default_profile": false,
        "default_profile_image": false,
        "following": null,
        "follow_request_sent": null,
        "notifications": null,
        "translator_type": "none"
    },
    "geo": null,
    "coordinates": null,
    "place": null,
    "contributors": null,
    "is_quote_status": false,
    "retweet_count": 0,
    "favorite_count": 0,
    "favorited": false,
    "retweeted": false,
    "possibly_sensitive": false,
    "lang": "en"
}