{
    "created_at": "Mon Apr 15 19:18:32 +0000 2019",
    "id": 1117869837647089665,
    "id_str": "1117869837647089665",
    "text": "RT @Autotestdrivers: Citi Bike Pulls Electric Bikes With Touchy Brakes After Rider Breaks Hip: Bikeshare systems around the country run by\u2026",
    "truncated": false,
    "entities": {
        "hashtags": [],
        "symbols": [],
        "user_mentions": [
            {
                "screen_name": "Autotestdrivers",
                "name": "Autotestdrivers.com",
                "id": 549247996,
                "id_str": "549247996",
                "indices": [
                    3,
                    19
                ]
            }
        ],
        "urls": []
    },
    "metadata": {
        "iso_language_code": "en",
        "result_type": "recent"
    },
    "source": "<a href=\"https://dlvrit.com/\" rel=\"nofollow\">dlvr.it</a>",
    "in_reply_to_status_id": null,
    "in_reply_to_status_id_str": null,
    "in_reply_to_user_id": null,
    "in_reply_to_user_id_str": null,
    "in_reply_to_screen_name": null,
    "user": {
        "id": 2346197030,
        "id_str": "2346197030",
        "name": "Autotestdrivers.com \ud83c\uddfa\ud83c\uddf8",
        "screen_name": "Atdcarshows",
        "location": "",
        "description": "Your Source For Automotive Events.",
        "url": "https://t.co/ZGTXzQJqVl",
        "entities": {
            "url": {
                "urls": [
                    {
                        "url": "https://t.co/ZGTXzQJqVl",
                        "expanded_url": "http://www.automotivetestdrivers.com/Events",
                        "display_url": "automotivetestdrivers.com/Events",
                        "indices": [
                            0,
                            23
                        ]
                    }
                ]
            },
            "description": {
                "urls": []
            }
        },
        "protected": false,
        "followers_count": 383,
        "friends_count": 339,
        "listed_count": 182,
        "created_at": "Sun Feb 16 04:02:26 +0000 2014",
        "favourites_count": 1910,
        "utc_offset": null,
        "time_zone": null,
        "geo_enabled": true,
        "verified": false,
        "statuses_count": 216754,
        "lang": "en",
        "contributors_enabled": false,
        "is_translator": false,
        "is_translation_enabled": false,
        "profile_background_color": "C0DEED",
        "profile_background_image_url": "http://abs.twimg.com/images/themes/theme1/bg.png",
        "profile_background_image_url_https": "https://abs.twimg.com/images/themes/theme1/bg.png",
        "profile_background_tile": false,
        "profile_image_url": "http://pbs.twimg.com/profile_images/1048275111738990592/tUFXfEE2_normal.jpg",
        "profile_image_url_https": "https://pbs.twimg.com/profile_images/1048275111738990592/tUFXfEE2_normal.jpg",
        "profile_banner_url": "https://pbs.twimg.com/profile_banners/2346197030/1539142316",
        "profile_link_color": "1DA1F2",
        "profile_sidebar_border_color": "C0DEED",
        "profile_sidebar_fill_color": "DDEEF6",
        "profile_text_color": "333333",
        "profile_use_background_image": true,
        "has_extended_profile": false,
        "default_profile": true,
        "default_profile_image": false,
        "following": null,
        "follow_request_sent": null,
        "notifications": null,
        "translator_type": "none"
    },
    "geo": null,
    "coordinates": null,
    "place": null,
    "contributors": null,
    "retweeted_status": {
        "created_at": "Mon Apr 15 19:18:06 +0000 2019",
        "id": 1117869725004906497,
        "id_str": "1117869725004906497",
        "text": "Citi Bike Pulls Electric Bikes With Touchy Brakes After Rider Breaks Hip: Bikeshare systems around the country run\u2026 https://t.co/oHNh5ZqNl7",
        "truncated": true,
        "entities": {
            "hashtags": [],
            "symbols": [],
            "user_mentions": [],
            "urls": [
                {
                    "url": "https://t.co/oHNh5ZqNl7",
                    "expanded_url": "https://twitter.com/i/web/status/1117869725004906497",
                    "display_url": "twitter.com/i/web/status/1\u2026",
                    "indices": [
                        116,
                        139
                    ]
                }
            ]
        },
        "metadata": {
            "iso_language_code": "en",
            "result_type": "recent"
        },
        "source": "<a href=\"https://dlvrit.com/\" rel=\"nofollow\">dlvr.it</a>",
        "in_reply_to_status_id": null,
        "in_reply_to_status_id_str": null,
        "in_reply_to_user_id": null,
        "in_reply_to_user_id_str": null,
        "in_reply_to_screen_name": null,
        "user": {
            "id": 549247996,
            "id_str": "549247996",
            "name": "Autotestdrivers.com",
            "screen_name": "Autotestdrivers",
            "location": "Mesa AZ",
            "description": "https://t.co/ChCAYsVrtj is your source for Automotive News, Driving #Jobs and Automotive #Events . #cars #autos #automotive",
            "url": "https://t.co/ChCAYsVrtj",
            "entities": {
                "url": {
                    "urls": [
                        {
                            "url": "https://t.co/ChCAYsVrtj",
                            "expanded_url": "http://www.Automotivetestdrivers.com",
                            "display_url": "Automotivetestdrivers.com",
                            "indices": [
                                0,
                                23
                            ]
                        }
                    ]
                },
                "description": {
                    "urls": [
                        {
                            "url": "https://t.co/ChCAYsVrtj",
                            "expanded_url": "http://www.Automotivetestdrivers.com",
                            "display_url": "Automotivetestdrivers.com",
                            "indices": [
                                0,
                                23
                            ]
                        }
                    ]
                }
            },
            "protected": false,
            "followers_count": 3214,
            "friends_count": 1295,
            "listed_count": 592,
            "created_at": "Mon Apr 09 13:55:06 +0000 2012",
            "favourites_count": 7243,
            "utc_offset": null,
            "time_zone": null,
            "geo_enabled": true,
            "verified": false,
            "statuses_count": 534526,
            "lang": "en",
            "contributors_enabled": false,
            "is_translator": false,
            "is_translation_enabled": false,
            "profile_background_color": "131516",
            "profile_background_image_url": "http://abs.twimg.com/images/themes/theme14/bg.gif",
            "profile_background_image_url_https": "https://abs.twimg.com/images/themes/theme14/bg.gif",
            "profile_background_tile": true,
            "profile_image_url": "http://pbs.twimg.com/profile_images/2075476689/12_chevy_normal.jpg",
            "profile_image_url_https": "https://pbs.twimg.com/profile_images/2075476689/12_chevy_normal.jpg",
            "profile_banner_url": "https://pbs.twimg.com/profile_banners/549247996/1399317029",
            "profile_link_color": "009999",
            "profile_sidebar_border_color": "EEEEEE",
            "profile_sidebar_fill_color": "EFEFEF",
            "profile_text_color": "333333",
            "profile_use_background_image": true,
            "has_extended_profile": false,
            "default_profile": false,
            "default_profile_image": false,
            "following": null,
            "follow_request_sent": null,
            "notifications": null,
            "translator_type": "none"
        },
        "geo": null,
        "coordinates": null,
        "place": null,
        "contributors": null,
        "is_quote_status": false,
        "retweet_count": 2,
        "favorite_count": 0,
        "favorited": false,
        "retweeted": false,
        "possibly_sensitive": false,
        "lang": "en"
    },
    "is_quote_status": false,
    "retweet_count": 2,
    "favorite_count": 0,
    "favorited": false,
    "retweeted": false,
    "lang": "en"
}