{
    "created_at": "Tue Apr 16 03:05:31 +0000 2019",
    "id": 1117987356705845248,
    "id_str": "1117987356705845248",
    "text": "Citi Bike, \uc548\uc804\uc131\uc5d0 \ub300\ud55c \uc6b0\ub824\ub97c \uc774\uc720\ub85c \uc0c8\ub85c\uc6b4 \uc804\uae30 \uc790\uc804\uac70\ub97c \uae38\uac70\ub9ac\uc5d0\uc11c \ucca0\uc218  https://t.co/cMN3qyDyE3",
    "truncated": false,
    "entities": {
        "hashtags": [],
        "symbols": [],
        "user_mentions": [],
        "urls": [
            {
                "url": "https://t.co/cMN3qyDyE3",
                "expanded_url": "http://editoy.com/posts/5240",
                "display_url": "editoy.com/posts/5240",
                "indices": [
                    49,
                    72
                ]
            }
        ]
    },
    "metadata": {
        "result_type": "recent",
        "iso_language_code": "ko"
    },
    "source": "<a href=\"http://twitter.com\" rel=\"nofollow\">Twitter Web Client</a>",
    "in_reply_to_status_id": null,
    "in_reply_to_status_id_str": null,
    "in_reply_to_user_id": null,
    "in_reply_to_user_id_str": null,
    "in_reply_to_screen_name": null,
    "user": {
        "id": 454158906,
        "id_str": "454158906",
        "name": "editoy",
        "screen_name": "editoy",
        "location": "",
        "description": "The social curation platform by editoy Inc.",
        "url": "https://t.co/EDrf3VVkDl",
        "entities": {
            "url": {
                "urls": [
                    {
                        "url": "https://t.co/EDrf3VVkDl",
                        "expanded_url": "http://editoy.com",
                        "display_url": "editoy.com",
                        "indices": [
                            0,
                            23
                        ]
                    }
                ]
            },
            "description": {
                "urls": []
            }
        },
        "protected": false,
        "followers_count": 121,
        "friends_count": 132,
        "listed_count": 6,
        "created_at": "Tue Jan 03 17:53:09 +0000 2012",
        "favourites_count": 5,
        "utc_offset": null,
        "time_zone": null,
        "geo_enabled": false,
        "verified": false,
        "statuses_count": 874,
        "lang": "en",
        "contributors_enabled": false,
        "is_translator": false,
        "is_translation_enabled": false,
        "profile_background_color": "C0DEED",
        "profile_background_image_url": "http://abs.twimg.com/images/themes/theme1/bg.png",
        "profile_background_image_url_https": "https://abs.twimg.com/images/themes/theme1/bg.png",
        "profile_background_tile": false,
        "profile_image_url": "http://pbs.twimg.com/profile_images/1103116545914396672/M954hOoN_normal.png",
        "profile_image_url_https": "https://pbs.twimg.com/profile_images/1103116545914396672/M954hOoN_normal.png",
        "profile_link_color": "999955",
        "profile_sidebar_border_color": "FFFFFF",
        "profile_sidebar_fill_color": "DDEEF6",
        "profile_text_color": "333333",
        "profile_use_background_image": true,
        "has_extended_profile": false,
        "default_profile": false,
        "default_profile_image": false,
        "following": null,
        "follow_request_sent": null,
        "notifications": null,
        "translator_type": "none"
    },
    "geo": null,
    "coordinates": null,
    "place": null,
    "contributors": null,
    "is_quote_status": false,
    "retweet_count": 0,
    "favorite_count": 0,
    "favorited": false,
    "retweeted": false,
    "possibly_sensitive": false,
    "lang": "ko"
}