{
    "created_at": "Tue Apr 16 01:02:19 +0000 2019",
    "id": 1117956352616189952,
    "id_str": "1117956352616189952",
    "text": "RT @Techmeme: Motivate, the bike share startup owned by Lyft, is pulling its electric bikes in NYC, SFO, and Washington DC after reports of\u2026",
    "truncated": false,
    "entities": {
        "hashtags": [],
        "symbols": [],
        "user_mentions": [
            {
                "screen_name": "Techmeme",
                "name": "Techmeme",
                "id": 817386,
                "id_str": "817386",
                "indices": [
                    3,
                    12
                ]
            }
        ],
        "urls": []
    },
    "metadata": {
        "iso_language_code": "en",
        "result_type": "recent"
    },
    "source": "<a href=\"http://twitter.com/download/android\" rel=\"nofollow\">Twitter for Android</a>",
    "in_reply_to_status_id": null,
    "in_reply_to_status_id_str": null,
    "in_reply_to_user_id": null,
    "in_reply_to_user_id_str": null,
    "in_reply_to_screen_name": null,
    "user": {
        "id": 18961853,
        "id_str": "18961853",
        "name": "Hongik Kim",
        "screen_name": "nottora2",
        "location": "Seoul, Korea",
        "description": "\uc548\uc804\uac00\uc625\uc758 \uc9d1\uc0ac\uc7a5. \uc804\uc9c1IT\uc7c1\uc774\ub77c IT\ub274\uc2a4 \uac81\ub098 \ub9ac\ud2b8\uc717\ud568. rick@safehouse.kr",
        "url": "https://t.co/bp6gTKBopz",
        "entities": {
            "url": {
                "urls": [
                    {
                        "url": "https://t.co/bp6gTKBopz",
                        "expanded_url": "http://sttora2.net",
                        "display_url": "sttora2.net",
                        "indices": [
                            0,
                            23
                        ]
                    }
                ]
            },
            "description": {
                "urls": []
            }
        },
        "protected": false,
        "followers_count": 1038,
        "friends_count": 306,
        "listed_count": 252,
        "created_at": "Wed Jan 14 01:17:32 +0000 2009",
        "favourites_count": 258,
        "utc_offset": null,
        "time_zone": null,
        "geo_enabled": true,
        "verified": false,
        "statuses_count": 58090,
        "lang": "ko",
        "contributors_enabled": false,
        "is_translator": false,
        "is_translation_enabled": false,
        "profile_background_color": "1A1B1F",
        "profile_background_image_url": "http://abs.twimg.com/images/themes/theme9/bg.gif",
        "profile_background_image_url_https": "https://abs.twimg.com/images/themes/theme9/bg.gif",
        "profile_background_tile": false,
        "profile_image_url": "http://pbs.twimg.com/profile_images/950742419862990848/rdzkHU-n_normal.jpg",
        "profile_image_url_https": "https://pbs.twimg.com/profile_images/950742419862990848/rdzkHU-n_normal.jpg",
        "profile_link_color": "2FC2EF",
        "profile_sidebar_border_color": "181A1E",
        "profile_sidebar_fill_color": "252429",
        "profile_text_color": "666666",
        "profile_use_background_image": true,
        "has_extended_profile": false,
        "default_profile": false,
        "default_profile_image": false,
        "following": null,
        "follow_request_sent": null,
        "notifications": null,
        "translator_type": "none"
    },
    "geo": null,
    "coordinates": null,
    "place": null,
    "contributors": null,
    "retweeted_status": {
        "created_at": "Mon Apr 15 14:40:51 +0000 2019",
        "id": 1117799953814962177,
        "id_str": "1117799953814962177",
        "text": "Motivate, the bike share startup owned by Lyft, is pulling its electric bikes in NYC, SFO, and Washington DC after\u2026 https://t.co/MC3eEiRxqx",
        "truncated": true,
        "entities": {
            "hashtags": [],
            "symbols": [],
            "user_mentions": [],
            "urls": [
                {
                    "url": "https://t.co/MC3eEiRxqx",
                    "expanded_url": "https://twitter.com/i/web/status/1117799953814962177",
                    "display_url": "twitter.com/i/web/status/1\u2026",
                    "indices": [
                        116,
                        139
                    ]
                }
            ]
        },
        "metadata": {
            "iso_language_code": "en",
            "result_type": "recent"
        },
        "source": "<a href=\"http://techmeme.com/about\" rel=\"nofollow\">Techmeme Editors</a>",
        "in_reply_to_status_id": null,
        "in_reply_to_status_id_str": null,
        "in_reply_to_user_id": null,
        "in_reply_to_user_id_str": null,
        "in_reply_to_screen_name": null,
        "user": {
            "id": 817386,
            "id_str": "817386",
            "name": "Techmeme",
            "screen_name": "Techmeme",
            "location": "United States",
            "description": "The essential tech news of the moment. Technology's news site of record. Not for dummies.",
            "url": "http://t.co/5vSb1cxdmu",
            "entities": {
                "url": {
                    "urls": [
                        {
                            "url": "http://t.co/5vSb1cxdmu",
                            "expanded_url": "http://techmeme.com/",
                            "display_url": "techmeme.com",
                            "indices": [
                                0,
                                22
                            ]
                        }
                    ]
                },
                "description": {
                    "urls": []
                }
            },
            "protected": false,
            "followers_count": 387595,
            "friends_count": 915,
            "listed_count": 14918,
            "created_at": "Wed Mar 07 07:10:46 +0000 2007",
            "favourites_count": 39078,
            "utc_offset": null,
            "time_zone": null,
            "geo_enabled": false,
            "verified": true,
            "statuses_count": 128346,
            "lang": "en",
            "contributors_enabled": false,
            "is_translator": false,
            "is_translation_enabled": false,
            "profile_background_color": "F4F4F4",
            "profile_background_image_url": "http://abs.twimg.com/images/themes/theme1/bg.png",
            "profile_background_image_url_https": "https://abs.twimg.com/images/themes/theme1/bg.png",
            "profile_background_tile": false,
            "profile_image_url": "http://pbs.twimg.com/profile_images/733540118212939777/84cCe9ze_normal.jpg",
            "profile_image_url_https": "https://pbs.twimg.com/profile_images/733540118212939777/84cCe9ze_normal.jpg",
            "profile_banner_url": "https://pbs.twimg.com/profile_banners/817386/1378485491",
            "profile_link_color": "1530B0",
            "profile_sidebar_border_color": "FFFFFF",
            "profile_sidebar_fill_color": "D7E7EE",
            "profile_text_color": "000000",
            "profile_use_background_image": false,
            "has_extended_profile": false,
            "default_profile": false,
            "default_profile_image": false,
            "following": null,
            "follow_request_sent": null,
            "notifications": null,
            "translator_type": "none"
        },
        "geo": null,
        "coordinates": null,
        "place": null,
        "contributors": null,
        "is_quote_status": false,
        "retweet_count": 1,
        "favorite_count": 8,
        "favorited": false,
        "retweeted": false,
        "possibly_sensitive": false,
        "lang": "en"
    },
    "is_quote_status": false,
    "retweet_count": 1,
    "favorite_count": 0,
    "favorited": false,
    "retweeted": false,
    "possibly_sensitive": false,
    "lang": "en"
}