{
    "created_at": "Tue Apr 16 02:47:23 +0000 2019",
    "id": 1117982791969443840,
    "id_str": "1117982791969443840",
    "text": "Beginning in May, Lyft customers in New York City will be able to use Citi Bikes through the ridesharing app. Users\u2026 https://t.co/KD8hvwxOBZ",
    "truncated": true,
    "entities": {
        "hashtags": [],
        "symbols": [],
        "user_mentions": [],
        "urls": [
            {
                "url": "https://t.co/KD8hvwxOBZ",
                "expanded_url": "https://twitter.com/i/web/status/1117982791969443840",
                "display_url": "twitter.com/i/web/status/1\u2026",
                "indices": [
                    117,
                    140
                ]
            }
        ]
    },
    "metadata": {
        "iso_language_code": "en",
        "result_type": "recent"
    },
    "source": "<a href=\"http://www.facebook.com/twitter\" rel=\"nofollow\">Facebook</a>",
    "in_reply_to_status_id": null,
    "in_reply_to_status_id_str": null,
    "in_reply_to_user_id": null,
    "in_reply_to_user_id_str": null,
    "in_reply_to_screen_name": null,
    "user": {
        "id": 13886562,
        "id_str": "13886562",
        "name": "Jason Caston",
        "screen_name": "jasoncaston",
        "location": "Dallas, TX",
        "description": "Author of @ichurchmethod, Founder of @castondigital & @composioco, International Tech speaker, teacher and spokesperson for @att #InspiredMobility",
        "url": "https://t.co/TGt3BKHuDk",
        "entities": {
            "url": {
                "urls": [
                    {
                        "url": "https://t.co/TGt3BKHuDk",
                        "expanded_url": "http://www.jasoncaston.com",
                        "display_url": "jasoncaston.com",
                        "indices": [
                            0,
                            23
                        ]
                    }
                ]
            },
            "description": {
                "urls": []
            }
        },
        "protected": false,
        "followers_count": 3837,
        "friends_count": 2213,
        "listed_count": 332,
        "created_at": "Sun Feb 24 01:51:19 +0000 2008",
        "favourites_count": 10285,
        "utc_offset": null,
        "time_zone": null,
        "geo_enabled": true,
        "verified": false,
        "statuses_count": 59657,
        "lang": "en",
        "contributors_enabled": false,
        "is_translator": false,
        "is_translation_enabled": false,
        "profile_background_color": "9AE4E8",
        "profile_background_image_url": "http://abs.twimg.com/images/themes/theme1/bg.png",
        "profile_background_image_url_https": "https://abs.twimg.com/images/themes/theme1/bg.png",
        "profile_background_tile": true,
        "profile_image_url": "http://pbs.twimg.com/profile_images/1011975279785345027/ny6eyv8c_normal.jpg",
        "profile_image_url_https": "https://pbs.twimg.com/profile_images/1011975279785345027/ny6eyv8c_normal.jpg",
        "profile_banner_url": "https://pbs.twimg.com/profile_banners/13886562/1498578452",
        "profile_link_color": "FF691F",
        "profile_sidebar_border_color": "FFFFFF",
        "profile_sidebar_fill_color": "D5F7FF",
        "profile_text_color": "000000",
        "profile_use_background_image": true,
        "has_extended_profile": true,
        "default_profile": false,
        "default_profile_image": false,
        "following": null,
        "follow_request_sent": null,
        "notifications": null,
        "translator_type": "none"
    },
    "geo": null,
    "coordinates": null,
    "place": null,
    "contributors": null,
    "is_quote_status": false,
    "retweet_count": 0,
    "favorite_count": 0,
    "favorited": false,
    "retweeted": false,
    "possibly_sensitive": false,
    "lang": "en"
}