{
    "created_at": "Mon Apr 15 18:00:17 +0000 2019",
    "id": 1117850142533722113,
    "id_str": "1117850142533722113",
    "text": "RT @greenfieldjohn: Kudos to @StreetsblogNYC for getting the scoop on the @CitiBikeNYC electric fleet being recalled due to minor braking i\u2026",
    "truncated": false,
    "entities": {
        "hashtags": [],
        "symbols": [],
        "user_mentions": [
            {
                "screen_name": "greenfieldjohn",
                "name": "John Greenfield",
                "id": 212013455,
                "id_str": "212013455",
                "indices": [
                    3,
                    18
                ]
            },
            {
                "screen_name": "StreetsblogNYC",
                "name": "Streetsblog New York",
                "id": 128750686,
                "id_str": "128750686",
                "indices": [
                    29,
                    44
                ]
            },
            {
                "screen_name": "CitiBikeNYC",
                "name": "Citi Bike",
                "id": 366631688,
                "id_str": "366631688",
                "indices": [
                    74,
                    86
                ]
            }
        ],
        "urls": []
    },
    "metadata": {
        "iso_language_code": "en",
        "result_type": "recent"
    },
    "source": "<a href=\"http://twitter.com/download/android\" rel=\"nofollow\">Twitter for Android</a>",
    "in_reply_to_status_id": null,
    "in_reply_to_status_id_str": null,
    "in_reply_to_user_id": null,
    "in_reply_to_user_id_str": null,
    "in_reply_to_screen_name": null,
    "user": {
        "id": 742294694,
        "id_str": "742294694",
        "name": "Kevin Tyler Bautista",
        "screen_name": "ktbautista1",
        "location": "Chicago, IL",
        "description": "Find your own way through life. My way? Embrace diplomacy, be free-spirited, pursue knowledge, travel often, drive (}), & discover yourself.",
        "url": "https://t.co/TLZhWlgYTn",
        "entities": {
            "url": {
                "urls": [
                    {
                        "url": "https://t.co/TLZhWlgYTn",
                        "expanded_url": "https://www.linkedin.com/in/ktbautista1",
                        "display_url": "linkedin.com/in/ktbautista1",
                        "indices": [
                            0,
                            23
                        ]
                    }
                ]
            },
            "description": {
                "urls": []
            }
        },
        "protected": false,
        "followers_count": 259,
        "friends_count": 533,
        "listed_count": 18,
        "created_at": "Tue Aug 07 06:22:42 +0000 2012",
        "favourites_count": 18604,
        "utc_offset": null,
        "time_zone": null,
        "geo_enabled": true,
        "verified": false,
        "statuses_count": 18960,
        "lang": "en",
        "contributors_enabled": false,
        "is_translator": false,
        "is_translation_enabled": false,
        "profile_background_color": "131516",
        "profile_background_image_url": "http://abs.twimg.com/images/themes/theme14/bg.gif",
        "profile_background_image_url_https": "https://abs.twimg.com/images/themes/theme14/bg.gif",
        "profile_background_tile": true,
        "profile_image_url": "http://pbs.twimg.com/profile_images/1083772965869768706/qahzucne_normal.jpg",
        "profile_image_url_https": "https://pbs.twimg.com/profile_images/1083772965869768706/qahzucne_normal.jpg",
        "profile_banner_url": "https://pbs.twimg.com/profile_banners/742294694/1445058418",
        "profile_link_color": "616161",
        "profile_sidebar_border_color": "FFFFFF",
        "profile_sidebar_fill_color": "EFEFEF",
        "profile_text_color": "333333",
        "profile_use_background_image": true,
        "has_extended_profile": true,
        "default_profile": false,
        "default_profile_image": false,
        "following": null,
        "follow_request_sent": null,
        "notifications": null,
        "translator_type": "none"
    },
    "geo": null,
    "coordinates": null,
    "place": null,
    "contributors": null,
    "retweeted_status": {
        "created_at": "Mon Apr 15 17:07:48 +0000 2019",
        "id": 1117836935320489986,
        "id_str": "1117836935320489986",
        "text": "Kudos to @StreetsblogNYC for getting the scoop on the @CitiBikeNYC electric fleet being recalled due to minor braki\u2026 https://t.co/tajUfNX8TV",
        "truncated": true,
        "entities": {
            "hashtags": [],
            "symbols": [],
            "user_mentions": [
                {
                    "screen_name": "StreetsblogNYC",
                    "name": "Streetsblog New York",
                    "id": 128750686,
                    "id_str": "128750686",
                    "indices": [
                        9,
                        24
                    ]
                },
                {
                    "screen_name": "CitiBikeNYC",
                    "name": "Citi Bike",
                    "id": 366631688,
                    "id_str": "366631688",
                    "indices": [
                        54,
                        66
                    ]
                }
            ],
            "urls": [
                {
                    "url": "https://t.co/tajUfNX8TV",
                    "expanded_url": "https://twitter.com/i/web/status/1117836935320489986",
                    "display_url": "twitter.com/i/web/status/1\u2026",
                    "indices": [
                        117,
                        140
                    ]
                }
            ]
        },
        "metadata": {
            "iso_language_code": "en",
            "result_type": "recent"
        },
        "source": "<a href=\"http://twitter.com\" rel=\"nofollow\">Twitter Web Client</a>",
        "in_reply_to_status_id": null,
        "in_reply_to_status_id_str": null,
        "in_reply_to_user_id": null,
        "in_reply_to_user_id_str": null,
        "in_reply_to_screen_name": null,
        "user": {
            "id": 212013455,
            "id_str": "212013455",
            "name": "John Greenfield",
            "screen_name": "greenfieldjohn",
            "location": "Chicago, Illinois, USA",
            "description": "@streetsblogchi editor, @Chicago_Reader columnist.  Maps: https://t.co/E6xhbl0YqV https://t.co/JVzORitQlZ  jgreenfield@streetsblog.org",
            "url": "http://t.co/xrge211XBC",
            "entities": {
                "url": {
                    "urls": [
                        {
                            "url": "http://t.co/xrge211XBC",
                            "expanded_url": "http://Chi.Streetsblog.org",
                            "display_url": "Chi.Streetsblog.org",
                            "indices": [
                                0,
                                22
                            ]
                        }
                    ]
                },
                "description": {
                    "urls": [
                        {
                            "url": "https://t.co/E6xhbl0YqV",
                            "expanded_url": "https://Tinyurl.com/MellowChicago",
                            "display_url": "Tinyurl.com/MellowChicago",
                            "indices": [
                                58,
                                81
                            ]
                        },
                        {
                            "url": "https://t.co/JVzORitQlZ",
                            "expanded_url": "https://Tinyurl.com/ChicagoTaco",
                            "display_url": "Tinyurl.com/ChicagoTaco",
                            "indices": [
                                82,
                                105
                            ]
                        }
                    ]
                }
            },
            "protected": false,
            "followers_count": 3576,
            "friends_count": 930,
            "listed_count": 157,
            "created_at": "Thu Nov 04 22:15:33 +0000 2010",
            "favourites_count": 3760,
            "utc_offset": null,
            "time_zone": null,
            "geo_enabled": false,
            "verified": false,
            "statuses_count": 9617,
            "lang": "en",
            "contributors_enabled": false,
            "is_translator": false,
            "is_translation_enabled": false,
            "profile_background_color": "C0DEED",
            "profile_background_image_url": "http://abs.twimg.com/images/themes/theme1/bg.png",
            "profile_background_image_url_https": "https://abs.twimg.com/images/themes/theme1/bg.png",
            "profile_background_tile": false,
            "profile_image_url": "http://pbs.twimg.com/profile_images/544582367893929985/kMVw7rKH_normal.jpeg",
            "profile_image_url_https": "https://pbs.twimg.com/profile_images/544582367893929985/kMVw7rKH_normal.jpeg",
            "profile_banner_url": "https://pbs.twimg.com/profile_banners/212013455/1529517194",
            "profile_link_color": "1DA1F2",
            "profile_sidebar_border_color": "C0DEED",
            "profile_sidebar_fill_color": "DDEEF6",
            "profile_text_color": "333333",
            "profile_use_background_image": true,
            "has_extended_profile": false,
            "default_profile": true,
            "default_profile_image": false,
            "following": null,
            "follow_request_sent": null,
            "notifications": null,
            "translator_type": "none"
        },
        "geo": null,
        "coordinates": null,
        "place": null,
        "contributors": null,
        "is_quote_status": false,
        "retweet_count": 1,
        "favorite_count": 1,
        "favorited": false,
        "retweeted": false,
        "possibly_sensitive": false,
        "lang": "en"
    },
    "is_quote_status": false,
    "retweet_count": 1,
    "favorite_count": 0,
    "favorited": false,
    "retweeted": false,
    "lang": "en"
}