{
    "created_at": "Thu Apr 18 02:57:44 +0000 2019",
    "id": 1118710173340700672,
    "id_str": "1118710173340700672",
    "text": "I need to learn how to ride a bike asap because I wanna be cool and ride around town in one of those citi bikes",
    "truncated": false,
    "entities": {
        "hashtags": [],
        "symbols": [],
        "user_mentions": [],
        "urls": []
    },
    "metadata": {
        "iso_language_code": "en",
        "result_type": "recent"
    },
    "source": "<a href=\"http://twitter.com/download/iphone\" rel=\"nofollow\">Twitter for iPhone</a>",
    "in_reply_to_status_id": null,
    "in_reply_to_status_id_str": null,
    "in_reply_to_user_id": null,
    "in_reply_to_user_id_str": null,
    "in_reply_to_screen_name": null,
    "user": {
        "id": 1730103127,
        "id_str": "1730103127",
        "name": "cardiana",
        "screen_name": "dianafentyyy",
        "location": "New York, NY",
        "description": "I\u2019m young leave me alone.",
        "url": null,
        "entities": {
            "description": {
                "urls": []
            }
        },
        "protected": false,
        "followers_count": 639,
        "friends_count": 347,
        "listed_count": 11,
        "created_at": "Wed Sep 04 22:27:56 +0000 2013",
        "favourites_count": 19483,
        "utc_offset": null,
        "time_zone": null,
        "geo_enabled": true,
        "verified": false,
        "statuses_count": 52455,
        "lang": "en",
        "contributors_enabled": false,
        "is_translator": false,
        "is_translation_enabled": false,
        "profile_background_color": "ACDED6",
        "profile_background_image_url": "http://abs.twimg.com/images/themes/theme14/bg.gif",
        "profile_background_image_url_https": "https://abs.twimg.com/images/themes/theme14/bg.gif",
        "profile_background_tile": true,
        "profile_image_url": "http://pbs.twimg.com/profile_images/1104241415645736967/HrgeO8qo_normal.jpg",
        "profile_image_url_https": "https://pbs.twimg.com/profile_images/1104241415645736967/HrgeO8qo_normal.jpg",
        "profile_banner_url": "https://pbs.twimg.com/profile_banners/1730103127/1554019720",
        "profile_link_color": "F5ABB5",
        "profile_sidebar_border_color": "EEEEEE",
        "profile_sidebar_fill_color": "EFEFEF",
        "profile_text_color": "333333",
        "profile_use_background_image": true,
        "has_extended_profile": false,
        "default_profile": false,
        "default_profile_image": false,
        "following": null,
        "follow_request_sent": null,
        "notifications": null,
        "translator_type": "none"
    },
    "geo": null,
    "coordinates": null,
    "place": null,
    "contributors": null,
    "is_quote_status": false,
    "retweet_count": 0,
    "favorite_count": 0,
    "favorited": false,
    "retweeted": false,
    "lang": "en"
}