{
    "created_at": "Tue Apr 16 10:04:14 +0000 2019",
    "id": 1118092728531865601,
    "id_str": "1118092728531865601",
    "text": "Citi Bike\u2019s Electric Bikes Are Fast. But Are They Dangerous? by AZI\u00a0PAYBARAH https://t.co/PdaHNoTTVK https://t.co/jDlvEelHug",
    "truncated": false,
    "entities": {
        "hashtags": [],
        "symbols": [],
        "user_mentions": [],
        "urls": [
            {
                "url": "https://t.co/PdaHNoTTVK",
                "expanded_url": "https://newstrandblog.wordpress.com/2019/04/16/citi-bikes-electric-bikes-are-fast-but-are-they-dangerous-by-azi-paybarah/",
                "display_url": "newstrandblog.wordpress.com/2019/04/16/cit\u2026",
                "indices": [
                    77,
                    100
                ]
            }
        ],
        "media": [
            {
                "id": 1118092727038693376,
                "id_str": "1118092727038693376",
                "indices": [
                    101,
                    124
                ],
                "media_url": "http://pbs.twimg.com/media/D4RDaU0W0AANsqg.jpg",
                "media_url_https": "https://pbs.twimg.com/media/D4RDaU0W0AANsqg.jpg",
                "url": "https://t.co/jDlvEelHug",
                "display_url": "pic.twitter.com/jDlvEelHug",
                "expanded_url": "https://twitter.com/DrSonamsharma/status/1118092728531865601/photo/1",
                "type": "photo",
                "sizes": {
                    "small": {
                        "w": 440,
                        "h": 293,
                        "resize": "fit"
                    },
                    "thumb": {
                        "w": 150,
                        "h": 150,
                        "resize": "crop"
                    },
                    "large": {
                        "w": 440,
                        "h": 293,
                        "resize": "fit"
                    },
                    "medium": {
                        "w": 440,
                        "h": 293,
                        "resize": "fit"
                    }
                }
            }
        ]
    },
    "extended_entities": {
        "media": [
            {
                "id": 1118092727038693376,
                "id_str": "1118092727038693376",
                "indices": [
                    101,
                    124
                ],
                "media_url": "http://pbs.twimg.com/media/D4RDaU0W0AANsqg.jpg",
                "media_url_https": "https://pbs.twimg.com/media/D4RDaU0W0AANsqg.jpg",
                "url": "https://t.co/jDlvEelHug",
                "display_url": "pic.twitter.com/jDlvEelHug",
                "expanded_url": "https://twitter.com/DrSonamsharma/status/1118092728531865601/photo/1",
                "type": "photo",
                "sizes": {
                    "small": {
                        "w": 440,
                        "h": 293,
                        "resize": "fit"
                    },
                    "thumb": {
                        "w": 150,
                        "h": 150,
                        "resize": "crop"
                    },
                    "large": {
                        "w": 440,
                        "h": 293,
                        "resize": "fit"
                    },
                    "medium": {
                        "w": 440,
                        "h": 293,
                        "resize": "fit"
                    }
                }
            }
        ]
    },
    "metadata": {
        "iso_language_code": "en",
        "result_type": "recent"
    },
    "source": "<a href=\"http://publicize.wp.com/\" rel=\"nofollow\">WordPress.com</a>",
    "in_reply_to_status_id": null,
    "in_reply_to_status_id_str": null,
    "in_reply_to_user_id": null,
    "in_reply_to_user_id_str": null,
    "in_reply_to_screen_name": null,
    "user": {
        "id": 836570826807853058,
        "id_str": "836570826807853058",
        "name": "Dr. sonam sharma",
        "screen_name": "DrSonamsharma",
        "location": "\u0928\u0935\u0940 \u092e\u0941\u0902\u092c\u0908, \u092d\u093e\u0930\u0924",
        "description": "Dr. sonam sharma",
        "url": null,
        "entities": {
            "description": {
                "urls": []
            }
        },
        "protected": false,
        "followers_count": 180,
        "friends_count": 105,
        "listed_count": 3,
        "created_at": "Tue Feb 28 13:36:42 +0000 2017",
        "favourites_count": 6,
        "utc_offset": null,
        "time_zone": null,
        "geo_enabled": false,
        "verified": false,
        "statuses_count": 203566,
        "lang": "en-gb",
        "contributors_enabled": false,
        "is_translator": false,
        "is_translation_enabled": false,
        "profile_background_color": "F5F8FA",
        "profile_background_image_url": null,
        "profile_background_image_url_https": null,
        "profile_background_tile": false,
        "profile_image_url": "http://pbs.twimg.com/profile_images/836571451633332224/1sBhJwiH_normal.jpg",
        "profile_image_url_https": "https://pbs.twimg.com/profile_images/836571451633332224/1sBhJwiH_normal.jpg",
        "profile_link_color": "1DA1F2",
        "profile_sidebar_border_color": "C0DEED",
        "profile_sidebar_fill_color": "DDEEF6",
        "profile_text_color": "333333",
        "profile_use_background_image": true,
        "has_extended_profile": true,
        "default_profile": true,
        "default_profile_image": false,
        "following": null,
        "follow_request_sent": null,
        "notifications": null,
        "translator_type": "none"
    },
    "geo": null,
    "coordinates": null,
    "place": null,
    "contributors": null,
    "is_quote_status": false,
    "retweet_count": 0,
    "favorite_count": 0,
    "favorited": false,
    "retweeted": false,
    "possibly_sensitive": false,
    "lang": "en"
}