{
    "created_at": "Wed Apr 17 18:24:34 +0000 2019",
    "id": 1118581032100536328,
    "id_str": "1118581032100536328",
    "text": "@CMReynoso34 says the funding for NYC ferry \"could be targeted in locations or transportation options that are more\u2026 https://t.co/y0l2M7waIl",
    "truncated": true,
    "entities": {
        "hashtags": [],
        "symbols": [],
        "user_mentions": [
            {
                "screen_name": "CMReynoso34",
                "name": "Antonio Reynoso",
                "id": 996083906,
                "id_str": "996083906",
                "indices": [
                    0,
                    12
                ]
            }
        ],
        "urls": [
            {
                "url": "https://t.co/y0l2M7waIl",
                "expanded_url": "https://twitter.com/i/web/status/1118581032100536328",
                "display_url": "twitter.com/i/web/status/1\u2026",
                "indices": [
                    117,
                    140
                ]
            }
        ]
    },
    "metadata": {
        "iso_language_code": "en",
        "result_type": "recent"
    },
    "source": "<a href=\"http://twitter.com\" rel=\"nofollow\">Twitter Web Client</a>",
    "in_reply_to_status_id": 1118580064537464832,
    "in_reply_to_status_id_str": "1118580064537464832",
    "in_reply_to_user_id": 2490877145,
    "in_reply_to_user_id_str": "2490877145",
    "in_reply_to_screen_name": "vinbarone",
    "user": {
        "id": 2490877145,
        "id_str": "2490877145",
        "name": "Vincent Barone",
        "screen_name": "vinbarone",
        "location": "NYC",
        "description": "Transit reporter for @amnewyork. Thinking about our public space and getting around. Staten Island, born and raised. Tips: vin.barone@amny.com / 917-324-8199",
        "url": null,
        "entities": {
            "description": {
                "urls": []
            }
        },
        "protected": false,
        "followers_count": 4753,
        "friends_count": 1528,
        "listed_count": 185,
        "created_at": "Thu Apr 17 23:50:24 +0000 2014",
        "favourites_count": 13542,
        "utc_offset": null,
        "time_zone": null,
        "geo_enabled": true,
        "verified": true,
        "statuses_count": 11195,
        "lang": "en",
        "contributors_enabled": false,
        "is_translator": false,
        "is_translation_enabled": false,
        "profile_background_color": "C0DEED",
        "profile_background_image_url": "http://abs.twimg.com/images/themes/theme1/bg.png",
        "profile_background_image_url_https": "https://abs.twimg.com/images/themes/theme1/bg.png",
        "profile_background_tile": true,
        "profile_image_url": "http://pbs.twimg.com/profile_images/923327114765635585/LSS69FBE_normal.jpg",
        "profile_image_url_https": "https://pbs.twimg.com/profile_images/923327114765635585/LSS69FBE_normal.jpg",
        "profile_banner_url": "https://pbs.twimg.com/profile_banners/2490877145/1469812103",
        "profile_link_color": "4A913C",
        "profile_sidebar_border_color": "C0DEED",
        "profile_sidebar_fill_color": "DDEEF6",
        "profile_text_color": "333333",
        "profile_use_background_image": true,
        "has_extended_profile": false,
        "default_profile": false,
        "default_profile_image": false,
        "following": null,
        "follow_request_sent": null,
        "notifications": null,
        "translator_type": "none"
    },
    "geo": null,
    "coordinates": null,
    "place": null,
    "contributors": null,
    "is_quote_status": false,
    "retweet_count": 0,
    "favorite_count": 5,
    "favorited": false,
    "retweeted": false,
    "lang": "en"
}