{
    "created_at": "Wed Apr 17 04:08:57 +0000 2019",
    "id": 1118365707694161921,
    "id_str": "1118365707694161921",
    "text": "RT @JSadikKhan: 10 years ago they said New York City wasn\u2019t Amsterdam or Copenhagen. Today, New Yorkers have taken Citi Bike for 75 million\u2026",
    "truncated": false,
    "entities": {
        "hashtags": [],
        "symbols": [],
        "user_mentions": [
            {
                "screen_name": "JSadikKhan",
                "name": "Janette Sadik-Khan",
                "id": 102154357,
                "id_str": "102154357",
                "indices": [
                    3,
                    14
                ]
            }
        ],
        "urls": []
    },
    "metadata": {
        "iso_language_code": "en",
        "result_type": "recent"
    },
    "source": "<a href=\"http://twitter.com\" rel=\"nofollow\">Twitter for  iPhone</a>",
    "in_reply_to_status_id": null,
    "in_reply_to_status_id_str": null,
    "in_reply_to_user_id": null,
    "in_reply_to_user_id_str": null,
    "in_reply_to_screen_name": null,
    "user": {
        "id": 14995358,
        "id_str": "14995358",
        "name": "Mahima",
        "screen_name": "mahima",
        "location": "New York, NY",
        "description": "Work @twitter. Usually found drinking tea.",
        "url": null,
        "entities": {
            "description": {
                "urls": []
            }
        },
        "protected": false,
        "followers_count": 547,
        "friends_count": 745,
        "listed_count": 26,
        "created_at": "Tue Jun 03 17:56:56 +0000 2008",
        "favourites_count": 3720,
        "utc_offset": null,
        "time_zone": null,
        "geo_enabled": true,
        "verified": false,
        "statuses_count": 1521,
        "lang": "en",
        "contributors_enabled": false,
        "is_translator": false,
        "is_translation_enabled": false,
        "profile_background_color": "EDB2E4",
        "profile_background_image_url": "http://abs.twimg.com/images/themes/theme10/bg.gif",
        "profile_background_image_url_https": "https://abs.twimg.com/images/themes/theme10/bg.gif",
        "profile_background_tile": true,
        "profile_image_url": "http://pbs.twimg.com/profile_images/378800000712579144/ca8ef3aaba6ec3977b287b208ce1a039_normal.jpeg",
        "profile_image_url_https": "https://pbs.twimg.com/profile_images/378800000712579144/ca8ef3aaba6ec3977b287b208ce1a039_normal.jpeg",
        "profile_banner_url": "https://pbs.twimg.com/profile_banners/14995358/1481310128",
        "profile_link_color": "FF0000",
        "profile_sidebar_border_color": "FFFFFF",
        "profile_sidebar_fill_color": "F2D364",
        "profile_text_color": "428C64",
        "profile_use_background_image": false,
        "has_extended_profile": false,
        "default_profile": false,
        "default_profile_image": false,
        "following": null,
        "follow_request_sent": null,
        "notifications": null,
        "translator_type": "regular"
    },
    "geo": null,
    "coordinates": null,
    "place": null,
    "contributors": null,
    "retweeted_status": {
        "created_at": "Thu Apr 11 20:09:52 +0000 2019",
        "id": 1116433201176698881,
        "id_str": "1116433201176698881",
        "text": "10 years ago they said New York City wasn\u2019t Amsterdam or Copenhagen. Today, New Yorkers have taken Citi Bike for 75\u2026 https://t.co/rK1FBWyrWX",
        "truncated": true,
        "entities": {
            "hashtags": [],
            "symbols": [],
            "user_mentions": [],
            "urls": [
                {
                    "url": "https://t.co/rK1FBWyrWX",
                    "expanded_url": "https://twitter.com/i/web/status/1116433201176698881",
                    "display_url": "twitter.com/i/web/status/1\u2026",
                    "indices": [
                        117,
                        140
                    ]
                }
            ]
        },
        "metadata": {
            "iso_language_code": "en",
            "result_type": "recent"
        },
        "source": "<a href=\"http://twitter.com/download/iphone\" rel=\"nofollow\">Twitter for iPhone</a>",
        "in_reply_to_status_id": null,
        "in_reply_to_status_id_str": null,
        "in_reply_to_user_id": null,
        "in_reply_to_user_id_str": null,
        "in_reply_to_screen_name": null,
        "user": {
            "id": 102154357,
            "id_str": "102154357",
            "name": "Janette Sadik-Khan",
            "screen_name": "JSadikKhan",
            "location": "",
            "description": "Author, Streetfight: Handbook for an Urban Revolution. Principal with @BloombergAssoc and former NYCDOT commissioner #STREETFIGHT",
            "url": "https://t.co/7C3EB93krJ",
            "entities": {
                "url": {
                    "urls": [
                        {
                            "url": "https://t.co/7C3EB93krJ",
                            "expanded_url": "http://jsadikkhan.com",
                            "display_url": "jsadikkhan.com",
                            "indices": [
                                0,
                                23
                            ]
                        }
                    ]
                },
                "description": {
                    "urls": []
                }
            },
            "protected": false,
            "followers_count": 30890,
            "friends_count": 550,
            "listed_count": 816,
            "created_at": "Tue Jan 05 20:19:38 +0000 2010",
            "favourites_count": 11437,
            "utc_offset": null,
            "time_zone": null,
            "geo_enabled": true,
            "verified": false,
            "statuses_count": 928,
            "lang": "en",
            "contributors_enabled": false,
            "is_translator": false,
            "is_translation_enabled": false,
            "profile_background_color": "B2DFDA",
            "profile_background_image_url": "http://abs.twimg.com/images/themes/theme13/bg.gif",
            "profile_background_image_url_https": "https://abs.twimg.com/images/themes/theme13/bg.gif",
            "profile_background_tile": false,
            "profile_image_url": "http://pbs.twimg.com/profile_images/465923844318834688/TO6j6mFZ_normal.jpeg",
            "profile_image_url_https": "https://pbs.twimg.com/profile_images/465923844318834688/TO6j6mFZ_normal.jpeg",
            "profile_banner_url": "https://pbs.twimg.com/profile_banners/102154357/1452010968",
            "profile_link_color": "93A644",
            "profile_sidebar_border_color": "FFFFFF",
            "profile_sidebar_fill_color": "FFFFFF",
            "profile_text_color": "333333",
            "profile_use_background_image": true,
            "has_extended_profile": false,
            "default_profile": false,
            "default_profile_image": false,
            "following": null,
            "follow_request_sent": null,
            "notifications": null,
            "translator_type": "none"
        },
        "geo": null,
        "coordinates": null,
        "place": null,
        "contributors": null,
        "is_quote_status": true,
        "quoted_status_id": 1115283813104537600,
        "quoted_status_id_str": "1115283813104537600",
        "quoted_status": {
            "created_at": "Mon Apr 08 16:02:36 +0000 2019",
            "id": 1115283813104537600,
            "id_str": "1115283813104537600",
            "text": "NEWS: Citi Bike riders have officially taken 75 MILLION rides in NYC! \ud83c\udf89 \n\nThank you to our incredible community for\u2026 https://t.co/Wj8dRevek4",
            "truncated": true,
            "entities": {
                "hashtags": [],
                "symbols": [],
                "user_mentions": [],
                "urls": [
                    {
                        "url": "https://t.co/Wj8dRevek4",
                        "expanded_url": "https://twitter.com/i/web/status/1115283813104537600",
                        "display_url": "twitter.com/i/web/status/1\u2026",
                        "indices": [
                            117,
                            140
                        ]
                    }
                ]
            },
            "metadata": {
                "iso_language_code": "en",
                "result_type": "recent"
            },
            "source": "<a href=\"http://twitter.com\" rel=\"nofollow\">Twitter Web Client</a>",
            "in_reply_to_status_id": null,
            "in_reply_to_status_id_str": null,
            "in_reply_to_user_id": null,
            "in_reply_to_user_id_str": null,
            "in_reply_to_screen_name": null,
            "user": {
                "id": 366631688,
                "id_str": "366631688",
                "name": "Citi Bike",
                "screen_name": "CitiBikeNYC",
                "location": "New York, NY",
                "description": "NYC's bike share program! For customer service inquiries please visit https://t.co/IKHx4FjcjC or email customerservice@citibikenyc.com",
                "url": "https://t.co/ncNUgCPx64",
                "entities": {
                    "url": {
                        "urls": [
                            {
                                "url": "https://t.co/ncNUgCPx64",
                                "expanded_url": "https://www.citibikenyc.com/",
                                "display_url": "citibikenyc.com",
                                "indices": [
                                    0,
                                    23
                                ]
                            }
                        ]
                    },
                    "description": {
                        "urls": [
                            {
                                "url": "https://t.co/IKHx4FjcjC",
                                "expanded_url": "http://citibikenyc.com/help",
                                "display_url": "citibikenyc.com/help",
                                "indices": [
                                    70,
                                    93
                                ]
                            }
                        ]
                    }
                },
                "protected": false,
                "followers_count": 32243,
                "friends_count": 2998,
                "listed_count": 852,
                "created_at": "Fri Sep 02 14:43:45 +0000 2011",
                "favourites_count": 9481,
                "utc_offset": null,
                "time_zone": null,
                "geo_enabled": true,
                "verified": true,
                "statuses_count": 14597,
                "lang": "en",
                "contributors_enabled": false,
                "is_translator": false,
                "is_translation_enabled": false,
                "profile_background_color": "C0DEED",
                "profile_background_image_url": "http://abs.twimg.com/images/themes/theme1/bg.png",
                "profile_background_image_url_https": "https://abs.twimg.com/images/themes/theme1/bg.png",
                "profile_background_tile": true,
                "profile_image_url": "http://pbs.twimg.com/profile_images/1011984288214990848/epSLWYWg_normal.jpg",
                "profile_image_url_https": "https://pbs.twimg.com/profile_images/1011984288214990848/epSLWYWg_normal.jpg",
                "profile_banner_url": "https://pbs.twimg.com/profile_banners/366631688/1534217518",
                "profile_link_color": "009EDC",
                "profile_sidebar_border_color": "C0DEED",
                "profile_sidebar_fill_color": "DDEEF6",
                "profile_text_color": "333333",
                "profile_use_background_image": false,
                "has_extended_profile": false,
                "default_profile": false,
                "default_profile_image": false,
                "following": null,
                "follow_request_sent": null,
                "notifications": null,
                "translator_type": "none"
            },
            "geo": null,
            "coordinates": null,
            "place": null,
            "contributors": null,
            "is_quote_status": false,
            "retweet_count": 59,
            "favorite_count": 218,
            "favorited": false,
            "retweeted": false,
            "possibly_sensitive": false,
            "lang": "en"
        },
        "retweet_count": 446,
        "favorite_count": 1903,
        "favorited": false,
        "retweeted": false,
        "possibly_sensitive": false,
        "lang": "en"
    },
    "is_quote_status": true,
    "quoted_status_id": 1115283813104537600,
    "quoted_status_id_str": "1115283813104537600",
    "retweet_count": 446,
    "favorite_count": 0,
    "favorited": false,
    "retweeted": false,
    "lang": "en"
}