{
    "created_at": "Wed Apr 17 13:50:07 +0000 2019",
    "id": 1118511964689510400,
    "id_str": "1118511964689510400",
    "text": "RT @bikenewyork: Great @Lyft is talking about this (Lyft owns major bike sharing companies like Citi Bike &amp; its big ride-hailing service).\u2026",
    "truncated": false,
    "entities": {
        "hashtags": [],
        "symbols": [],
        "user_mentions": [
            {
                "screen_name": "bikenewyork",
                "name": "Bike New York",
                "id": 53473610,
                "id_str": "53473610",
                "indices": [
                    3,
                    15
                ]
            },
            {
                "screen_name": "lyft",
                "name": "Lyft",
                "id": 569569550,
                "id_str": "569569550",
                "indices": [
                    23,
                    28
                ]
            }
        ],
        "urls": []
    },
    "metadata": {
        "iso_language_code": "en",
        "result_type": "recent"
    },
    "source": "<a href=\"http://twitter.com/download/iphone\" rel=\"nofollow\">Twitter for iPhone</a>",
    "in_reply_to_status_id": null,
    "in_reply_to_status_id_str": null,
    "in_reply_to_user_id": null,
    "in_reply_to_user_id_str": null,
    "in_reply_to_screen_name": null,
    "user": {
        "id": 2830718999,
        "id_str": "2830718999",
        "name": "mary",
        "screen_name": "mizmarymac",
        "location": "",
        "description": "Nothing to say",
        "url": null,
        "entities": {
            "description": {
                "urls": []
            }
        },
        "protected": false,
        "followers_count": 86,
        "friends_count": 233,
        "listed_count": 1,
        "created_at": "Tue Oct 14 23:51:31 +0000 2014",
        "favourites_count": 2917,
        "utc_offset": null,
        "time_zone": null,
        "geo_enabled": false,
        "verified": false,
        "statuses_count": 1577,
        "lang": "en",
        "contributors_enabled": false,
        "is_translator": false,
        "is_translation_enabled": false,
        "profile_background_color": "000000",
        "profile_background_image_url": "http://abs.twimg.com/images/themes/theme1/bg.png",
        "profile_background_image_url_https": "https://abs.twimg.com/images/themes/theme1/bg.png",
        "profile_background_tile": false,
        "profile_image_url": "http://pbs.twimg.com/profile_images/1034146496525021185/_Cb8P4v6_normal.jpg",
        "profile_image_url_https": "https://pbs.twimg.com/profile_images/1034146496525021185/_Cb8P4v6_normal.jpg",
        "profile_banner_url": "https://pbs.twimg.com/profile_banners/2830718999/1435460929",
        "profile_link_color": "9266CC",
        "profile_sidebar_border_color": "000000",
        "profile_sidebar_fill_color": "000000",
        "profile_text_color": "000000",
        "profile_use_background_image": false,
        "has_extended_profile": false,
        "default_profile": false,
        "default_profile_image": false,
        "following": null,
        "follow_request_sent": null,
        "notifications": null,
        "translator_type": "none"
    },
    "geo": null,
    "coordinates": null,
    "place": null,
    "contributors": null,
    "retweeted_status": {
        "created_at": "Wed Apr 17 13:05:46 +0000 2019",
        "id": 1118500801943670785,
        "id_str": "1118500801943670785",
        "text": "Great @Lyft is talking about this (Lyft owns major bike sharing companies like Citi Bike &amp; its big ride-hailing ser\u2026 https://t.co/rX5VSiFa8b",
        "truncated": true,
        "entities": {
            "hashtags": [],
            "symbols": [],
            "user_mentions": [
                {
                    "screen_name": "lyft",
                    "name": "Lyft",
                    "id": 569569550,
                    "id_str": "569569550",
                    "indices": [
                        6,
                        11
                    ]
                }
            ],
            "urls": [
                {
                    "url": "https://t.co/rX5VSiFa8b",
                    "expanded_url": "https://twitter.com/i/web/status/1118500801943670785",
                    "display_url": "twitter.com/i/web/status/1\u2026",
                    "indices": [
                        121,
                        144
                    ]
                }
            ]
        },
        "metadata": {
            "iso_language_code": "en",
            "result_type": "recent"
        },
        "source": "<a href=\"http://twitter.com/#!/download/ipad\" rel=\"nofollow\">Twitter for iPad</a>",
        "in_reply_to_status_id": null,
        "in_reply_to_status_id_str": null,
        "in_reply_to_user_id": null,
        "in_reply_to_user_id_str": null,
        "in_reply_to_screen_name": null,
        "user": {
            "id": 53473610,
            "id_str": "53473610",
            "name": "Bike New York",
            "screen_name": "bikenewyork",
            "location": "New York, NY",
            "description": "We produce the country's largest bike ride, the TD Five Boro Bike Tour, to support the largest bike education program of its kind in the world #TDFBBT",
            "url": "http://t.co/mnO0cdceRW",
            "entities": {
                "url": {
                    "urls": [
                        {
                            "url": "http://t.co/mnO0cdceRW",
                            "expanded_url": "http://www.bike.nyc",
                            "display_url": "bike.nyc",
                            "indices": [
                                0,
                                22
                            ]
                        }
                    ]
                },
                "description": {
                    "urls": []
                }
            },
            "protected": false,
            "followers_count": 15961,
            "friends_count": 4281,
            "listed_count": 430,
            "created_at": "Fri Jul 03 19:23:17 +0000 2009",
            "favourites_count": 3489,
            "utc_offset": null,
            "time_zone": null,
            "geo_enabled": true,
            "verified": true,
            "statuses_count": 5947,
            "lang": "en",
            "contributors_enabled": false,
            "is_translator": false,
            "is_translation_enabled": false,
            "profile_background_color": "059BFF",
            "profile_background_image_url": "http://abs.twimg.com/images/themes/theme1/bg.png",
            "profile_background_image_url_https": "https://abs.twimg.com/images/themes/theme1/bg.png",
            "profile_background_tile": true,
            "profile_image_url": "http://pbs.twimg.com/profile_images/879415590414422016/EaepJZGj_normal.jpg",
            "profile_image_url_https": "https://pbs.twimg.com/profile_images/879415590414422016/EaepJZGj_normal.jpg",
            "profile_banner_url": "https://pbs.twimg.com/profile_banners/53473610/1421168131",
            "profile_link_color": "0079C1",
            "profile_sidebar_border_color": "000000",
            "profile_sidebar_fill_color": "F2EAEA",
            "profile_text_color": "333333",
            "profile_use_background_image": true,
            "has_extended_profile": false,
            "default_profile": false,
            "default_profile_image": false,
            "following": null,
            "follow_request_sent": null,
            "notifications": null,
            "translator_type": "none"
        },
        "geo": null,
        "coordinates": null,
        "place": null,
        "contributors": null,
        "is_quote_status": false,
        "retweet_count": 4,
        "favorite_count": 12,
        "favorited": false,
        "retweeted": false,
        "possibly_sensitive": false,
        "lang": "en"
    },
    "is_quote_status": false,
    "retweet_count": 4,
    "favorite_count": 0,
    "favorited": false,
    "retweeted": false,
    "possibly_sensitive": false,
    "lang": "en"
}