{
    "created_at": "Thu Apr 18 10:57:55 +0000 2019",
    "id": 1118831014632206337,
    "id_str": "1118831014632206337",
    "text": "https://t.co/upuWHJkORa",
    "truncated": false,
    "entities": {
        "hashtags": [],
        "symbols": [],
        "user_mentions": [],
        "urls": [
            {
                "url": "https://t.co/upuWHJkORa",
                "expanded_url": "https://www.crainsnewyork.com/transportation/lyft-will-add-citi-bike-its-app",
                "display_url": "crainsnewyork.com/transportation\u2026",
                "indices": [
                    0,
                    23
                ]
            }
        ]
    },
    "metadata": {
        "iso_language_code": "und",
        "result_type": "recent"
    },
    "source": "<a href=\"http://twitter.com\" rel=\"nofollow\">Twitter Web Client</a>",
    "in_reply_to_status_id": null,
    "in_reply_to_status_id_str": null,
    "in_reply_to_user_id": null,
    "in_reply_to_user_id_str": null,
    "in_reply_to_screen_name": null,
    "user": {
        "id": 2888406522,
        "id_str": "2888406522",
        "name": "NYC TAXI NEWS",
        "screen_name": "nyctaxinews",
        "location": "",
        "description": "NYC Taxi News shares related information to help the taxi industry. We are nonprofit and thank those who contribute to help us. Visit https://t.co/UTZVRP0I5w",
        "url": "https://t.co/UTZVRP0I5w",
        "entities": {
            "url": {
                "urls": [
                    {
                        "url": "https://t.co/UTZVRP0I5w",
                        "expanded_url": "http://www.nyctaxinews.com",
                        "display_url": "nyctaxinews.com",
                        "indices": [
                            0,
                            23
                        ]
                    }
                ]
            },
            "description": {
                "urls": [
                    {
                        "url": "https://t.co/UTZVRP0I5w",
                        "expanded_url": "http://www.nyctaxinews.com",
                        "display_url": "nyctaxinews.com",
                        "indices": [
                            134,
                            157
                        ]
                    }
                ]
            }
        },
        "protected": false,
        "followers_count": 710,
        "friends_count": 1163,
        "listed_count": 8,
        "created_at": "Mon Nov 03 11:11:37 +0000 2014",
        "favourites_count": 20,
        "utc_offset": null,
        "time_zone": null,
        "geo_enabled": false,
        "verified": false,
        "statuses_count": 5842,
        "lang": "en",
        "contributors_enabled": false,
        "is_translator": false,
        "is_translation_enabled": false,
        "profile_background_color": "C0DEED",
        "profile_background_image_url": "http://abs.twimg.com/images/themes/theme1/bg.png",
        "profile_background_image_url_https": "https://abs.twimg.com/images/themes/theme1/bg.png",
        "profile_background_tile": false,
        "profile_image_url": "http://pbs.twimg.com/profile_images/1084831564201107458/p9QNwdNa_normal.jpg",
        "profile_image_url_https": "https://pbs.twimg.com/profile_images/1084831564201107458/p9QNwdNa_normal.jpg",
        "profile_banner_url": "https://pbs.twimg.com/profile_banners/2888406522/1546627460",
        "profile_link_color": "1DA1F2",
        "profile_sidebar_border_color": "C0DEED",
        "profile_sidebar_fill_color": "DDEEF6",
        "profile_text_color": "333333",
        "profile_use_background_image": true,
        "has_extended_profile": false,
        "default_profile": true,
        "default_profile_image": false,
        "following": null,
        "follow_request_sent": null,
        "notifications": null,
        "translator_type": "none"
    },
    "geo": null,
    "coordinates": null,
    "place": null,
    "contributors": null,
    "is_quote_status": false,
    "retweet_count": 0,
    "favorite_count": 0,
    "favorited": false,
    "retweeted": false,
    "possibly_sensitive": false,
    "lang": "und"
}