{
    "created_at": "Tue Apr 16 10:10:07 +0000 2019",
    "id": 1118094211776176128,
    "id_str": "1118094211776176128",
    "text": "Citi Bike\u2019s Electric Bikes Are Fast. But Are They Dangerous? by AZI PAYBARAH https://t.co/dCzE4Rl7nJ",
    "truncated": false,
    "entities": {
        "hashtags": [],
        "symbols": [],
        "user_mentions": [],
        "urls": [],
        "media": [
            {
                "id": 1118094210836697089,
                "id_str": "1118094210836697089",
                "indices": [
                    77,
                    100
                ],
                "media_url": "http://pbs.twimg.com/media/D4REwsZXkAEBWK8.jpg",
                "media_url_https": "https://pbs.twimg.com/media/D4REwsZXkAEBWK8.jpg",
                "url": "https://t.co/dCzE4Rl7nJ",
                "display_url": "pic.twitter.com/dCzE4Rl7nJ",
                "expanded_url": "https://twitter.com/jbwebhost/status/1118094211776176128/photo/1",
                "type": "photo",
                "sizes": {
                    "small": {
                        "w": 440,
                        "h": 293,
                        "resize": "fit"
                    },
                    "thumb": {
                        "w": 150,
                        "h": 150,
                        "resize": "crop"
                    },
                    "large": {
                        "w": 440,
                        "h": 293,
                        "resize": "fit"
                    },
                    "medium": {
                        "w": 440,
                        "h": 293,
                        "resize": "fit"
                    }
                }
            }
        ]
    },
    "extended_entities": {
        "media": [
            {
                "id": 1118094210836697089,
                "id_str": "1118094210836697089",
                "indices": [
                    77,
                    100
                ],
                "media_url": "http://pbs.twimg.com/media/D4REwsZXkAEBWK8.jpg",
                "media_url_https": "https://pbs.twimg.com/media/D4REwsZXkAEBWK8.jpg",
                "url": "https://t.co/dCzE4Rl7nJ",
                "display_url": "pic.twitter.com/dCzE4Rl7nJ",
                "expanded_url": "https://twitter.com/jbwebhost/status/1118094211776176128/photo/1",
                "type": "photo",
                "sizes": {
                    "small": {
                        "w": 440,
                        "h": 293,
                        "resize": "fit"
                    },
                    "thumb": {
                        "w": 150,
                        "h": 150,
                        "resize": "crop"
                    },
                    "large": {
                        "w": 440,
                        "h": 293,
                        "resize": "fit"
                    },
                    "medium": {
                        "w": 440,
                        "h": 293,
                        "resize": "fit"
                    }
                }
            }
        ]
    },
    "metadata": {
        "iso_language_code": "en",
        "result_type": "recent"
    },
    "source": "<a href=\"https://ifttt.com\" rel=\"nofollow\">IFTTT</a>",
    "in_reply_to_status_id": null,
    "in_reply_to_status_id_str": null,
    "in_reply_to_user_id": null,
    "in_reply_to_user_id_str": null,
    "in_reply_to_screen_name": null,
    "user": {
        "id": 300710811,
        "id_str": "300710811",
        "name": "Freesarkariresult.com",
        "screen_name": "jbwebhost",
        "location": "India",
        "description": "Free Sarkari Result",
        "url": "https://t.co/IEdFzOxmYY",
        "entities": {
            "url": {
                "urls": [
                    {
                        "url": "https://t.co/IEdFzOxmYY",
                        "expanded_url": "http://www.freesarkariresult.com",
                        "display_url": "freesarkariresult.com",
                        "indices": [
                            0,
                            23
                        ]
                    }
                ]
            },
            "description": {
                "urls": []
            }
        },
        "protected": false,
        "followers_count": 286,
        "friends_count": 795,
        "listed_count": 2,
        "created_at": "Wed May 18 07:05:59 +0000 2011",
        "favourites_count": 21,
        "utc_offset": null,
        "time_zone": null,
        "geo_enabled": true,
        "verified": false,
        "statuses_count": 96632,
        "lang": "en",
        "contributors_enabled": false,
        "is_translator": false,
        "is_translation_enabled": false,
        "profile_background_color": "000000",
        "profile_background_image_url": "http://abs.twimg.com/images/themes/theme1/bg.png",
        "profile_background_image_url_https": "https://abs.twimg.com/images/themes/theme1/bg.png",
        "profile_background_tile": false,
        "profile_image_url": "http://pbs.twimg.com/profile_images/1011439032507641856/BW7vQBc3_normal.jpg",
        "profile_image_url_https": "https://pbs.twimg.com/profile_images/1011439032507641856/BW7vQBc3_normal.jpg",
        "profile_banner_url": "https://pbs.twimg.com/profile_banners/300710811/1529980832",
        "profile_link_color": "1B95E0",
        "profile_sidebar_border_color": "000000",
        "profile_sidebar_fill_color": "000000",
        "profile_text_color": "000000",
        "profile_use_background_image": false,
        "has_extended_profile": true,
        "default_profile": false,
        "default_profile_image": false,
        "following": null,
        "follow_request_sent": null,
        "notifications": null,
        "translator_type": "none"
    },
    "geo": null,
    "coordinates": null,
    "place": null,
    "contributors": null,
    "is_quote_status": false,
    "retweet_count": 0,
    "favorite_count": 0,
    "favorited": false,
    "retweeted": false,
    "possibly_sensitive": false,
    "lang": "en"
}