{
    "created_at": "Tue Apr 16 11:25:35 +0000 2019",
    "id": 1118113202909450240,
    "id_str": "1118113202909450240",
    "text": "Citi Bike\u2019s Electric Bikes Are Fast. But Are They Dangerous?\nhttps://t.co/VePdg4lK05\n\nBy AZI PAYBARAH from NYT New\u2026 https://t.co/2cE0imMc72",
    "truncated": true,
    "entities": {
        "hashtags": [],
        "symbols": [],
        "user_mentions": [],
        "urls": [
            {
                "url": "https://t.co/VePdg4lK05",
                "expanded_url": "http://bit.ly/2v7vYR5",
                "display_url": "bit.ly/2v7vYR5",
                "indices": [
                    61,
                    84
                ]
            },
            {
                "url": "https://t.co/2cE0imMc72",
                "expanded_url": "https://twitter.com/i/web/status/1118113202909450240",
                "display_url": "twitter.com/i/web/status/1\u2026",
                "indices": [
                    116,
                    139
                ]
            }
        ]
    },
    "metadata": {
        "iso_language_code": "en",
        "result_type": "recent"
    },
    "source": "<a href=\"https://ifttt.com\" rel=\"nofollow\">IFTTT</a>",
    "in_reply_to_status_id": null,
    "in_reply_to_status_id_str": null,
    "in_reply_to_user_id": null,
    "in_reply_to_user_id_str": null,
    "in_reply_to_screen_name": null,
    "user": {
        "id": 932123145665781760,
        "id_str": "932123145665781760",
        "name": "Mohammad Aadil Shaikh",
        "screen_name": "CreativeArtsOfL",
        "location": "",
        "description": "",
        "url": null,
        "entities": {
            "description": {
                "urls": []
            }
        },
        "protected": false,
        "followers_count": 10,
        "friends_count": 0,
        "listed_count": 0,
        "created_at": "Sun Nov 19 05:47:30 +0000 2017",
        "favourites_count": 0,
        "utc_offset": null,
        "time_zone": null,
        "geo_enabled": false,
        "verified": false,
        "statuses_count": 6670,
        "lang": "en",
        "contributors_enabled": false,
        "is_translator": false,
        "is_translation_enabled": false,
        "profile_background_color": "F5F8FA",
        "profile_background_image_url": null,
        "profile_background_image_url_https": null,
        "profile_background_tile": false,
        "profile_image_url": "http://pbs.twimg.com/profile_images/1026538834497089536/TyqKVmEB_normal.jpg",
        "profile_image_url_https": "https://pbs.twimg.com/profile_images/1026538834497089536/TyqKVmEB_normal.jpg",
        "profile_banner_url": "https://pbs.twimg.com/profile_banners/932123145665781760/1533580988",
        "profile_link_color": "1DA1F2",
        "profile_sidebar_border_color": "C0DEED",
        "profile_sidebar_fill_color": "DDEEF6",
        "profile_text_color": "333333",
        "profile_use_background_image": true,
        "has_extended_profile": false,
        "default_profile": true,
        "default_profile_image": false,
        "following": null,
        "follow_request_sent": null,
        "notifications": null,
        "translator_type": "none"
    },
    "geo": null,
    "coordinates": null,
    "place": null,
    "contributors": null,
    "is_quote_status": false,
    "retweet_count": 0,
    "favorite_count": 0,
    "favorited": false,
    "retweeted": false,
    "possibly_sensitive": false,
    "lang": "en"
}