{
    "created_at": "Tue Apr 16 10:05:35 +0000 2019",
    "id": 1118093070602526720,
    "id_str": "1118093070602526720",
    "text": "Citi Bike\u2019s Electric Bikes Are Fast. But Are They Dangerous? by AZI\u00a0PAYBARAH https://t.co/xeg5do03At https://t.co/ojw6q5NfDw",
    "truncated": false,
    "entities": {
        "hashtags": [],
        "symbols": [],
        "user_mentions": [],
        "urls": [
            {
                "url": "https://t.co/xeg5do03At",
                "expanded_url": "https://dailyworldnewsonline.wordpress.com/2019/04/16/citi-bikes-electric-bikes-are-fast-but-are-they-dangerous-by-azi-paybarah/",
                "display_url": "dailyworldnewsonline.wordpress.com/2019/04/16/cit\u2026",
                "indices": [
                    77,
                    100
                ]
            }
        ],
        "media": [
            {
                "id": 1118093069285457920,
                "id_str": "1118093069285457920",
                "indices": [
                    101,
                    124
                ],
                "media_url": "http://pbs.twimg.com/media/D4RDuPyWAAAnX90.jpg",
                "media_url_https": "https://pbs.twimg.com/media/D4RDuPyWAAAnX90.jpg",
                "url": "https://t.co/ojw6q5NfDw",
                "display_url": "pic.twitter.com/ojw6q5NfDw",
                "expanded_url": "https://twitter.com/Vivianj55555/status/1118093070602526720/photo/1",
                "type": "photo",
                "sizes": {
                    "small": {
                        "w": 440,
                        "h": 293,
                        "resize": "fit"
                    },
                    "thumb": {
                        "w": 150,
                        "h": 150,
                        "resize": "crop"
                    },
                    "large": {
                        "w": 440,
                        "h": 293,
                        "resize": "fit"
                    },
                    "medium": {
                        "w": 440,
                        "h": 293,
                        "resize": "fit"
                    }
                }
            }
        ]
    },
    "extended_entities": {
        "media": [
            {
                "id": 1118093069285457920,
                "id_str": "1118093069285457920",
                "indices": [
                    101,
                    124
                ],
                "media_url": "http://pbs.twimg.com/media/D4RDuPyWAAAnX90.jpg",
                "media_url_https": "https://pbs.twimg.com/media/D4RDuPyWAAAnX90.jpg",
                "url": "https://t.co/ojw6q5NfDw",
                "display_url": "pic.twitter.com/ojw6q5NfDw",
                "expanded_url": "https://twitter.com/Vivianj55555/status/1118093070602526720/photo/1",
                "type": "photo",
                "sizes": {
                    "small": {
                        "w": 440,
                        "h": 293,
                        "resize": "fit"
                    },
                    "thumb": {
                        "w": 150,
                        "h": 150,
                        "resize": "crop"
                    },
                    "large": {
                        "w": 440,
                        "h": 293,
                        "resize": "fit"
                    },
                    "medium": {
                        "w": 440,
                        "h": 293,
                        "resize": "fit"
                    }
                }
            }
        ]
    },
    "metadata": {
        "iso_language_code": "en",
        "result_type": "recent"
    },
    "source": "<a href=\"http://publicize.wp.com/\" rel=\"nofollow\">WordPress.com</a>",
    "in_reply_to_status_id": null,
    "in_reply_to_status_id_str": null,
    "in_reply_to_user_id": null,
    "in_reply_to_user_id_str": null,
    "in_reply_to_screen_name": null,
    "user": {
        "id": 2347018983,
        "id_str": "2347018983",
        "name": "Vivian john",
        "screen_name": "Vivianj55555",
        "location": "",
        "description": "#Followback,#Folloback #Follme\n#Followforfollow\n#f4f #like",
        "url": null,
        "entities": {
            "description": {
                "urls": []
            }
        },
        "protected": false,
        "followers_count": 868,
        "friends_count": 757,
        "listed_count": 4,
        "created_at": "Sun Feb 16 15:43:43 +0000 2014",
        "favourites_count": 769,
        "utc_offset": null,
        "time_zone": null,
        "geo_enabled": true,
        "verified": false,
        "statuses_count": 82457,
        "lang": "en",
        "contributors_enabled": false,
        "is_translator": false,
        "is_translation_enabled": false,
        "profile_background_color": "C0DEED",
        "profile_background_image_url": "http://abs.twimg.com/images/themes/theme1/bg.png",
        "profile_background_image_url_https": "https://abs.twimg.com/images/themes/theme1/bg.png",
        "profile_background_tile": false,
        "profile_image_url": "http://pbs.twimg.com/profile_images/935916552955875329/IeaaBpYF_normal.jpg",
        "profile_image_url_https": "https://pbs.twimg.com/profile_images/935916552955875329/IeaaBpYF_normal.jpg",
        "profile_banner_url": "https://pbs.twimg.com/profile_banners/2347018983/1511974988",
        "profile_link_color": "1DA1F2",
        "profile_sidebar_border_color": "C0DEED",
        "profile_sidebar_fill_color": "DDEEF6",
        "profile_text_color": "333333",
        "profile_use_background_image": true,
        "has_extended_profile": false,
        "default_profile": true,
        "default_profile_image": false,
        "following": null,
        "follow_request_sent": null,
        "notifications": null,
        "translator_type": "none"
    },
    "geo": null,
    "coordinates": null,
    "place": null,
    "contributors": null,
    "is_quote_status": false,
    "retweet_count": 0,
    "favorite_count": 0,
    "favorited": false,
    "retweeted": false,
    "possibly_sensitive": true,
    "lang": "en"
}