{
    "created_at": "Tue Apr 16 14:15:45 +0000 2019",
    "id": 1118156023800442880,
    "id_str": "1118156023800442880",
    "text": "@Jersey_Jinx Citi Bike",
    "truncated": false,
    "entities": {
        "hashtags": [],
        "symbols": [],
        "user_mentions": [
            {
                "screen_name": "Jersey_Jinx",
                "name": "brandon / jinx",
                "id": 43941894,
                "id_str": "43941894",
                "indices": [
                    0,
                    12
                ]
            }
        ],
        "urls": []
    },
    "metadata": {
        "iso_language_code": "it",
        "result_type": "recent"
    },
    "source": "<a href=\"http://twitter.com/download/iphone\" rel=\"nofollow\">Twitter for iPhone</a>",
    "in_reply_to_status_id": 1118148761186861056,
    "in_reply_to_status_id_str": "1118148761186861056",
    "in_reply_to_user_id": 43941894,
    "in_reply_to_user_id_str": "43941894",
    "in_reply_to_screen_name": "Jersey_Jinx",
    "user": {
        "id": 200704075,
        "id_str": "200704075",
        "name": "Malik",
        "screen_name": "_MalikJohnson",
        "location": "Manhattan, NY",
        "description": "NBC | 2016 IRTS Fellow | 2018 NABJ Award winner |",
        "url": null,
        "entities": {
            "description": {
                "urls": []
            }
        },
        "protected": false,
        "followers_count": 960,
        "friends_count": 335,
        "listed_count": 7,
        "created_at": "Sun Oct 10 00:59:53 +0000 2010",
        "favourites_count": 23509,
        "utc_offset": null,
        "time_zone": null,
        "geo_enabled": true,
        "verified": false,
        "statuses_count": 19133,
        "lang": "en",
        "contributors_enabled": false,
        "is_translator": false,
        "is_translation_enabled": false,
        "profile_background_color": "0D0800",
        "profile_background_image_url": "http://abs.twimg.com/images/themes/theme1/bg.png",
        "profile_background_image_url_https": "https://abs.twimg.com/images/themes/theme1/bg.png",
        "profile_background_tile": true,
        "profile_image_url": "http://pbs.twimg.com/profile_images/1118551008479797249/qSLa2CBE_normal.jpg",
        "profile_image_url_https": "https://pbs.twimg.com/profile_images/1118551008479797249/qSLa2CBE_normal.jpg",
        "profile_banner_url": "https://pbs.twimg.com/profile_banners/200704075/1519829496",
        "profile_link_color": "1B95E0",
        "profile_sidebar_border_color": "000000",
        "profile_sidebar_fill_color": "DDEEF6",
        "profile_text_color": "333333",
        "profile_use_background_image": false,
        "has_extended_profile": true,
        "default_profile": false,
        "default_profile_image": false,
        "following": null,
        "follow_request_sent": null,
        "notifications": null,
        "translator_type": "none"
    },
    "geo": null,
    "coordinates": null,
    "place": null,
    "contributors": null,
    "is_quote_status": false,
    "retweet_count": 0,
    "favorite_count": 0,
    "favorited": false,
    "retweeted": false,
    "lang": "it"
}