{
    "created_at": "Tue Apr 16 10:52:06 +0000 2019",
    "id": 1118104775717998597,
    "id_str": "1118104775717998597",
    "text": "New York Today: Citi Bike\u2019s Electric Bikes Are Fast. But Are They Dangerous?\nTuesday: Citi Bike removed 1,000 pedal\u2026 https://t.co/bXVcVJCEF7",
    "truncated": true,
    "entities": {
        "hashtags": [],
        "symbols": [],
        "user_mentions": [],
        "urls": [
            {
                "url": "https://t.co/bXVcVJCEF7",
                "expanded_url": "https://twitter.com/i/web/status/1118104775717998597",
                "display_url": "twitter.com/i/web/status/1\u2026",
                "indices": [
                    117,
                    140
                ]
            }
        ]
    },
    "metadata": {
        "iso_language_code": "en",
        "result_type": "recent"
    },
    "source": "<a href=\"https://ifttt.com\" rel=\"nofollow\">IFTTT</a>",
    "in_reply_to_status_id": null,
    "in_reply_to_status_id_str": null,
    "in_reply_to_user_id": null,
    "in_reply_to_user_id_str": null,
    "in_reply_to_screen_name": null,
    "user": {
        "id": 959763818200096768,
        "id_str": "959763818200096768",
        "name": "ASK News",
        "screen_name": "_ASK_News_",
        "location": "North Carolina, USA",
        "description": "We've learned since childhood on how to ask first we should say \u201cplease\u201d then we should say \u201cthank you\u201d, and that is quite simple enough, \u201cplease\u201d and \u201c ..",
        "url": "https://t.co/S17rhncnqt",
        "entities": {
            "url": {
                "urls": [
                    {
                        "url": "https://t.co/S17rhncnqt",
                        "expanded_url": "http://www.morelife4all.com",
                        "display_url": "morelife4all.com",
                        "indices": [
                            0,
                            23
                        ]
                    }
                ]
            },
            "description": {
                "urls": []
            }
        },
        "protected": false,
        "followers_count": 64,
        "friends_count": 148,
        "listed_count": 0,
        "created_at": "Sat Feb 03 12:21:40 +0000 2018",
        "favourites_count": 0,
        "utc_offset": null,
        "time_zone": null,
        "geo_enabled": false,
        "verified": false,
        "statuses_count": 8771,
        "lang": "en",
        "contributors_enabled": false,
        "is_translator": false,
        "is_translation_enabled": false,
        "profile_background_color": "F5F8FA",
        "profile_background_image_url": null,
        "profile_background_image_url_https": null,
        "profile_background_tile": false,
        "profile_image_url": "http://pbs.twimg.com/profile_images/959764757040398336/-_6ozZi2_normal.jpg",
        "profile_image_url_https": "https://pbs.twimg.com/profile_images/959764757040398336/-_6ozZi2_normal.jpg",
        "profile_banner_url": "https://pbs.twimg.com/profile_banners/959763818200096768/1517661061",
        "profile_link_color": "1DA1F2",
        "profile_sidebar_border_color": "C0DEED",
        "profile_sidebar_fill_color": "DDEEF6",
        "profile_text_color": "333333",
        "profile_use_background_image": true,
        "has_extended_profile": false,
        "default_profile": true,
        "default_profile_image": false,
        "following": null,
        "follow_request_sent": null,
        "notifications": null,
        "translator_type": "none"
    },
    "geo": null,
    "coordinates": null,
    "place": null,
    "contributors": null,
    "is_quote_status": false,
    "retweet_count": 0,
    "favorite_count": 0,
    "favorited": false,
    "retweeted": false,
    "possibly_sensitive": false,
    "lang": "en"
}