{
    "created_at": "Tue Apr 16 14:21:03 +0000 2019",
    "id": 1118157357744365568,
    "id_str": "1118157357744365568",
    "text": "Lyft adds New York\u2019s Citi Bikes to its app https://t.co/n4wuFOY77D via @engadget",
    "truncated": false,
    "entities": {
        "hashtags": [],
        "symbols": [],
        "user_mentions": [
            {
                "screen_name": "engadget",
                "name": "Engadget",
                "id": 14372486,
                "id_str": "14372486",
                "indices": [
                    71,
                    80
                ]
            }
        ],
        "urls": [
            {
                "url": "https://t.co/n4wuFOY77D",
                "expanded_url": "https://www.engadget.com/2019/04/15/lyft-citi-bike-new-york-city/",
                "display_url": "engadget.com/2019/04/15/lyf\u2026",
                "indices": [
                    43,
                    66
                ]
            }
        ]
    },
    "metadata": {
        "iso_language_code": "en",
        "result_type": "recent"
    },
    "source": "<a href=\"https://sproutsocial.com\" rel=\"nofollow\">Sprout Social</a>",
    "in_reply_to_status_id": null,
    "in_reply_to_status_id_str": null,
    "in_reply_to_user_id": null,
    "in_reply_to_user_id_str": null,
    "in_reply_to_screen_name": null,
    "user": {
        "id": 3166474547,
        "id_str": "3166474547",
        "name": "my511NY",
        "screen_name": "my511NY",
        "location": "New York State",
        "description": "my511NY is a feed of 511NY - a Traffic & Transit Information service managed by the NYS Dept of Transportation. my511NY is monitored 9am to 5pm, Mon to Fri.",
        "url": "http://t.co/ApgTodoJPR",
        "entities": {
            "url": {
                "urls": [
                    {
                        "url": "http://t.co/ApgTodoJPR",
                        "expanded_url": "http://twitter.511ny.org",
                        "display_url": "twitter.511ny.org",
                        "indices": [
                            0,
                            22
                        ]
                    }
                ]
            },
            "description": {
                "urls": []
            }
        },
        "protected": false,
        "followers_count": 1568,
        "friends_count": 408,
        "listed_count": 48,
        "created_at": "Tue Apr 14 17:42:31 +0000 2015",
        "favourites_count": 28,
        "utc_offset": null,
        "time_zone": null,
        "geo_enabled": false,
        "verified": false,
        "statuses_count": 8102,
        "lang": "en",
        "contributors_enabled": false,
        "is_translator": false,
        "is_translation_enabled": false,
        "profile_background_color": "C0DEED",
        "profile_background_image_url": "http://abs.twimg.com/images/themes/theme1/bg.png",
        "profile_background_image_url_https": "https://abs.twimg.com/images/themes/theme1/bg.png",
        "profile_background_tile": false,
        "profile_image_url": "http://pbs.twimg.com/profile_images/622060352306438144/JBx7Au1k_normal.png",
        "profile_image_url_https": "https://pbs.twimg.com/profile_images/622060352306438144/JBx7Au1k_normal.png",
        "profile_banner_url": "https://pbs.twimg.com/profile_banners/3166474547/1429034307",
        "profile_link_color": "1DA1F2",
        "profile_sidebar_border_color": "C0DEED",
        "profile_sidebar_fill_color": "DDEEF6",
        "profile_text_color": "333333",
        "profile_use_background_image": true,
        "has_extended_profile": false,
        "default_profile": true,
        "default_profile_image": false,
        "following": null,
        "follow_request_sent": null,
        "notifications": null,
        "translator_type": "none"
    },
    "geo": null,
    "coordinates": null,
    "place": null,
    "contributors": null,
    "is_quote_status": false,
    "retweet_count": 0,
    "favorite_count": 0,
    "favorited": false,
    "retweeted": false,
    "possibly_sensitive": false,
    "lang": "en"
}