{
    "created_at": "Tue Apr 16 18:17:52 +0000 2019",
    "id": 1118216954307862528,
    "id_str": "1118216954307862528",
    "text": "Citi Bike Pulls New Electric Bikes Off Streets, Citing Safety Concerns - The New York Times https://t.co/BeuuigivGK",
    "truncated": false,
    "entities": {
        "hashtags": [],
        "symbols": [],
        "user_mentions": [],
        "urls": [
            {
                "url": "https://t.co/BeuuigivGK",
                "expanded_url": "https://www.nytimes.com/2019/04/15/nyregion/citi-bike-electric.html?emc=edit_ur_20190416&nl=new-york-today&nlid=4908639620190416&te=1",
                "display_url": "nytimes.com/2019/04/15/nyr\u2026",
                "indices": [
                    92,
                    115
                ]
            }
        ]
    },
    "metadata": {
        "iso_language_code": "en",
        "result_type": "recent"
    },
    "source": "<a href=\"http://twitter.com\" rel=\"nofollow\">Twitter Web Client</a>",
    "in_reply_to_status_id": null,
    "in_reply_to_status_id_str": null,
    "in_reply_to_user_id": null,
    "in_reply_to_user_id_str": null,
    "in_reply_to_screen_name": null,
    "user": {
        "id": 72059421,
        "id_str": "72059421",
        "name": "BikeATX",
        "screen_name": "BikeATX",
        "location": "Austin, TX",
        "description": "All things two-wheeled & human powered in this beautifully weird city. Bicycle Stylist, Industry Creative & @Ternbicycles Emissary. (Plus Beer, Tacos, & Love)",
        "url": "https://t.co/kERSKj7Waa",
        "entities": {
            "url": {
                "urls": [
                    {
                        "url": "https://t.co/kERSKj7Waa",
                        "expanded_url": "https://www.instagram.com/BikeATX1/",
                        "display_url": "instagram.com/BikeATX1/",
                        "indices": [
                            0,
                            23
                        ]
                    }
                ]
            },
            "description": {
                "urls": []
            }
        },
        "protected": false,
        "followers_count": 2307,
        "friends_count": 3000,
        "listed_count": 128,
        "created_at": "Sun Sep 06 15:42:30 +0000 2009",
        "favourites_count": 9105,
        "utc_offset": null,
        "time_zone": null,
        "geo_enabled": true,
        "verified": false,
        "statuses_count": 4145,
        "lang": "en",
        "contributors_enabled": false,
        "is_translator": false,
        "is_translation_enabled": false,
        "profile_background_color": "1A1B1F",
        "profile_background_image_url": "http://abs.twimg.com/images/themes/theme9/bg.gif",
        "profile_background_image_url_https": "https://abs.twimg.com/images/themes/theme9/bg.gif",
        "profile_background_tile": true,
        "profile_image_url": "http://pbs.twimg.com/profile_images/884799074288807936/HwYC8GFo_normal.jpg",
        "profile_image_url_https": "https://pbs.twimg.com/profile_images/884799074288807936/HwYC8GFo_normal.jpg",
        "profile_banner_url": "https://pbs.twimg.com/profile_banners/72059421/1426800652",
        "profile_link_color": "1A1B1F",
        "profile_sidebar_border_color": "181A1E",
        "profile_sidebar_fill_color": "252429",
        "profile_text_color": "666666",
        "profile_use_background_image": true,
        "has_extended_profile": false,
        "default_profile": false,
        "default_profile_image": false,
        "following": null,
        "follow_request_sent": null,
        "notifications": null,
        "translator_type": "none"
    },
    "geo": null,
    "coordinates": null,
    "place": null,
    "contributors": null,
    "is_quote_status": false,
    "retweet_count": 1,
    "favorite_count": 2,
    "favorited": false,
    "retweeted": false,
    "possibly_sensitive": false,
    "lang": "en"
}