{
    "created_at": "Wed Apr 17 17:10:30 +0000 2019",
    "id": 1118562390532968448,
    "id_str": "1118562390532968448",
    "text": "\"The report confirms what Citi Bike officials have long said:  e-bikes tend to be borrowed many more times per day\u2026 https://t.co/GM2WyO7ySn",
    "truncated": true,
    "entities": {
        "hashtags": [],
        "symbols": [],
        "user_mentions": [],
        "urls": [
            {
                "url": "https://t.co/GM2WyO7ySn",
                "expanded_url": "https://twitter.com/i/web/status/1118562390532968448",
                "display_url": "twitter.com/i/web/status/1\u2026",
                "indices": [
                    116,
                    139
                ]
            }
        ]
    },
    "metadata": {
        "iso_language_code": "en",
        "result_type": "recent"
    },
    "source": "<a href=\"http://twitter.com\" rel=\"nofollow\">Twitter Web Client</a>",
    "in_reply_to_status_id": 1118561926735368199,
    "in_reply_to_status_id_str": "1118561926735368199",
    "in_reply_to_user_id": 58927648,
    "in_reply_to_user_id_str": "58927648",
    "in_reply_to_screen_name": "TheSocBiz",
    "user": {
        "id": 58927648,
        "id_str": "58927648",
        "name": "Rob Greenland",
        "screen_name": "TheSocBiz",
        "location": "Leeds, UK",
        "description": "Co-director Social Business Brokers CIC. Try to solve social problems. Love my bike, love to run. Happiest outdoors.",
        "url": "https://t.co/DBicSR1gUc",
        "entities": {
            "url": {
                "urls": [
                    {
                        "url": "https://t.co/DBicSR1gUc",
                        "expanded_url": "http://www.thesocialbusiness.co.uk/blog/",
                        "display_url": "thesocialbusiness.co.uk/blog/",
                        "indices": [
                            0,
                            23
                        ]
                    }
                ]
            },
            "description": {
                "urls": []
            }
        },
        "protected": false,
        "followers_count": 6806,
        "friends_count": 3983,
        "listed_count": 365,
        "created_at": "Tue Jul 21 21:28:18 +0000 2009",
        "favourites_count": 15572,
        "utc_offset": null,
        "time_zone": null,
        "geo_enabled": false,
        "verified": false,
        "statuses_count": 79143,
        "lang": "en",
        "contributors_enabled": false,
        "is_translator": false,
        "is_translation_enabled": false,
        "profile_background_color": "C0DEED",
        "profile_background_image_url": "http://abs.twimg.com/images/themes/theme1/bg.png",
        "profile_background_image_url_https": "https://abs.twimg.com/images/themes/theme1/bg.png",
        "profile_background_tile": false,
        "profile_image_url": "http://pbs.twimg.com/profile_images/600247755131527168/50A0MDXv_normal.jpg",
        "profile_image_url_https": "https://pbs.twimg.com/profile_images/600247755131527168/50A0MDXv_normal.jpg",
        "profile_banner_url": "https://pbs.twimg.com/profile_banners/58927648/1552492145",
        "profile_link_color": "1DA1F2",
        "profile_sidebar_border_color": "C0DEED",
        "profile_sidebar_fill_color": "DDEEF6",
        "profile_text_color": "333333",
        "profile_use_background_image": true,
        "has_extended_profile": false,
        "default_profile": true,
        "default_profile_image": false,
        "following": null,
        "follow_request_sent": null,
        "notifications": null,
        "translator_type": "none"
    },
    "geo": null,
    "coordinates": null,
    "place": null,
    "contributors": null,
    "is_quote_status": false,
    "retweet_count": 2,
    "favorite_count": 6,
    "favorited": false,
    "retweeted": false,
    "lang": "en"
}