{
    "created_at": "Tue Apr 16 15:29:28 +0000 2019",
    "id": 1118174576532439040,
    "id_str": "1118174576532439040",
    "text": "New York Today: Citi Bike\u2019s Electric Bikes Are Fast. But Are They Dangerous? - https://t.co/z5RrM5FAbi - \n\nWeather:\u2026 https://t.co/VZ35bcJg1m",
    "truncated": true,
    "entities": {
        "hashtags": [],
        "symbols": [],
        "user_mentions": [],
        "urls": [
            {
                "url": "https://t.co/z5RrM5FAbi",
                "expanded_url": "https://trendingpress.com/new-york-today-citi-bikes-electric-bikes-are-fast-but-are-they-dangerous/",
                "display_url": "trendingpress.com/new-york-today\u2026",
                "indices": [
                    79,
                    102
                ]
            },
            {
                "url": "https://t.co/VZ35bcJg1m",
                "expanded_url": "https://twitter.com/i/web/status/1118174576532439040",
                "display_url": "twitter.com/i/web/status/1\u2026",
                "indices": [
                    117,
                    140
                ]
            }
        ]
    },
    "metadata": {
        "iso_language_code": "en",
        "result_type": "recent"
    },
    "source": "<a href=\"http://trendingpress.com\" rel=\"nofollow\">http://trendingpress.com</a>",
    "in_reply_to_status_id": null,
    "in_reply_to_status_id_str": null,
    "in_reply_to_user_id": null,
    "in_reply_to_user_id_str": null,
    "in_reply_to_screen_name": null,
    "user": {
        "id": 805589900963647488,
        "id_str": "805589900963647488",
        "name": "Trending Press News",
        "screen_name": "trendingpress1",
        "location": "California, USA",
        "description": "Get the latest, trending news hot off the press, blogs and original content offering coverage of US politics, entertainment, world news,",
        "url": null,
        "entities": {
            "description": {
                "urls": []
            }
        },
        "protected": false,
        "followers_count": 142,
        "friends_count": 35,
        "listed_count": 3,
        "created_at": "Mon Dec 05 01:49:34 +0000 2016",
        "favourites_count": 1,
        "utc_offset": null,
        "time_zone": null,
        "geo_enabled": false,
        "verified": false,
        "statuses_count": 150723,
        "lang": "en",
        "contributors_enabled": false,
        "is_translator": false,
        "is_translation_enabled": false,
        "profile_background_color": "F5F8FA",
        "profile_background_image_url": null,
        "profile_background_image_url_https": null,
        "profile_background_tile": false,
        "profile_image_url": "http://pbs.twimg.com/profile_images/805591302733590528/y3s-3jPs_normal.jpg",
        "profile_image_url_https": "https://pbs.twimg.com/profile_images/805591302733590528/y3s-3jPs_normal.jpg",
        "profile_banner_url": "https://pbs.twimg.com/profile_banners/805589900963647488/1480903022",
        "profile_link_color": "1DA1F2",
        "profile_sidebar_border_color": "C0DEED",
        "profile_sidebar_fill_color": "DDEEF6",
        "profile_text_color": "333333",
        "profile_use_background_image": true,
        "has_extended_profile": true,
        "default_profile": true,
        "default_profile_image": false,
        "following": null,
        "follow_request_sent": null,
        "notifications": null,
        "translator_type": "none"
    },
    "geo": null,
    "coordinates": null,
    "place": null,
    "contributors": null,
    "is_quote_status": false,
    "retweet_count": 0,
    "favorite_count": 0,
    "favorited": false,
    "retweeted": false,
    "possibly_sensitive": false,
    "lang": "en"
}