{
    "created_at": "Wed Apr 17 18:08:10 +0000 2019",
    "id": 1118576903428956162,
    "id_str": "1118576903428956162",
    "text": "i suspect when the president fought with me over his real wife and sacurrent flotus joined in at citi bike he still\u2026 https://t.co/w98YfYY7FQ",
    "truncated": true,
    "entities": {
        "hashtags": [],
        "symbols": [],
        "user_mentions": [],
        "urls": [
            {
                "url": "https://t.co/w98YfYY7FQ",
                "expanded_url": "https://twitter.com/i/web/status/1118576903428956162",
                "display_url": "twitter.com/i/web/status/1\u2026",
                "indices": [
                    117,
                    140
                ]
            }
        ]
    },
    "metadata": {
        "iso_language_code": "en",
        "result_type": "recent"
    },
    "source": "<a href=\"http://twitter.com\" rel=\"nofollow\">Twitter Web Client</a>",
    "in_reply_to_status_id": null,
    "in_reply_to_status_id_str": null,
    "in_reply_to_user_id": null,
    "in_reply_to_user_id_str": null,
    "in_reply_to_screen_name": null,
    "user": {
        "id": 888389005376503808,
        "id_str": "888389005376503808",
        "name": "robert t villarreal 11",
        "screen_name": "RobertTVillarr5",
        "location": "Npic Selective Service-Radical",
        "description": "Joined 2010",
        "url": null,
        "entities": {
            "description": {
                "urls": []
            }
        },
        "protected": false,
        "followers_count": 75,
        "friends_count": 550,
        "listed_count": 1,
        "created_at": "Fri Jul 21 13:23:39 +0000 2017",
        "favourites_count": 242,
        "utc_offset": null,
        "time_zone": null,
        "geo_enabled": true,
        "verified": false,
        "statuses_count": 17819,
        "lang": "en",
        "contributors_enabled": false,
        "is_translator": false,
        "is_translation_enabled": false,
        "profile_background_color": "F5F8FA",
        "profile_background_image_url": null,
        "profile_background_image_url_https": null,
        "profile_background_tile": false,
        "profile_image_url": "http://pbs.twimg.com/profile_images/916216533231083521/QNmaMSda_normal.jpg",
        "profile_image_url_https": "https://pbs.twimg.com/profile_images/916216533231083521/QNmaMSda_normal.jpg",
        "profile_link_color": "1DA1F2",
        "profile_sidebar_border_color": "C0DEED",
        "profile_sidebar_fill_color": "DDEEF6",
        "profile_text_color": "333333",
        "profile_use_background_image": true,
        "has_extended_profile": true,
        "default_profile": true,
        "default_profile_image": false,
        "following": null,
        "follow_request_sent": null,
        "notifications": null,
        "translator_type": "none"
    },
    "geo": null,
    "coordinates": null,
    "place": null,
    "contributors": null,
    "is_quote_status": false,
    "retweet_count": 0,
    "favorite_count": 0,
    "favorited": false,
    "retweeted": false,
    "lang": "en"
}