{
    "created_at": "Thu Apr 18 02:54:20 +0000 2019",
    "id": 1118709317845307392,
    "id_str": "1118709317845307392",
    "text": "Whaaat?! \n\n\u201cUber fixed its brake problem, but didn\u2019t tell anyone, risking the lives of riders of its competitors\u2019 b\u2026 https://t.co/t3F0spiEpR",
    "truncated": true,
    "entities": {
        "hashtags": [],
        "symbols": [],
        "user_mentions": [],
        "urls": [
            {
                "url": "https://t.co/t3F0spiEpR",
                "expanded_url": "https://twitter.com/i/web/status/1118709317845307392",
                "display_url": "twitter.com/i/web/status/1\u2026",
                "indices": [
                    117,
                    140
                ]
            }
        ]
    },
    "metadata": {
        "iso_language_code": "en",
        "result_type": "recent"
    },
    "source": "<a href=\"https://mobile.twitter.com\" rel=\"nofollow\">Twitter Web App</a>",
    "in_reply_to_status_id": null,
    "in_reply_to_status_id_str": null,
    "in_reply_to_user_id": null,
    "in_reply_to_user_id_str": null,
    "in_reply_to_screen_name": null,
    "user": {
        "id": 364728452,
        "id_str": "364728452",
        "name": "\ud83c\udd3a\ud83c\udd30\ud83c\udd43\ud83c\udd38\ud83c\udd34",
        "screen_name": "KatieDeolloz",
        "location": "Austin, TX",
        "description": "Person who: Walks\u30fbRides Bikes\u30fbEducates\u30fbAdvocates\u30fbTravels\u30fb@atxwalks\u30fb#RehumanizeMobility",
        "url": null,
        "entities": {
            "description": {
                "urls": []
            }
        },
        "protected": false,
        "followers_count": 587,
        "friends_count": 636,
        "listed_count": 57,
        "created_at": "Tue Aug 30 07:07:12 +0000 2011",
        "favourites_count": 7102,
        "utc_offset": null,
        "time_zone": null,
        "geo_enabled": true,
        "verified": false,
        "statuses_count": 4566,
        "lang": "en",
        "contributors_enabled": false,
        "is_translator": false,
        "is_translation_enabled": false,
        "profile_background_color": "000000",
        "profile_background_image_url": "http://abs.twimg.com/images/themes/theme5/bg.gif",
        "profile_background_image_url_https": "https://abs.twimg.com/images/themes/theme5/bg.gif",
        "profile_background_tile": true,
        "profile_image_url": "http://pbs.twimg.com/profile_images/1107116409480536064/fC27BLmY_normal.jpg",
        "profile_image_url_https": "https://pbs.twimg.com/profile_images/1107116409480536064/fC27BLmY_normal.jpg",
        "profile_banner_url": "https://pbs.twimg.com/profile_banners/364728452/1554788567",
        "profile_link_color": "4A913C",
        "profile_sidebar_border_color": "000000",
        "profile_sidebar_fill_color": "99CC33",
        "profile_text_color": "3E4415",
        "profile_use_background_image": false,
        "has_extended_profile": false,
        "default_profile": false,
        "default_profile_image": false,
        "following": null,
        "follow_request_sent": null,
        "notifications": null,
        "translator_type": "none"
    },
    "geo": null,
    "coordinates": null,
    "place": null,
    "contributors": null,
    "is_quote_status": false,
    "retweet_count": 0,
    "favorite_count": 1,
    "favorited": false,
    "retweeted": false,
    "possibly_sensitive": false,
    "lang": "en"
}