{
    "created_at": "Wed Apr 17 13:04:33 +0000 2019",
    "id": 1118500494341808133,
    "id_str": "1118500494341808133",
    "text": "Can the Citi bike riders learn how to obey traffic laws pls and thx",
    "truncated": false,
    "entities": {
        "hashtags": [],
        "symbols": [],
        "user_mentions": [],
        "urls": []
    },
    "metadata": {
        "iso_language_code": "en",
        "result_type": "recent"
    },
    "source": "<a href=\"http://twitter.com/download/iphone\" rel=\"nofollow\">Twitter for iPhone</a>",
    "in_reply_to_status_id": null,
    "in_reply_to_status_id_str": null,
    "in_reply_to_user_id": null,
    "in_reply_to_user_id_str": null,
    "in_reply_to_screen_name": null,
    "user": {
        "id": 411001771,
        "id_str": "411001771",
        "name": "Megan Foell",
        "screen_name": "megan_foell",
        "location": "",
        "description": "Rutgers University '19",
        "url": null,
        "entities": {
            "description": {
                "urls": []
            }
        },
        "protected": false,
        "followers_count": 401,
        "friends_count": 400,
        "listed_count": 0,
        "created_at": "Sat Nov 12 21:28:26 +0000 2011",
        "favourites_count": 7109,
        "utc_offset": null,
        "time_zone": null,
        "geo_enabled": true,
        "verified": false,
        "statuses_count": 8362,
        "lang": "en",
        "contributors_enabled": false,
        "is_translator": false,
        "is_translation_enabled": false,
        "profile_background_color": "131516",
        "profile_background_image_url": "http://abs.twimg.com/images/themes/theme14/bg.gif",
        "profile_background_image_url_https": "https://abs.twimg.com/images/themes/theme14/bg.gif",
        "profile_background_tile": true,
        "profile_image_url": "http://pbs.twimg.com/profile_images/1084151176424288265/vXIdeqOe_normal.jpg",
        "profile_image_url_https": "https://pbs.twimg.com/profile_images/1084151176424288265/vXIdeqOe_normal.jpg",
        "profile_banner_url": "https://pbs.twimg.com/profile_banners/411001771/1540824766",
        "profile_link_color": "F58EA8",
        "profile_sidebar_border_color": "EEEEEE",
        "profile_sidebar_fill_color": "EFEFEF",
        "profile_text_color": "333333",
        "profile_use_background_image": true,
        "has_extended_profile": true,
        "default_profile": false,
        "default_profile_image": false,
        "following": null,
        "follow_request_sent": null,
        "notifications": null,
        "translator_type": "none"
    },
    "geo": null,
    "coordinates": null,
    "place": null,
    "contributors": null,
    "is_quote_status": false,
    "retweet_count": 0,
    "favorite_count": 0,
    "favorited": false,
    "retweeted": false,
    "lang": "en"
}