{
    "created_at": "Thu Apr 18 01:46:21 +0000 2019",
    "id": 1118692207102291968,
    "id_str": "1118692207102291968",
    "text": "RT @StreetsblogSF: Anatomy of a Debacle: Uber and Shimano Threw Lyft-Owned Citi Bike Under the Bus https://t.co/fg9J7g72eo via @Streetsblog\u2026",
    "truncated": false,
    "entities": {
        "hashtags": [],
        "symbols": [],
        "user_mentions": [
            {
                "screen_name": "StreetsblogSF",
                "name": "Streetsblog SF",
                "id": 30318395,
                "id_str": "30318395",
                "indices": [
                    3,
                    17
                ]
            }
        ],
        "urls": [
            {
                "url": "https://t.co/fg9J7g72eo",
                "expanded_url": "https://nyc.streetsblog.org/2019/04/17/anatomy-of-a-debacle-uber-and-shimano-threw-lyft-owned-citi-bike-under-the-bus/",
                "display_url": "nyc.streetsblog.org/2019/04/17/ana\u2026",
                "indices": [
                    99,
                    122
                ]
            }
        ]
    },
    "metadata": {
        "iso_language_code": "en",
        "result_type": "recent"
    },
    "source": "<a href=\"http://twitter.com/download/iphone\" rel=\"nofollow\">Twitter for iPhone</a>",
    "in_reply_to_status_id": null,
    "in_reply_to_status_id_str": null,
    "in_reply_to_user_id": null,
    "in_reply_to_user_id_str": null,
    "in_reply_to_screen_name": null,
    "user": {
        "id": 994243399,
        "id_str": "994243399",
        "name": "RK",
        "screen_name": "MayUseFullLane",
        "location": "san francisco",
        "description": "\ud83d\udeb2\ud83d\ude83\ud83d\ude8e\ud83d\udeb6\ud83c\udffb\u200d\u2640\ufe0f\ud83c\udfc3\ud83c\udffc\u200d\u2640\ufe0f\ud83c\udfd8\ud83c\udfe2\ud83c\udf0e\ud83e\udd51",
        "url": null,
        "entities": {
            "description": {
                "urls": []
            }
        },
        "protected": false,
        "followers_count": 467,
        "friends_count": 343,
        "listed_count": 6,
        "created_at": "Fri Dec 07 02:43:02 +0000 2012",
        "favourites_count": 8560,
        "utc_offset": null,
        "time_zone": null,
        "geo_enabled": true,
        "verified": false,
        "statuses_count": 3078,
        "lang": "en",
        "contributors_enabled": false,
        "is_translator": false,
        "is_translation_enabled": false,
        "profile_background_color": "BADFCD",
        "profile_background_image_url": "http://abs.twimg.com/images/themes/theme12/bg.gif",
        "profile_background_image_url_https": "https://abs.twimg.com/images/themes/theme12/bg.gif",
        "profile_background_tile": false,
        "profile_image_url": "http://pbs.twimg.com/profile_images/1054831529203916800/IPZfm9c9_normal.jpg",
        "profile_image_url_https": "https://pbs.twimg.com/profile_images/1054831529203916800/IPZfm9c9_normal.jpg",
        "profile_banner_url": "https://pbs.twimg.com/profile_banners/994243399/1418325564",
        "profile_link_color": "FF0000",
        "profile_sidebar_border_color": "F2E195",
        "profile_sidebar_fill_color": "FFF7CC",
        "profile_text_color": "0C3E53",
        "profile_use_background_image": true,
        "has_extended_profile": false,
        "default_profile": false,
        "default_profile_image": false,
        "following": null,
        "follow_request_sent": null,
        "notifications": null,
        "translator_type": "none"
    },
    "geo": null,
    "coordinates": null,
    "place": null,
    "contributors": null,
    "retweeted_status": {
        "created_at": "Wed Apr 17 22:32:04 +0000 2019",
        "id": 1118643314624876545,
        "id_str": "1118643314624876545",
        "text": "Anatomy of a Debacle: Uber and Shimano Threw Lyft-Owned Citi Bike Under the Bus https://t.co/fg9J7g72eo via @StreetsblogNYC",
        "truncated": false,
        "entities": {
            "hashtags": [],
            "symbols": [],
            "user_mentions": [
                {
                    "screen_name": "StreetsblogNYC",
                    "name": "Streetsblog New York",
                    "id": 128750686,
                    "id_str": "128750686",
                    "indices": [
                        108,
                        123
                    ]
                }
            ],
            "urls": [
                {
                    "url": "https://t.co/fg9J7g72eo",
                    "expanded_url": "https://nyc.streetsblog.org/2019/04/17/anatomy-of-a-debacle-uber-and-shimano-threw-lyft-owned-citi-bike-under-the-bus/",
                    "display_url": "nyc.streetsblog.org/2019/04/17/ana\u2026",
                    "indices": [
                        80,
                        103
                    ]
                }
            ]
        },
        "metadata": {
            "iso_language_code": "en",
            "result_type": "recent"
        },
        "source": "<a href=\"http://twitter.com\" rel=\"nofollow\">Twitter Web Client</a>",
        "in_reply_to_status_id": null,
        "in_reply_to_status_id_str": null,
        "in_reply_to_user_id": null,
        "in_reply_to_user_id_str": null,
        "in_reply_to_screen_name": null,
        "user": {
            "id": 30318395,
            "id_str": "30318395",
            "name": "Streetsblog SF",
            "screen_name": "StreetsblogSF",
            "location": "San Francisco, California",
            "description": "Covering livable streets and sustainable transportation in San Francisco and the Bay Area",
            "url": "http://t.co/Jm35Ivd0fD",
            "entities": {
                "url": {
                    "urls": [
                        {
                            "url": "http://t.co/Jm35Ivd0fD",
                            "expanded_url": "http://sf.streetsblog.org",
                            "display_url": "sf.streetsblog.org",
                            "indices": [
                                0,
                                22
                            ]
                        }
                    ]
                },
                "description": {
                    "urls": []
                }
            },
            "protected": false,
            "followers_count": 67348,
            "friends_count": 1548,
            "listed_count": 1364,
            "created_at": "Fri Apr 10 21:32:16 +0000 2009",
            "favourites_count": 33,
            "utc_offset": null,
            "time_zone": null,
            "geo_enabled": false,
            "verified": false,
            "statuses_count": 9577,
            "lang": "en",
            "contributors_enabled": false,
            "is_translator": false,
            "is_translation_enabled": false,
            "profile_background_color": "9AE4E8",
            "profile_background_image_url": "http://abs.twimg.com/images/themes/theme1/bg.png",
            "profile_background_image_url_https": "https://abs.twimg.com/images/themes/theme1/bg.png",
            "profile_background_tile": true,
            "profile_image_url": "http://pbs.twimg.com/profile_images/1566548566/streetsblog-sf-twitter_normal.png",
            "profile_image_url_https": "https://pbs.twimg.com/profile_images/1566548566/streetsblog-sf-twitter_normal.png",
            "profile_banner_url": "https://pbs.twimg.com/profile_banners/30318395/1398399866",
            "profile_link_color": "0084B4",
            "profile_sidebar_border_color": "BDDCAD",
            "profile_sidebar_fill_color": "DDFFCC",
            "profile_text_color": "333333",
            "profile_use_background_image": true,
            "has_extended_profile": false,
            "default_profile": false,
            "default_profile_image": false,
            "following": null,
            "follow_request_sent": null,
            "notifications": null,
            "translator_type": "none"
        },
        "geo": null,
        "coordinates": null,
        "place": null,
        "contributors": null,
        "is_quote_status": false,
        "retweet_count": 1,
        "favorite_count": 2,
        "favorited": false,
        "retweeted": false,
        "possibly_sensitive": false,
        "lang": "en"
    },
    "is_quote_status": false,
    "retweet_count": 1,
    "favorite_count": 0,
    "favorited": false,
    "retweeted": false,
    "possibly_sensitive": false,
    "lang": "en"
}