{
    "created_at": "Tue Apr 16 03:59:16 +0000 2019",
    "id": 1118000883311304706,
    "id_str": "1118000883311304706",
    "text": "RT @vinbarone: I spoke to a Citi Bike rider who said he broke his hip after being thrown from a pedal-assist bike when he lightly touched t\u2026",
    "truncated": false,
    "entities": {
        "hashtags": [],
        "symbols": [],
        "user_mentions": [
            {
                "screen_name": "vinbarone",
                "name": "Vincent Barone",
                "id": 2490877145,
                "id_str": "2490877145",
                "indices": [
                    3,
                    13
                ]
            }
        ],
        "urls": []
    },
    "metadata": {
        "iso_language_code": "en",
        "result_type": "recent"
    },
    "source": "<a href=\"http://twitter.com/download/android\" rel=\"nofollow\">Twitter for Android</a>",
    "in_reply_to_status_id": null,
    "in_reply_to_status_id_str": null,
    "in_reply_to_user_id": null,
    "in_reply_to_user_id_str": null,
    "in_reply_to_screen_name": null,
    "user": {
        "id": 1965578353,
        "id_str": "1965578353",
        "name": "HallandaleBeachBlog",
        "screen_name": "hbbtruth",
        "location": "South Florida, U.S.A. \ud83c\udf34\ud83c\udfd6\ufe0f\ud83c\udf0a\ud83d\udcfa\ud83d\udcfd\ufe0f\ud83c\udfc8",
        "description": "David #CommonSense fm #SoFL re #Politics #PublicPolicy #Sports & #PopCulture in \ud83c\uddfa\ud83c\uddf8\ud83c\uddec\ud83c\udde7\ud83c\uddf8\ud83c\uddea\ud83c\uddeb\ud83c\uddf7 via my life in #Texas #Memphis #Miami #IU #Chicago #DC & #SoFL \ud83c\udf34\ud83c\udfd6\ufe0f\ud83c\udf0a\ud83d\udcfa\ud83d\udcfd\ufe0f\ud83c\udfc8",
        "url": "http://t.co/8bhDesKfoj",
        "entities": {
            "url": {
                "urls": [
                    {
                        "url": "http://t.co/8bhDesKfoj",
                        "expanded_url": "http://hallandalebeachblog.blogspot.com",
                        "display_url": "hallandalebeachblog.blogspot.com",
                        "indices": [
                            0,
                            22
                        ]
                    }
                ]
            },
            "description": {
                "urls": []
            }
        },
        "protected": false,
        "followers_count": 1148,
        "friends_count": 5001,
        "listed_count": 491,
        "created_at": "Wed Oct 16 21:22:44 +0000 2013",
        "favourites_count": 10996,
        "utc_offset": null,
        "time_zone": null,
        "geo_enabled": true,
        "verified": false,
        "statuses_count": 89134,
        "lang": "en",
        "contributors_enabled": false,
        "is_translator": false,
        "is_translation_enabled": false,
        "profile_background_color": "000000",
        "profile_background_image_url": "http://abs.twimg.com/images/themes/theme1/bg.png",
        "profile_background_image_url_https": "https://abs.twimg.com/images/themes/theme1/bg.png",
        "profile_background_tile": false,
        "profile_image_url": "http://pbs.twimg.com/profile_images/482218323153666049/93zhBbfF_normal.jpeg",
        "profile_image_url_https": "https://pbs.twimg.com/profile_images/482218323153666049/93zhBbfF_normal.jpeg",
        "profile_banner_url": "https://pbs.twimg.com/profile_banners/1965578353/1488509759",
        "profile_link_color": "FF691F",
        "profile_sidebar_border_color": "000000",
        "profile_sidebar_fill_color": "000000",
        "profile_text_color": "000000",
        "profile_use_background_image": false,
        "has_extended_profile": false,
        "default_profile": false,
        "default_profile_image": false,
        "following": null,
        "follow_request_sent": null,
        "notifications": null,
        "translator_type": "none"
    },
    "geo": null,
    "coordinates": null,
    "place": null,
    "contributors": null,
    "retweeted_status": {
        "created_at": "Sun Apr 14 20:57:49 +0000 2019",
        "id": 1117532432658501632,
        "id_str": "1117532432658501632",
        "text": "I spoke to a Citi Bike rider who said he broke his hip after being thrown from a pedal-assist bike when he lightly\u2026 https://t.co/xNUHGeguGg",
        "truncated": true,
        "entities": {
            "hashtags": [],
            "symbols": [],
            "user_mentions": [],
            "urls": [
                {
                    "url": "https://t.co/xNUHGeguGg",
                    "expanded_url": "https://twitter.com/i/web/status/1117532432658501632",
                    "display_url": "twitter.com/i/web/status/1\u2026",
                    "indices": [
                        116,
                        139
                    ]
                }
            ]
        },
        "metadata": {
            "iso_language_code": "en",
            "result_type": "recent"
        },
        "source": "<a href=\"http://twitter.com\" rel=\"nofollow\">Twitter Web Client</a>",
        "in_reply_to_status_id": null,
        "in_reply_to_status_id_str": null,
        "in_reply_to_user_id": null,
        "in_reply_to_user_id_str": null,
        "in_reply_to_screen_name": null,
        "user": {
            "id": 2490877145,
            "id_str": "2490877145",
            "name": "Vincent Barone",
            "screen_name": "vinbarone",
            "location": "NYC",
            "description": "Transit reporter for @amnewyork. Thinking about our public space and getting around. Staten Island, born and raised. Tips: vin.barone@amny.com / 917-324-8199",
            "url": null,
            "entities": {
                "description": {
                    "urls": []
                }
            },
            "protected": false,
            "followers_count": 4753,
            "friends_count": 1528,
            "listed_count": 185,
            "created_at": "Thu Apr 17 23:50:24 +0000 2014",
            "favourites_count": 13542,
            "utc_offset": null,
            "time_zone": null,
            "geo_enabled": true,
            "verified": true,
            "statuses_count": 11195,
            "lang": "en",
            "contributors_enabled": false,
            "is_translator": false,
            "is_translation_enabled": false,
            "profile_background_color": "C0DEED",
            "profile_background_image_url": "http://abs.twimg.com/images/themes/theme1/bg.png",
            "profile_background_image_url_https": "https://abs.twimg.com/images/themes/theme1/bg.png",
            "profile_background_tile": true,
            "profile_image_url": "http://pbs.twimg.com/profile_images/923327114765635585/LSS69FBE_normal.jpg",
            "profile_image_url_https": "https://pbs.twimg.com/profile_images/923327114765635585/LSS69FBE_normal.jpg",
            "profile_banner_url": "https://pbs.twimg.com/profile_banners/2490877145/1469812103",
            "profile_link_color": "4A913C",
            "profile_sidebar_border_color": "C0DEED",
            "profile_sidebar_fill_color": "DDEEF6",
            "profile_text_color": "333333",
            "profile_use_background_image": true,
            "has_extended_profile": false,
            "default_profile": false,
            "default_profile_image": false,
            "following": null,
            "follow_request_sent": null,
            "notifications": null,
            "translator_type": "none"
        },
        "geo": null,
        "coordinates": null,
        "place": null,
        "contributors": null,
        "is_quote_status": false,
        "retweet_count": 8,
        "favorite_count": 16,
        "favorited": false,
        "retweeted": false,
        "possibly_sensitive": false,
        "lang": "en"
    },
    "is_quote_status": false,
    "retweet_count": 8,
    "favorite_count": 0,
    "favorited": false,
    "retweeted": false,
    "lang": "en"
}