{
    "created_at": "Wed Apr 17 22:12:53 +0000 2019",
    "id": 1118638490072305665,
    "id_str": "1118638490072305665",
    "text": "Lawmaker wants city to review safety of Citi Bike's electric bikes https://t.co/kFTnFvIuQL https://t.co/eTdoR7Cqu6",
    "truncated": false,
    "entities": {
        "hashtags": [],
        "symbols": [],
        "user_mentions": [],
        "urls": [
            {
                "url": "https://t.co/kFTnFvIuQL",
                "expanded_url": "http://dld.bz/hyGhQ",
                "display_url": "dld.bz/hyGhQ",
                "indices": [
                    67,
                    90
                ]
            }
        ],
        "media": [
            {
                "id": 1118638488251977729,
                "id_str": "1118638488251977729",
                "indices": [
                    91,
                    114
                ],
                "media_url": "http://pbs.twimg.com/media/D4YzxzxW0AEvYsF.jpg",
                "media_url_https": "https://pbs.twimg.com/media/D4YzxzxW0AEvYsF.jpg",
                "url": "https://t.co/eTdoR7Cqu6",
                "display_url": "pic.twitter.com/eTdoR7Cqu6",
                "expanded_url": "https://twitter.com/EagleStarNET/status/1118638490072305665/photo/1",
                "type": "photo",
                "sizes": {
                    "thumb": {
                        "w": 150,
                        "h": 150,
                        "resize": "crop"
                    },
                    "medium": {
                        "w": 1200,
                        "h": 800,
                        "resize": "fit"
                    },
                    "large": {
                        "w": 2000,
                        "h": 1333,
                        "resize": "fit"
                    },
                    "small": {
                        "w": 680,
                        "h": 453,
                        "resize": "fit"
                    }
                }
            }
        ]
    },
    "extended_entities": {
        "media": [
            {
                "id": 1118638488251977729,
                "id_str": "1118638488251977729",
                "indices": [
                    91,
                    114
                ],
                "media_url": "http://pbs.twimg.com/media/D4YzxzxW0AEvYsF.jpg",
                "media_url_https": "https://pbs.twimg.com/media/D4YzxzxW0AEvYsF.jpg",
                "url": "https://t.co/eTdoR7Cqu6",
                "display_url": "pic.twitter.com/eTdoR7Cqu6",
                "expanded_url": "https://twitter.com/EagleStarNET/status/1118638490072305665/photo/1",
                "type": "photo",
                "sizes": {
                    "thumb": {
                        "w": 150,
                        "h": 150,
                        "resize": "crop"
                    },
                    "medium": {
                        "w": 1200,
                        "h": 800,
                        "resize": "fit"
                    },
                    "large": {
                        "w": 2000,
                        "h": 1333,
                        "resize": "fit"
                    },
                    "small": {
                        "w": 680,
                        "h": 453,
                        "resize": "fit"
                    }
                }
            }
        ]
    },
    "metadata": {
        "iso_language_code": "en",
        "result_type": "recent"
    },
    "source": "<a href=\"https://www.socialoomph.com\" rel=\"nofollow\">SocialOomph</a>",
    "in_reply_to_status_id": null,
    "in_reply_to_status_id_str": null,
    "in_reply_to_user_id": null,
    "in_reply_to_user_id_str": null,
    "in_reply_to_screen_name": null,
    "user": {
        "id": 21351506,
        "id_str": "21351506",
        "name": "EagleStar.NET",
        "screen_name": "EagleStarNET",
        "location": "The Great Wide Open",
        "description": "Available properties and buyers, for real estate with opportunities to buy, to sell, to trade, to enjoy.  We make it known.",
        "url": "http://t.co/fYS9l77sdY",
        "entities": {
            "url": {
                "urls": [
                    {
                        "url": "http://t.co/fYS9l77sdY",
                        "expanded_url": "http://www.eaglestar.net",
                        "display_url": "eaglestar.net",
                        "indices": [
                            0,
                            22
                        ]
                    }
                ]
            },
            "description": {
                "urls": []
            }
        },
        "protected": false,
        "followers_count": 112936,
        "friends_count": 10048,
        "listed_count": 510,
        "created_at": "Thu Feb 19 23:19:04 +0000 2009",
        "favourites_count": 99,
        "utc_offset": null,
        "time_zone": null,
        "geo_enabled": false,
        "verified": false,
        "statuses_count": 1017790,
        "lang": "en",
        "contributors_enabled": false,
        "is_translator": false,
        "is_translation_enabled": false,
        "profile_background_color": "1C1C1C",
        "profile_background_image_url": "http://abs.twimg.com/images/themes/theme1/bg.png",
        "profile_background_image_url_https": "https://abs.twimg.com/images/themes/theme1/bg.png",
        "profile_background_tile": false,
        "profile_image_url": "http://pbs.twimg.com/profile_images/1281792618/es_logo_metallic_gold_2_normal.jpg",
        "profile_image_url_https": "https://pbs.twimg.com/profile_images/1281792618/es_logo_metallic_gold_2_normal.jpg",
        "profile_banner_url": "https://pbs.twimg.com/profile_banners/21351506/1400212457",
        "profile_link_color": "283CED",
        "profile_sidebar_border_color": "04094F",
        "profile_sidebar_fill_color": "B0C2D9",
        "profile_text_color": "220869",
        "profile_use_background_image": true,
        "has_extended_profile": false,
        "default_profile": false,
        "default_profile_image": false,
        "following": null,
        "follow_request_sent": null,
        "notifications": null,
        "translator_type": "none"
    },
    "geo": null,
    "coordinates": null,
    "place": null,
    "contributors": null,
    "is_quote_status": false,
    "retweet_count": 0,
    "favorite_count": 0,
    "favorited": false,
    "retweeted": false,
    "possibly_sensitive": false,
    "lang": "en"
}