{
    "created_at": "Tue Apr 16 18:24:51 +0000 2019",
    "id": 1118218712912486400,
    "id_str": "1118218712912486400",
    "text": "Surprisingly safety standards for bicycles are held to a higher standard then cars. Citi Bike Pulls New Electric Bi\u2026 https://t.co/5kI4NiCTVG",
    "truncated": true,
    "entities": {
        "hashtags": [],
        "symbols": [],
        "user_mentions": [],
        "urls": [
            {
                "url": "https://t.co/5kI4NiCTVG",
                "expanded_url": "https://twitter.com/i/web/status/1118218712912486400",
                "display_url": "twitter.com/i/web/status/1\u2026",
                "indices": [
                    117,
                    140
                ]
            }
        ]
    },
    "metadata": {
        "iso_language_code": "en",
        "result_type": "recent"
    },
    "source": "<a href=\"http://twitter.com/download/android\" rel=\"nofollow\">Twitter for Android</a>",
    "in_reply_to_status_id": null,
    "in_reply_to_status_id_str": null,
    "in_reply_to_user_id": null,
    "in_reply_to_user_id_str": null,
    "in_reply_to_screen_name": null,
    "user": {
        "id": 2267701,
        "id_str": "2267701",
        "name": "Coen Wesselman",
        "screen_name": "wsslmn",
        "location": "Amsterdam, The Netherlands",
        "description": "Long term tourist from #Amsterdam. I'm a responsible bicycle owner.",
        "url": "https://t.co/MyESxbGShj",
        "entities": {
            "url": {
                "urls": [
                    {
                        "url": "https://t.co/MyESxbGShj",
                        "expanded_url": "http://wssl.mn",
                        "display_url": "wssl.mn",
                        "indices": [
                            0,
                            23
                        ]
                    }
                ]
            },
            "description": {
                "urls": []
            }
        },
        "protected": false,
        "followers_count": 1451,
        "friends_count": 935,
        "listed_count": 62,
        "created_at": "Mon Mar 26 07:20:56 +0000 2007",
        "favourites_count": 7400,
        "utc_offset": null,
        "time_zone": null,
        "geo_enabled": true,
        "verified": false,
        "statuses_count": 25265,
        "lang": "en",
        "contributors_enabled": false,
        "is_translator": false,
        "is_translation_enabled": false,
        "profile_background_color": "FFFFFF",
        "profile_background_image_url": "http://abs.twimg.com/images/themes/theme1/bg.png",
        "profile_background_image_url_https": "https://abs.twimg.com/images/themes/theme1/bg.png",
        "profile_background_tile": false,
        "profile_image_url": "http://pbs.twimg.com/profile_images/852515107842215936/SO0S1NbW_normal.jpg",
        "profile_image_url_https": "https://pbs.twimg.com/profile_images/852515107842215936/SO0S1NbW_normal.jpg",
        "profile_banner_url": "https://pbs.twimg.com/profile_banners/2267701/1492157984",
        "profile_link_color": "909090",
        "profile_sidebar_border_color": "FFFFFF",
        "profile_sidebar_fill_color": "FFFFFF",
        "profile_text_color": "2C2C2C",
        "profile_use_background_image": false,
        "has_extended_profile": true,
        "default_profile": false,
        "default_profile_image": false,
        "following": null,
        "follow_request_sent": null,
        "notifications": null,
        "translator_type": "regular"
    },
    "geo": null,
    "coordinates": null,
    "place": {
        "id": "99cdab25eddd6bce",
        "url": "https://api.twitter.com/1.1/geo/id/99cdab25eddd6bce.json",
        "place_type": "city",
        "name": "Amsterdam",
        "full_name": "Amsterdam, The Netherlands",
        "country_code": "NL",
        "country": "The Netherlands",
        "contained_within": [],
        "bounding_box": {
            "type": "Polygon",
            "coordinates": [
                [
                    [
                        4.7288999,
                        52.2782266
                    ],
                    [
                        5.0792072,
                        52.2782266
                    ],
                    [
                        5.0792072,
                        52.4312289
                    ],
                    [
                        4.7288999,
                        52.4312289
                    ]
                ]
            ]
        },
        "attributes": {}
    },
    "contributors": null,
    "is_quote_status": false,
    "retweet_count": 0,
    "favorite_count": 0,
    "favorited": false,
    "retweeted": false,
    "possibly_sensitive": false,
    "lang": "en"
}