{
    "created_at": "Tue Apr 16 10:35:31 +0000 2019",
    "id": 1118100603891343360,
    "id_str": "1118100603891343360",
    "text": "Citi Bike\u2019s Electric Bikes Are Fast. But Are They Dangerous? https://t.co/ESXGFjEMaJ",
    "truncated": false,
    "entities": {
        "hashtags": [],
        "symbols": [],
        "user_mentions": [],
        "urls": [],
        "media": [
            {
                "id": 1118100602880430081,
                "id_str": "1118100602880430081",
                "indices": [
                    61,
                    84
                ],
                "media_url": "http://pbs.twimg.com/media/D4RKkwnWkAEOtMQ.jpg",
                "media_url_https": "https://pbs.twimg.com/media/D4RKkwnWkAEOtMQ.jpg",
                "url": "https://t.co/ESXGFjEMaJ",
                "display_url": "pic.twitter.com/ESXGFjEMaJ",
                "expanded_url": "https://twitter.com/Aryasagar9/status/1118100603891343360/photo/1",
                "type": "photo",
                "sizes": {
                    "small": {
                        "w": 440,
                        "h": 293,
                        "resize": "fit"
                    },
                    "thumb": {
                        "w": 150,
                        "h": 150,
                        "resize": "crop"
                    },
                    "large": {
                        "w": 440,
                        "h": 293,
                        "resize": "fit"
                    },
                    "medium": {
                        "w": 440,
                        "h": 293,
                        "resize": "fit"
                    }
                }
            }
        ]
    },
    "extended_entities": {
        "media": [
            {
                "id": 1118100602880430081,
                "id_str": "1118100602880430081",
                "indices": [
                    61,
                    84
                ],
                "media_url": "http://pbs.twimg.com/media/D4RKkwnWkAEOtMQ.jpg",
                "media_url_https": "https://pbs.twimg.com/media/D4RKkwnWkAEOtMQ.jpg",
                "url": "https://t.co/ESXGFjEMaJ",
                "display_url": "pic.twitter.com/ESXGFjEMaJ",
                "expanded_url": "https://twitter.com/Aryasagar9/status/1118100603891343360/photo/1",
                "type": "photo",
                "sizes": {
                    "small": {
                        "w": 440,
                        "h": 293,
                        "resize": "fit"
                    },
                    "thumb": {
                        "w": 150,
                        "h": 150,
                        "resize": "crop"
                    },
                    "large": {
                        "w": 440,
                        "h": 293,
                        "resize": "fit"
                    },
                    "medium": {
                        "w": 440,
                        "h": 293,
                        "resize": "fit"
                    }
                }
            }
        ]
    },
    "metadata": {
        "iso_language_code": "en",
        "result_type": "recent"
    },
    "source": "<a href=\"https://ifttt.com\" rel=\"nofollow\">IFTTT</a>",
    "in_reply_to_status_id": null,
    "in_reply_to_status_id_str": null,
    "in_reply_to_user_id": null,
    "in_reply_to_user_id_str": null,
    "in_reply_to_screen_name": null,
    "user": {
        "id": 906726326408691712,
        "id_str": "906726326408691712",
        "name": "Aryasagar",
        "screen_name": "Aryasagar9",
        "location": "",
        "description": "",
        "url": null,
        "entities": {
            "description": {
                "urls": []
            }
        },
        "protected": false,
        "followers_count": 5,
        "friends_count": 84,
        "listed_count": 0,
        "created_at": "Sun Sep 10 03:49:37 +0000 2017",
        "favourites_count": 0,
        "utc_offset": null,
        "time_zone": null,
        "geo_enabled": false,
        "verified": false,
        "statuses_count": 10921,
        "lang": "en",
        "contributors_enabled": false,
        "is_translator": false,
        "is_translation_enabled": false,
        "profile_background_color": "F5F8FA",
        "profile_background_image_url": null,
        "profile_background_image_url_https": null,
        "profile_background_tile": false,
        "profile_image_url": "http://abs.twimg.com/sticky/default_profile_images/default_profile_normal.png",
        "profile_image_url_https": "https://abs.twimg.com/sticky/default_profile_images/default_profile_normal.png",
        "profile_link_color": "1DA1F2",
        "profile_sidebar_border_color": "C0DEED",
        "profile_sidebar_fill_color": "DDEEF6",
        "profile_text_color": "333333",
        "profile_use_background_image": true,
        "has_extended_profile": false,
        "default_profile": true,
        "default_profile_image": true,
        "following": null,
        "follow_request_sent": null,
        "notifications": null,
        "translator_type": "none"
    },
    "geo": null,
    "coordinates": null,
    "place": null,
    "contributors": null,
    "is_quote_status": false,
    "retweet_count": 0,
    "favorite_count": 0,
    "favorited": false,
    "retweeted": false,
    "possibly_sensitive": false,
    "lang": "en"
}