{
    "created_at": "Tue Apr 16 11:55:01 +0000 2019",
    "id": 1118120610578796544,
    "id_str": "1118120610578796544",
    "text": "@ulif @granfondony How about seven on a Citi bike?",
    "truncated": false,
    "entities": {
        "hashtags": [],
        "symbols": [],
        "user_mentions": [
            {
                "screen_name": "ulif",
                "name": "Uli Fluhme",
                "id": 29003340,
                "id_str": "29003340",
                "indices": [
                    0,
                    5
                ]
            },
            {
                "screen_name": "granfondony",
                "name": "GFNY WorldChamps NYC",
                "id": 129655839,
                "id_str": "129655839",
                "indices": [
                    6,
                    18
                ]
            }
        ],
        "urls": []
    },
    "metadata": {
        "iso_language_code": "en",
        "result_type": "recent"
    },
    "source": "<a href=\"http://twitter.com/download/iphone\" rel=\"nofollow\">Twitter for iPhone</a>",
    "in_reply_to_status_id": 1118112980531580929,
    "in_reply_to_status_id_str": "1118112980531580929",
    "in_reply_to_user_id": 29003340,
    "in_reply_to_user_id_str": "29003340",
    "in_reply_to_screen_name": "ulif",
    "user": {
        "id": 3331830263,
        "id_str": "3331830263",
        "name": "Paul Buijs",
        "screen_name": "PaulBFit",
        "location": "New York, NY",
        "description": "not woke, just Paul. Founder of @fitlistjobs + @findfitevents",
        "url": "https://t.co/jqgLzZEo9L",
        "entities": {
            "url": {
                "urls": [
                    {
                        "url": "https://t.co/jqgLzZEo9L",
                        "expanded_url": "https://fitevents.com",
                        "display_url": "fitevents.com",
                        "indices": [
                            0,
                            23
                        ]
                    }
                ]
            },
            "description": {
                "urls": []
            }
        },
        "protected": false,
        "followers_count": 466,
        "friends_count": 1491,
        "listed_count": 21,
        "created_at": "Wed Jun 17 22:03:44 +0000 2015",
        "favourites_count": 2700,
        "utc_offset": null,
        "time_zone": null,
        "geo_enabled": false,
        "verified": false,
        "statuses_count": 540,
        "lang": "en",
        "contributors_enabled": false,
        "is_translator": false,
        "is_translation_enabled": false,
        "profile_background_color": "C0DEED",
        "profile_background_image_url": "http://abs.twimg.com/images/themes/theme1/bg.png",
        "profile_background_image_url_https": "https://abs.twimg.com/images/themes/theme1/bg.png",
        "profile_background_tile": false,
        "profile_image_url": "http://pbs.twimg.com/profile_images/1079943754646052864/omgIgtwG_normal.jpg",
        "profile_image_url_https": "https://pbs.twimg.com/profile_images/1079943754646052864/omgIgtwG_normal.jpg",
        "profile_banner_url": "https://pbs.twimg.com/profile_banners/3331830263/1464184390",
        "profile_link_color": "1DA1F2",
        "profile_sidebar_border_color": "C0DEED",
        "profile_sidebar_fill_color": "DDEEF6",
        "profile_text_color": "333333",
        "profile_use_background_image": true,
        "has_extended_profile": false,
        "default_profile": true,
        "default_profile_image": false,
        "following": null,
        "follow_request_sent": null,
        "notifications": null,
        "translator_type": "none"
    },
    "geo": null,
    "coordinates": null,
    "place": null,
    "contributors": null,
    "is_quote_status": false,
    "retweet_count": 0,
    "favorite_count": 0,
    "favorited": false,
    "retweeted": false,
    "lang": "en"
}