{
    "created_at": "Tue Apr 16 09:58:15 +0000 2019",
    "id": 1118091224521629697,
    "id_str": "1118091224521629697",
    "text": "Citi Bike\u2019s Electric Bikes Are Fast. But Are They Dangerous? https://t.co/L7wb0jWJFu https://t.co/rGzPrUMmza",
    "truncated": false,
    "entities": {
        "hashtags": [],
        "symbols": [],
        "user_mentions": [],
        "urls": [
            {
                "url": "https://t.co/L7wb0jWJFu",
                "expanded_url": "https://nyti.ms/2XectlN",
                "display_url": "nyti.ms/2XectlN",
                "indices": [
                    61,
                    84
                ]
            }
        ],
        "media": [
            {
                "id": 1118091223615586305,
                "id_str": "1118091223615586305",
                "indices": [
                    85,
                    108
                ],
                "media_url": "http://pbs.twimg.com/media/D4RCC0IWwAEPjyQ.jpg",
                "media_url_https": "https://pbs.twimg.com/media/D4RCC0IWwAEPjyQ.jpg",
                "url": "https://t.co/rGzPrUMmza",
                "display_url": "pic.twitter.com/rGzPrUMmza",
                "expanded_url": "https://twitter.com/FlatsLDS/status/1118091224521629697/photo/1",
                "type": "photo",
                "sizes": {
                    "thumb": {
                        "w": 150,
                        "h": 150,
                        "resize": "crop"
                    },
                    "large": {
                        "w": 1024,
                        "h": 577,
                        "resize": "fit"
                    },
                    "small": {
                        "w": 680,
                        "h": 383,
                        "resize": "fit"
                    },
                    "medium": {
                        "w": 1024,
                        "h": 577,
                        "resize": "fit"
                    }
                }
            }
        ]
    },
    "extended_entities": {
        "media": [
            {
                "id": 1118091223615586305,
                "id_str": "1118091223615586305",
                "indices": [
                    85,
                    108
                ],
                "media_url": "http://pbs.twimg.com/media/D4RCC0IWwAEPjyQ.jpg",
                "media_url_https": "https://pbs.twimg.com/media/D4RCC0IWwAEPjyQ.jpg",
                "url": "https://t.co/rGzPrUMmza",
                "display_url": "pic.twitter.com/rGzPrUMmza",
                "expanded_url": "https://twitter.com/FlatsLDS/status/1118091224521629697/photo/1",
                "type": "photo",
                "sizes": {
                    "thumb": {
                        "w": 150,
                        "h": 150,
                        "resize": "crop"
                    },
                    "large": {
                        "w": 1024,
                        "h": 577,
                        "resize": "fit"
                    },
                    "small": {
                        "w": 680,
                        "h": 383,
                        "resize": "fit"
                    },
                    "medium": {
                        "w": 1024,
                        "h": 577,
                        "resize": "fit"
                    }
                }
            }
        ]
    },
    "metadata": {
        "iso_language_code": "en",
        "result_type": "recent"
    },
    "source": "<a href=\"https://ifttt.com\" rel=\"nofollow\">IFTTT</a>",
    "in_reply_to_status_id": null,
    "in_reply_to_status_id_str": null,
    "in_reply_to_user_id": null,
    "in_reply_to_user_id_str": null,
    "in_reply_to_screen_name": null,
    "user": {
        "id": 306685424,
        "id_str": "306685424",
        "name": "FlatsLDS",
        "screen_name": "FlatsLDS",
        "location": "Leeds",
        "description": "Rate and review flats and apartments in Leeds city centre, submit reviews of the places you've lived and read the reviews before you buy or rent your next flat.",
        "url": "http://t.co/409XAeiRLS",
        "entities": {
            "url": {
                "urls": [
                    {
                        "url": "http://t.co/409XAeiRLS",
                        "expanded_url": "http://www.flatslds.co.uk",
                        "display_url": "flatslds.co.uk",
                        "indices": [
                            0,
                            22
                        ]
                    }
                ]
            },
            "description": {
                "urls": []
            }
        },
        "protected": false,
        "followers_count": 252,
        "friends_count": 307,
        "listed_count": 11,
        "created_at": "Sat May 28 08:47:27 +0000 2011",
        "favourites_count": 0,
        "utc_offset": null,
        "time_zone": null,
        "geo_enabled": false,
        "verified": false,
        "statuses_count": 31497,
        "lang": "en",
        "contributors_enabled": false,
        "is_translator": false,
        "is_translation_enabled": false,
        "profile_background_color": "C0DEED",
        "profile_background_image_url": "http://abs.twimg.com/images/themes/theme1/bg.png",
        "profile_background_image_url_https": "https://abs.twimg.com/images/themes/theme1/bg.png",
        "profile_background_tile": false,
        "profile_image_url": "http://pbs.twimg.com/profile_images/1453066062/twitter_normal.jpg",
        "profile_image_url_https": "https://pbs.twimg.com/profile_images/1453066062/twitter_normal.jpg",
        "profile_banner_url": "https://pbs.twimg.com/profile_banners/306685424/1349551027",
        "profile_link_color": "1DA1F2",
        "profile_sidebar_border_color": "C0DEED",
        "profile_sidebar_fill_color": "DDEEF6",
        "profile_text_color": "333333",
        "profile_use_background_image": true,
        "has_extended_profile": false,
        "default_profile": true,
        "default_profile_image": false,
        "following": null,
        "follow_request_sent": null,
        "notifications": null,
        "translator_type": "none"
    },
    "geo": null,
    "coordinates": null,
    "place": null,
    "contributors": null,
    "is_quote_status": false,
    "retweet_count": 0,
    "favorite_count": 0,
    "favorited": false,
    "retweeted": false,
    "possibly_sensitive": false,
    "lang": "en"
}