{
    "created_at": "Wed Apr 17 02:32:33 +0000 2019",
    "id": 1118341446971432960,
    "id_str": "1118341446971432960",
    "text": "RT @workonline44: #app #bikesharing Lyft adds New York\u2019s Citi Bikes to its app https://t.co/15Q0HqIr1A https://t.co/B7Fj1ERaQy",
    "truncated": false,
    "entities": {
        "hashtags": [
            {
                "text": "app",
                "indices": [
                    18,
                    22
                ]
            },
            {
                "text": "bikesharing",
                "indices": [
                    23,
                    35
                ]
            }
        ],
        "symbols": [],
        "user_mentions": [
            {
                "screen_name": "workonline44",
                "name": "onlinesitestore",
                "id": 759232045679779840,
                "id_str": "759232045679779840",
                "indices": [
                    3,
                    16
                ]
            }
        ],
        "urls": [
            {
                "url": "https://t.co/15Q0HqIr1A",
                "expanded_url": "http://dlvr.it/R2tlgv",
                "display_url": "dlvr.it/R2tlgv",
                "indices": [
                    79,
                    102
                ]
            }
        ],
        "media": [
            {
                "id": 1117978930705604610,
                "id_str": "1117978930705604610",
                "indices": [
                    103,
                    126
                ],
                "media_url": "http://pbs.twimg.com/media/D4Pb6gcUIAIJrS7.jpg",
                "media_url_https": "https://pbs.twimg.com/media/D4Pb6gcUIAIJrS7.jpg",
                "url": "https://t.co/B7Fj1ERaQy",
                "display_url": "pic.twitter.com/B7Fj1ERaQy",
                "expanded_url": "https://twitter.com/workonline44/status/1117978932811141121/photo/1",
                "type": "photo",
                "sizes": {
                    "thumb": {
                        "w": 150,
                        "h": 150,
                        "resize": "crop"
                    },
                    "small": {
                        "w": 680,
                        "h": 357,
                        "resize": "fit"
                    },
                    "medium": {
                        "w": 1200,
                        "h": 630,
                        "resize": "fit"
                    },
                    "large": {
                        "w": 1200,
                        "h": 630,
                        "resize": "fit"
                    }
                },
                "source_status_id": 1117978932811141121,
                "source_status_id_str": "1117978932811141121",
                "source_user_id": 759232045679779840,
                "source_user_id_str": "759232045679779840"
            }
        ]
    },
    "extended_entities": {
        "media": [
            {
                "id": 1117978930705604610,
                "id_str": "1117978930705604610",
                "indices": [
                    103,
                    126
                ],
                "media_url": "http://pbs.twimg.com/media/D4Pb6gcUIAIJrS7.jpg",
                "media_url_https": "https://pbs.twimg.com/media/D4Pb6gcUIAIJrS7.jpg",
                "url": "https://t.co/B7Fj1ERaQy",
                "display_url": "pic.twitter.com/B7Fj1ERaQy",
                "expanded_url": "https://twitter.com/workonline44/status/1117978932811141121/photo/1",
                "type": "photo",
                "sizes": {
                    "thumb": {
                        "w": 150,
                        "h": 150,
                        "resize": "crop"
                    },
                    "small": {
                        "w": 680,
                        "h": 357,
                        "resize": "fit"
                    },
                    "medium": {
                        "w": 1200,
                        "h": 630,
                        "resize": "fit"
                    },
                    "large": {
                        "w": 1200,
                        "h": 630,
                        "resize": "fit"
                    }
                },
                "source_status_id": 1117978932811141121,
                "source_status_id_str": "1117978932811141121",
                "source_user_id": 759232045679779840,
                "source_user_id_str": "759232045679779840"
            }
        ]
    },
    "metadata": {
        "iso_language_code": "en",
        "result_type": "recent"
    },
    "source": "<a href=\"https://dlvrit.com/\" rel=\"nofollow\">dlvr.it</a>",
    "in_reply_to_status_id": null,
    "in_reply_to_status_id_str": null,
    "in_reply_to_user_id": null,
    "in_reply_to_user_id_str": null,
    "in_reply_to_screen_name": null,
    "user": {
        "id": 759232045679779840,
        "id_str": "759232045679779840",
        "name": "onlinesitestore",
        "screen_name": "workonline44",
        "location": "",
        "description": "",
        "url": "https://t.co/yB56bRl5js",
        "entities": {
            "url": {
                "urls": [
                    {
                        "url": "https://t.co/yB56bRl5js",
                        "expanded_url": "https://marketing.onlitesitestore.co.business/wp/",
                        "display_url": "marketing.onlitesitestore.co.business/wp/",
                        "indices": [
                            0,
                            23
                        ]
                    }
                ]
            },
            "description": {
                "urls": []
            }
        },
        "protected": false,
        "followers_count": 36419,
        "friends_count": 1547,
        "listed_count": 17,
        "created_at": "Sat Jul 30 03:40:00 +0000 2016",
        "favourites_count": 60,
        "utc_offset": null,
        "time_zone": null,
        "geo_enabled": true,
        "verified": false,
        "statuses_count": 57265,
        "lang": "en",
        "contributors_enabled": false,
        "is_translator": false,
        "is_translation_enabled": false,
        "profile_background_color": "F5F8FA",
        "profile_background_image_url": null,
        "profile_background_image_url_https": null,
        "profile_background_tile": false,
        "profile_image_url": "http://pbs.twimg.com/profile_images/763097357647052800/qAv7cKGM_normal.jpg",
        "profile_image_url_https": "https://pbs.twimg.com/profile_images/763097357647052800/qAv7cKGM_normal.jpg",
        "profile_banner_url": "https://pbs.twimg.com/profile_banners/759232045679779840/1470771826",
        "profile_link_color": "1DA1F2",
        "profile_sidebar_border_color": "C0DEED",
        "profile_sidebar_fill_color": "DDEEF6",
        "profile_text_color": "333333",
        "profile_use_background_image": true,
        "has_extended_profile": false,
        "default_profile": true,
        "default_profile_image": false,
        "following": null,
        "follow_request_sent": null,
        "notifications": null,
        "translator_type": "none"
    },
    "geo": null,
    "coordinates": null,
    "place": null,
    "contributors": null,
    "retweeted_status": {
        "created_at": "Tue Apr 16 02:32:03 +0000 2019",
        "id": 1117978932811141121,
        "id_str": "1117978932811141121",
        "text": "#app #bikesharing Lyft adds New York\u2019s Citi Bikes to its app https://t.co/15Q0HqIr1A https://t.co/B7Fj1ERaQy",
        "truncated": false,
        "entities": {
            "hashtags": [
                {
                    "text": "app",
                    "indices": [
                        0,
                        4
                    ]
                },
                {
                    "text": "bikesharing",
                    "indices": [
                        5,
                        17
                    ]
                }
            ],
            "symbols": [],
            "user_mentions": [],
            "urls": [
                {
                    "url": "https://t.co/15Q0HqIr1A",
                    "expanded_url": "http://dlvr.it/R2tlgv",
                    "display_url": "dlvr.it/R2tlgv",
                    "indices": [
                        61,
                        84
                    ]
                }
            ],
            "media": [
                {
                    "id": 1117978930705604610,
                    "id_str": "1117978930705604610",
                    "indices": [
                        85,
                        108
                    ],
                    "media_url": "http://pbs.twimg.com/media/D4Pb6gcUIAIJrS7.jpg",
                    "media_url_https": "https://pbs.twimg.com/media/D4Pb6gcUIAIJrS7.jpg",
                    "url": "https://t.co/B7Fj1ERaQy",
                    "display_url": "pic.twitter.com/B7Fj1ERaQy",
                    "expanded_url": "https://twitter.com/workonline44/status/1117978932811141121/photo/1",
                    "type": "photo",
                    "sizes": {
                        "thumb": {
                            "w": 150,
                            "h": 150,
                            "resize": "crop"
                        },
                        "small": {
                            "w": 680,
                            "h": 357,
                            "resize": "fit"
                        },
                        "medium": {
                            "w": 1200,
                            "h": 630,
                            "resize": "fit"
                        },
                        "large": {
                            "w": 1200,
                            "h": 630,
                            "resize": "fit"
                        }
                    }
                }
            ]
        },
        "extended_entities": {
            "media": [
                {
                    "id": 1117978930705604610,
                    "id_str": "1117978930705604610",
                    "indices": [
                        85,
                        108
                    ],
                    "media_url": "http://pbs.twimg.com/media/D4Pb6gcUIAIJrS7.jpg",
                    "media_url_https": "https://pbs.twimg.com/media/D4Pb6gcUIAIJrS7.jpg",
                    "url": "https://t.co/B7Fj1ERaQy",
                    "display_url": "pic.twitter.com/B7Fj1ERaQy",
                    "expanded_url": "https://twitter.com/workonline44/status/1117978932811141121/photo/1",
                    "type": "photo",
                    "sizes": {
                        "thumb": {
                            "w": 150,
                            "h": 150,
                            "resize": "crop"
                        },
                        "small": {
                            "w": 680,
                            "h": 357,
                            "resize": "fit"
                        },
                        "medium": {
                            "w": 1200,
                            "h": 630,
                            "resize": "fit"
                        },
                        "large": {
                            "w": 1200,
                            "h": 630,
                            "resize": "fit"
                        }
                    }
                }
            ]
        },
        "metadata": {
            "iso_language_code": "en",
            "result_type": "recent"
        },
        "source": "<a href=\"https://dlvrit.com/\" rel=\"nofollow\">dlvr.it</a>",
        "in_reply_to_status_id": null,
        "in_reply_to_status_id_str": null,
        "in_reply_to_user_id": null,
        "in_reply_to_user_id_str": null,
        "in_reply_to_screen_name": null,
        "user": {
            "id": 759232045679779840,
            "id_str": "759232045679779840",
            "name": "onlinesitestore",
            "screen_name": "workonline44",
            "location": "",
            "description": "",
            "url": "https://t.co/yB56bRl5js",
            "entities": {
                "url": {
                    "urls": [
                        {
                            "url": "https://t.co/yB56bRl5js",
                            "expanded_url": "https://marketing.onlitesitestore.co.business/wp/",
                            "display_url": "marketing.onlitesitestore.co.business/wp/",
                            "indices": [
                                0,
                                23
                            ]
                        }
                    ]
                },
                "description": {
                    "urls": []
                }
            },
            "protected": false,
            "followers_count": 36419,
            "friends_count": 1547,
            "listed_count": 17,
            "created_at": "Sat Jul 30 03:40:00 +0000 2016",
            "favourites_count": 60,
            "utc_offset": null,
            "time_zone": null,
            "geo_enabled": true,
            "verified": false,
            "statuses_count": 57265,
            "lang": "en",
            "contributors_enabled": false,
            "is_translator": false,
            "is_translation_enabled": false,
            "profile_background_color": "F5F8FA",
            "profile_background_image_url": null,
            "profile_background_image_url_https": null,
            "profile_background_tile": false,
            "profile_image_url": "http://pbs.twimg.com/profile_images/763097357647052800/qAv7cKGM_normal.jpg",
            "profile_image_url_https": "https://pbs.twimg.com/profile_images/763097357647052800/qAv7cKGM_normal.jpg",
            "profile_banner_url": "https://pbs.twimg.com/profile_banners/759232045679779840/1470771826",
            "profile_link_color": "1DA1F2",
            "profile_sidebar_border_color": "C0DEED",
            "profile_sidebar_fill_color": "DDEEF6",
            "profile_text_color": "333333",
            "profile_use_background_image": true,
            "has_extended_profile": false,
            "default_profile": true,
            "default_profile_image": false,
            "following": null,
            "follow_request_sent": null,
            "notifications": null,
            "translator_type": "none"
        },
        "geo": null,
        "coordinates": null,
        "place": null,
        "contributors": null,
        "is_quote_status": false,
        "retweet_count": 2,
        "favorite_count": 2,
        "favorited": false,
        "retweeted": false,
        "possibly_sensitive": false,
        "lang": "en"
    },
    "is_quote_status": false,
    "retweet_count": 2,
    "favorite_count": 0,
    "favorited": false,
    "retweeted": false,
    "possibly_sensitive": false,
    "lang": "en"
}