{
    "created_at": "Wed Apr 17 05:28:27 +0000 2019",
    "id": 1118385714109067264,
    "id_str": "1118385714109067264",
    "text": "RT @TashaARK: 2/ Not to mention mounting insurance costs, and we know from @skorusARK 's work that scooters are 200x more dangerous than ca\u2026",
    "truncated": false,
    "entities": {
        "hashtags": [],
        "symbols": [],
        "user_mentions": [
            {
                "screen_name": "TashaARK",
                "name": "Tasha Keeney",
                "id": 2263452746,
                "id_str": "2263452746",
                "indices": [
                    3,
                    12
                ]
            },
            {
                "screen_name": "skorusARK",
                "name": "Sam Korus",
                "id": 2263437272,
                "id_str": "2263437272",
                "indices": [
                    75,
                    85
                ]
            }
        ],
        "urls": []
    },
    "metadata": {
        "iso_language_code": "en",
        "result_type": "recent"
    },
    "source": "<a href=\"http://twitter.com/download/android\" rel=\"nofollow\">Twitter for Android</a>",
    "in_reply_to_status_id": null,
    "in_reply_to_status_id_str": null,
    "in_reply_to_user_id": null,
    "in_reply_to_user_id_str": null,
    "in_reply_to_screen_name": null,
    "user": {
        "id": 130787908,
        "id_str": "130787908",
        "name": "Uber Watch",
        "screen_name": "rustybroo",
        "location": "",
        "description": "Exposing the toxic truth about elitist Uber. #DeleteUber #NeverUber",
        "url": "https://t.co/ueNgrNJ3vO",
        "entities": {
            "url": {
                "urls": [
                    {
                        "url": "https://t.co/ueNgrNJ3vO",
                        "expanded_url": "http://www.ridesafeworld.com",
                        "display_url": "ridesafeworld.com",
                        "indices": [
                            0,
                            23
                        ]
                    }
                ]
            },
            "description": {
                "urls": []
            }
        },
        "protected": false,
        "followers_count": 1159,
        "friends_count": 1706,
        "listed_count": 17,
        "created_at": "Thu Apr 08 09:23:09 +0000 2010",
        "favourites_count": 5280,
        "utc_offset": null,
        "time_zone": null,
        "geo_enabled": true,
        "verified": false,
        "statuses_count": 24282,
        "lang": "en",
        "contributors_enabled": false,
        "is_translator": false,
        "is_translation_enabled": false,
        "profile_background_color": "1A1B1F",
        "profile_background_image_url": "http://abs.twimg.com/images/themes/theme10/bg.gif",
        "profile_background_image_url_https": "https://abs.twimg.com/images/themes/theme10/bg.gif",
        "profile_background_tile": true,
        "profile_image_url": "http://pbs.twimg.com/profile_images/1051424876592951297/y9MZ271c_normal.jpg",
        "profile_image_url_https": "https://pbs.twimg.com/profile_images/1051424876592951297/y9MZ271c_normal.jpg",
        "profile_banner_url": "https://pbs.twimg.com/profile_banners/130787908/1521785853",
        "profile_link_color": "2FC2EF",
        "profile_sidebar_border_color": "65B0DA",
        "profile_sidebar_fill_color": "7AC3EE",
        "profile_text_color": "3D1957",
        "profile_use_background_image": true,
        "has_extended_profile": false,
        "default_profile": false,
        "default_profile_image": false,
        "following": null,
        "follow_request_sent": null,
        "notifications": null,
        "translator_type": "none"
    },
    "geo": null,
    "coordinates": null,
    "place": null,
    "contributors": null,
    "retweeted_status": {
        "created_at": "Tue Apr 16 13:56:14 +0000 2019",
        "id": 1118151113335873537,
        "id_str": "1118151113335873537",
        "text": "2/ Not to mention mounting insurance costs, and we know from @skorusARK 's work that scooters are 200x more dangero\u2026 https://t.co/EXC6wJqbbX",
        "truncated": true,
        "entities": {
            "hashtags": [],
            "symbols": [],
            "user_mentions": [
                {
                    "screen_name": "skorusARK",
                    "name": "Sam Korus",
                    "id": 2263437272,
                    "id_str": "2263437272",
                    "indices": [
                        61,
                        71
                    ]
                }
            ],
            "urls": [
                {
                    "url": "https://t.co/EXC6wJqbbX",
                    "expanded_url": "https://twitter.com/i/web/status/1118151113335873537",
                    "display_url": "twitter.com/i/web/status/1\u2026",
                    "indices": [
                        117,
                        140
                    ]
                }
            ]
        },
        "metadata": {
            "iso_language_code": "en",
            "result_type": "recent"
        },
        "source": "<a href=\"http://twitter.com\" rel=\"nofollow\">Twitter Web Client</a>",
        "in_reply_to_status_id": 1118150520437387264,
        "in_reply_to_status_id_str": "1118150520437387264",
        "in_reply_to_user_id": 2263452746,
        "in_reply_to_user_id_str": "2263452746",
        "in_reply_to_screen_name": "TashaARK",
        "user": {
            "id": 2263452746,
            "id_str": "2263452746",
            "name": "Tasha Keeney",
            "screen_name": "TashaARK",
            "location": "New York, NY",
            "description": "I cover autonomous vehicles, 3D printing, and innovative infrastructure and materials @ARKInvest. Female mathematician \ud83d\udcaa Disclosure https://t.co/Dg4aXVY04l",
            "url": "https://t.co/4MJR8Bwt73",
            "entities": {
                "url": {
                    "urls": [
                        {
                            "url": "https://t.co/4MJR8Bwt73",
                            "expanded_url": "http://www.ark-invest.com",
                            "display_url": "ark-invest.com",
                            "indices": [
                                0,
                                23
                            ]
                        }
                    ]
                },
                "description": {
                    "urls": [
                        {
                            "url": "https://t.co/Dg4aXVY04l",
                            "expanded_url": "http://arkinv.st/2rxmMRG",
                            "display_url": "arkinv.st/2rxmMRG",
                            "indices": [
                                132,
                                155
                            ]
                        }
                    ]
                }
            },
            "protected": false,
            "followers_count": 8175,
            "friends_count": 367,
            "listed_count": 392,
            "created_at": "Thu Dec 26 23:16:04 +0000 2013",
            "favourites_count": 83,
            "utc_offset": null,
            "time_zone": null,
            "geo_enabled": false,
            "verified": false,
            "statuses_count": 13999,
            "lang": "en",
            "contributors_enabled": false,
            "is_translator": false,
            "is_translation_enabled": false,
            "profile_background_color": "000000",
            "profile_background_image_url": "http://abs.twimg.com/images/themes/theme1/bg.png",
            "profile_background_image_url_https": "https://abs.twimg.com/images/themes/theme1/bg.png",
            "profile_background_tile": false,
            "profile_image_url": "http://pbs.twimg.com/profile_images/1099116946858131457/mTxxwCWa_normal.jpg",
            "profile_image_url_https": "https://pbs.twimg.com/profile_images/1099116946858131457/mTxxwCWa_normal.jpg",
            "profile_banner_url": "https://pbs.twimg.com/profile_banners/2263452746/1499449682",
            "profile_link_color": "6C2B66",
            "profile_sidebar_border_color": "FFFFFF",
            "profile_sidebar_fill_color": "DDEEF6",
            "profile_text_color": "333333",
            "profile_use_background_image": true,
            "has_extended_profile": false,
            "default_profile": false,
            "default_profile_image": false,
            "following": null,
            "follow_request_sent": null,
            "notifications": null,
            "translator_type": "none"
        },
        "geo": null,
        "coordinates": null,
        "place": null,
        "contributors": null,
        "is_quote_status": false,
        "retweet_count": 5,
        "favorite_count": 46,
        "favorited": false,
        "retweeted": false,
        "possibly_sensitive": false,
        "lang": "en"
    },
    "is_quote_status": false,
    "retweet_count": 5,
    "favorite_count": 0,
    "favorited": false,
    "retweeted": false,
    "lang": "en"
}