{
    "created_at": "Tue Apr 16 16:57:19 +0000 2019",
    "id": 1118196683618357248,
    "id_str": "1118196683618357248",
    "text": "Citi Bike Pulls New Electric Bikes Off Streets, Citing Safety Concerns https://t.co/u7aqgOsySf https://t.co/C4l3LRAJ0O",
    "truncated": false,
    "entities": {
        "hashtags": [],
        "symbols": [],
        "user_mentions": [],
        "urls": [
            {
                "url": "https://t.co/u7aqgOsySf",
                "expanded_url": "http://bit.ly/2VPaVym",
                "display_url": "bit.ly/2VPaVym",
                "indices": [
                    71,
                    94
                ]
            }
        ],
        "media": [
            {
                "id": 1118196682540367873,
                "id_str": "1118196682540367873",
                "indices": [
                    95,
                    118
                ],
                "media_url": "http://pbs.twimg.com/media/D4Sh9VPWwAEXECU.jpg",
                "media_url_https": "https://pbs.twimg.com/media/D4Sh9VPWwAEXECU.jpg",
                "url": "https://t.co/C4l3LRAJ0O",
                "display_url": "pic.twitter.com/C4l3LRAJ0O",
                "expanded_url": "https://twitter.com/buyerscaptain/status/1118196683618357248/photo/1",
                "type": "photo",
                "sizes": {
                    "thumb": {
                        "w": 150,
                        "h": 150,
                        "resize": "crop"
                    },
                    "large": {
                        "w": 1024,
                        "h": 536,
                        "resize": "fit"
                    },
                    "small": {
                        "w": 680,
                        "h": 356,
                        "resize": "fit"
                    },
                    "medium": {
                        "w": 1024,
                        "h": 536,
                        "resize": "fit"
                    }
                }
            }
        ]
    },
    "extended_entities": {
        "media": [
            {
                "id": 1118196682540367873,
                "id_str": "1118196682540367873",
                "indices": [
                    95,
                    118
                ],
                "media_url": "http://pbs.twimg.com/media/D4Sh9VPWwAEXECU.jpg",
                "media_url_https": "https://pbs.twimg.com/media/D4Sh9VPWwAEXECU.jpg",
                "url": "https://t.co/C4l3LRAJ0O",
                "display_url": "pic.twitter.com/C4l3LRAJ0O",
                "expanded_url": "https://twitter.com/buyerscaptain/status/1118196683618357248/photo/1",
                "type": "photo",
                "sizes": {
                    "thumb": {
                        "w": 150,
                        "h": 150,
                        "resize": "crop"
                    },
                    "large": {
                        "w": 1024,
                        "h": 536,
                        "resize": "fit"
                    },
                    "small": {
                        "w": 680,
                        "h": 356,
                        "resize": "fit"
                    },
                    "medium": {
                        "w": 1024,
                        "h": 536,
                        "resize": "fit"
                    }
                }
            }
        ]
    },
    "metadata": {
        "iso_language_code": "en",
        "result_type": "recent"
    },
    "source": "<a href=\"https://ifttt.com\" rel=\"nofollow\">IFTTT</a>",
    "in_reply_to_status_id": null,
    "in_reply_to_status_id_str": null,
    "in_reply_to_user_id": null,
    "in_reply_to_user_id_str": null,
    "in_reply_to_screen_name": null,
    "user": {
        "id": 826143811806035970,
        "id_str": "826143811806035970",
        "name": "Buyer's Captain",
        "screen_name": "buyerscaptain",
        "location": "United States",
        "description": "Reviews of top rated products, buyer's guides and comparison charts that will help you find the best available product to buy online.",
        "url": "https://t.co/9e8jfHXtAn",
        "entities": {
            "url": {
                "urls": [
                    {
                        "url": "https://t.co/9e8jfHXtAn",
                        "expanded_url": "https://buyerscaptain.com",
                        "display_url": "buyerscaptain.com",
                        "indices": [
                            0,
                            23
                        ]
                    }
                ]
            },
            "description": {
                "urls": []
            }
        },
        "protected": false,
        "followers_count": 187,
        "friends_count": 301,
        "listed_count": 3,
        "created_at": "Mon Jan 30 19:03:28 +0000 2017",
        "favourites_count": 50,
        "utc_offset": null,
        "time_zone": null,
        "geo_enabled": false,
        "verified": false,
        "statuses_count": 10392,
        "lang": "en",
        "contributors_enabled": false,
        "is_translator": false,
        "is_translation_enabled": false,
        "profile_background_color": "000000",
        "profile_background_image_url": "http://abs.twimg.com/images/themes/theme1/bg.png",
        "profile_background_image_url_https": "https://abs.twimg.com/images/themes/theme1/bg.png",
        "profile_background_tile": false,
        "profile_image_url": "http://pbs.twimg.com/profile_images/826144951255826433/mD4AIZCi_normal.jpg",
        "profile_image_url_https": "https://pbs.twimg.com/profile_images/826144951255826433/mD4AIZCi_normal.jpg",
        "profile_banner_url": "https://pbs.twimg.com/profile_banners/826143811806035970/1485803421",
        "profile_link_color": "212121",
        "profile_sidebar_border_color": "000000",
        "profile_sidebar_fill_color": "000000",
        "profile_text_color": "000000",
        "profile_use_background_image": false,
        "has_extended_profile": false,
        "default_profile": false,
        "default_profile_image": false,
        "following": null,
        "follow_request_sent": null,
        "notifications": null,
        "translator_type": "none"
    },
    "geo": null,
    "coordinates": null,
    "place": null,
    "contributors": null,
    "is_quote_status": false,
    "retweet_count": 0,
    "favorite_count": 0,
    "favorited": false,
    "retweeted": false,
    "possibly_sensitive": false,
    "lang": "en"
}