{
    "created_at": "Tue Apr 16 14:11:23 +0000 2019",
    "id": 1118154926587359232,
    "id_str": "1118154926587359232",
    "text": "RT @TashaARK: 2/ Not to mention mounting insurance costs, and we know from @skorusARK 's work that scooters are 200x more dangerous than ca\u2026",
    "truncated": false,
    "entities": {
        "hashtags": [],
        "symbols": [],
        "user_mentions": [
            {
                "screen_name": "TashaARK",
                "name": "Tasha Keeney",
                "id": 2263452746,
                "id_str": "2263452746",
                "indices": [
                    3,
                    12
                ]
            },
            {
                "screen_name": "skorusARK",
                "name": "Sam Korus",
                "id": 2263437272,
                "id_str": "2263437272",
                "indices": [
                    75,
                    85
                ]
            }
        ],
        "urls": []
    },
    "metadata": {
        "iso_language_code": "en",
        "result_type": "recent"
    },
    "source": "<a href=\"http://twitter.com/download/iphone\" rel=\"nofollow\">Twitter for iPhone</a>",
    "in_reply_to_status_id": null,
    "in_reply_to_status_id_str": null,
    "in_reply_to_user_id": null,
    "in_reply_to_user_id_str": null,
    "in_reply_to_screen_name": null,
    "user": {
        "id": 995458317634830336,
        "id_str": "995458317634830336",
        "name": "rocobasilisk",
        "screen_name": "rocobasilisk",
        "location": "",
        "description": "Tech and future",
        "url": null,
        "entities": {
            "description": {
                "urls": []
            }
        },
        "protected": false,
        "followers_count": 367,
        "friends_count": 366,
        "listed_count": 3,
        "created_at": "Sun May 13 00:18:52 +0000 2018",
        "favourites_count": 64479,
        "utc_offset": null,
        "time_zone": null,
        "geo_enabled": false,
        "verified": false,
        "statuses_count": 61150,
        "lang": "en",
        "contributors_enabled": false,
        "is_translator": false,
        "is_translation_enabled": false,
        "profile_background_color": "F5F8FA",
        "profile_background_image_url": null,
        "profile_background_image_url_https": null,
        "profile_background_tile": false,
        "profile_image_url": "http://pbs.twimg.com/profile_images/1082507851384279040/r6AiDlnD_normal.jpg",
        "profile_image_url_https": "https://pbs.twimg.com/profile_images/1082507851384279040/r6AiDlnD_normal.jpg",
        "profile_link_color": "1DA1F2",
        "profile_sidebar_border_color": "C0DEED",
        "profile_sidebar_fill_color": "DDEEF6",
        "profile_text_color": "333333",
        "profile_use_background_image": true,
        "has_extended_profile": false,
        "default_profile": true,
        "default_profile_image": false,
        "following": null,
        "follow_request_sent": null,
        "notifications": null,
        "translator_type": "none"
    },
    "geo": null,
    "coordinates": null,
    "place": null,
    "contributors": null,
    "retweeted_status": {
        "created_at": "Tue Apr 16 13:56:14 +0000 2019",
        "id": 1118151113335873537,
        "id_str": "1118151113335873537",
        "text": "2/ Not to mention mounting insurance costs, and we know from @skorusARK 's work that scooters are 200x more dangero\u2026 https://t.co/EXC6wJqbbX",
        "truncated": true,
        "entities": {
            "hashtags": [],
            "symbols": [],
            "user_mentions": [
                {
                    "screen_name": "skorusARK",
                    "name": "Sam Korus",
                    "id": 2263437272,
                    "id_str": "2263437272",
                    "indices": [
                        61,
                        71
                    ]
                }
            ],
            "urls": [
                {
                    "url": "https://t.co/EXC6wJqbbX",
                    "expanded_url": "https://twitter.com/i/web/status/1118151113335873537",
                    "display_url": "twitter.com/i/web/status/1\u2026",
                    "indices": [
                        117,
                        140
                    ]
                }
            ]
        },
        "metadata": {
            "iso_language_code": "en",
            "result_type": "recent"
        },
        "source": "<a href=\"http://twitter.com\" rel=\"nofollow\">Twitter Web Client</a>",
        "in_reply_to_status_id": 1118150520437387264,
        "in_reply_to_status_id_str": "1118150520437387264",
        "in_reply_to_user_id": 2263452746,
        "in_reply_to_user_id_str": "2263452746",
        "in_reply_to_screen_name": "TashaARK",
        "user": {
            "id": 2263452746,
            "id_str": "2263452746",
            "name": "Tasha Keeney",
            "screen_name": "TashaARK",
            "location": "New York, NY",
            "description": "I cover autonomous vehicles, 3D printing, and innovative infrastructure and materials @ARKInvest. Female mathematician \ud83d\udcaa Disclosure https://t.co/Dg4aXVY04l",
            "url": "https://t.co/4MJR8Bwt73",
            "entities": {
                "url": {
                    "urls": [
                        {
                            "url": "https://t.co/4MJR8Bwt73",
                            "expanded_url": "http://www.ark-invest.com",
                            "display_url": "ark-invest.com",
                            "indices": [
                                0,
                                23
                            ]
                        }
                    ]
                },
                "description": {
                    "urls": [
                        {
                            "url": "https://t.co/Dg4aXVY04l",
                            "expanded_url": "http://arkinv.st/2rxmMRG",
                            "display_url": "arkinv.st/2rxmMRG",
                            "indices": [
                                132,
                                155
                            ]
                        }
                    ]
                }
            },
            "protected": false,
            "followers_count": 8175,
            "friends_count": 367,
            "listed_count": 392,
            "created_at": "Thu Dec 26 23:16:04 +0000 2013",
            "favourites_count": 83,
            "utc_offset": null,
            "time_zone": null,
            "geo_enabled": false,
            "verified": false,
            "statuses_count": 13999,
            "lang": "en",
            "contributors_enabled": false,
            "is_translator": false,
            "is_translation_enabled": false,
            "profile_background_color": "000000",
            "profile_background_image_url": "http://abs.twimg.com/images/themes/theme1/bg.png",
            "profile_background_image_url_https": "https://abs.twimg.com/images/themes/theme1/bg.png",
            "profile_background_tile": false,
            "profile_image_url": "http://pbs.twimg.com/profile_images/1099116946858131457/mTxxwCWa_normal.jpg",
            "profile_image_url_https": "https://pbs.twimg.com/profile_images/1099116946858131457/mTxxwCWa_normal.jpg",
            "profile_banner_url": "https://pbs.twimg.com/profile_banners/2263452746/1499449682",
            "profile_link_color": "6C2B66",
            "profile_sidebar_border_color": "FFFFFF",
            "profile_sidebar_fill_color": "DDEEF6",
            "profile_text_color": "333333",
            "profile_use_background_image": true,
            "has_extended_profile": false,
            "default_profile": false,
            "default_profile_image": false,
            "following": null,
            "follow_request_sent": null,
            "notifications": null,
            "translator_type": "none"
        },
        "geo": null,
        "coordinates": null,
        "place": null,
        "contributors": null,
        "is_quote_status": false,
        "retweet_count": 5,
        "favorite_count": 46,
        "favorited": false,
        "retweeted": false,
        "possibly_sensitive": false,
        "lang": "en"
    },
    "is_quote_status": false,
    "retweet_count": 5,
    "favorite_count": 0,
    "favorited": false,
    "retweeted": false,
    "lang": "en"
}