{
    "created_at": "Tue Apr 16 10:04:36 +0000 2019",
    "id": 1118092819783090176,
    "id_str": "1118092819783090176",
    "text": "\"Citi Bike\u2019s Electric Bikes Are Fast. But Are They Dangerous?\" by AZI PAYBARAH via NYT https://t.co/MOzL7VTZUq https://t.co/8bcL4TaOwe",
    "truncated": false,
    "entities": {
        "hashtags": [],
        "symbols": [],
        "user_mentions": [],
        "urls": [
            {
                "url": "https://t.co/MOzL7VTZUq",
                "expanded_url": "https://nyti.ms/2XectlN",
                "display_url": "nyti.ms/2XectlN",
                "indices": [
                    87,
                    110
                ]
            }
        ],
        "media": [
            {
                "id": 1118092818818502656,
                "id_str": "1118092818818502656",
                "indices": [
                    111,
                    134
                ],
                "media_url": "http://pbs.twimg.com/media/D4RDfquXkAAjR4i.jpg",
                "media_url_https": "https://pbs.twimg.com/media/D4RDfquXkAAjR4i.jpg",
                "url": "https://t.co/8bcL4TaOwe",
                "display_url": "pic.twitter.com/8bcL4TaOwe",
                "expanded_url": "https://twitter.com/michael_gabrill/status/1118092819783090176/photo/1",
                "type": "photo",
                "sizes": {
                    "small": {
                        "w": 440,
                        "h": 293,
                        "resize": "fit"
                    },
                    "thumb": {
                        "w": 150,
                        "h": 150,
                        "resize": "crop"
                    },
                    "large": {
                        "w": 440,
                        "h": 293,
                        "resize": "fit"
                    },
                    "medium": {
                        "w": 440,
                        "h": 293,
                        "resize": "fit"
                    }
                }
            }
        ]
    },
    "extended_entities": {
        "media": [
            {
                "id": 1118092818818502656,
                "id_str": "1118092818818502656",
                "indices": [
                    111,
                    134
                ],
                "media_url": "http://pbs.twimg.com/media/D4RDfquXkAAjR4i.jpg",
                "media_url_https": "https://pbs.twimg.com/media/D4RDfquXkAAjR4i.jpg",
                "url": "https://t.co/8bcL4TaOwe",
                "display_url": "pic.twitter.com/8bcL4TaOwe",
                "expanded_url": "https://twitter.com/michael_gabrill/status/1118092819783090176/photo/1",
                "type": "photo",
                "sizes": {
                    "small": {
                        "w": 440,
                        "h": 293,
                        "resize": "fit"
                    },
                    "thumb": {
                        "w": 150,
                        "h": 150,
                        "resize": "crop"
                    },
                    "large": {
                        "w": 440,
                        "h": 293,
                        "resize": "fit"
                    },
                    "medium": {
                        "w": 440,
                        "h": 293,
                        "resize": "fit"
                    }
                }
            }
        ]
    },
    "metadata": {
        "iso_language_code": "en",
        "result_type": "recent"
    },
    "source": "<a href=\"https://ifttt.com\" rel=\"nofollow\">IFTTT</a>",
    "in_reply_to_status_id": null,
    "in_reply_to_status_id_str": null,
    "in_reply_to_user_id": null,
    "in_reply_to_user_id_str": null,
    "in_reply_to_screen_name": null,
    "user": {
        "id": 581749878,
        "id_str": "581749878",
        "name": "Michael Gabrill",
        "screen_name": "michael_gabrill",
        "location": "Kansas, MO",
        "description": "Michael Gabrill official Twitter account. Follow for great tweets!\nhttp://t.co/kj8DLl3W13\nhttp://t.co/ObzlscGJHI\nhttps://t.co/4mDqs1KHsr",
        "url": "https://t.co/hlNSF2PimB",
        "entities": {
            "url": {
                "urls": [
                    {
                        "url": "https://t.co/hlNSF2PimB",
                        "expanded_url": "http://blog.michaelgabrill.com/",
                        "display_url": "blog.michaelgabrill.com",
                        "indices": [
                            0,
                            23
                        ]
                    }
                ]
            },
            "description": {
                "urls": [
                    {
                        "url": "http://t.co/kj8DLl3W13",
                        "expanded_url": "http://j.mp/Y3J91M",
                        "display_url": "j.mp/Y3J91M",
                        "indices": [
                            67,
                            89
                        ]
                    },
                    {
                        "url": "http://t.co/ObzlscGJHI",
                        "expanded_url": "http://j.mp/LnsgqK",
                        "display_url": "j.mp/LnsgqK",
                        "indices": [
                            90,
                            112
                        ]
                    },
                    {
                        "url": "https://t.co/4mDqs1KHsr",
                        "expanded_url": "https://bit.ly/2HV0LG2",
                        "display_url": "bit.ly/2HV0LG2",
                        "indices": [
                            113,
                            136
                        ]
                    }
                ]
            }
        },
        "protected": false,
        "followers_count": 691,
        "friends_count": 1351,
        "listed_count": 45,
        "created_at": "Wed May 16 09:05:56 +0000 2012",
        "favourites_count": 0,
        "utc_offset": null,
        "time_zone": null,
        "geo_enabled": false,
        "verified": false,
        "statuses_count": 269216,
        "lang": "en",
        "contributors_enabled": false,
        "is_translator": false,
        "is_translation_enabled": false,
        "profile_background_color": "59472F",
        "profile_background_image_url": "http://abs.twimg.com/images/themes/theme1/bg.png",
        "profile_background_image_url_https": "https://abs.twimg.com/images/themes/theme1/bg.png",
        "profile_background_tile": false,
        "profile_image_url": "http://pbs.twimg.com/profile_images/653494670782169088/fHndZOz7_normal.png",
        "profile_image_url_https": "https://pbs.twimg.com/profile_images/653494670782169088/fHndZOz7_normal.png",
        "profile_banner_url": "https://pbs.twimg.com/profile_banners/581749878/1443773116",
        "profile_link_color": "ABB8C2",
        "profile_sidebar_border_color": "000515",
        "profile_sidebar_fill_color": "061127",
        "profile_text_color": "827972",
        "profile_use_background_image": true,
        "has_extended_profile": true,
        "default_profile": false,
        "default_profile_image": false,
        "following": null,
        "follow_request_sent": null,
        "notifications": null,
        "translator_type": "none"
    },
    "geo": null,
    "coordinates": null,
    "place": null,
    "contributors": null,
    "is_quote_status": false,
    "retweet_count": 0,
    "favorite_count": 0,
    "favorited": false,
    "retweeted": false,
    "possibly_sensitive": false,
    "lang": "en"
}