{
    "created_at": "Thu Apr 18 13:21:54 +0000 2019",
    "id": 1118867247538286599,
    "id_str": "1118867247538286599",
    "text": "From last night: @StreetsblogNYC discovered that Shimano knew of a braking issue on @CitiBikeNYC e-bikes, and it re\u2026 https://t.co/8O491hynGW",
    "truncated": true,
    "entities": {
        "hashtags": [],
        "symbols": [],
        "user_mentions": [
            {
                "screen_name": "StreetsblogNYC",
                "name": "Streetsblog New York",
                "id": 128750686,
                "id_str": "128750686",
                "indices": [
                    17,
                    32
                ]
            },
            {
                "screen_name": "CitiBikeNYC",
                "name": "Citi Bike",
                "id": 366631688,
                "id_str": "366631688",
                "indices": [
                    84,
                    96
                ]
            }
        ],
        "urls": [
            {
                "url": "https://t.co/8O491hynGW",
                "expanded_url": "https://twitter.com/i/web/status/1118867247538286599",
                "display_url": "twitter.com/i/web/status/1\u2026",
                "indices": [
                    117,
                    140
                ]
            }
        ]
    },
    "metadata": {
        "iso_language_code": "en",
        "result_type": "recent"
    },
    "source": "<a href=\"http://twitter.com\" rel=\"nofollow\">Twitter Web Client</a>",
    "in_reply_to_status_id": null,
    "in_reply_to_status_id_str": null,
    "in_reply_to_user_id": null,
    "in_reply_to_user_id_str": null,
    "in_reply_to_screen_name": null,
    "user": {
        "id": 14189338,
        "id_str": "14189338",
        "name": "Smarm To Ongoing Matter",
        "screen_name": "brianvan",
        "location": "New York City",
        "description": "None of this content makes sense. // Web dev + community leadership // Lots of social justice boosterism, bike advocacy & profane jokes. Pull-up contest winner",
        "url": "https://t.co/pt62lxpkbF",
        "entities": {
            "url": {
                "urls": [
                    {
                        "url": "https://t.co/pt62lxpkbF",
                        "expanded_url": "http://485i.com/",
                        "display_url": "485i.com",
                        "indices": [
                            0,
                            23
                        ]
                    }
                ]
            },
            "description": {
                "urls": []
            }
        },
        "protected": false,
        "followers_count": 1719,
        "friends_count": 1848,
        "listed_count": 109,
        "created_at": "Fri Mar 21 03:41:34 +0000 2008",
        "favourites_count": 102204,
        "utc_offset": null,
        "time_zone": null,
        "geo_enabled": true,
        "verified": false,
        "statuses_count": 100882,
        "lang": "en",
        "contributors_enabled": false,
        "is_translator": false,
        "is_translation_enabled": false,
        "profile_background_color": "C0DEED",
        "profile_background_image_url": "http://abs.twimg.com/images/themes/theme1/bg.png",
        "profile_background_image_url_https": "https://abs.twimg.com/images/themes/theme1/bg.png",
        "profile_background_tile": false,
        "profile_image_url": "http://pbs.twimg.com/profile_images/378800000829697946/fda816292ff7cb847f548cc82637c740_normal.jpeg",
        "profile_image_url_https": "https://pbs.twimg.com/profile_images/378800000829697946/fda816292ff7cb847f548cc82637c740_normal.jpeg",
        "profile_banner_url": "https://pbs.twimg.com/profile_banners/14189338/1553379142",
        "profile_link_color": "1DA1F2",
        "profile_sidebar_border_color": "C0DEED",
        "profile_sidebar_fill_color": "DDEEF6",
        "profile_text_color": "333333",
        "profile_use_background_image": true,
        "has_extended_profile": false,
        "default_profile": true,
        "default_profile_image": false,
        "following": null,
        "follow_request_sent": null,
        "notifications": null,
        "translator_type": "none"
    },
    "geo": null,
    "coordinates": null,
    "place": null,
    "contributors": null,
    "is_quote_status": false,
    "retweet_count": 0,
    "favorite_count": 1,
    "favorited": false,
    "retweeted": false,
    "possibly_sensitive": false,
    "lang": "en"
}