{
    "created_at": "Tue Apr 16 11:29:26 +0000 2019",
    "id": 1118114171713916929,
    "id_str": "1118114171713916929",
    "text": "Citi Bike\u2019s Electric Bikes Are Fast. But Are They Dangerous? https://t.co/IEJVtCDb6T \nBy AZI PAYBARAH from NYT New\u2026 https://t.co/HLz5r0jPp1",
    "truncated": true,
    "entities": {
        "hashtags": [],
        "symbols": [],
        "user_mentions": [],
        "urls": [
            {
                "url": "https://t.co/IEJVtCDb6T",
                "expanded_url": "http://bit.ly/2DjSZod",
                "display_url": "bit.ly/2DjSZod",
                "indices": [
                    61,
                    84
                ]
            },
            {
                "url": "https://t.co/HLz5r0jPp1",
                "expanded_url": "https://twitter.com/i/web/status/1118114171713916929",
                "display_url": "twitter.com/i/web/status/1\u2026",
                "indices": [
                    116,
                    139
                ]
            }
        ]
    },
    "metadata": {
        "iso_language_code": "en",
        "result_type": "recent"
    },
    "source": "<a href=\"https://ifttt.com\" rel=\"nofollow\">IFTTT</a>",
    "in_reply_to_status_id": null,
    "in_reply_to_status_id_str": null,
    "in_reply_to_user_id": null,
    "in_reply_to_user_id_str": null,
    "in_reply_to_screen_name": null,
    "user": {
        "id": 979958616353423360,
        "id_str": "979958616353423360",
        "name": "Natasha",
        "screen_name": "N4t_Shy",
        "location": "",
        "description": "My Passion is Travelling, and Watching\ud83d\ude07",
        "url": null,
        "entities": {
            "description": {
                "urls": []
            }
        },
        "protected": false,
        "followers_count": 36,
        "friends_count": 228,
        "listed_count": 0,
        "created_at": "Sat Mar 31 05:48:35 +0000 2018",
        "favourites_count": 25,
        "utc_offset": null,
        "time_zone": null,
        "geo_enabled": false,
        "verified": false,
        "statuses_count": 1185,
        "lang": "id",
        "contributors_enabled": false,
        "is_translator": false,
        "is_translation_enabled": false,
        "profile_background_color": "000000",
        "profile_background_image_url": "http://abs.twimg.com/images/themes/theme1/bg.png",
        "profile_background_image_url_https": "https://abs.twimg.com/images/themes/theme1/bg.png",
        "profile_background_tile": false,
        "profile_image_url": "http://pbs.twimg.com/profile_images/979959689357086720/lhu0HJd2_normal.jpg",
        "profile_image_url_https": "https://pbs.twimg.com/profile_images/979959689357086720/lhu0HJd2_normal.jpg",
        "profile_banner_url": "https://pbs.twimg.com/profile_banners/979958616353423360/1522475796",
        "profile_link_color": "19CF86",
        "profile_sidebar_border_color": "000000",
        "profile_sidebar_fill_color": "000000",
        "profile_text_color": "000000",
        "profile_use_background_image": false,
        "has_extended_profile": false,
        "default_profile": false,
        "default_profile_image": false,
        "following": null,
        "follow_request_sent": null,
        "notifications": null,
        "translator_type": "none"
    },
    "geo": null,
    "coordinates": null,
    "place": null,
    "contributors": null,
    "is_quote_status": false,
    "retweet_count": 0,
    "favorite_count": 0,
    "favorited": false,
    "retweeted": false,
    "possibly_sensitive": false,
    "lang": "en"
}