{
    "created_at": "Tue Apr 16 10:02:29 +0000 2019",
    "id": 1118092288775938048,
    "id_str": "1118092288775938048",
    "text": "\"Citi Bike\u2019s Electric Bikes Are Fast. But Are They Dangerous?\" by AZI PAYBARAH via NYT https://t.co/iOVzo035fm",
    "truncated": false,
    "entities": {
        "hashtags": [],
        "symbols": [],
        "user_mentions": [],
        "urls": [
            {
                "url": "https://t.co/iOVzo035fm",
                "expanded_url": "https://www.nytimes.com/2019/04/16/nyregion/newyorktoday/nyc-news-citi-bike-electric.html?partner=IFTTT",
                "display_url": "nytimes.com/2019/04/16/nyr\u2026",
                "indices": [
                    87,
                    110
                ]
            }
        ]
    },
    "metadata": {
        "iso_language_code": "en",
        "result_type": "recent"
    },
    "source": "<a href=\"https://ifttt.com\" rel=\"nofollow\">IFTTT</a>",
    "in_reply_to_status_id": null,
    "in_reply_to_status_id_str": null,
    "in_reply_to_user_id": null,
    "in_reply_to_user_id_str": null,
    "in_reply_to_screen_name": null,
    "user": {
        "id": 1248010435,
        "id_str": "1248010435",
        "name": "Dara Wehmeyer",
        "screen_name": "DaraWehmeyer",
        "location": "San Luis Obispo",
        "description": "High School guidance counselor",
        "url": null,
        "entities": {
            "description": {
                "urls": []
            }
        },
        "protected": false,
        "followers_count": 286,
        "friends_count": 222,
        "listed_count": 19,
        "created_at": "Thu Mar 07 05:43:34 +0000 2013",
        "favourites_count": 0,
        "utc_offset": null,
        "time_zone": null,
        "geo_enabled": false,
        "verified": false,
        "statuses_count": 34401,
        "lang": "en",
        "contributors_enabled": false,
        "is_translator": false,
        "is_translation_enabled": false,
        "profile_background_color": "0000FF",
        "profile_background_image_url": "http://abs.twimg.com/images/themes/theme1/bg.png",
        "profile_background_image_url_https": "https://abs.twimg.com/images/themes/theme1/bg.png",
        "profile_background_tile": true,
        "profile_image_url": "http://pbs.twimg.com/profile_images/3374778687/8c458f24732102a4993e623a461d6dd1_normal.jpeg",
        "profile_image_url_https": "https://pbs.twimg.com/profile_images/3374778687/8c458f24732102a4993e623a461d6dd1_normal.jpeg",
        "profile_banner_url": "https://pbs.twimg.com/profile_banners/1248010435/1369930043",
        "profile_link_color": "0000FF",
        "profile_sidebar_border_color": "C0DEED",
        "profile_sidebar_fill_color": "DDEEF6",
        "profile_text_color": "333333",
        "profile_use_background_image": true,
        "has_extended_profile": false,
        "default_profile": false,
        "default_profile_image": false,
        "following": null,
        "follow_request_sent": null,
        "notifications": null,
        "translator_type": "none"
    },
    "geo": null,
    "coordinates": null,
    "place": null,
    "contributors": null,
    "is_quote_status": false,
    "retweet_count": 0,
    "favorite_count": 0,
    "favorited": false,
    "retweeted": false,
    "possibly_sensitive": false,
    "lang": "en"
}