{
    "created_at": "Wed Apr 17 13:00:01 +0000 2019",
    "id": 1118499353688195073,
    "id_str": "1118499353688195073",
    "text": "Accountability: What's the difference between a city-sanctioned bike-share system and one that just dumps scooters\u2026 https://t.co/G4E5uhXLN6",
    "truncated": true,
    "entities": {
        "hashtags": [],
        "symbols": [],
        "user_mentions": [],
        "urls": [
            {
                "url": "https://t.co/G4E5uhXLN6",
                "expanded_url": "https://twitter.com/i/web/status/1118499353688195073",
                "display_url": "twitter.com/i/web/status/1\u2026",
                "indices": [
                    116,
                    139
                ]
            }
        ]
    },
    "metadata": {
        "iso_language_code": "en",
        "result_type": "recent"
    },
    "source": "<a href=\"https://about.twitter.com/products/tweetdeck\" rel=\"nofollow\">TweetDeck</a>",
    "in_reply_to_status_id": null,
    "in_reply_to_status_id_str": null,
    "in_reply_to_user_id": null,
    "in_reply_to_user_id_str": null,
    "in_reply_to_screen_name": null,
    "user": {
        "id": 35875919,
        "id_str": "35875919",
        "name": "Otis White",
        "screen_name": "OtisWhite",
        "location": "Atlanta GA USA",
        "description": "I do collaborative and strategic planning for local governments and civic organizations, and write about civic leadership at http://t.co/jLb65KKG5H.",
        "url": "http://t.co/1kCGmyP0eE",
        "entities": {
            "url": {
                "urls": [
                    {
                        "url": "http://t.co/1kCGmyP0eE",
                        "expanded_url": "http://www.civic-strategies.com",
                        "display_url": "civic-strategies.com",
                        "indices": [
                            0,
                            22
                        ]
                    }
                ]
            },
            "description": {
                "urls": [
                    {
                        "url": "http://t.co/jLb65KKG5H",
                        "expanded_url": "http://otiswhite.com",
                        "display_url": "otiswhite.com",
                        "indices": [
                            125,
                            147
                        ]
                    }
                ]
            }
        },
        "protected": false,
        "followers_count": 2290,
        "friends_count": 77,
        "listed_count": 251,
        "created_at": "Mon Apr 27 21:58:04 +0000 2009",
        "favourites_count": 8,
        "utc_offset": null,
        "time_zone": null,
        "geo_enabled": false,
        "verified": false,
        "statuses_count": 24217,
        "lang": "en",
        "contributors_enabled": false,
        "is_translator": false,
        "is_translation_enabled": false,
        "profile_background_color": "0099B9",
        "profile_background_image_url": "http://abs.twimg.com/images/themes/theme1/bg.png",
        "profile_background_image_url_https": "https://abs.twimg.com/images/themes/theme1/bg.png",
        "profile_background_tile": false,
        "profile_image_url": "http://pbs.twimg.com/profile_images/378800000172632077/016be26eb33dd70adb5e00b9c5c2b4a0_normal.jpeg",
        "profile_image_url_https": "https://pbs.twimg.com/profile_images/378800000172632077/016be26eb33dd70adb5e00b9c5c2b4a0_normal.jpeg",
        "profile_banner_url": "https://pbs.twimg.com/profile_banners/35875919/1374516809",
        "profile_link_color": "0099B9",
        "profile_sidebar_border_color": "FFFFFF",
        "profile_sidebar_fill_color": "F1EFDF",
        "profile_text_color": "3C3940",
        "profile_use_background_image": true,
        "has_extended_profile": true,
        "default_profile": false,
        "default_profile_image": false,
        "following": null,
        "follow_request_sent": null,
        "notifications": null,
        "translator_type": "none"
    },
    "geo": null,
    "coordinates": null,
    "place": null,
    "contributors": null,
    "is_quote_status": false,
    "retweet_count": 0,
    "favorite_count": 0,
    "favorited": false,
    "retweeted": false,
    "possibly_sensitive": false,
    "lang": "en"
}