{
    "created_at": "Tue Apr 16 07:01:33 +0000 2019",
    "id": 1118046754199560192,
    "id_str": "1118046754199560192",
    "text": "Brake issues cause Lyft-owned Citi Bike to pull fleet of e-bikes from service https://t.co/FLZt5vx7zL https://t.co/gQAN3gcOAa",
    "truncated": false,
    "entities": {
        "hashtags": [],
        "symbols": [],
        "user_mentions": [],
        "urls": [
            {
                "url": "https://t.co/FLZt5vx7zL",
                "expanded_url": "http://bit.ly/2Gq4Q6f",
                "display_url": "bit.ly/2Gq4Q6f",
                "indices": [
                    78,
                    101
                ]
            }
        ],
        "media": [
            {
                "id": 1118046752706371585,
                "id_str": "1118046752706371585",
                "indices": [
                    102,
                    125
                ],
                "media_url": "http://pbs.twimg.com/media/D4QZmRFXoAEk3Q-.jpg",
                "media_url_https": "https://pbs.twimg.com/media/D4QZmRFXoAEk3Q-.jpg",
                "url": "https://t.co/gQAN3gcOAa",
                "display_url": "pic.twitter.com/gQAN3gcOAa",
                "expanded_url": "https://twitter.com/NYBizJournal/status/1118046754199560192/photo/1",
                "type": "photo",
                "sizes": {
                    "thumb": {
                        "w": 150,
                        "h": 150,
                        "resize": "crop"
                    },
                    "small": {
                        "w": 680,
                        "h": 382,
                        "resize": "fit"
                    },
                    "large": {
                        "w": 1024,
                        "h": 575,
                        "resize": "fit"
                    },
                    "medium": {
                        "w": 1024,
                        "h": 575,
                        "resize": "fit"
                    }
                }
            }
        ]
    },
    "extended_entities": {
        "media": [
            {
                "id": 1118046752706371585,
                "id_str": "1118046752706371585",
                "indices": [
                    102,
                    125
                ],
                "media_url": "http://pbs.twimg.com/media/D4QZmRFXoAEk3Q-.jpg",
                "media_url_https": "https://pbs.twimg.com/media/D4QZmRFXoAEk3Q-.jpg",
                "url": "https://t.co/gQAN3gcOAa",
                "display_url": "pic.twitter.com/gQAN3gcOAa",
                "expanded_url": "https://twitter.com/NYBizJournal/status/1118046754199560192/photo/1",
                "type": "photo",
                "sizes": {
                    "thumb": {
                        "w": 150,
                        "h": 150,
                        "resize": "crop"
                    },
                    "small": {
                        "w": 680,
                        "h": 382,
                        "resize": "fit"
                    },
                    "large": {
                        "w": 1024,
                        "h": 575,
                        "resize": "fit"
                    },
                    "medium": {
                        "w": 1024,
                        "h": 575,
                        "resize": "fit"
                    }
                }
            }
        ]
    },
    "metadata": {
        "iso_language_code": "en",
        "result_type": "recent"
    },
    "source": "<a href=\"http://trueanthem.com/\" rel=\"nofollow\">trueAnthem</a>",
    "in_reply_to_status_id": null,
    "in_reply_to_status_id_str": null,
    "in_reply_to_user_id": null,
    "in_reply_to_user_id_str": null,
    "in_reply_to_screen_name": null,
    "user": {
        "id": 803176838,
        "id_str": "803176838",
        "name": "NY Business Journal",
        "screen_name": "NYBizJournal",
        "location": "New York, USA",
        "description": "New York Business Journal is a digital media publication that provides the latest business news and events! Sign up for the newsletter: https://t.co/oqWbM0BBDS",
        "url": "https://t.co/QtdMsoacdC",
        "entities": {
            "url": {
                "urls": [
                    {
                        "url": "https://t.co/QtdMsoacdC",
                        "expanded_url": "https://www.bizjournals.com/newyork",
                        "display_url": "bizjournals.com/newyork",
                        "indices": [
                            0,
                            23
                        ]
                    }
                ]
            },
            "description": {
                "urls": [
                    {
                        "url": "https://t.co/oqWbM0BBDS",
                        "expanded_url": "http://bizj.us/1p99a5",
                        "display_url": "bizj.us/1p99a5",
                        "indices": [
                            136,
                            159
                        ]
                    }
                ]
            }
        },
        "protected": false,
        "followers_count": 2837,
        "friends_count": 458,
        "listed_count": 212,
        "created_at": "Tue Sep 04 20:44:36 +0000 2012",
        "favourites_count": 337,
        "utc_offset": null,
        "time_zone": null,
        "geo_enabled": true,
        "verified": false,
        "statuses_count": 10495,
        "lang": "en",
        "contributors_enabled": false,
        "is_translator": false,
        "is_translation_enabled": false,
        "profile_background_color": "C0DEED",
        "profile_background_image_url": "http://abs.twimg.com/images/themes/theme1/bg.png",
        "profile_background_image_url_https": "https://abs.twimg.com/images/themes/theme1/bg.png",
        "profile_background_tile": false,
        "profile_image_url": "http://pbs.twimg.com/profile_images/578622321956532225/YyGYulPD_normal.png",
        "profile_image_url_https": "https://pbs.twimg.com/profile_images/578622321956532225/YyGYulPD_normal.png",
        "profile_banner_url": "https://pbs.twimg.com/profile_banners/803176838/1430255872",
        "profile_link_color": "1DA1F2",
        "profile_sidebar_border_color": "C0DEED",
        "profile_sidebar_fill_color": "DDEEF6",
        "profile_text_color": "333333",
        "profile_use_background_image": true,
        "has_extended_profile": false,
        "default_profile": true,
        "default_profile_image": false,
        "following": null,
        "follow_request_sent": null,
        "notifications": null,
        "translator_type": "none"
    },
    "geo": null,
    "coordinates": null,
    "place": null,
    "contributors": null,
    "is_quote_status": false,
    "retweet_count": 0,
    "favorite_count": 0,
    "favorited": false,
    "retweeted": false,
    "possibly_sensitive": false,
    "lang": "en"
}