{
    "created_at": "Tue Apr 16 06:58:36 +0000 2019",
    "id": 1118046015121235968,
    "id_str": "1118046015121235968",
    "text": "Citi Bike Pulls New Electric Bikes Off Streets, Citing Safety Concerns https://t.co/nrRX4r5MQP",
    "truncated": false,
    "entities": {
        "hashtags": [],
        "symbols": [],
        "user_mentions": [],
        "urls": [
            {
                "url": "https://t.co/nrRX4r5MQP",
                "expanded_url": "https://www.nytimes.com/2019/04/15/nyregion/citi-bike-electric.html",
                "display_url": "nytimes.com/2019/04/15/nyr\u2026",
                "indices": [
                    71,
                    94
                ]
            }
        ]
    },
    "metadata": {
        "iso_language_code": "en",
        "result_type": "recent"
    },
    "source": "<a href=\"https://paper.li\" rel=\"nofollow\">Paper.li</a>",
    "in_reply_to_status_id": null,
    "in_reply_to_status_id_str": null,
    "in_reply_to_user_id": null,
    "in_reply_to_user_id_str": null,
    "in_reply_to_screen_name": null,
    "user": {
        "id": 172258680,
        "id_str": "172258680",
        "name": "The Hobby Digest",
        "screen_name": "HobbyBlogger",
        "location": "North Carolina",
        "description": "A daily published online magazine, loaded with hobby information, gathered from followed tweets.",
        "url": "http://t.co/6HXAFgHKTH",
        "entities": {
            "url": {
                "urls": [
                    {
                        "url": "http://t.co/6HXAFgHKTH",
                        "expanded_url": "http://hobbyzdirect.com",
                        "display_url": "hobbyzdirect.com",
                        "indices": [
                            0,
                            22
                        ]
                    }
                ]
            },
            "description": {
                "urls": []
            }
        },
        "protected": false,
        "followers_count": 1659,
        "friends_count": 1567,
        "listed_count": 19,
        "created_at": "Thu Jul 29 07:47:49 +0000 2010",
        "favourites_count": 6,
        "utc_offset": null,
        "time_zone": null,
        "geo_enabled": false,
        "verified": false,
        "statuses_count": 3143,
        "lang": "en",
        "contributors_enabled": false,
        "is_translator": false,
        "is_translation_enabled": false,
        "profile_background_color": "C0DEED",
        "profile_background_image_url": "http://abs.twimg.com/images/themes/theme1/bg.png",
        "profile_background_image_url_https": "https://abs.twimg.com/images/themes/theme1/bg.png",
        "profile_background_tile": false,
        "profile_image_url": "http://pbs.twimg.com/profile_images/2173605390/Glowing_Z_Booth_Stamp_normal.png",
        "profile_image_url_https": "https://pbs.twimg.com/profile_images/2173605390/Glowing_Z_Booth_Stamp_normal.png",
        "profile_link_color": "0084B4",
        "profile_sidebar_border_color": "C0DEED",
        "profile_sidebar_fill_color": "DDEEF6",
        "profile_text_color": "333333",
        "profile_use_background_image": true,
        "has_extended_profile": false,
        "default_profile": false,
        "default_profile_image": false,
        "following": null,
        "follow_request_sent": null,
        "notifications": null,
        "translator_type": "none"
    },
    "geo": null,
    "coordinates": null,
    "place": null,
    "contributors": null,
    "is_quote_status": false,
    "retweet_count": 0,
    "favorite_count": 0,
    "favorited": false,
    "retweeted": false,
    "possibly_sensitive": false,
    "lang": "en"
}