{
    "created_at": "Tue Apr 16 13:55:29 +0000 2019",
    "id": 1118150924738932741,
    "id_str": "1118150924738932741",
    "text": "@MikeSharkey_ @Laurajaxheights @CitiBikeNYC @FordGoBike Citi Bike is not a charity as it\u2019s owned by Warren Buffett\u2026 https://t.co/Y95vJB9xmy",
    "truncated": true,
    "entities": {
        "hashtags": [],
        "symbols": [],
        "user_mentions": [
            {
                "screen_name": "MikeSharkey_",
                "name": "Mike Sharkey",
                "id": 40672269,
                "id_str": "40672269",
                "indices": [
                    0,
                    13
                ]
            },
            {
                "screen_name": "Laurajaxheights",
                "name": "(((Laura Newman\ud83d\udeb2)))",
                "id": 2624587553,
                "id_str": "2624587553",
                "indices": [
                    14,
                    30
                ]
            },
            {
                "screen_name": "CitiBikeNYC",
                "name": "Citi Bike",
                "id": 366631688,
                "id_str": "366631688",
                "indices": [
                    31,
                    43
                ]
            },
            {
                "screen_name": "FordGoBike",
                "name": "Ford GoBike",
                "id": 1511580332,
                "id_str": "1511580332",
                "indices": [
                    44,
                    55
                ]
            }
        ],
        "urls": [
            {
                "url": "https://t.co/Y95vJB9xmy",
                "expanded_url": "https://twitter.com/i/web/status/1118150924738932741",
                "display_url": "twitter.com/i/web/status/1\u2026",
                "indices": [
                    116,
                    139
                ]
            }
        ]
    },
    "metadata": {
        "iso_language_code": "en",
        "result_type": "recent"
    },
    "source": "<a href=\"http://twitter.com/download/iphone\" rel=\"nofollow\">Twitter for iPhone</a>",
    "in_reply_to_status_id": 1117760360382124037,
    "in_reply_to_status_id_str": "1117760360382124037",
    "in_reply_to_user_id": 40672269,
    "in_reply_to_user_id_str": "40672269",
    "in_reply_to_screen_name": "MikeSharkey_",
    "user": {
        "id": 1047533875587637248,
        "id_str": "1047533875587637248",
        "name": "Queens Trucking Parking",
        "screen_name": "ParkingQueens",
        "location": "Douglaston, Queens",
        "description": "",
        "url": null,
        "entities": {
            "description": {
                "urls": []
            }
        },
        "protected": false,
        "followers_count": 93,
        "friends_count": 196,
        "listed_count": 2,
        "created_at": "Wed Oct 03 17:08:32 +0000 2018",
        "favourites_count": 2104,
        "utc_offset": null,
        "time_zone": null,
        "geo_enabled": false,
        "verified": false,
        "statuses_count": 5561,
        "lang": "en",
        "contributors_enabled": false,
        "is_translator": false,
        "is_translation_enabled": false,
        "profile_background_color": "F5F8FA",
        "profile_background_image_url": null,
        "profile_background_image_url_https": null,
        "profile_background_tile": false,
        "profile_image_url": "http://pbs.twimg.com/profile_images/1054124878369038336/hcLQjdLi_normal.jpg",
        "profile_image_url_https": "https://pbs.twimg.com/profile_images/1054124878369038336/hcLQjdLi_normal.jpg",
        "profile_link_color": "1DA1F2",
        "profile_sidebar_border_color": "C0DEED",
        "profile_sidebar_fill_color": "DDEEF6",
        "profile_text_color": "333333",
        "profile_use_background_image": true,
        "has_extended_profile": false,
        "default_profile": true,
        "default_profile_image": false,
        "following": null,
        "follow_request_sent": null,
        "notifications": null,
        "translator_type": "none"
    },
    "geo": null,
    "coordinates": null,
    "place": null,
    "contributors": null,
    "is_quote_status": false,
    "retweet_count": 0,
    "favorite_count": 0,
    "favorited": false,
    "retweeted": false,
    "lang": "en"
}