{
    "created_at": "Tue Apr 16 15:55:30 +0000 2019",
    "id": 1118181127284457472,
    "id_str": "1118181127284457472",
    "text": "RT @jangelooff: [takes off \"Extremely Objective Reporter\" cap] As a person who previously had to walk 15 minutes to a dock in Bed Stuy ever\u2026",
    "truncated": false,
    "entities": {
        "hashtags": [],
        "symbols": [],
        "user_mentions": [
            {
                "screen_name": "jangelooff",
                "name": "Jake Offenhartz",
                "id": 263332399,
                "id_str": "263332399",
                "indices": [
                    3,
                    14
                ]
            }
        ],
        "urls": []
    },
    "metadata": {
        "iso_language_code": "en",
        "result_type": "recent"
    },
    "source": "<a href=\"https://about.twitter.com/products/tweetdeck\" rel=\"nofollow\">TweetDeck</a>",
    "in_reply_to_status_id": null,
    "in_reply_to_status_id_str": null,
    "in_reply_to_user_id": null,
    "in_reply_to_user_id_str": null,
    "in_reply_to_screen_name": null,
    "user": {
        "id": 15949714,
        "id_str": "15949714",
        "name": "Julie Wood",
        "screen_name": "juliewood",
        "location": "BROOKLYN",
        "description": "Sharing bicycles. Proud alum of @HillaryClinton 2016 & @nycmayorsoffice & @kickstarter & @georgetown. I read newspapers.",
        "url": "https://t.co/bRP9Z7nwjB",
        "entities": {
            "url": {
                "urls": [
                    {
                        "url": "https://t.co/bRP9Z7nwjB",
                        "expanded_url": "http://swimmingholes.org/",
                        "display_url": "swimmingholes.org",
                        "indices": [
                            0,
                            23
                        ]
                    }
                ]
            },
            "description": {
                "urls": []
            }
        },
        "protected": false,
        "followers_count": 3843,
        "friends_count": 2956,
        "listed_count": 119,
        "created_at": "Fri Aug 22 20:23:12 +0000 2008",
        "favourites_count": 19135,
        "utc_offset": null,
        "time_zone": null,
        "geo_enabled": true,
        "verified": false,
        "statuses_count": 7480,
        "lang": "en",
        "contributors_enabled": false,
        "is_translator": false,
        "is_translation_enabled": false,
        "profile_background_color": "BADFCD",
        "profile_background_image_url": "http://abs.twimg.com/images/themes/theme12/bg.gif",
        "profile_background_image_url_https": "https://abs.twimg.com/images/themes/theme12/bg.gif",
        "profile_background_tile": true,
        "profile_image_url": "http://pbs.twimg.com/profile_images/1006163971257389056/mwiQTyKG_normal.jpg",
        "profile_image_url_https": "https://pbs.twimg.com/profile_images/1006163971257389056/mwiQTyKG_normal.jpg",
        "profile_banner_url": "https://pbs.twimg.com/profile_banners/15949714/1501624826",
        "profile_link_color": "FF0000",
        "profile_sidebar_border_color": "FFFFFF",
        "profile_sidebar_fill_color": "FFF7CC",
        "profile_text_color": "0C3E53",
        "profile_use_background_image": true,
        "has_extended_profile": false,
        "default_profile": false,
        "default_profile_image": false,
        "following": null,
        "follow_request_sent": null,
        "notifications": null,
        "translator_type": "none"
    },
    "geo": null,
    "coordinates": null,
    "place": null,
    "contributors": null,
    "retweeted_status": {
        "created_at": "Tue Apr 16 15:43:26 +0000 2019",
        "id": 1118178091719958530,
        "id_str": "1118178091719958530",
        "text": "[takes off \"Extremely Objective Reporter\" cap] As a person who previously had to walk 15 minutes to a dock in Bed S\u2026 https://t.co/TuQBYyj9ii",
        "truncated": true,
        "entities": {
            "hashtags": [],
            "symbols": [],
            "user_mentions": [],
            "urls": [
                {
                    "url": "https://t.co/TuQBYyj9ii",
                    "expanded_url": "https://twitter.com/i/web/status/1118178091719958530",
                    "display_url": "twitter.com/i/web/status/1\u2026",
                    "indices": [
                        117,
                        140
                    ]
                }
            ]
        },
        "metadata": {
            "iso_language_code": "en",
            "result_type": "recent"
        },
        "source": "<a href=\"http://twitter.com\" rel=\"nofollow\">Twitter Web Client</a>",
        "in_reply_to_status_id": null,
        "in_reply_to_status_id_str": null,
        "in_reply_to_user_id": null,
        "in_reply_to_user_id_str": null,
        "in_reply_to_screen_name": null,
        "user": {
            "id": 263332399,
            "id_str": "263332399",
            "name": "Jake Offenhartz",
            "screen_name": "jangelooff",
            "location": "New York, NY",
            "description": "reporter @gothamist | making lemonade from city juice | tips to joffenhartz at gothamist dot com",
            "url": null,
            "entities": {
                "description": {
                    "urls": []
                }
            },
            "protected": false,
            "followers_count": 2594,
            "friends_count": 1465,
            "listed_count": 57,
            "created_at": "Wed Mar 09 21:03:56 +0000 2011",
            "favourites_count": 16419,
            "utc_offset": null,
            "time_zone": null,
            "geo_enabled": true,
            "verified": false,
            "statuses_count": 3841,
            "lang": "en",
            "contributors_enabled": false,
            "is_translator": false,
            "is_translation_enabled": false,
            "profile_background_color": "000000",
            "profile_background_image_url": "http://abs.twimg.com/images/themes/theme1/bg.png",
            "profile_background_image_url_https": "https://abs.twimg.com/images/themes/theme1/bg.png",
            "profile_background_tile": false,
            "profile_image_url": "http://pbs.twimg.com/profile_images/1079867915376226306/eu-7jI_b_normal.jpg",
            "profile_image_url_https": "https://pbs.twimg.com/profile_images/1079867915376226306/eu-7jI_b_normal.jpg",
            "profile_banner_url": "https://pbs.twimg.com/profile_banners/263332399/1454263520",
            "profile_link_color": "020000",
            "profile_sidebar_border_color": "000000",
            "profile_sidebar_fill_color": "000000",
            "profile_text_color": "000000",
            "profile_use_background_image": false,
            "has_extended_profile": false,
            "default_profile": false,
            "default_profile_image": false,
            "following": null,
            "follow_request_sent": null,
            "notifications": null,
            "translator_type": "none"
        },
        "geo": null,
        "coordinates": null,
        "place": null,
        "contributors": null,
        "is_quote_status": false,
        "retweet_count": 2,
        "favorite_count": 20,
        "favorited": false,
        "retweeted": false,
        "possibly_sensitive": false,
        "lang": "en"
    },
    "is_quote_status": false,
    "retweet_count": 2,
    "favorite_count": 0,
    "favorited": false,
    "retweeted": false,
    "possibly_sensitive": false,
    "lang": "en"
}