{
    "created_at": "Thu Apr 18 13:58:47 +0000 2019",
    "id": 1118876529759543298,
    "id_str": "1118876529759543298",
    "text": "Citi Bike locations will soon appear on Lyft apps across the city. [Crain's New York Business] https://t.co/JvlAgeCtxm",
    "truncated": false,
    "entities": {
        "hashtags": [],
        "symbols": [],
        "user_mentions": [],
        "urls": [
            {
                "url": "https://t.co/JvlAgeCtxm",
                "expanded_url": "http://l.e.crainalerts.com/rts/go2.aspx?h=667529&tp=i-H43-E7-5IQ-75s8O-1n-1V9Q-1c-75kg1-1wwBxO",
                "display_url": "l.e.crainalerts.com/rts/go2.aspx?h\u2026",
                "indices": [
                    95,
                    118
                ]
            }
        ]
    },
    "metadata": {
        "iso_language_code": "en",
        "result_type": "recent"
    },
    "source": "<a href=\"http://www.facebook.com/twitter\" rel=\"nofollow\">Facebook</a>",
    "in_reply_to_status_id": null,
    "in_reply_to_status_id_str": null,
    "in_reply_to_user_id": null,
    "in_reply_to_user_id_str": null,
    "in_reply_to_screen_name": null,
    "user": {
        "id": 15523710,
        "id_str": "15523710",
        "name": "Dennis Futoryan",
        "screen_name": "dfutoryan",
        "location": "New York",
        "description": "\u201cI know simply that the sky will last longer than I.\u201d \u2014 Albert Camus. I wonder about everything and anything.\n\nOwner of the 25th Hour News.",
        "url": "https://t.co/4fGOOBIVxq",
        "entities": {
            "url": {
                "urls": [
                    {
                        "url": "https://t.co/4fGOOBIVxq",
                        "expanded_url": "https://www.linkedin.com/in/dennis-futoryan-1041316b",
                        "display_url": "linkedin.com/in/dennis-futo\u2026",
                        "indices": [
                            0,
                            23
                        ]
                    }
                ]
            },
            "description": {
                "urls": []
            }
        },
        "protected": false,
        "followers_count": 498,
        "friends_count": 1131,
        "listed_count": 32,
        "created_at": "Tue Jul 22 01:02:59 +0000 2008",
        "favourites_count": 900,
        "utc_offset": null,
        "time_zone": null,
        "geo_enabled": true,
        "verified": false,
        "statuses_count": 119722,
        "lang": "en",
        "contributors_enabled": false,
        "is_translator": false,
        "is_translation_enabled": false,
        "profile_background_color": "1B1B1F",
        "profile_background_image_url": "http://abs.twimg.com/images/themes/theme1/bg.png",
        "profile_background_image_url_https": "https://abs.twimg.com/images/themes/theme1/bg.png",
        "profile_background_tile": false,
        "profile_image_url": "http://pbs.twimg.com/profile_images/538820424680079361/kh3x5wv9_normal.jpeg",
        "profile_image_url_https": "https://pbs.twimg.com/profile_images/538820424680079361/kh3x5wv9_normal.jpeg",
        "profile_banner_url": "https://pbs.twimg.com/profile_banners/15523710/1400642967",
        "profile_link_color": "E61717",
        "profile_sidebar_border_color": "FFFFFF",
        "profile_sidebar_fill_color": "0E0E0F",
        "profile_text_color": "DBD7DB",
        "profile_use_background_image": false,
        "has_extended_profile": true,
        "default_profile": false,
        "default_profile_image": false,
        "following": null,
        "follow_request_sent": null,
        "notifications": null,
        "translator_type": "none"
    },
    "geo": null,
    "coordinates": null,
    "place": null,
    "contributors": null,
    "is_quote_status": false,
    "retweet_count": 0,
    "favorite_count": 0,
    "favorited": false,
    "retweeted": false,
    "possibly_sensitive": true,
    "lang": "en"
}