{
    "created_at": "Wed Apr 17 22:00:34 +0000 2019",
    "id": 1118635388568887296,
    "id_str": "1118635388568887296",
    "text": "Revisiting Junior's Restaurant and Bakery; See Sakura Park in Bloom; New Bushwick Citi Bike Dock Locations\u2026 https://t.co/eNjAAs3Tqt",
    "truncated": true,
    "entities": {
        "hashtags": [],
        "symbols": [],
        "user_mentions": [],
        "urls": [
            {
                "url": "https://t.co/eNjAAs3Tqt",
                "expanded_url": "https://twitter.com/i/web/status/1118635388568887296",
                "display_url": "twitter.com/i/web/status/1\u2026",
                "indices": [
                    108,
                    131
                ]
            }
        ]
    },
    "metadata": {
        "iso_language_code": "en",
        "result_type": "recent"
    },
    "source": "<a href=\"https://dlvrit.com/\" rel=\"nofollow\">dlvr.it</a>",
    "in_reply_to_status_id": null,
    "in_reply_to_status_id_str": null,
    "in_reply_to_user_id": null,
    "in_reply_to_user_id_str": null,
    "in_reply_to_screen_name": null,
    "user": {
        "id": 2859056391,
        "id_str": "2859056391",
        "name": "Viewing NYC",
        "screen_name": "viewingnyc",
        "location": "New York City",
        "description": "Viewing NYC is a site that features videos and photos of the art, comedy, culture, food, history and events of New York City.",
        "url": "https://t.co/cGGnCD0I1f",
        "entities": {
            "url": {
                "urls": [
                    {
                        "url": "https://t.co/cGGnCD0I1f",
                        "expanded_url": "https://viewing.nyc",
                        "display_url": "viewing.nyc",
                        "indices": [
                            0,
                            23
                        ]
                    }
                ]
            },
            "description": {
                "urls": []
            }
        },
        "protected": false,
        "followers_count": 114500,
        "friends_count": 11,
        "listed_count": 72,
        "created_at": "Mon Nov 03 16:34:10 +0000 2014",
        "favourites_count": 0,
        "utc_offset": null,
        "time_zone": null,
        "geo_enabled": true,
        "verified": false,
        "statuses_count": 14544,
        "lang": "en",
        "contributors_enabled": false,
        "is_translator": false,
        "is_translation_enabled": false,
        "profile_background_color": "181818",
        "profile_background_image_url": "http://abs.twimg.com/images/themes/theme1/bg.png",
        "profile_background_image_url_https": "https://abs.twimg.com/images/themes/theme1/bg.png",
        "profile_background_tile": false,
        "profile_image_url": "http://pbs.twimg.com/profile_images/537309039915302912/dIIaIEIx_normal.png",
        "profile_image_url_https": "https://pbs.twimg.com/profile_images/537309039915302912/dIIaIEIx_normal.png",
        "profile_banner_url": "https://pbs.twimg.com/profile_banners/2859056391/1460655150",
        "profile_link_color": "F7B731",
        "profile_sidebar_border_color": "000000",
        "profile_sidebar_fill_color": "000000",
        "profile_text_color": "000000",
        "profile_use_background_image": false,
        "has_extended_profile": false,
        "default_profile": false,
        "default_profile_image": false,
        "following": null,
        "follow_request_sent": null,
        "notifications": null,
        "translator_type": "none"
    },
    "geo": null,
    "coordinates": null,
    "place": null,
    "contributors": null,
    "is_quote_status": false,
    "retweet_count": 3,
    "favorite_count": 5,
    "favorited": false,
    "retweeted": false,
    "possibly_sensitive": false,
    "lang": "en"
}