{
    "created_at": "Tue Apr 16 04:46:03 +0000 2019",
    "id": 1118012654981791744,
    "id_str": "1118012654981791744",
    "text": "Lyft adds New York\u2019s Citi Bikes to its app https://t.co/lro2VLTXfr https://t.co/abs70ybKKu",
    "truncated": false,
    "entities": {
        "hashtags": [],
        "symbols": [],
        "user_mentions": [],
        "urls": [
            {
                "url": "https://t.co/lro2VLTXfr",
                "expanded_url": "https://www.engadget.com/2019/04/15/lyft-citi-bike-new-york-city/?utm_source=dlvr.it&utm_medium=twitter",
                "display_url": "engadget.com/2019/04/15/lyf\u2026",
                "indices": [
                    43,
                    66
                ]
            }
        ],
        "media": [
            {
                "id": 1118012653345992704,
                "id_str": "1118012653345992704",
                "indices": [
                    67,
                    90
                ],
                "media_url": "http://pbs.twimg.com/media/D4P6lbEUcAA6wRu.jpg",
                "media_url_https": "https://pbs.twimg.com/media/D4P6lbEUcAA6wRu.jpg",
                "url": "https://t.co/abs70ybKKu",
                "display_url": "pic.twitter.com/abs70ybKKu",
                "expanded_url": "https://twitter.com/LoMasViralViral/status/1118012654981791744/photo/1",
                "type": "photo",
                "sizes": {
                    "thumb": {
                        "w": 150,
                        "h": 150,
                        "resize": "crop"
                    },
                    "small": {
                        "w": 680,
                        "h": 357,
                        "resize": "fit"
                    },
                    "medium": {
                        "w": 1200,
                        "h": 630,
                        "resize": "fit"
                    },
                    "large": {
                        "w": 1200,
                        "h": 630,
                        "resize": "fit"
                    }
                }
            }
        ]
    },
    "extended_entities": {
        "media": [
            {
                "id": 1118012653345992704,
                "id_str": "1118012653345992704",
                "indices": [
                    67,
                    90
                ],
                "media_url": "http://pbs.twimg.com/media/D4P6lbEUcAA6wRu.jpg",
                "media_url_https": "https://pbs.twimg.com/media/D4P6lbEUcAA6wRu.jpg",
                "url": "https://t.co/abs70ybKKu",
                "display_url": "pic.twitter.com/abs70ybKKu",
                "expanded_url": "https://twitter.com/LoMasViralViral/status/1118012654981791744/photo/1",
                "type": "photo",
                "sizes": {
                    "thumb": {
                        "w": 150,
                        "h": 150,
                        "resize": "crop"
                    },
                    "small": {
                        "w": 680,
                        "h": 357,
                        "resize": "fit"
                    },
                    "medium": {
                        "w": 1200,
                        "h": 630,
                        "resize": "fit"
                    },
                    "large": {
                        "w": 1200,
                        "h": 630,
                        "resize": "fit"
                    }
                }
            }
        ]
    },
    "metadata": {
        "iso_language_code": "en",
        "result_type": "recent"
    },
    "source": "<a href=\"https://dlvrit.com/\" rel=\"nofollow\">dlvr.it</a>",
    "in_reply_to_status_id": null,
    "in_reply_to_status_id_str": null,
    "in_reply_to_user_id": null,
    "in_reply_to_user_id_str": null,
    "in_reply_to_screen_name": null,
    "user": {
        "id": 908583046257037313,
        "id_str": "908583046257037313",
        "name": "LoMasViralDeLoViral",
        "screen_name": "LoMasViralViral",
        "location": "M\u00e9xico",
        "description": "Lo m\u00e1s viral de la internet!",
        "url": null,
        "entities": {
            "description": {
                "urls": []
            }
        },
        "protected": false,
        "followers_count": 6,
        "friends_count": 104,
        "listed_count": 1,
        "created_at": "Fri Sep 15 06:47:33 +0000 2017",
        "favourites_count": 0,
        "utc_offset": null,
        "time_zone": null,
        "geo_enabled": false,
        "verified": false,
        "statuses_count": 3591,
        "lang": "es",
        "contributors_enabled": false,
        "is_translator": false,
        "is_translation_enabled": false,
        "profile_background_color": "000000",
        "profile_background_image_url": "http://abs.twimg.com/images/themes/theme1/bg.png",
        "profile_background_image_url_https": "https://abs.twimg.com/images/themes/theme1/bg.png",
        "profile_background_tile": false,
        "profile_image_url": "http://pbs.twimg.com/profile_images/908600380174483457/M9y6kU1e_normal.jpg",
        "profile_image_url_https": "https://pbs.twimg.com/profile_images/908600380174483457/M9y6kU1e_normal.jpg",
        "profile_link_color": "F58EA8",
        "profile_sidebar_border_color": "000000",
        "profile_sidebar_fill_color": "000000",
        "profile_text_color": "000000",
        "profile_use_background_image": false,
        "has_extended_profile": true,
        "default_profile": false,
        "default_profile_image": false,
        "following": null,
        "follow_request_sent": null,
        "notifications": null,
        "translator_type": "none"
    },
    "geo": null,
    "coordinates": null,
    "place": null,
    "contributors": null,
    "is_quote_status": false,
    "retweet_count": 0,
    "favorite_count": 0,
    "favorited": false,
    "retweeted": false,
    "possibly_sensitive": false,
    "lang": "en"
}