{
    "created_at": "Thu Apr 18 04:28:11 +0000 2019",
    "id": 1118732935782383616,
    "id_str": "1118732935782383616",
    "text": "there\u2019s a lot lurking under the surface of Lyft\u2019s recent decision to ground its e-bike fleet over safety concerns. https://t.co/5YenQtGOUT",
    "truncated": false,
    "entities": {
        "hashtags": [],
        "symbols": [],
        "user_mentions": [],
        "urls": [
            {
                "url": "https://t.co/5YenQtGOUT",
                "expanded_url": "https://nyc.streetsblog.org/2019/04/17/anatomy-of-a-debacle-uber-and-shimano-threw-lyft-owned-citi-bike-under-the-bus/",
                "display_url": "nyc.streetsblog.org/2019/04/17/ana\u2026",
                "indices": [
                    115,
                    138
                ]
            }
        ]
    },
    "metadata": {
        "iso_language_code": "en",
        "result_type": "recent"
    },
    "source": "<a href=\"http://twitter.com/#!/download/ipad\" rel=\"nofollow\">Twitter for iPad</a>",
    "in_reply_to_status_id": null,
    "in_reply_to_status_id_str": null,
    "in_reply_to_user_id": null,
    "in_reply_to_user_id_str": null,
    "in_reply_to_screen_name": null,
    "user": {
        "id": 22560367,
        "id_str": "22560367",
        "name": "Will Nelligan",
        "screen_name": "williamnelligan",
        "location": "New York, NY",
        "description": "Building ISAs as a just and equitable financing model for education. Barely (only) speak for myself. Fmr @JainFamilyInst @RobinHoodNYC @Anthemis @SenatorHarkin.",
        "url": "https://t.co/pPX578kZLU",
        "entities": {
            "url": {
                "urls": [
                    {
                        "url": "https://t.co/pPX578kZLU",
                        "expanded_url": "http://www.educationfinanceinstitute.org",
                        "display_url": "educationfinanceinstitute.org",
                        "indices": [
                            0,
                            23
                        ]
                    }
                ]
            },
            "description": {
                "urls": []
            }
        },
        "protected": false,
        "followers_count": 977,
        "friends_count": 1540,
        "listed_count": 41,
        "created_at": "Tue Mar 03 00:41:55 +0000 2009",
        "favourites_count": 3666,
        "utc_offset": null,
        "time_zone": null,
        "geo_enabled": true,
        "verified": false,
        "statuses_count": 17278,
        "lang": "en",
        "contributors_enabled": false,
        "is_translator": false,
        "is_translation_enabled": false,
        "profile_background_color": "000000",
        "profile_background_image_url": "http://abs.twimg.com/images/themes/theme15/bg.png",
        "profile_background_image_url_https": "https://abs.twimg.com/images/themes/theme15/bg.png",
        "profile_background_tile": false,
        "profile_image_url": "http://pbs.twimg.com/profile_images/1071490805431447557/UMquCW9t_normal.jpg",
        "profile_image_url_https": "https://pbs.twimg.com/profile_images/1071490805431447557/UMquCW9t_normal.jpg",
        "profile_banner_url": "https://pbs.twimg.com/profile_banners/22560367/1499626590",
        "profile_link_color": "F94F47",
        "profile_sidebar_border_color": "000000",
        "profile_sidebar_fill_color": "000000",
        "profile_text_color": "000000",
        "profile_use_background_image": false,
        "has_extended_profile": true,
        "default_profile": false,
        "default_profile_image": false,
        "following": null,
        "follow_request_sent": null,
        "notifications": null,
        "translator_type": "none"
    },
    "geo": null,
    "coordinates": null,
    "place": null,
    "contributors": null,
    "is_quote_status": false,
    "retweet_count": 0,
    "favorite_count": 0,
    "favorited": false,
    "retweeted": false,
    "possibly_sensitive": false,
    "lang": "en"
}