{
    "created_at": "Tue Apr 16 11:20:07 +0000 2019",
    "id": 1118111826703736832,
    "id_str": "1118111826703736832",
    "text": "\ud83d\udc46\ud83c\udffbTold ya when the ipo launched my spidey senses were tingling \ud83d\udc47\ud83c\udffb \n\nLyft pulls thousands of e-bikes out of service\u2026 https://t.co/qX0iD8bAfa",
    "truncated": true,
    "entities": {
        "hashtags": [],
        "symbols": [],
        "user_mentions": [],
        "urls": [
            {
                "url": "https://t.co/qX0iD8bAfa",
                "expanded_url": "https://twitter.com/i/web/status/1118111826703736832",
                "display_url": "twitter.com/i/web/status/1\u2026",
                "indices": [
                    116,
                    139
                ]
            }
        ]
    },
    "metadata": {
        "iso_language_code": "en",
        "result_type": "recent"
    },
    "source": "<a href=\"http://twitter.com/download/iphone\" rel=\"nofollow\">Twitter for iPhone</a>",
    "in_reply_to_status_id": 1111357868924649472,
    "in_reply_to_status_id_str": "1111357868924649472",
    "in_reply_to_user_id": 1055182494667026432,
    "in_reply_to_user_id_str": "1055182494667026432",
    "in_reply_to_screen_name": "SilenceQgood",
    "user": {
        "id": 1055182494667026432,
        "id_str": "1055182494667026432",
        "name": "Silence Qgood Letters \ud83c\uddfa\ud83c\uddf8",
        "screen_name": "SilenceQgood",
        "location": "",
        "description": "American Patriot \ud83c\uddfa\ud83c\uddf8 Q \ud83d\udc07 Perpetrator of Mischief & Shenanigans that\u2019s addicted to Pepsi and all things Marvel.",
        "url": null,
        "entities": {
            "description": {
                "urls": []
            }
        },
        "protected": false,
        "followers_count": 3161,
        "friends_count": 3809,
        "listed_count": 0,
        "created_at": "Wed Oct 24 19:41:25 +0000 2018",
        "favourites_count": 4302,
        "utc_offset": null,
        "time_zone": null,
        "geo_enabled": false,
        "verified": false,
        "statuses_count": 3683,
        "lang": "en",
        "contributors_enabled": false,
        "is_translator": false,
        "is_translation_enabled": false,
        "profile_background_color": "F5F8FA",
        "profile_background_image_url": null,
        "profile_background_image_url_https": null,
        "profile_background_tile": false,
        "profile_image_url": "http://pbs.twimg.com/profile_images/1111752916002578433/Tax1aatd_normal.jpg",
        "profile_image_url_https": "https://pbs.twimg.com/profile_images/1111752916002578433/Tax1aatd_normal.jpg",
        "profile_banner_url": "https://pbs.twimg.com/profile_banners/1055182494667026432/1540831906",
        "profile_link_color": "1DA1F2",
        "profile_sidebar_border_color": "C0DEED",
        "profile_sidebar_fill_color": "DDEEF6",
        "profile_text_color": "333333",
        "profile_use_background_image": true,
        "has_extended_profile": false,
        "default_profile": true,
        "default_profile_image": false,
        "following": null,
        "follow_request_sent": null,
        "notifications": null,
        "translator_type": "none"
    },
    "geo": null,
    "coordinates": null,
    "place": null,
    "contributors": null,
    "is_quote_status": false,
    "retweet_count": 0,
    "favorite_count": 0,
    "favorited": false,
    "retweeted": false,
    "possibly_sensitive": false,
    "lang": "en"
}