{
    "created_at": "Tue Apr 16 15:01:39 +0000 2019",
    "id": 1118167577325215744,
    "id_str": "1118167577325215744",
    "text": "RT @leandrobutteri: Have you ever wonder how many minutes a single Citi Bike takes during a Year? What about riding the bike #30657? Amazin\u2026",
    "truncated": false,
    "entities": {
        "hashtags": [],
        "symbols": [],
        "user_mentions": [
            {
                "screen_name": "leandrobutteri",
                "name": "Leandro Butteri",
                "id": 132735321,
                "id_str": "132735321",
                "indices": [
                    3,
                    18
                ]
            }
        ],
        "urls": []
    },
    "metadata": {
        "iso_language_code": "en",
        "result_type": "recent"
    },
    "source": "<a href=\"http://web2news.com\" rel=\"nofollow\">Machine Learning Digest</a>",
    "in_reply_to_status_id": null,
    "in_reply_to_status_id_str": null,
    "in_reply_to_user_id": null,
    "in_reply_to_user_id_str": null,
    "in_reply_to_screen_name": null,
    "user": {
        "id": 869794196294520832,
        "id_str": "869794196294520832",
        "name": "Machine Learning",
        "screen_name": "machinelearn_d",
        "location": "The Earth",
        "description": "Machine Learning Digest.  Powered by https://t.co/rHlyfdPfTj",
        "url": null,
        "entities": {
            "description": {
                "urls": [
                    {
                        "url": "https://t.co/rHlyfdPfTj",
                        "expanded_url": "http://SimbaSystems.com",
                        "display_url": "SimbaSystems.com",
                        "indices": [
                            37,
                            60
                        ]
                    }
                ]
            }
        },
        "protected": false,
        "followers_count": 8477,
        "friends_count": 0,
        "listed_count": 173,
        "created_at": "Wed May 31 05:54:31 +0000 2017",
        "favourites_count": 2,
        "utc_offset": null,
        "time_zone": null,
        "geo_enabled": false,
        "verified": false,
        "statuses_count": 218694,
        "lang": "en",
        "contributors_enabled": false,
        "is_translator": false,
        "is_translation_enabled": false,
        "profile_background_color": "F5F8FA",
        "profile_background_image_url": null,
        "profile_background_image_url_https": null,
        "profile_background_tile": false,
        "profile_image_url": "http://pbs.twimg.com/profile_images/869962597424025601/3NHd0kZ__normal.jpg",
        "profile_image_url_https": "https://pbs.twimg.com/profile_images/869962597424025601/3NHd0kZ__normal.jpg",
        "profile_link_color": "1DA1F2",
        "profile_sidebar_border_color": "C0DEED",
        "profile_sidebar_fill_color": "DDEEF6",
        "profile_text_color": "333333",
        "profile_use_background_image": true,
        "has_extended_profile": false,
        "default_profile": true,
        "default_profile_image": false,
        "following": null,
        "follow_request_sent": null,
        "notifications": null,
        "translator_type": "none"
    },
    "geo": null,
    "coordinates": null,
    "place": null,
    "contributors": null,
    "retweeted_status": {
        "created_at": "Tue Apr 16 14:00:39 +0000 2019",
        "id": 1118152225497538560,
        "id_str": "1118152225497538560",
        "text": "Have you ever wonder how many minutes a single Citi Bike takes during a Year? What about riding the bike #30657? Am\u2026 https://t.co/moAJriW9L9",
        "truncated": true,
        "entities": {
            "hashtags": [],
            "symbols": [],
            "user_mentions": [],
            "urls": [
                {
                    "url": "https://t.co/moAJriW9L9",
                    "expanded_url": "https://twitter.com/i/web/status/1118152225497538560",
                    "display_url": "twitter.com/i/web/status/1\u2026",
                    "indices": [
                        117,
                        140
                    ]
                }
            ]
        },
        "metadata": {
            "iso_language_code": "en",
            "result_type": "recent"
        },
        "source": "<a href=\"http://twitter.com\" rel=\"nofollow\">Twitter Web Client</a>",
        "in_reply_to_status_id": null,
        "in_reply_to_status_id_str": null,
        "in_reply_to_user_id": null,
        "in_reply_to_user_id_str": null,
        "in_reply_to_screen_name": null,
        "user": {
            "id": 132735321,
            "id_str": "132735321",
            "name": "Leandro Butteri",
            "screen_name": "leandrobutteri",
            "location": "Brooklyn, NY",
            "description": "Human Centered Designer & UX Researcher",
            "url": "https://t.co/bd4fFrlKbQ",
            "entities": {
                "url": {
                    "urls": [
                        {
                            "url": "https://t.co/bd4fFrlKbQ",
                            "expanded_url": "http://www.linkedin.com/in/leandrobutteri",
                            "display_url": "linkedin.com/in/leandrobutt\u2026",
                            "indices": [
                                0,
                                23
                            ]
                        }
                    ]
                },
                "description": {
                    "urls": []
                }
            },
            "protected": false,
            "followers_count": 443,
            "friends_count": 744,
            "listed_count": 87,
            "created_at": "Wed Apr 14 01:45:36 +0000 2010",
            "favourites_count": 1550,
            "utc_offset": null,
            "time_zone": null,
            "geo_enabled": true,
            "verified": false,
            "statuses_count": 2471,
            "lang": "en",
            "contributors_enabled": false,
            "is_translator": false,
            "is_translation_enabled": false,
            "profile_background_color": "262626",
            "profile_background_image_url": "http://abs.twimg.com/images/themes/theme16/bg.gif",
            "profile_background_image_url_https": "https://abs.twimg.com/images/themes/theme16/bg.gif",
            "profile_background_tile": true,
            "profile_image_url": "http://pbs.twimg.com/profile_images/1046761247394459648/dTT5sND3_normal.jpg",
            "profile_image_url_https": "https://pbs.twimg.com/profile_images/1046761247394459648/dTT5sND3_normal.jpg",
            "profile_banner_url": "https://pbs.twimg.com/profile_banners/132735321/1538402305",
            "profile_link_color": "0461AD",
            "profile_sidebar_border_color": "FFFFFF",
            "profile_sidebar_fill_color": "F0F0F0",
            "profile_text_color": "1979C2",
            "profile_use_background_image": false,
            "has_extended_profile": false,
            "default_profile": false,
            "default_profile_image": false,
            "following": null,
            "follow_request_sent": null,
            "notifications": null,
            "translator_type": "none"
        },
        "geo": null,
        "coordinates": null,
        "place": null,
        "contributors": null,
        "is_quote_status": false,
        "retweet_count": 1,
        "favorite_count": 1,
        "favorited": false,
        "retweeted": false,
        "possibly_sensitive": true,
        "lang": "en"
    },
    "is_quote_status": false,
    "retweet_count": 1,
    "favorite_count": 0,
    "favorited": false,
    "retweeted": false,
    "lang": "en"
}