{
    "created_at": "Tue Apr 16 10:25:43 +0000 2019",
    "id": 1118098136982065153,
    "id_str": "1118098136982065153",
    "text": "\"Citi Bike\u2019s Electric Bikes Are Fast. But Are They Dangerous?\" by AZI PAYBARAH via NYT The New York Times https://t.co/SvAccUJt3F",
    "truncated": false,
    "entities": {
        "hashtags": [],
        "symbols": [],
        "user_mentions": [],
        "urls": [
            {
                "url": "https://t.co/SvAccUJt3F",
                "expanded_url": "https://nyti.ms/2XectlN",
                "display_url": "nyti.ms/2XectlN",
                "indices": [
                    106,
                    129
                ]
            }
        ]
    },
    "metadata": {
        "iso_language_code": "en",
        "result_type": "recent"
    },
    "source": "<a href=\"https://ifttt.com\" rel=\"nofollow\">IFTTT</a>",
    "in_reply_to_status_id": null,
    "in_reply_to_status_id_str": null,
    "in_reply_to_user_id": null,
    "in_reply_to_user_id_str": null,
    "in_reply_to_screen_name": null,
    "user": {
        "id": 2759754440,
        "id_str": "2759754440",
        "name": "MelindaLynn",
        "screen_name": "allsweetness13",
        "location": "Boston, MA",
        "description": "I'm am a blogger.  I'm interested in  Affiliate Marketing. , Exp Exec Asst,  operations mgr, Book keeping.",
        "url": "https://t.co/t66IWZ7uTb",
        "entities": {
            "url": {
                "urls": [
                    {
                        "url": "https://t.co/t66IWZ7uTb",
                        "expanded_url": "http://www.pinterest.com/melinda4288",
                        "display_url": "pinterest.com/melinda4288",
                        "indices": [
                            0,
                            23
                        ]
                    }
                ]
            },
            "description": {
                "urls": []
            }
        },
        "protected": false,
        "followers_count": 1617,
        "friends_count": 1728,
        "listed_count": 147,
        "created_at": "Sat Aug 23 18:22:51 +0000 2014",
        "favourites_count": 2165,
        "utc_offset": null,
        "time_zone": null,
        "geo_enabled": true,
        "verified": false,
        "statuses_count": 110538,
        "lang": "en",
        "contributors_enabled": false,
        "is_translator": false,
        "is_translation_enabled": false,
        "profile_background_color": "BADFCD",
        "profile_background_image_url": "http://abs.twimg.com/images/themes/theme1/bg.png",
        "profile_background_image_url_https": "https://abs.twimg.com/images/themes/theme1/bg.png",
        "profile_background_tile": false,
        "profile_image_url": "http://pbs.twimg.com/profile_images/1116261452413849601/UwEm5rTK_normal.jpg",
        "profile_image_url_https": "https://pbs.twimg.com/profile_images/1116261452413849601/UwEm5rTK_normal.jpg",
        "profile_banner_url": "https://pbs.twimg.com/profile_banners/2759754440/1531329154",
        "profile_link_color": "9266CC",
        "profile_sidebar_border_color": "000000",
        "profile_sidebar_fill_color": "000000",
        "profile_text_color": "000000",
        "profile_use_background_image": true,
        "has_extended_profile": true,
        "default_profile": false,
        "default_profile_image": false,
        "following": null,
        "follow_request_sent": null,
        "notifications": null,
        "translator_type": "none"
    },
    "geo": null,
    "coordinates": null,
    "place": null,
    "contributors": null,
    "is_quote_status": false,
    "retweet_count": 0,
    "favorite_count": 0,
    "favorited": false,
    "retweeted": false,
    "possibly_sensitive": false,
    "lang": "en"
}