{
    "created_at": "Tue Apr 16 15:41:02 +0000 2019",
    "id": 1118177488553701376,
    "id_str": "1118177488553701376",
    "text": "Bushwick &amp; Williamsburg: Here Are Your New Citi Bike Stations https://t.co/pByauXuzqg https://t.co/XC0cjNavGr",
    "truncated": false,
    "entities": {
        "hashtags": [],
        "symbols": [],
        "user_mentions": [],
        "urls": [
            {
                "url": "https://t.co/pByauXuzqg",
                "expanded_url": "http://gothamist.com/2019/04/16/bushwick_new_citibike_stations.php?utm_source=dlvr.it&utm_medium=twitter",
                "display_url": "gothamist.com/2019/04/16/bus\u2026",
                "indices": [
                    66,
                    89
                ]
            }
        ],
        "media": [
            {
                "id": 1118177487119237122,
                "id_str": "1118177487119237122",
                "indices": [
                    90,
                    113
                ],
                "media_url": "http://pbs.twimg.com/media/D4SQgAuUwAIjD0K.jpg",
                "media_url_https": "https://pbs.twimg.com/media/D4SQgAuUwAIjD0K.jpg",
                "url": "https://t.co/XC0cjNavGr",
                "display_url": "pic.twitter.com/XC0cjNavGr",
                "expanded_url": "https://twitter.com/J_Mi_Cha/status/1118177488553701376/photo/1",
                "type": "photo",
                "sizes": {
                    "large": {
                        "w": 640,
                        "h": 399,
                        "resize": "fit"
                    },
                    "medium": {
                        "w": 640,
                        "h": 399,
                        "resize": "fit"
                    },
                    "thumb": {
                        "w": 150,
                        "h": 150,
                        "resize": "crop"
                    },
                    "small": {
                        "w": 640,
                        "h": 399,
                        "resize": "fit"
                    }
                }
            }
        ]
    },
    "extended_entities": {
        "media": [
            {
                "id": 1118177487119237122,
                "id_str": "1118177487119237122",
                "indices": [
                    90,
                    113
                ],
                "media_url": "http://pbs.twimg.com/media/D4SQgAuUwAIjD0K.jpg",
                "media_url_https": "https://pbs.twimg.com/media/D4SQgAuUwAIjD0K.jpg",
                "url": "https://t.co/XC0cjNavGr",
                "display_url": "pic.twitter.com/XC0cjNavGr",
                "expanded_url": "https://twitter.com/J_Mi_Cha/status/1118177488553701376/photo/1",
                "type": "photo",
                "sizes": {
                    "large": {
                        "w": 640,
                        "h": 399,
                        "resize": "fit"
                    },
                    "medium": {
                        "w": 640,
                        "h": 399,
                        "resize": "fit"
                    },
                    "thumb": {
                        "w": 150,
                        "h": 150,
                        "resize": "crop"
                    },
                    "small": {
                        "w": 640,
                        "h": 399,
                        "resize": "fit"
                    }
                }
            }
        ]
    },
    "metadata": {
        "iso_language_code": "en",
        "result_type": "recent"
    },
    "source": "<a href=\"https://dlvrit.com/\" rel=\"nofollow\">dlvr.it</a>",
    "in_reply_to_status_id": null,
    "in_reply_to_status_id_str": null,
    "in_reply_to_user_id": null,
    "in_reply_to_user_id_str": null,
    "in_reply_to_screen_name": null,
    "user": {
        "id": 1034163940354338816,
        "id_str": "1034163940354338816",
        "name": "J_Mi_Cha",
        "screen_name": "J_Mi_Cha",
        "location": "New York, USA",
        "description": "Real Estate Consultant| Certified Home Stager | Writer | MRE in Real Estate - Finance & Investment, NYU | M.A. in English - Hofstra University",
        "url": "https://t.co/2NzTsJxe3B",
        "entities": {
            "url": {
                "urls": [
                    {
                        "url": "https://t.co/2NzTsJxe3B",
                        "expanded_url": "http://www.judymwilliams.com",
                        "display_url": "judymwilliams.com",
                        "indices": [
                            0,
                            23
                        ]
                    }
                ]
            },
            "description": {
                "urls": []
            }
        },
        "protected": false,
        "followers_count": 22,
        "friends_count": 84,
        "listed_count": 0,
        "created_at": "Mon Aug 27 19:41:12 +0000 2018",
        "favourites_count": 408,
        "utc_offset": null,
        "time_zone": null,
        "geo_enabled": true,
        "verified": false,
        "statuses_count": 1452,
        "lang": "en",
        "contributors_enabled": false,
        "is_translator": false,
        "is_translation_enabled": false,
        "profile_background_color": "000000",
        "profile_background_image_url": "http://abs.twimg.com/images/themes/theme1/bg.png",
        "profile_background_image_url_https": "https://abs.twimg.com/images/themes/theme1/bg.png",
        "profile_background_tile": false,
        "profile_image_url": "http://pbs.twimg.com/profile_images/1072956936046477317/3aPJEklJ_normal.jpg",
        "profile_image_url_https": "https://pbs.twimg.com/profile_images/1072956936046477317/3aPJEklJ_normal.jpg",
        "profile_banner_url": "https://pbs.twimg.com/profile_banners/1034163940354338816/1549286182",
        "profile_link_color": "981CEB",
        "profile_sidebar_border_color": "000000",
        "profile_sidebar_fill_color": "000000",
        "profile_text_color": "000000",
        "profile_use_background_image": false,
        "has_extended_profile": true,
        "default_profile": false,
        "default_profile_image": false,
        "following": null,
        "follow_request_sent": null,
        "notifications": null,
        "translator_type": "none"
    },
    "geo": null,
    "coordinates": null,
    "place": null,
    "contributors": null,
    "is_quote_status": false,
    "retweet_count": 0,
    "favorite_count": 0,
    "favorited": false,
    "retweeted": false,
    "possibly_sensitive": false,
    "lang": "en"
}