{
    "created_at": "Tue Apr 16 19:33:47 +0000 2019",
    "id": 1118236061388423170,
    "id_str": "1118236061388423170",
    "text": "No Quick Fix in Sight for Citi Bike E-Saster; de Blasio Not Concerned https://t.co/uWM7zJKuzr via @StreetsblogNYC @citibikenyc #ebike",
    "truncated": false,
    "entities": {
        "hashtags": [
            {
                "text": "ebike",
                "indices": [
                    127,
                    133
                ]
            }
        ],
        "symbols": [],
        "user_mentions": [
            {
                "screen_name": "StreetsblogNYC",
                "name": "Streetsblog New York",
                "id": 128750686,
                "id_str": "128750686",
                "indices": [
                    98,
                    113
                ]
            },
            {
                "screen_name": "CitiBikeNYC",
                "name": "Citi Bike",
                "id": 366631688,
                "id_str": "366631688",
                "indices": [
                    114,
                    126
                ]
            }
        ],
        "urls": [
            {
                "url": "https://t.co/uWM7zJKuzr",
                "expanded_url": "https://nyc.streetsblog.org/2019/04/15/no-quick-fix-in-sight-for-citi-bike-e-saster/",
                "display_url": "nyc.streetsblog.org/2019/04/15/no-\u2026",
                "indices": [
                    70,
                    93
                ]
            }
        ]
    },
    "metadata": {
        "iso_language_code": "en",
        "result_type": "recent"
    },
    "source": "<a href=\"http://twitter.com\" rel=\"nofollow\">Twitter Web Client</a>",
    "in_reply_to_status_id": null,
    "in_reply_to_status_id_str": null,
    "in_reply_to_user_id": null,
    "in_reply_to_user_id_str": null,
    "in_reply_to_screen_name": null,
    "user": {
        "id": 60071441,
        "id_str": "60071441",
        "name": "Joel Epstein",
        "screen_name": "thejoelepstein",
        "location": "New York & Los Angeles",
        "description": "Cosmopolitan",
        "url": "http://t.co/uFZaxd6KRm",
        "entities": {
            "url": {
                "urls": [
                    {
                        "url": "http://t.co/uFZaxd6KRm",
                        "expanded_url": "http://joelepstein.com/",
                        "display_url": "joelepstein.com",
                        "indices": [
                            0,
                            22
                        ]
                    }
                ]
            },
            "description": {
                "urls": []
            }
        },
        "protected": false,
        "followers_count": 1437,
        "friends_count": 1315,
        "listed_count": 146,
        "created_at": "Sat Jul 25 14:45:41 +0000 2009",
        "favourites_count": 772,
        "utc_offset": null,
        "time_zone": null,
        "geo_enabled": true,
        "verified": false,
        "statuses_count": 14576,
        "lang": "en",
        "contributors_enabled": false,
        "is_translator": false,
        "is_translation_enabled": false,
        "profile_background_color": "FFAD0A",
        "profile_background_image_url": "http://abs.twimg.com/images/themes/theme1/bg.png",
        "profile_background_image_url_https": "https://abs.twimg.com/images/themes/theme1/bg.png",
        "profile_background_tile": false,
        "profile_image_url": "http://pbs.twimg.com/profile_images/1116881913720004608/lq8zD2rN_normal.png",
        "profile_image_url_https": "https://pbs.twimg.com/profile_images/1116881913720004608/lq8zD2rN_normal.png",
        "profile_link_color": "0084B4",
        "profile_sidebar_border_color": "FFAC12",
        "profile_sidebar_fill_color": "FFA30F",
        "profile_text_color": "333333",
        "profile_use_background_image": true,
        "has_extended_profile": false,
        "default_profile": false,
        "default_profile_image": false,
        "following": null,
        "follow_request_sent": null,
        "notifications": null,
        "translator_type": "none"
    },
    "geo": null,
    "coordinates": null,
    "place": null,
    "contributors": null,
    "is_quote_status": false,
    "retweet_count": 0,
    "favorite_count": 0,
    "favorited": false,
    "retweeted": false,
    "possibly_sensitive": false,
    "lang": "en"
}