{
    "created_at": "Wed Apr 17 23:29:17 +0000 2019",
    "id": 1118657715419504641,
    "id_str": "1118657715419504641",
    "text": "Anatomy of a Debacle: Uber and Shimano Threw Lyft-Owned Citi Bike Under the Bus https://t.co/LCB7BahkR4 via @StreetsblogNYC",
    "truncated": false,
    "entities": {
        "hashtags": [],
        "symbols": [],
        "user_mentions": [
            {
                "screen_name": "StreetsblogNYC",
                "name": "Streetsblog New York",
                "id": 128750686,
                "id_str": "128750686",
                "indices": [
                    108,
                    123
                ]
            }
        ],
        "urls": [
            {
                "url": "https://t.co/LCB7BahkR4",
                "expanded_url": "https://nyc.streetsblog.org/2019/04/17/anatomy-of-a-debacle-uber-and-shimano-threw-lyft-owned-citi-bike-under-the-bus/",
                "display_url": "nyc.streetsblog.org/2019/04/17/ana\u2026",
                "indices": [
                    80,
                    103
                ]
            }
        ]
    },
    "metadata": {
        "iso_language_code": "en",
        "result_type": "recent"
    },
    "source": "<a href=\"http://twitter.com/download/iphone\" rel=\"nofollow\">Twitter for iPhone</a>",
    "in_reply_to_status_id": null,
    "in_reply_to_status_id_str": null,
    "in_reply_to_user_id": null,
    "in_reply_to_user_id_str": null,
    "in_reply_to_screen_name": null,
    "user": {
        "id": 15225335,
        "id_str": "15225335",
        "name": "calitexican",
        "screen_name": "calitexican",
        "location": "san francisco",
        "description": "born and raised in ATX. then i rode the sanfrooklyn bridge to the west side.",
        "url": "http://t.co/T0UW806XB9",
        "entities": {
            "url": {
                "urls": [
                    {
                        "url": "http://t.co/T0UW806XB9",
                        "expanded_url": "http://changeyourliferideabike.blogspot.com",
                        "display_url": "changeyourliferideabike.blogspot.com",
                        "indices": [
                            0,
                            22
                        ]
                    }
                ]
            },
            "description": {
                "urls": []
            }
        },
        "protected": false,
        "followers_count": 303,
        "friends_count": 1016,
        "listed_count": 17,
        "created_at": "Tue Jun 24 23:31:50 +0000 2008",
        "favourites_count": 45659,
        "utc_offset": null,
        "time_zone": null,
        "geo_enabled": true,
        "verified": false,
        "statuses_count": 24920,
        "lang": "en",
        "contributors_enabled": false,
        "is_translator": false,
        "is_translation_enabled": false,
        "profile_background_color": "BADFCD",
        "profile_background_image_url": "http://abs.twimg.com/images/themes/theme12/bg.gif",
        "profile_background_image_url_https": "https://abs.twimg.com/images/themes/theme12/bg.gif",
        "profile_background_tile": true,
        "profile_image_url": "http://pbs.twimg.com/profile_images/1163015689/outside_lands_hat_glasses_pipe_normal.jpg",
        "profile_image_url_https": "https://pbs.twimg.com/profile_images/1163015689/outside_lands_hat_glasses_pipe_normal.jpg",
        "profile_banner_url": "https://pbs.twimg.com/profile_banners/15225335/1364142705",
        "profile_link_color": "FF0000",
        "profile_sidebar_border_color": "FFFFFF",
        "profile_sidebar_fill_color": "FFF7CC",
        "profile_text_color": "0C3E53",
        "profile_use_background_image": true,
        "has_extended_profile": false,
        "default_profile": false,
        "default_profile_image": false,
        "following": null,
        "follow_request_sent": null,
        "notifications": null,
        "translator_type": "none"
    },
    "geo": null,
    "coordinates": null,
    "place": null,
    "contributors": null,
    "is_quote_status": false,
    "retweet_count": 0,
    "favorite_count": 1,
    "favorited": false,
    "retweeted": false,
    "possibly_sensitive": false,
    "lang": "en"
}