{
    "created_at": "Thu Apr 18 00:55:17 +0000 2019",
    "id": 1118679356065316864,
    "id_str": "1118679356065316864",
    "text": "Wow!\nUber owns Jump bikes, Lyft owns Citibike. Both companies\u2019 bikes use Shimano brakes.\nUber found a problem with\u2026 https://t.co/8dL7ONvFtF",
    "truncated": true,
    "entities": {
        "hashtags": [],
        "symbols": [],
        "user_mentions": [],
        "urls": [
            {
                "url": "https://t.co/8dL7ONvFtF",
                "expanded_url": "https://twitter.com/i/web/status/1118679356065316864",
                "display_url": "twitter.com/i/web/status/1\u2026",
                "indices": [
                    116,
                    139
                ]
            }
        ]
    },
    "metadata": {
        "iso_language_code": "en",
        "result_type": "recent"
    },
    "source": "<a href=\"http://twitter.com/download/iphone\" rel=\"nofollow\">Twitter for iPhone</a>",
    "in_reply_to_status_id": null,
    "in_reply_to_status_id_str": null,
    "in_reply_to_user_id": null,
    "in_reply_to_user_id_str": null,
    "in_reply_to_screen_name": null,
    "user": {
        "id": 855524894,
        "id_str": "855524894",
        "name": "Seth Pollack",
        "screen_name": "sethmpk",
        "location": "Park Slope, Brooklyn",
        "description": "Guy from Queens, activist, seltzer in my veins",
        "url": "https://t.co/sYZToJULfw",
        "entities": {
            "url": {
                "urls": [
                    {
                        "url": "https://t.co/sYZToJULfw",
                        "expanded_url": "http://he.him.com",
                        "display_url": "he.him.com",
                        "indices": [
                            0,
                            23
                        ]
                    }
                ]
            },
            "description": {
                "urls": []
            }
        },
        "protected": false,
        "followers_count": 3895,
        "friends_count": 2331,
        "listed_count": 113,
        "created_at": "Sun Sep 30 23:44:22 +0000 2012",
        "favourites_count": 246005,
        "utc_offset": null,
        "time_zone": null,
        "geo_enabled": true,
        "verified": false,
        "statuses_count": 53082,
        "lang": "en",
        "contributors_enabled": false,
        "is_translator": false,
        "is_translation_enabled": false,
        "profile_background_color": "022330",
        "profile_background_image_url": "http://abs.twimg.com/images/themes/theme15/bg.png",
        "profile_background_image_url_https": "https://abs.twimg.com/images/themes/theme15/bg.png",
        "profile_background_tile": false,
        "profile_image_url": "http://pbs.twimg.com/profile_images/1095073413843038208/a4NRdwzn_normal.jpg",
        "profile_image_url_https": "https://pbs.twimg.com/profile_images/1095073413843038208/a4NRdwzn_normal.jpg",
        "profile_banner_url": "https://pbs.twimg.com/profile_banners/855524894/1552922146",
        "profile_link_color": "0084B4",
        "profile_sidebar_border_color": "FFFFFF",
        "profile_sidebar_fill_color": "C0DFEC",
        "profile_text_color": "333333",
        "profile_use_background_image": true,
        "has_extended_profile": true,
        "default_profile": false,
        "default_profile_image": false,
        "following": null,
        "follow_request_sent": null,
        "notifications": null,
        "translator_type": "none"
    },
    "geo": null,
    "coordinates": null,
    "place": null,
    "contributors": null,
    "is_quote_status": false,
    "retweet_count": 11,
    "favorite_count": 20,
    "favorited": false,
    "retweeted": false,
    "possibly_sensitive": false,
    "lang": "en"
}