{
    "created_at": "Tue Apr 16 10:21:11 +0000 2019",
    "id": 1118096996190097411,
    "id_str": "1118096996190097411",
    "text": "New York Today: Citi Bike\u2019s Electric Bikes Are Fast. But Are They Dangerous? https://t.co/3pBY9Wf5Ze",
    "truncated": false,
    "entities": {
        "hashtags": [],
        "symbols": [],
        "user_mentions": [],
        "urls": [
            {
                "url": "https://t.co/3pBY9Wf5Ze",
                "expanded_url": "https://www.nytimes.com/2019/04/16/nyregion/newyorktoday/nyc-news-citi-bike-electric.html?partner=rss&emc=rss",
                "display_url": "nytimes.com/2019/04/16/nyr\u2026",
                "indices": [
                    77,
                    100
                ]
            }
        ]
    },
    "metadata": {
        "iso_language_code": "en",
        "result_type": "recent"
    },
    "source": "<a href=\"https://ifttt.com\" rel=\"nofollow\">IFTTT</a>",
    "in_reply_to_status_id": null,
    "in_reply_to_status_id_str": null,
    "in_reply_to_user_id": null,
    "in_reply_to_user_id_str": null,
    "in_reply_to_screen_name": null,
    "user": {
        "id": 1088356291746050049,
        "id_str": "1088356291746050049",
        "name": "G6 Flash",
        "screen_name": "bsarbsarsaspnc1",
        "location": "United States",
        "description": "This website is aimed for those\nwho want to expand their knowledge about things\nand who want to be update about what\u2019s going on\naround us",
        "url": "https://t.co/B14cpdKW5H",
        "entities": {
            "url": {
                "urls": [
                    {
                        "url": "https://t.co/B14cpdKW5H",
                        "expanded_url": "http://www.g6flash.com",
                        "display_url": "g6flash.com",
                        "indices": [
                            0,
                            23
                        ]
                    }
                ]
            },
            "description": {
                "urls": []
            }
        },
        "protected": false,
        "followers_count": 1,
        "friends_count": 0,
        "listed_count": 0,
        "created_at": "Thu Jan 24 08:42:15 +0000 2019",
        "favourites_count": 0,
        "utc_offset": null,
        "time_zone": null,
        "geo_enabled": false,
        "verified": false,
        "statuses_count": 2234,
        "lang": "en",
        "contributors_enabled": false,
        "is_translator": false,
        "is_translation_enabled": false,
        "profile_background_color": "F5F8FA",
        "profile_background_image_url": null,
        "profile_background_image_url_https": null,
        "profile_background_tile": false,
        "profile_image_url": "http://pbs.twimg.com/profile_images/1091701371252858880/drBMaAEc_normal.jpg",
        "profile_image_url_https": "https://pbs.twimg.com/profile_images/1091701371252858880/drBMaAEc_normal.jpg",
        "profile_banner_url": "https://pbs.twimg.com/profile_banners/1088356291746050049/1549116875",
        "profile_link_color": "1DA1F2",
        "profile_sidebar_border_color": "C0DEED",
        "profile_sidebar_fill_color": "DDEEF6",
        "profile_text_color": "333333",
        "profile_use_background_image": true,
        "has_extended_profile": false,
        "default_profile": true,
        "default_profile_image": false,
        "following": null,
        "follow_request_sent": null,
        "notifications": null,
        "translator_type": "none"
    },
    "geo": null,
    "coordinates": null,
    "place": null,
    "contributors": null,
    "is_quote_status": false,
    "retweet_count": 0,
    "favorite_count": 0,
    "favorited": false,
    "retweeted": false,
    "possibly_sensitive": false,
    "lang": "en"
}