{
    "created_at": "Tue Apr 16 18:24:28 +0000 2019",
    "id": 1118218617542385665,
    "id_str": "1118218617542385665",
    "text": "Nothin feel better then when u come up on a citi bike cause these dumbass tourist didn\u2019t cling it right",
    "truncated": false,
    "entities": {
        "hashtags": [],
        "symbols": [],
        "user_mentions": [],
        "urls": []
    },
    "metadata": {
        "iso_language_code": "en",
        "result_type": "recent"
    },
    "source": "<a href=\"http://twitter.com/download/iphone\" rel=\"nofollow\">Twitter for iPhone</a>",
    "in_reply_to_status_id": null,
    "in_reply_to_status_id_str": null,
    "in_reply_to_user_id": null,
    "in_reply_to_user_id_str": null,
    "in_reply_to_screen_name": null,
    "user": {
        "id": 501465064,
        "id_str": "501465064",
        "name": "Ace",
        "screen_name": "Luiiwizz",
        "location": "south BX",
        "description": "Hunnydip\u2122 Pay Homage IG - @hunnydipnyc @maxpayyne",
        "url": "https://t.co/5Y04GbBtXX",
        "entities": {
            "url": {
                "urls": [
                    {
                        "url": "https://t.co/5Y04GbBtXX",
                        "expanded_url": "http://hunnydipny.com",
                        "display_url": "hunnydipny.com",
                        "indices": [
                            0,
                            23
                        ]
                    }
                ]
            },
            "description": {
                "urls": []
            }
        },
        "protected": false,
        "followers_count": 382,
        "friends_count": 98,
        "listed_count": 8,
        "created_at": "Fri Feb 24 05:03:51 +0000 2012",
        "favourites_count": 14439,
        "utc_offset": null,
        "time_zone": null,
        "geo_enabled": true,
        "verified": false,
        "statuses_count": 97273,
        "lang": "en",
        "contributors_enabled": false,
        "is_translator": false,
        "is_translation_enabled": false,
        "profile_background_color": "131516",
        "profile_background_image_url": "http://abs.twimg.com/images/themes/theme14/bg.gif",
        "profile_background_image_url_https": "https://abs.twimg.com/images/themes/theme14/bg.gif",
        "profile_background_tile": true,
        "profile_image_url": "http://pbs.twimg.com/profile_images/1081220088349577216/tW2Cav05_normal.jpg",
        "profile_image_url_https": "https://pbs.twimg.com/profile_images/1081220088349577216/tW2Cav05_normal.jpg",
        "profile_banner_url": "https://pbs.twimg.com/profile_banners/501465064/1552335734",
        "profile_link_color": "009999",
        "profile_sidebar_border_color": "EEEEEE",
        "profile_sidebar_fill_color": "EFEFEF",
        "profile_text_color": "333333",
        "profile_use_background_image": true,
        "has_extended_profile": false,
        "default_profile": false,
        "default_profile_image": false,
        "following": null,
        "follow_request_sent": null,
        "notifications": null,
        "translator_type": "none"
    },
    "geo": null,
    "coordinates": null,
    "place": null,
    "contributors": null,
    "is_quote_status": false,
    "retweet_count": 1,
    "favorite_count": 8,
    "favorited": false,
    "retweeted": false,
    "lang": "en"
}