{
    "created_at": "Tue Apr 16 10:02:06 +0000 2019",
    "id": 1118092192843816960,
    "id_str": "1118092192843816960",
    "text": "Lyft plans to include the Citi Bike service into its ride-hailing app https://t.co/Z5w7Yq2aL7 via @Inceptive_Mind",
    "truncated": false,
    "entities": {
        "hashtags": [],
        "symbols": [],
        "user_mentions": [
            {
                "screen_name": "Inceptive_Mind",
                "name": "InceptiveMind",
                "id": 905661131770834947,
                "id_str": "905661131770834947",
                "indices": [
                    98,
                    113
                ]
            }
        ],
        "urls": [
            {
                "url": "https://t.co/Z5w7Yq2aL7",
                "expanded_url": "https://www.inceptivemind.com/lyft-plans-include-citi-bike-service-ride-hailing-app/7213/",
                "display_url": "inceptivemind.com/lyft-plans-inc\u2026",
                "indices": [
                    70,
                    93
                ]
            }
        ]
    },
    "metadata": {
        "iso_language_code": "en",
        "result_type": "recent"
    },
    "source": "<a href=\"http://twitter.com\" rel=\"nofollow\">Twitter Web Client</a>",
    "in_reply_to_status_id": null,
    "in_reply_to_status_id_str": null,
    "in_reply_to_user_id": null,
    "in_reply_to_user_id_str": null,
    "in_reply_to_screen_name": null,
    "user": {
        "id": 95887157,
        "id_str": "95887157",
        "name": "Terrestrial Tech",
        "screen_name": "AmunRa1",
        "location": "USA",
        "description": "Security & Technology Consultants \r\n@RamessesIII\r\nhttp://t.co/wRnLIT6PqK",
        "url": "http://t.co/XLu2sGfxW1",
        "entities": {
            "url": {
                "urls": [
                    {
                        "url": "http://t.co/XLu2sGfxW1",
                        "expanded_url": "http://about.me/al_lindsay",
                        "display_url": "about.me/al_lindsay",
                        "indices": [
                            0,
                            22
                        ]
                    }
                ]
            },
            "description": {
                "urls": [
                    {
                        "url": "http://t.co/wRnLIT6PqK",
                        "expanded_url": "http://paper.li/RamessesIII/1307174926",
                        "display_url": "paper.li/RamessesIII/13\u2026",
                        "indices": [
                            50,
                            72
                        ]
                    }
                ]
            }
        },
        "protected": false,
        "followers_count": 3053,
        "friends_count": 4998,
        "listed_count": 27,
        "created_at": "Thu Dec 10 12:07:55 +0000 2009",
        "favourites_count": 371,
        "utc_offset": null,
        "time_zone": null,
        "geo_enabled": false,
        "verified": false,
        "statuses_count": 6690,
        "lang": "en",
        "contributors_enabled": false,
        "is_translator": false,
        "is_translation_enabled": false,
        "profile_background_color": "1A1B1F",
        "profile_background_image_url": "http://abs.twimg.com/images/themes/theme1/bg.png",
        "profile_background_image_url_https": "https://abs.twimg.com/images/themes/theme1/bg.png",
        "profile_background_tile": false,
        "profile_image_url": "http://pbs.twimg.com/profile_images/537348272331845633/gWotEtTD_normal.jpeg",
        "profile_image_url_https": "https://pbs.twimg.com/profile_images/537348272331845633/gWotEtTD_normal.jpeg",
        "profile_banner_url": "https://pbs.twimg.com/profile_banners/95887157/1455898155",
        "profile_link_color": "2FC2EF",
        "profile_sidebar_border_color": "FFFFFF",
        "profile_sidebar_fill_color": "DDEEF6",
        "profile_text_color": "333333",
        "profile_use_background_image": true,
        "has_extended_profile": false,
        "default_profile": false,
        "default_profile_image": false,
        "following": null,
        "follow_request_sent": null,
        "notifications": null,
        "translator_type": "none"
    },
    "geo": null,
    "coordinates": null,
    "place": null,
    "contributors": null,
    "is_quote_status": false,
    "retweet_count": 0,
    "favorite_count": 0,
    "favorited": false,
    "retweeted": false,
    "possibly_sensitive": false,
    "lang": "en"
}