{
    "created_at": "Wed Apr 17 15:25:47 +0000 2019",
    "id": 1118536039323324416,
    "id_str": "1118536039323324416",
    "text": "beginning of spring on citi bike = january at the gym. thanks for bearing with us. https://t.co/525ITJsIq7",
    "truncated": false,
    "entities": {
        "hashtags": [],
        "symbols": [],
        "user_mentions": [],
        "urls": [
            {
                "url": "https://t.co/525ITJsIq7",
                "expanded_url": "https://twitter.com/jimcummings92/status/1118309528309764096",
                "display_url": "twitter.com/jimcummings92/\u2026",
                "indices": [
                    83,
                    106
                ]
            }
        ]
    },
    "metadata": {
        "iso_language_code": "en",
        "result_type": "recent"
    },
    "source": "<a href=\"http://twitter.com\" rel=\"nofollow\">Twitter Web Client</a>",
    "in_reply_to_status_id": null,
    "in_reply_to_status_id_str": null,
    "in_reply_to_user_id": null,
    "in_reply_to_user_id_str": null,
    "in_reply_to_screen_name": null,
    "user": {
        "id": 15949714,
        "id_str": "15949714",
        "name": "Julie Wood",
        "screen_name": "juliewood",
        "location": "BROOKLYN",
        "description": "Sharing bicycles. Proud alum of @HillaryClinton 2016 & @nycmayorsoffice & @kickstarter & @georgetown. I read newspapers.",
        "url": "https://t.co/bRP9Z7nwjB",
        "entities": {
            "url": {
                "urls": [
                    {
                        "url": "https://t.co/bRP9Z7nwjB",
                        "expanded_url": "http://swimmingholes.org/",
                        "display_url": "swimmingholes.org",
                        "indices": [
                            0,
                            23
                        ]
                    }
                ]
            },
            "description": {
                "urls": []
            }
        },
        "protected": false,
        "followers_count": 3843,
        "friends_count": 2956,
        "listed_count": 119,
        "created_at": "Fri Aug 22 20:23:12 +0000 2008",
        "favourites_count": 19135,
        "utc_offset": null,
        "time_zone": null,
        "geo_enabled": true,
        "verified": false,
        "statuses_count": 7480,
        "lang": "en",
        "contributors_enabled": false,
        "is_translator": false,
        "is_translation_enabled": false,
        "profile_background_color": "BADFCD",
        "profile_background_image_url": "http://abs.twimg.com/images/themes/theme12/bg.gif",
        "profile_background_image_url_https": "https://abs.twimg.com/images/themes/theme12/bg.gif",
        "profile_background_tile": true,
        "profile_image_url": "http://pbs.twimg.com/profile_images/1006163971257389056/mwiQTyKG_normal.jpg",
        "profile_image_url_https": "https://pbs.twimg.com/profile_images/1006163971257389056/mwiQTyKG_normal.jpg",
        "profile_banner_url": "https://pbs.twimg.com/profile_banners/15949714/1501624826",
        "profile_link_color": "FF0000",
        "profile_sidebar_border_color": "FFFFFF",
        "profile_sidebar_fill_color": "FFF7CC",
        "profile_text_color": "0C3E53",
        "profile_use_background_image": true,
        "has_extended_profile": false,
        "default_profile": false,
        "default_profile_image": false,
        "following": null,
        "follow_request_sent": null,
        "notifications": null,
        "translator_type": "none"
    },
    "geo": null,
    "coordinates": null,
    "place": null,
    "contributors": null,
    "is_quote_status": true,
    "quoted_status_id": 1118309528309764096,
    "quoted_status_id_str": "1118309528309764096",
    "quoted_status": {
        "created_at": "Wed Apr 17 00:25:43 +0000 2019",
        "id": 1118309528309764096,
        "id_str": "1118309528309764096",
        "text": ".@CitiBikeNYC needs a \"Frequent Biker Miles\" program...I'm tired of these fair-weather riders taking all the bikes\u2026 https://t.co/NPTqAn4TxU",
        "truncated": true,
        "entities": {
            "hashtags": [],
            "symbols": [],
            "user_mentions": [
                {
                    "screen_name": "CitiBikeNYC",
                    "name": "Citi Bike",
                    "id": 366631688,
                    "id_str": "366631688",
                    "indices": [
                        1,
                        13
                    ]
                }
            ],
            "urls": [
                {
                    "url": "https://t.co/NPTqAn4TxU",
                    "expanded_url": "https://twitter.com/i/web/status/1118309528309764096",
                    "display_url": "twitter.com/i/web/status/1\u2026",
                    "indices": [
                        116,
                        139
                    ]
                }
            ]
        },
        "metadata": {
            "iso_language_code": "en",
            "result_type": "recent"
        },
        "source": "<a href=\"http://twitter.com\" rel=\"nofollow\">Twitter Web Client</a>",
        "in_reply_to_status_id": null,
        "in_reply_to_status_id_str": null,
        "in_reply_to_user_id": null,
        "in_reply_to_user_id_str": null,
        "in_reply_to_screen_name": null,
        "user": {
            "id": 871847942151327744,
            "id_str": "871847942151327744",
            "name": "Jim",
            "screen_name": "jimcummings92",
            "location": "Manhattan, NY",
            "description": "",
            "url": "https://t.co/2ASjUgKYNt",
            "entities": {
                "url": {
                    "urls": [
                        {
                            "url": "https://t.co/2ASjUgKYNt",
                            "expanded_url": "https://barbellsandbuyouts.com/",
                            "display_url": "barbellsandbuyouts.com",
                            "indices": [
                                0,
                                23
                            ]
                        }
                    ]
                },
                "description": {
                    "urls": []
                }
            },
            "protected": false,
            "followers_count": 21,
            "friends_count": 30,
            "listed_count": 0,
            "created_at": "Mon Jun 05 21:55:22 +0000 2017",
            "favourites_count": 248,
            "utc_offset": null,
            "time_zone": null,
            "geo_enabled": false,
            "verified": false,
            "statuses_count": 88,
            "lang": "en",
            "contributors_enabled": false,
            "is_translator": false,
            "is_translation_enabled": false,
            "profile_background_color": "F5F8FA",
            "profile_background_image_url": null,
            "profile_background_image_url_https": null,
            "profile_background_tile": false,
            "profile_image_url": "http://pbs.twimg.com/profile_images/1015303966681333761/5zB-8pCd_normal.jpg",
            "profile_image_url_https": "https://pbs.twimg.com/profile_images/1015303966681333761/5zB-8pCd_normal.jpg",
            "profile_banner_url": "https://pbs.twimg.com/profile_banners/871847942151327744/1530902402",
            "profile_link_color": "1DA1F2",
            "profile_sidebar_border_color": "C0DEED",
            "profile_sidebar_fill_color": "DDEEF6",
            "profile_text_color": "333333",
            "profile_use_background_image": true,
            "has_extended_profile": false,
            "default_profile": true,
            "default_profile_image": false,
            "following": null,
            "follow_request_sent": null,
            "notifications": null,
            "translator_type": "none"
        },
        "geo": null,
        "coordinates": null,
        "place": null,
        "contributors": null,
        "is_quote_status": false,
        "retweet_count": 0,
        "favorite_count": 6,
        "favorited": false,
        "retweeted": false,
        "lang": "en"
    },
    "retweet_count": 0,
    "favorite_count": 3,
    "favorited": false,
    "retweeted": false,
    "possibly_sensitive": false,
    "lang": "en"
}