{
    "created_at": "Tue Apr 16 16:32:21 +0000 2019",
    "id": 1118190402828472328,
    "id_str": "1118190402828472328",
    "text": "RT @klnynews: Citi Bike pulls all of its e-bikes from service. @nydailynews confirmed \"at least four people riding electric Citi Bikes rece\u2026",
    "truncated": false,
    "entities": {
        "hashtags": [],
        "symbols": [],
        "user_mentions": [
            {
                "screen_name": "klnynews",
                "name": "ken lovett",
                "id": 246487026,
                "id_str": "246487026",
                "indices": [
                    3,
                    12
                ]
            },
            {
                "screen_name": "NYDailyNews",
                "name": "New York Daily News",
                "id": 9763482,
                "id_str": "9763482",
                "indices": [
                    63,
                    75
                ]
            }
        ],
        "urls": []
    },
    "metadata": {
        "iso_language_code": "en",
        "result_type": "recent"
    },
    "source": "<a href=\"http://twitter.com/download/iphone\" rel=\"nofollow\">Twitter for iPhone</a>",
    "in_reply_to_status_id": null,
    "in_reply_to_status_id_str": null,
    "in_reply_to_user_id": null,
    "in_reply_to_user_id_str": null,
    "in_reply_to_screen_name": null,
    "user": {
        "id": 81193820,
        "id_str": "81193820",
        "name": "Zena Brand",
        "screen_name": "z_brand",
        "location": "New York",
        "description": "#PassionForProducts #Strategy #HRMS #ThinkingDifferently #HumanCapitalManagement #ProductsClientsLove #WomenInLeadership #Gamification #JTBD",
        "url": "https://t.co/hYC00c8TRy",
        "entities": {
            "url": {
                "urls": [
                    {
                        "url": "https://t.co/hYC00c8TRy",
                        "expanded_url": "http://www.brandassociates.net",
                        "display_url": "brandassociates.net",
                        "indices": [
                            0,
                            23
                        ]
                    }
                ]
            },
            "description": {
                "urls": []
            }
        },
        "protected": false,
        "followers_count": 494,
        "friends_count": 465,
        "listed_count": 84,
        "created_at": "Fri Oct 09 20:19:57 +0000 2009",
        "favourites_count": 1430,
        "utc_offset": null,
        "time_zone": null,
        "geo_enabled": true,
        "verified": false,
        "statuses_count": 3797,
        "lang": "en",
        "contributors_enabled": false,
        "is_translator": false,
        "is_translation_enabled": false,
        "profile_background_color": "9AE4E8",
        "profile_background_image_url": "http://abs.twimg.com/images/themes/theme16/bg.gif",
        "profile_background_image_url_https": "https://abs.twimg.com/images/themes/theme16/bg.gif",
        "profile_background_tile": false,
        "profile_image_url": "http://pbs.twimg.com/profile_images/3772979284/9f0e4ee7e3d6492690b7d3760d604e46_normal.jpeg",
        "profile_image_url_https": "https://pbs.twimg.com/profile_images/3772979284/9f0e4ee7e3d6492690b7d3760d604e46_normal.jpeg",
        "profile_link_color": "0084B4",
        "profile_sidebar_border_color": "BDDCAD",
        "profile_sidebar_fill_color": "DDFFCC",
        "profile_text_color": "333333",
        "profile_use_background_image": true,
        "has_extended_profile": false,
        "default_profile": false,
        "default_profile_image": false,
        "following": null,
        "follow_request_sent": null,
        "notifications": null,
        "translator_type": "none"
    },
    "geo": null,
    "coordinates": null,
    "place": null,
    "contributors": null,
    "retweeted_status": {
        "created_at": "Mon Apr 15 11:33:36 +0000 2019",
        "id": 1117752831438667776,
        "id_str": "1117752831438667776",
        "text": "Citi Bike pulls all of its e-bikes from service. @nydailynews confirmed \"at least four people riding electric Citi\u2026 https://t.co/TzzbQ1E7j4",
        "truncated": true,
        "entities": {
            "hashtags": [],
            "symbols": [],
            "user_mentions": [
                {
                    "screen_name": "NYDailyNews",
                    "name": "New York Daily News",
                    "id": 9763482,
                    "id_str": "9763482",
                    "indices": [
                        49,
                        61
                    ]
                }
            ],
            "urls": [
                {
                    "url": "https://t.co/TzzbQ1E7j4",
                    "expanded_url": "https://twitter.com/i/web/status/1117752831438667776",
                    "display_url": "twitter.com/i/web/status/1\u2026",
                    "indices": [
                        116,
                        139
                    ]
                }
            ]
        },
        "metadata": {
            "iso_language_code": "en",
            "result_type": "recent"
        },
        "source": "<a href=\"http://twitter.com\" rel=\"nofollow\">Twitter Web Client</a>",
        "in_reply_to_status_id": null,
        "in_reply_to_status_id_str": null,
        "in_reply_to_user_id": null,
        "in_reply_to_user_id_str": null,
        "in_reply_to_screen_name": null,
        "user": {
            "id": 246487026,
            "id_str": "246487026",
            "name": "ken lovett",
            "screen_name": "klnynews",
            "location": "",
            "description": "Metropolitan Public Strategies Senior VP for Communications and Albany director; former NYS Capitol reporter, most recently as Daily News Albany bureau chief",
            "url": null,
            "entities": {
                "description": {
                    "urls": []
                }
            },
            "protected": false,
            "followers_count": 14404,
            "friends_count": 992,
            "listed_count": 440,
            "created_at": "Wed Feb 02 21:46:32 +0000 2011",
            "favourites_count": 1792,
            "utc_offset": null,
            "time_zone": null,
            "geo_enabled": true,
            "verified": true,
            "statuses_count": 14402,
            "lang": "en",
            "contributors_enabled": false,
            "is_translator": false,
            "is_translation_enabled": false,
            "profile_background_color": "C0DEED",
            "profile_background_image_url": "http://abs.twimg.com/images/themes/theme1/bg.png",
            "profile_background_image_url_https": "https://abs.twimg.com/images/themes/theme1/bg.png",
            "profile_background_tile": false,
            "profile_image_url": "http://pbs.twimg.com/profile_images/1114183306990444544/QNqz_j4a_normal.jpg",
            "profile_image_url_https": "https://pbs.twimg.com/profile_images/1114183306990444544/QNqz_j4a_normal.jpg",
            "profile_banner_url": "https://pbs.twimg.com/profile_banners/246487026/1550585318",
            "profile_link_color": "1DA1F2",
            "profile_sidebar_border_color": "C0DEED",
            "profile_sidebar_fill_color": "DDEEF6",
            "profile_text_color": "333333",
            "profile_use_background_image": true,
            "has_extended_profile": false,
            "default_profile": true,
            "default_profile_image": false,
            "following": null,
            "follow_request_sent": null,
            "notifications": null,
            "translator_type": "none"
        },
        "geo": null,
        "coordinates": null,
        "place": null,
        "contributors": null,
        "is_quote_status": false,
        "retweet_count": 9,
        "favorite_count": 7,
        "favorited": false,
        "retweeted": false,
        "possibly_sensitive": false,
        "lang": "en"
    },
    "is_quote_status": false,
    "retweet_count": 9,
    "favorite_count": 0,
    "favorited": false,
    "retweeted": false,
    "lang": "en"
}