{
    "created_at": "Tue Apr 16 10:40:39 +0000 2019",
    "id": 1118101892859666432,
    "id_str": "1118101892859666432",
    "text": "Citi Bike\u2019s Electric Bikes Are Fast. But Are They Dangerous? https://t.co/IgGvUWEi4H",
    "truncated": false,
    "entities": {
        "hashtags": [],
        "symbols": [],
        "user_mentions": [],
        "urls": [
            {
                "url": "https://t.co/IgGvUWEi4H",
                "expanded_url": "https://nyti.ms/2Uh0YrL",
                "display_url": "nyti.ms/2Uh0YrL",
                "indices": [
                    61,
                    84
                ]
            }
        ]
    },
    "metadata": {
        "iso_language_code": "en",
        "result_type": "recent"
    },
    "source": "<a href=\"http://twitter.com\" rel=\"nofollow\">Twitter Web Client</a>",
    "in_reply_to_status_id": null,
    "in_reply_to_status_id_str": null,
    "in_reply_to_user_id": null,
    "in_reply_to_user_id_str": null,
    "in_reply_to_screen_name": null,
    "user": {
        "id": 244903051,
        "id_str": "244903051",
        "name": "cristian sabau",
        "screen_name": "cristiansabau1",
        "location": "Pitesti, Arges, Romania ",
        "description": "",
        "url": null,
        "entities": {
            "description": {
                "urls": []
            }
        },
        "protected": false,
        "followers_count": 424,
        "friends_count": 2048,
        "listed_count": 8,
        "created_at": "Sun Jan 30 11:54:10 +0000 2011",
        "favourites_count": 721,
        "utc_offset": null,
        "time_zone": null,
        "geo_enabled": true,
        "verified": false,
        "statuses_count": 19606,
        "lang": "en",
        "contributors_enabled": false,
        "is_translator": false,
        "is_translation_enabled": false,
        "profile_background_color": "C0DEED",
        "profile_background_image_url": "http://abs.twimg.com/images/themes/theme1/bg.png",
        "profile_background_image_url_https": "https://abs.twimg.com/images/themes/theme1/bg.png",
        "profile_background_tile": false,
        "profile_image_url": "http://pbs.twimg.com/profile_images/459381154332672000/jXC_h7CP_normal.jpeg",
        "profile_image_url_https": "https://pbs.twimg.com/profile_images/459381154332672000/jXC_h7CP_normal.jpeg",
        "profile_banner_url": "https://pbs.twimg.com/profile_banners/244903051/1398359852",
        "profile_link_color": "1DA1F2",
        "profile_sidebar_border_color": "C0DEED",
        "profile_sidebar_fill_color": "DDEEF6",
        "profile_text_color": "333333",
        "profile_use_background_image": true,
        "has_extended_profile": true,
        "default_profile": true,
        "default_profile_image": false,
        "following": null,
        "follow_request_sent": null,
        "notifications": null,
        "translator_type": "none"
    },
    "geo": null,
    "coordinates": null,
    "place": null,
    "contributors": null,
    "is_quote_status": false,
    "retweet_count": 0,
    "favorite_count": 0,
    "favorited": false,
    "retweeted": false,
    "possibly_sensitive": false,
    "lang": "en"
}