{
    "created_at": "Tue Apr 16 10:13:09 +0000 2019",
    "id": 1118094973885403137,
    "id_str": "1118094973885403137",
    "text": "\"Citi Bike\u2019s Electric Bikes Are Fast. But Are They Dangerous?\" by AZI PAYBARAH via NYT https://t.co/TvsL8qUrN9 https://t.co/ydg5ccoGUO",
    "truncated": false,
    "entities": {
        "hashtags": [],
        "symbols": [],
        "user_mentions": [],
        "urls": [
            {
                "url": "https://t.co/TvsL8qUrN9",
                "expanded_url": "https://nyti.ms/2XectlN",
                "display_url": "nyti.ms/2XectlN",
                "indices": [
                    87,
                    110
                ]
            },
            {
                "url": "https://t.co/ydg5ccoGUO",
                "expanded_url": "http://bit.ly/2PdeNqv",
                "display_url": "bit.ly/2PdeNqv",
                "indices": [
                    111,
                    134
                ]
            }
        ]
    },
    "metadata": {
        "iso_language_code": "en",
        "result_type": "recent"
    },
    "source": "<a href=\"https://ifttt.com\" rel=\"nofollow\">IFTTT</a>",
    "in_reply_to_status_id": null,
    "in_reply_to_status_id_str": null,
    "in_reply_to_user_id": null,
    "in_reply_to_user_id_str": null,
    "in_reply_to_screen_name": null,
    "user": {
        "id": 1105275091267579905,
        "id_str": "1105275091267579905",
        "name": "Turbo News",
        "screen_name": "TurboLeaks",
        "location": "",
        "description": "In the news.",
        "url": null,
        "entities": {
            "description": {
                "urls": []
            }
        },
        "protected": false,
        "followers_count": 13,
        "friends_count": 0,
        "listed_count": 1,
        "created_at": "Tue Mar 12 01:11:31 +0000 2019",
        "favourites_count": 0,
        "utc_offset": null,
        "time_zone": null,
        "geo_enabled": false,
        "verified": false,
        "statuses_count": 3977,
        "lang": "en",
        "contributors_enabled": false,
        "is_translator": false,
        "is_translation_enabled": false,
        "profile_background_color": "000000",
        "profile_background_image_url": "http://abs.twimg.com/images/themes/theme1/bg.png",
        "profile_background_image_url_https": "https://abs.twimg.com/images/themes/theme1/bg.png",
        "profile_background_tile": false,
        "profile_image_url": "http://pbs.twimg.com/profile_images/1105276028128317441/yI-T1Hxh_normal.png",
        "profile_image_url_https": "https://pbs.twimg.com/profile_images/1105276028128317441/yI-T1Hxh_normal.png",
        "profile_banner_url": "https://pbs.twimg.com/profile_banners/1105275091267579905/1552354013",
        "profile_link_color": "FF691F",
        "profile_sidebar_border_color": "000000",
        "profile_sidebar_fill_color": "000000",
        "profile_text_color": "000000",
        "profile_use_background_image": false,
        "has_extended_profile": false,
        "default_profile": false,
        "default_profile_image": false,
        "following": null,
        "follow_request_sent": null,
        "notifications": null,
        "translator_type": "none"
    },
    "geo": null,
    "coordinates": null,
    "place": null,
    "contributors": null,
    "is_quote_status": false,
    "retweet_count": 0,
    "favorite_count": 0,
    "favorited": false,
    "retweeted": false,
    "possibly_sensitive": false,
    "lang": "en"
}