{
    "created_at": "Tue Apr 16 07:03:40 +0000 2019",
    "id": 1118047288180473856,
    "id_str": "1118047288180473856",
    "text": "Lyft adds New York\u2019s Citi Bikes to its app: https://t.co/IcIqK34l4J",
    "truncated": false,
    "entities": {
        "hashtags": [],
        "symbols": [],
        "user_mentions": [],
        "urls": [
            {
                "url": "https://t.co/IcIqK34l4J",
                "expanded_url": "https://engt.co/2XgiH4q",
                "display_url": "engt.co/2XgiH4q",
                "indices": [
                    44,
                    67
                ]
            }
        ]
    },
    "metadata": {
        "iso_language_code": "en",
        "result_type": "recent"
    },
    "source": "<a href=\"https://ifttt.com\" rel=\"nofollow\">IFTTT</a>",
    "in_reply_to_status_id": null,
    "in_reply_to_status_id_str": null,
    "in_reply_to_user_id": null,
    "in_reply_to_user_id_str": null,
    "in_reply_to_screen_name": null,
    "user": {
        "id": 1447854030,
        "id_str": "1447854030",
        "name": "Geek Life",
        "screen_name": "GeekLifeNews",
        "location": "New York",
        "description": "Total & complete geek. The latest news from the tech industry.",
        "url": null,
        "entities": {
            "description": {
                "urls": []
            }
        },
        "protected": false,
        "followers_count": 655,
        "friends_count": 1104,
        "listed_count": 42,
        "created_at": "Wed May 22 03:37:40 +0000 2013",
        "favourites_count": 0,
        "utc_offset": null,
        "time_zone": null,
        "geo_enabled": false,
        "verified": false,
        "statuses_count": 95690,
        "lang": "en",
        "contributors_enabled": false,
        "is_translator": false,
        "is_translation_enabled": false,
        "profile_background_color": "131516",
        "profile_background_image_url": "http://abs.twimg.com/images/themes/theme14/bg.gif",
        "profile_background_image_url_https": "https://abs.twimg.com/images/themes/theme14/bg.gif",
        "profile_background_tile": false,
        "profile_image_url": "http://pbs.twimg.com/profile_images/3692945723/c0e35e439a410f3cb9cfc9ca2e7a0818_normal.jpeg",
        "profile_image_url_https": "https://pbs.twimg.com/profile_images/3692945723/c0e35e439a410f3cb9cfc9ca2e7a0818_normal.jpeg",
        "profile_banner_url": "https://pbs.twimg.com/profile_banners/1447854030/1429561955",
        "profile_link_color": "1F7BC2",
        "profile_sidebar_border_color": "FFFFFF",
        "profile_sidebar_fill_color": "DDEEF6",
        "profile_text_color": "333333",
        "profile_use_background_image": true,
        "has_extended_profile": false,
        "default_profile": false,
        "default_profile_image": false,
        "following": null,
        "follow_request_sent": null,
        "notifications": null,
        "translator_type": "none"
    },
    "geo": null,
    "coordinates": null,
    "place": null,
    "contributors": null,
    "is_quote_status": false,
    "retweet_count": 0,
    "favorite_count": 0,
    "favorited": false,
    "retweeted": false,
    "possibly_sensitive": false,
    "lang": "en"
}