{
    "created_at": "Tue Apr 16 07:27:51 +0000 2019",
    "id": 1118053374006403072,
    "id_str": "1118053374006403072",
    "text": "Lyft plans to include the Citi Bike service into its ride-hailing\u00a0app https://t.co/jsh4OExeHG https://t.co/wj4VVG90Bo",
    "truncated": false,
    "entities": {
        "hashtags": [],
        "symbols": [],
        "user_mentions": [],
        "urls": [
            {
                "url": "https://t.co/jsh4OExeHG",
                "expanded_url": "https://www.inceptivemind.com/lyft-plans-include-citi-bike-service-ride-hailing-app/7213/",
                "display_url": "inceptivemind.com/lyft-plans-inc\u2026",
                "indices": [
                    70,
                    93
                ]
            }
        ],
        "media": [
            {
                "id": 1118053372643266561,
                "id_str": "1118053372643266561",
                "indices": [
                    94,
                    117
                ],
                "media_url": "http://pbs.twimg.com/media/D4QfnmRUUAEy1gf.jpg",
                "media_url_https": "https://pbs.twimg.com/media/D4QfnmRUUAEy1gf.jpg",
                "url": "https://t.co/wj4VVG90Bo",
                "display_url": "pic.twitter.com/wj4VVG90Bo",
                "expanded_url": "https://twitter.com/Inceptive_Mind/status/1118053374006403072/photo/1",
                "type": "photo",
                "sizes": {
                    "small": {
                        "w": 680,
                        "h": 453,
                        "resize": "fit"
                    },
                    "thumb": {
                        "w": 150,
                        "h": 150,
                        "resize": "crop"
                    },
                    "medium": {
                        "w": 1024,
                        "h": 682,
                        "resize": "fit"
                    },
                    "large": {
                        "w": 1024,
                        "h": 682,
                        "resize": "fit"
                    }
                }
            }
        ]
    },
    "extended_entities": {
        "media": [
            {
                "id": 1118053372643266561,
                "id_str": "1118053372643266561",
                "indices": [
                    94,
                    117
                ],
                "media_url": "http://pbs.twimg.com/media/D4QfnmRUUAEy1gf.jpg",
                "media_url_https": "https://pbs.twimg.com/media/D4QfnmRUUAEy1gf.jpg",
                "url": "https://t.co/wj4VVG90Bo",
                "display_url": "pic.twitter.com/wj4VVG90Bo",
                "expanded_url": "https://twitter.com/Inceptive_Mind/status/1118053374006403072/photo/1",
                "type": "photo",
                "sizes": {
                    "small": {
                        "w": 680,
                        "h": 453,
                        "resize": "fit"
                    },
                    "thumb": {
                        "w": 150,
                        "h": 150,
                        "resize": "crop"
                    },
                    "medium": {
                        "w": 1024,
                        "h": 682,
                        "resize": "fit"
                    },
                    "large": {
                        "w": 1024,
                        "h": 682,
                        "resize": "fit"
                    }
                }
            }
        ]
    },
    "metadata": {
        "iso_language_code": "en",
        "result_type": "recent"
    },
    "source": "<a href=\"http://publicize.wp.com/\" rel=\"nofollow\">WordPress.com</a>",
    "in_reply_to_status_id": null,
    "in_reply_to_status_id_str": null,
    "in_reply_to_user_id": null,
    "in_reply_to_user_id_str": null,
    "in_reply_to_screen_name": null,
    "user": {
        "id": 905661131770834947,
        "id_str": "905661131770834947",
        "name": "InceptiveMind",
        "screen_name": "Inceptive_Mind",
        "location": "India",
        "description": "Create, Share, and Inspire",
        "url": "https://t.co/umjdeOn9bJ",
        "entities": {
            "url": {
                "urls": [
                    {
                        "url": "https://t.co/umjdeOn9bJ",
                        "expanded_url": "http://www.inceptivemind.com",
                        "display_url": "inceptivemind.com",
                        "indices": [
                            0,
                            23
                        ]
                    }
                ]
            },
            "description": {
                "urls": []
            }
        },
        "protected": false,
        "followers_count": 33,
        "friends_count": 8,
        "listed_count": 0,
        "created_at": "Thu Sep 07 05:16:54 +0000 2017",
        "favourites_count": 35,
        "utc_offset": null,
        "time_zone": null,
        "geo_enabled": false,
        "verified": false,
        "statuses_count": 518,
        "lang": "en",
        "contributors_enabled": false,
        "is_translator": false,
        "is_translation_enabled": false,
        "profile_background_color": "F5F8FA",
        "profile_background_image_url": null,
        "profile_background_image_url_https": null,
        "profile_background_tile": false,
        "profile_image_url": "http://pbs.twimg.com/profile_images/905734253882728448/4Os-wsCc_normal.jpg",
        "profile_image_url_https": "https://pbs.twimg.com/profile_images/905734253882728448/4Os-wsCc_normal.jpg",
        "profile_banner_url": "https://pbs.twimg.com/profile_banners/905661131770834947/1504779084",
        "profile_link_color": "1DA1F2",
        "profile_sidebar_border_color": "C0DEED",
        "profile_sidebar_fill_color": "DDEEF6",
        "profile_text_color": "333333",
        "profile_use_background_image": true,
        "has_extended_profile": false,
        "default_profile": true,
        "default_profile_image": false,
        "following": null,
        "follow_request_sent": null,
        "notifications": null,
        "translator_type": "none"
    },
    "geo": null,
    "coordinates": null,
    "place": null,
    "contributors": null,
    "is_quote_status": false,
    "retweet_count": 0,
    "favorite_count": 0,
    "favorited": false,
    "retweeted": false,
    "possibly_sensitive": false,
    "lang": "en"
}