{
    "created_at": "Tue Apr 16 19:57:35 +0000 2019",
    "id": 1118242048807559168,
    "id_str": "1118242048807559168",
    "text": ".@CitiBikeNYC pulls all of its e-bikes from service after riders thrown over handlebars https://t.co/gfLi19g4sY",
    "truncated": false,
    "entities": {
        "hashtags": [],
        "symbols": [],
        "user_mentions": [
            {
                "screen_name": "CitiBikeNYC",
                "name": "Citi Bike",
                "id": 366631688,
                "id_str": "366631688",
                "indices": [
                    1,
                    13
                ]
            }
        ],
        "urls": [
            {
                "url": "https://t.co/gfLi19g4sY",
                "expanded_url": "https://www.nydailynews.com/new-york/ny-citi-bike-e-bike-pulled-from-service-20190414-qdgpcntc55e6fppiqovk33ps3m-story.html",
                "display_url": "nydailynews.com/new-york/ny-ci\u2026",
                "indices": [
                    88,
                    111
                ]
            }
        ]
    },
    "metadata": {
        "iso_language_code": "en",
        "result_type": "recent"
    },
    "source": "<a href=\"http://twitter.com/download/iphone\" rel=\"nofollow\">Twitter for iPhone</a>",
    "in_reply_to_status_id": null,
    "in_reply_to_status_id_str": null,
    "in_reply_to_user_id": null,
    "in_reply_to_user_id_str": null,
    "in_reply_to_screen_name": null,
    "user": {
        "id": 65719510,
        "id_str": "65719510",
        "name": "Eric Ulrich",
        "screen_name": "eric_ulrich",
        "location": "Queens, NY",
        "description": "@NYCCouncil Member from Queens. Moderate Republican. Diehard Mets Fan. Veterans Advocate. @SFCALUMNI and @baruchalumni",
        "url": "https://t.co/5f9cReLvWg",
        "entities": {
            "url": {
                "urls": [
                    {
                        "url": "https://t.co/5f9cReLvWg",
                        "expanded_url": "https://www.ericulrich.nyc",
                        "display_url": "ericulrich.nyc",
                        "indices": [
                            0,
                            23
                        ]
                    }
                ]
            },
            "description": {
                "urls": []
            }
        },
        "protected": false,
        "followers_count": 9748,
        "friends_count": 3405,
        "listed_count": 271,
        "created_at": "Fri Aug 14 19:54:44 +0000 2009",
        "favourites_count": 12475,
        "utc_offset": null,
        "time_zone": null,
        "geo_enabled": true,
        "verified": true,
        "statuses_count": 10086,
        "lang": "en",
        "contributors_enabled": false,
        "is_translator": false,
        "is_translation_enabled": false,
        "profile_background_color": "131516",
        "profile_background_image_url": "http://abs.twimg.com/images/themes/theme14/bg.gif",
        "profile_background_image_url_https": "https://abs.twimg.com/images/themes/theme14/bg.gif",
        "profile_background_tile": true,
        "profile_image_url": "http://pbs.twimg.com/profile_images/896093241103220737/vBBXzxyi_normal.jpg",
        "profile_image_url_https": "https://pbs.twimg.com/profile_images/896093241103220737/vBBXzxyi_normal.jpg",
        "profile_banner_url": "https://pbs.twimg.com/profile_banners/65719510/1553189907",
        "profile_link_color": "990000",
        "profile_sidebar_border_color": "EEEEEE",
        "profile_sidebar_fill_color": "EFEFEF",
        "profile_text_color": "333333",
        "profile_use_background_image": true,
        "has_extended_profile": true,
        "default_profile": false,
        "default_profile_image": false,
        "following": null,
        "follow_request_sent": null,
        "notifications": null,
        "translator_type": "none"
    },
    "geo": null,
    "coordinates": null,
    "place": {
        "id": "01a9a39529b27f36",
        "url": "https://api.twitter.com/1.1/geo/id/01a9a39529b27f36.json",
        "place_type": "city",
        "name": "Manhattan",
        "full_name": "Manhattan, NY",
        "country_code": "US",
        "country": "United States",
        "contained_within": [],
        "bounding_box": {
            "type": "Polygon",
            "coordinates": [
                [
                    [
                        -74.026675,
                        40.683935
                    ],
                    [
                        -73.910408,
                        40.683935
                    ],
                    [
                        -73.910408,
                        40.877483
                    ],
                    [
                        -74.026675,
                        40.877483
                    ]
                ]
            ]
        },
        "attributes": {}
    },
    "contributors": null,
    "is_quote_status": false,
    "retweet_count": 0,
    "favorite_count": 2,
    "favorited": false,
    "retweeted": false,
    "possibly_sensitive": false,
    "lang": "en"
}