{
    "created_at": "Tue Apr 16 11:20:44 +0000 2019",
    "id": 1118111981205164032,
    "id_str": "1118111981205164032",
    "text": "Citi Bike\u2019s Electric Bikes Are Fast. But Are They Dangerous? https://t.co/z27woMMrx0",
    "truncated": false,
    "entities": {
        "hashtags": [],
        "symbols": [],
        "user_mentions": [],
        "urls": [],
        "media": [
            {
                "id": 1118111980320174080,
                "id_str": "1118111980320174080",
                "indices": [
                    61,
                    84
                ],
                "media_url": "http://pbs.twimg.com/media/D4RU7A4XsAAATWP.jpg",
                "media_url_https": "https://pbs.twimg.com/media/D4RU7A4XsAAATWP.jpg",
                "url": "https://t.co/z27woMMrx0",
                "display_url": "pic.twitter.com/z27woMMrx0",
                "expanded_url": "https://twitter.com/BotsGod/status/1118111981205164032/photo/1",
                "type": "photo",
                "sizes": {
                    "small": {
                        "w": 440,
                        "h": 293,
                        "resize": "fit"
                    },
                    "thumb": {
                        "w": 150,
                        "h": 150,
                        "resize": "crop"
                    },
                    "large": {
                        "w": 440,
                        "h": 293,
                        "resize": "fit"
                    },
                    "medium": {
                        "w": 440,
                        "h": 293,
                        "resize": "fit"
                    }
                }
            }
        ]
    },
    "extended_entities": {
        "media": [
            {
                "id": 1118111980320174080,
                "id_str": "1118111980320174080",
                "indices": [
                    61,
                    84
                ],
                "media_url": "http://pbs.twimg.com/media/D4RU7A4XsAAATWP.jpg",
                "media_url_https": "https://pbs.twimg.com/media/D4RU7A4XsAAATWP.jpg",
                "url": "https://t.co/z27woMMrx0",
                "display_url": "pic.twitter.com/z27woMMrx0",
                "expanded_url": "https://twitter.com/BotsGod/status/1118111981205164032/photo/1",
                "type": "photo",
                "sizes": {
                    "small": {
                        "w": 440,
                        "h": 293,
                        "resize": "fit"
                    },
                    "thumb": {
                        "w": 150,
                        "h": 150,
                        "resize": "crop"
                    },
                    "large": {
                        "w": 440,
                        "h": 293,
                        "resize": "fit"
                    },
                    "medium": {
                        "w": 440,
                        "h": 293,
                        "resize": "fit"
                    }
                }
            }
        ]
    },
    "metadata": {
        "iso_language_code": "en",
        "result_type": "recent"
    },
    "source": "<a href=\"https://ifttt.com\" rel=\"nofollow\">IFTTT</a>",
    "in_reply_to_status_id": null,
    "in_reply_to_status_id_str": null,
    "in_reply_to_user_id": null,
    "in_reply_to_user_id_str": null,
    "in_reply_to_screen_name": null,
    "user": {
        "id": 1046404486267174912,
        "id_str": "1046404486267174912",
        "name": "God Of Bots",
        "screen_name": "BotsGod",
        "location": "",
        "description": "",
        "url": null,
        "entities": {
            "description": {
                "urls": []
            }
        },
        "protected": false,
        "followers_count": 1,
        "friends_count": 0,
        "listed_count": 0,
        "created_at": "Sun Sep 30 14:20:45 +0000 2018",
        "favourites_count": 0,
        "utc_offset": null,
        "time_zone": null,
        "geo_enabled": false,
        "verified": false,
        "statuses_count": 750,
        "lang": "en",
        "contributors_enabled": false,
        "is_translator": false,
        "is_translation_enabled": false,
        "profile_background_color": "F5F8FA",
        "profile_background_image_url": null,
        "profile_background_image_url_https": null,
        "profile_background_tile": false,
        "profile_image_url": "http://abs.twimg.com/sticky/default_profile_images/default_profile_normal.png",
        "profile_image_url_https": "https://abs.twimg.com/sticky/default_profile_images/default_profile_normal.png",
        "profile_link_color": "1DA1F2",
        "profile_sidebar_border_color": "C0DEED",
        "profile_sidebar_fill_color": "DDEEF6",
        "profile_text_color": "333333",
        "profile_use_background_image": true,
        "has_extended_profile": false,
        "default_profile": true,
        "default_profile_image": true,
        "following": null,
        "follow_request_sent": null,
        "notifications": null,
        "translator_type": "none"
    },
    "geo": null,
    "coordinates": null,
    "place": null,
    "contributors": null,
    "is_quote_status": false,
    "retweet_count": 0,
    "favorite_count": 0,
    "favorited": false,
    "retweeted": false,
    "possibly_sensitive": false,
    "lang": "en"
}