{
    "created_at": "Wed Apr 17 23:00:31 +0000 2019",
    "id": 1118650476600397824,
    "id_str": "1118650476600397824",
    "text": "Lyft will add Citi Bike to its app https://t.co/hKiwyPnYEn",
    "truncated": false,
    "entities": {
        "hashtags": [],
        "symbols": [],
        "user_mentions": [],
        "urls": [
            {
                "url": "https://t.co/hKiwyPnYEn",
                "expanded_url": "https://newyork.7a7.info/?p=114620",
                "display_url": "newyork.7a7.info/?p=114620",
                "indices": [
                    35,
                    58
                ]
            }
        ]
    },
    "metadata": {
        "iso_language_code": "en",
        "result_type": "recent"
    },
    "source": "<a href=\"https://www.espacebeauxarts.com\" rel=\"nofollow\">espacebeauxarts</a>",
    "in_reply_to_status_id": null,
    "in_reply_to_status_id_str": null,
    "in_reply_to_user_id": null,
    "in_reply_to_user_id_str": null,
    "in_reply_to_screen_name": null,
    "user": {
        "id": 344144852,
        "id_str": "344144852",
        "name": "Espace beaux arts",
        "screen_name": "Espacebeauxarts",
        "location": "Paris, France",
        "description": "",
        "url": "https://t.co/Gr2953RCga",
        "entities": {
            "url": {
                "urls": [
                    {
                        "url": "https://t.co/Gr2953RCga",
                        "expanded_url": "http://Espacebeauxarts.com",
                        "display_url": "Espacebeauxarts.com",
                        "indices": [
                            0,
                            23
                        ]
                    }
                ]
            },
            "description": {
                "urls": []
            }
        },
        "protected": false,
        "followers_count": 60,
        "friends_count": 30,
        "listed_count": 4,
        "created_at": "Thu Jul 28 16:21:08 +0000 2011",
        "favourites_count": 0,
        "utc_offset": null,
        "time_zone": null,
        "geo_enabled": true,
        "verified": false,
        "statuses_count": 98923,
        "lang": "fr",
        "contributors_enabled": false,
        "is_translator": false,
        "is_translation_enabled": false,
        "profile_background_color": "C0DEED",
        "profile_background_image_url": "http://abs.twimg.com/images/themes/theme1/bg.png",
        "profile_background_image_url_https": "https://abs.twimg.com/images/themes/theme1/bg.png",
        "profile_background_tile": false,
        "profile_image_url": "http://abs.twimg.com/sticky/default_profile_images/default_profile_normal.png",
        "profile_image_url_https": "https://abs.twimg.com/sticky/default_profile_images/default_profile_normal.png",
        "profile_link_color": "1DA1F2",
        "profile_sidebar_border_color": "C0DEED",
        "profile_sidebar_fill_color": "DDEEF6",
        "profile_text_color": "333333",
        "profile_use_background_image": true,
        "has_extended_profile": false,
        "default_profile": true,
        "default_profile_image": true,
        "following": null,
        "follow_request_sent": null,
        "notifications": null,
        "translator_type": "none"
    },
    "geo": null,
    "coordinates": null,
    "place": null,
    "contributors": null,
    "is_quote_status": false,
    "retweet_count": 0,
    "favorite_count": 0,
    "favorited": false,
    "retweeted": false,
    "possibly_sensitive": false,
    "lang": "en"
}