{
    "created_at": "Wed Apr 17 08:43:09 +0000 2019",
    "id": 1118434711108325376,
    "id_str": "1118434711108325376",
    "text": "Following reports of problematic braking that in some cases resulted in rider injury, Lyft is pulling its recently\u2026 https://t.co/z05gRGDxOk",
    "truncated": true,
    "entities": {
        "hashtags": [],
        "symbols": [],
        "user_mentions": [],
        "urls": [
            {
                "url": "https://t.co/z05gRGDxOk",
                "expanded_url": "https://twitter.com/i/web/status/1118434711108325376",
                "display_url": "twitter.com/i/web/status/1\u2026",
                "indices": [
                    116,
                    139
                ]
            }
        ]
    },
    "metadata": {
        "iso_language_code": "en",
        "result_type": "recent"
    },
    "source": "<a href=\"http://twitter.com/download/iphone\" rel=\"nofollow\">Twitter for iPhone</a>",
    "in_reply_to_status_id": null,
    "in_reply_to_status_id_str": null,
    "in_reply_to_user_id": null,
    "in_reply_to_user_id_str": null,
    "in_reply_to_screen_name": null,
    "user": {
        "id": 997016105422995456,
        "id_str": "997016105422995456",
        "name": "honoka",
        "screen_name": "honokkah",
        "location": "Dubai, United Arab Emirates",
        "description": "Woman community to build startups and grow your business. Sharing interesting articles Ive read #marketer #womanentrepreneur #wanderlust #travel",
        "url": null,
        "entities": {
            "description": {
                "urls": []
            }
        },
        "protected": false,
        "followers_count": 8,
        "friends_count": 0,
        "listed_count": 2,
        "created_at": "Thu May 17 07:28:58 +0000 2018",
        "favourites_count": 1160,
        "utc_offset": null,
        "time_zone": null,
        "geo_enabled": false,
        "verified": false,
        "statuses_count": 984,
        "lang": "en",
        "contributors_enabled": false,
        "is_translator": false,
        "is_translation_enabled": false,
        "profile_background_color": "F5F8FA",
        "profile_background_image_url": null,
        "profile_background_image_url_https": null,
        "profile_background_tile": false,
        "profile_image_url": "http://pbs.twimg.com/profile_images/1097913448732581888/uCORAz8W_normal.jpg",
        "profile_image_url_https": "https://pbs.twimg.com/profile_images/1097913448732581888/uCORAz8W_normal.jpg",
        "profile_banner_url": "https://pbs.twimg.com/profile_banners/997016105422995456/1547595299",
        "profile_link_color": "1DA1F2",
        "profile_sidebar_border_color": "C0DEED",
        "profile_sidebar_fill_color": "DDEEF6",
        "profile_text_color": "333333",
        "profile_use_background_image": true,
        "has_extended_profile": false,
        "default_profile": true,
        "default_profile_image": false,
        "following": null,
        "follow_request_sent": null,
        "notifications": null,
        "translator_type": "none"
    },
    "geo": null,
    "coordinates": null,
    "place": null,
    "contributors": null,
    "is_quote_status": false,
    "retweet_count": 0,
    "favorite_count": 0,
    "favorited": false,
    "retweeted": false,
    "lang": "en"
}