{
    "created_at": "Tue Apr 16 09:58:34 +0000 2019",
    "id": 1118091301520650241,
    "id_str": "1118091301520650241",
    "text": "\"Citi Bike\u2019s Electric Bikes Are Fast. But Are They Dangerous?\" by AZI PAYBARAH via NYT https://t.co/wvCeWCTeYP",
    "truncated": false,
    "entities": {
        "hashtags": [],
        "symbols": [],
        "user_mentions": [],
        "urls": [
            {
                "url": "https://t.co/wvCeWCTeYP",
                "expanded_url": "https://www.nytimes.com/2019/04/16/nyregion/newyorktoday/nyc-news-citi-bike-electric.html?partner=IFTTT",
                "display_url": "nytimes.com/2019/04/16/nyr\u2026",
                "indices": [
                    87,
                    110
                ]
            }
        ]
    },
    "metadata": {
        "iso_language_code": "en",
        "result_type": "recent"
    },
    "source": "<a href=\"https://ifttt.com\" rel=\"nofollow\">IFTTT</a>",
    "in_reply_to_status_id": null,
    "in_reply_to_status_id_str": null,
    "in_reply_to_user_id": null,
    "in_reply_to_user_id_str": null,
    "in_reply_to_screen_name": null,
    "user": {
        "id": 1039536332,
        "id_str": "1039536332",
        "name": "Herman Shinn",
        "screen_name": "hermanshin",
        "location": "Flynn",
        "description": "CEO of Business Blogging, Social Media Enthusiast, Podcaster, Teacher, Columnist, Wikipedian, Farmer and Proud Dad.",
        "url": null,
        "entities": {
            "description": {
                "urls": []
            }
        },
        "protected": false,
        "followers_count": 443,
        "friends_count": 372,
        "listed_count": 18,
        "created_at": "Thu Dec 27 12:37:22 +0000 2012",
        "favourites_count": 0,
        "utc_offset": null,
        "time_zone": null,
        "geo_enabled": false,
        "verified": false,
        "statuses_count": 63491,
        "lang": "en",
        "contributors_enabled": false,
        "is_translator": false,
        "is_translation_enabled": false,
        "profile_background_color": "C0DEED",
        "profile_background_image_url": "http://abs.twimg.com/images/themes/theme1/bg.png",
        "profile_background_image_url_https": "https://abs.twimg.com/images/themes/theme1/bg.png",
        "profile_background_tile": false,
        "profile_image_url": "http://pbs.twimg.com/profile_images/3028135739/c22a5bddc3cba1dd45d31bbfb3cc7e44_normal.jpeg",
        "profile_image_url_https": "https://pbs.twimg.com/profile_images/3028135739/c22a5bddc3cba1dd45d31bbfb3cc7e44_normal.jpeg",
        "profile_banner_url": "https://pbs.twimg.com/profile_banners/1039536332/1409605831",
        "profile_link_color": "0084B4",
        "profile_sidebar_border_color": "FFFFFF",
        "profile_sidebar_fill_color": "DDEEF6",
        "profile_text_color": "333333",
        "profile_use_background_image": true,
        "has_extended_profile": false,
        "default_profile": false,
        "default_profile_image": false,
        "following": null,
        "follow_request_sent": null,
        "notifications": null,
        "translator_type": "none"
    },
    "geo": null,
    "coordinates": null,
    "place": null,
    "contributors": null,
    "is_quote_status": false,
    "retweet_count": 0,
    "favorite_count": 0,
    "favorited": false,
    "retweeted": false,
    "possibly_sensitive": false,
    "lang": "en"
}