{
    "created_at": "Tue Apr 16 20:20:20 +0000 2019",
    "id": 1118247773999128577,
    "id_str": "1118247773999128577",
    "text": "RT @CitiBikeNYC: NEWS: Citi Bike has arrived in Bushwick! \ud83d\udeb2 Over the next few weeks, 25 new stations will be installed throughout this neig\u2026",
    "truncated": false,
    "entities": {
        "hashtags": [],
        "symbols": [],
        "user_mentions": [
            {
                "screen_name": "CitiBikeNYC",
                "name": "Citi Bike",
                "id": 366631688,
                "id_str": "366631688",
                "indices": [
                    3,
                    15
                ]
            }
        ],
        "urls": []
    },
    "metadata": {
        "iso_language_code": "en",
        "result_type": "recent"
    },
    "source": "<a href=\"http://twitter.com\" rel=\"nofollow\">Twitter Web Client</a>",
    "in_reply_to_status_id": null,
    "in_reply_to_status_id_str": null,
    "in_reply_to_user_id": null,
    "in_reply_to_user_id_str": null,
    "in_reply_to_screen_name": null,
    "user": {
        "id": 1021570861088813061,
        "id_str": "1021570861088813061",
        "name": "Adam Batlan",
        "screen_name": "LeoniaBatlan",
        "location": "BK NYC",
        "description": "",
        "url": null,
        "entities": {
            "description": {
                "urls": []
            }
        },
        "protected": false,
        "followers_count": 17,
        "friends_count": 32,
        "listed_count": 0,
        "created_at": "Tue Jul 24 01:40:47 +0000 2018",
        "favourites_count": 352,
        "utc_offset": null,
        "time_zone": null,
        "geo_enabled": false,
        "verified": false,
        "statuses_count": 241,
        "lang": "en",
        "contributors_enabled": false,
        "is_translator": false,
        "is_translation_enabled": false,
        "profile_background_color": "F5F8FA",
        "profile_background_image_url": null,
        "profile_background_image_url_https": null,
        "profile_background_tile": false,
        "profile_image_url": "http://pbs.twimg.com/profile_images/1053674685337165824/JMl3DzRm_normal.jpg",
        "profile_image_url_https": "https://pbs.twimg.com/profile_images/1053674685337165824/JMl3DzRm_normal.jpg",
        "profile_banner_url": "https://pbs.twimg.com/profile_banners/1021570861088813061/1540050675",
        "profile_link_color": "1DA1F2",
        "profile_sidebar_border_color": "C0DEED",
        "profile_sidebar_fill_color": "DDEEF6",
        "profile_text_color": "333333",
        "profile_use_background_image": true,
        "has_extended_profile": false,
        "default_profile": true,
        "default_profile_image": false,
        "following": null,
        "follow_request_sent": null,
        "notifications": null,
        "translator_type": "none"
    },
    "geo": null,
    "coordinates": null,
    "place": null,
    "contributors": null,
    "retweeted_status": {
        "created_at": "Tue Apr 16 15:30:26 +0000 2019",
        "id": 1118174819390980096,
        "id_str": "1118174819390980096",
        "text": "NEWS: Citi Bike has arrived in Bushwick! \ud83d\udeb2 Over the next few weeks, 25 new stations will be installed throughout th\u2026 https://t.co/WAtt2CgEEE",
        "truncated": true,
        "entities": {
            "hashtags": [],
            "symbols": [],
            "user_mentions": [],
            "urls": [
                {
                    "url": "https://t.co/WAtt2CgEEE",
                    "expanded_url": "https://twitter.com/i/web/status/1118174819390980096",
                    "display_url": "twitter.com/i/web/status/1\u2026",
                    "indices": [
                        117,
                        140
                    ]
                }
            ]
        },
        "metadata": {
            "iso_language_code": "en",
            "result_type": "recent"
        },
        "source": "<a href=\"http://twitter.com\" rel=\"nofollow\">Twitter Web Client</a>",
        "in_reply_to_status_id": null,
        "in_reply_to_status_id_str": null,
        "in_reply_to_user_id": null,
        "in_reply_to_user_id_str": null,
        "in_reply_to_screen_name": null,
        "user": {
            "id": 366631688,
            "id_str": "366631688",
            "name": "Citi Bike",
            "screen_name": "CitiBikeNYC",
            "location": "New York, NY",
            "description": "NYC's bike share program! For customer service inquiries please visit https://t.co/IKHx4FjcjC or email customerservice@citibikenyc.com",
            "url": "https://t.co/ncNUgCPx64",
            "entities": {
                "url": {
                    "urls": [
                        {
                            "url": "https://t.co/ncNUgCPx64",
                            "expanded_url": "https://www.citibikenyc.com/",
                            "display_url": "citibikenyc.com",
                            "indices": [
                                0,
                                23
                            ]
                        }
                    ]
                },
                "description": {
                    "urls": [
                        {
                            "url": "https://t.co/IKHx4FjcjC",
                            "expanded_url": "http://citibikenyc.com/help",
                            "display_url": "citibikenyc.com/help",
                            "indices": [
                                70,
                                93
                            ]
                        }
                    ]
                }
            },
            "protected": false,
            "followers_count": 32243,
            "friends_count": 2998,
            "listed_count": 852,
            "created_at": "Fri Sep 02 14:43:45 +0000 2011",
            "favourites_count": 9481,
            "utc_offset": null,
            "time_zone": null,
            "geo_enabled": true,
            "verified": true,
            "statuses_count": 14597,
            "lang": "en",
            "contributors_enabled": false,
            "is_translator": false,
            "is_translation_enabled": false,
            "profile_background_color": "C0DEED",
            "profile_background_image_url": "http://abs.twimg.com/images/themes/theme1/bg.png",
            "profile_background_image_url_https": "https://abs.twimg.com/images/themes/theme1/bg.png",
            "profile_background_tile": true,
            "profile_image_url": "http://pbs.twimg.com/profile_images/1011984288214990848/epSLWYWg_normal.jpg",
            "profile_image_url_https": "https://pbs.twimg.com/profile_images/1011984288214990848/epSLWYWg_normal.jpg",
            "profile_banner_url": "https://pbs.twimg.com/profile_banners/366631688/1534217518",
            "profile_link_color": "009EDC",
            "profile_sidebar_border_color": "C0DEED",
            "profile_sidebar_fill_color": "DDEEF6",
            "profile_text_color": "333333",
            "profile_use_background_image": false,
            "has_extended_profile": false,
            "default_profile": false,
            "default_profile_image": false,
            "following": null,
            "follow_request_sent": null,
            "notifications": null,
            "translator_type": "none"
        },
        "geo": null,
        "coordinates": null,
        "place": null,
        "contributors": null,
        "is_quote_status": false,
        "retweet_count": 22,
        "favorite_count": 85,
        "favorited": false,
        "retweeted": false,
        "possibly_sensitive": false,
        "lang": "en"
    },
    "is_quote_status": false,
    "retweet_count": 22,
    "favorite_count": 0,
    "favorited": false,
    "retweeted": false,
    "lang": "en"
}