{
    "created_at": "Tue Apr 16 10:51:02 +0000 2019",
    "id": 1118104506150133760,
    "id_str": "1118104506150133760",
    "text": "Citi Bike\u2019s Electric Bikes Are Fast. But Are They Dangerous? https://t.co/hj899dcDRQ",
    "truncated": false,
    "entities": {
        "hashtags": [],
        "symbols": [],
        "user_mentions": [],
        "urls": [],
        "media": [
            {
                "id": 1118104505143394304,
                "id_str": "1118104505143394304",
                "indices": [
                    61,
                    84
                ],
                "media_url": "http://pbs.twimg.com/media/D4ROH5rWAAARrIC.jpg",
                "media_url_https": "https://pbs.twimg.com/media/D4ROH5rWAAARrIC.jpg",
                "url": "https://t.co/hj899dcDRQ",
                "display_url": "pic.twitter.com/hj899dcDRQ",
                "expanded_url": "https://twitter.com/dshubham8446/status/1118104506150133760/photo/1",
                "type": "photo",
                "sizes": {
                    "small": {
                        "w": 440,
                        "h": 293,
                        "resize": "fit"
                    },
                    "thumb": {
                        "w": 150,
                        "h": 150,
                        "resize": "crop"
                    },
                    "large": {
                        "w": 440,
                        "h": 293,
                        "resize": "fit"
                    },
                    "medium": {
                        "w": 440,
                        "h": 293,
                        "resize": "fit"
                    }
                }
            }
        ]
    },
    "extended_entities": {
        "media": [
            {
                "id": 1118104505143394304,
                "id_str": "1118104505143394304",
                "indices": [
                    61,
                    84
                ],
                "media_url": "http://pbs.twimg.com/media/D4ROH5rWAAARrIC.jpg",
                "media_url_https": "https://pbs.twimg.com/media/D4ROH5rWAAARrIC.jpg",
                "url": "https://t.co/hj899dcDRQ",
                "display_url": "pic.twitter.com/hj899dcDRQ",
                "expanded_url": "https://twitter.com/dshubham8446/status/1118104506150133760/photo/1",
                "type": "photo",
                "sizes": {
                    "small": {
                        "w": 440,
                        "h": 293,
                        "resize": "fit"
                    },
                    "thumb": {
                        "w": 150,
                        "h": 150,
                        "resize": "crop"
                    },
                    "large": {
                        "w": 440,
                        "h": 293,
                        "resize": "fit"
                    },
                    "medium": {
                        "w": 440,
                        "h": 293,
                        "resize": "fit"
                    }
                }
            }
        ]
    },
    "metadata": {
        "iso_language_code": "en",
        "result_type": "recent"
    },
    "source": "<a href=\"https://ifttt.com\" rel=\"nofollow\">IFTTT</a>",
    "in_reply_to_status_id": null,
    "in_reply_to_status_id_str": null,
    "in_reply_to_user_id": null,
    "in_reply_to_user_id_str": null,
    "in_reply_to_screen_name": null,
    "user": {
        "id": 821567452593192960,
        "id_str": "821567452593192960",
        "name": "shubham deshpande",
        "screen_name": "dshubham8446",
        "location": "India",
        "description": "",
        "url": "https://t.co/O5sMPl2XF6",
        "entities": {
            "url": {
                "urls": [
                    {
                        "url": "https://t.co/O5sMPl2XF6",
                        "expanded_url": "http://www.worldclassic.in",
                        "display_url": "worldclassic.in",
                        "indices": [
                            0,
                            23
                        ]
                    }
                ]
            },
            "description": {
                "urls": []
            }
        },
        "protected": false,
        "followers_count": 11,
        "friends_count": 149,
        "listed_count": 0,
        "created_at": "Wed Jan 18 03:58:39 +0000 2017",
        "favourites_count": 1,
        "utc_offset": null,
        "time_zone": null,
        "geo_enabled": false,
        "verified": false,
        "statuses_count": 6591,
        "lang": "en",
        "contributors_enabled": false,
        "is_translator": false,
        "is_translation_enabled": false,
        "profile_background_color": "F5F8FA",
        "profile_background_image_url": null,
        "profile_background_image_url_https": null,
        "profile_background_tile": false,
        "profile_image_url": "http://pbs.twimg.com/profile_images/946796449777336321/7Td-gXNg_normal.jpg",
        "profile_image_url_https": "https://pbs.twimg.com/profile_images/946796449777336321/7Td-gXNg_normal.jpg",
        "profile_link_color": "1DA1F2",
        "profile_sidebar_border_color": "C0DEED",
        "profile_sidebar_fill_color": "DDEEF6",
        "profile_text_color": "333333",
        "profile_use_background_image": true,
        "has_extended_profile": false,
        "default_profile": true,
        "default_profile_image": false,
        "following": null,
        "follow_request_sent": null,
        "notifications": null,
        "translator_type": "none"
    },
    "geo": null,
    "coordinates": null,
    "place": null,
    "contributors": null,
    "is_quote_status": false,
    "retweet_count": 0,
    "favorite_count": 0,
    "favorited": false,
    "retweeted": false,
    "possibly_sensitive": false,
    "lang": "en"
}