{
    "created_at": "Wed Apr 17 18:01:34 +0000 2019",
    "id": 1118575243298209798,
    "id_str": "1118575243298209798",
    "text": "CC transportation chair @ydanis suggests that a single fare should transfer between the subway, bus, ferry and Citi Bike.",
    "truncated": false,
    "entities": {
        "hashtags": [],
        "symbols": [],
        "user_mentions": [
            {
                "screen_name": "ydanis",
                "name": "Ydanis Rodriguez",
                "id": 66858922,
                "id_str": "66858922",
                "indices": [
                    24,
                    31
                ]
            }
        ],
        "urls": []
    },
    "metadata": {
        "iso_language_code": "en",
        "result_type": "recent"
    },
    "source": "<a href=\"http://twitter.com\" rel=\"nofollow\">Twitter Web Client</a>",
    "in_reply_to_status_id": null,
    "in_reply_to_status_id_str": null,
    "in_reply_to_user_id": null,
    "in_reply_to_user_id_str": null,
    "in_reply_to_screen_name": null,
    "user": {
        "id": 537502692,
        "id_str": "537502692",
        "name": "Clayton Guse",
        "screen_name": "ClaytonGuse",
        "location": "New York City",
        "description": "Transit and data reporter at @nydailynews.  It's pronounced Goose-Ah, damn it. Tips: cguse (at) nydailynews (dot) com",
        "url": null,
        "entities": {
            "description": {
                "urls": []
            }
        },
        "protected": false,
        "followers_count": 1923,
        "friends_count": 2070,
        "listed_count": 96,
        "created_at": "Mon Mar 26 17:49:28 +0000 2012",
        "favourites_count": 4513,
        "utc_offset": null,
        "time_zone": null,
        "geo_enabled": true,
        "verified": true,
        "statuses_count": 5024,
        "lang": "en",
        "contributors_enabled": false,
        "is_translator": false,
        "is_translation_enabled": false,
        "profile_background_color": "000000",
        "profile_background_image_url": "http://abs.twimg.com/images/themes/theme1/bg.png",
        "profile_background_image_url_https": "https://abs.twimg.com/images/themes/theme1/bg.png",
        "profile_background_tile": false,
        "profile_image_url": "http://pbs.twimg.com/profile_images/1085565694614388741/gl6NYFd6_normal.jpg",
        "profile_image_url_https": "https://pbs.twimg.com/profile_images/1085565694614388741/gl6NYFd6_normal.jpg",
        "profile_banner_url": "https://pbs.twimg.com/profile_banners/537502692/1498674359",
        "profile_link_color": "AC1919",
        "profile_sidebar_border_color": "000000",
        "profile_sidebar_fill_color": "000000",
        "profile_text_color": "000000",
        "profile_use_background_image": false,
        "has_extended_profile": true,
        "default_profile": false,
        "default_profile_image": false,
        "following": null,
        "follow_request_sent": null,
        "notifications": null,
        "translator_type": "none"
    },
    "geo": null,
    "coordinates": null,
    "place": null,
    "contributors": null,
    "is_quote_status": false,
    "retweet_count": 0,
    "favorite_count": 0,
    "favorited": false,
    "retweeted": false,
    "lang": "en"
}