{
    "created_at": "Tue Apr 16 10:15:05 +0000 2019",
    "id": 1118095458289815554,
    "id_str": "1118095458289815554",
    "text": "Lyft adds New York\u2019s Citi Bikes to its app https://t.co/4aMDMzOzGa - \n\n ASSOCIATED PRESS  \n\nBeginning in May, Lyft\u2026 https://t.co/gkVmo3CWIo",
    "truncated": true,
    "entities": {
        "hashtags": [],
        "symbols": [],
        "user_mentions": [],
        "urls": [
            {
                "url": "https://t.co/4aMDMzOzGa",
                "expanded_url": "https://buff.ly/2GouSqu",
                "display_url": "buff.ly/2GouSqu",
                "indices": [
                    43,
                    66
                ]
            },
            {
                "url": "https://t.co/gkVmo3CWIo",
                "expanded_url": "https://twitter.com/i/web/status/1118095458289815554",
                "display_url": "twitter.com/i/web/status/1\u2026",
                "indices": [
                    116,
                    139
                ]
            }
        ]
    },
    "metadata": {
        "iso_language_code": "en",
        "result_type": "recent"
    },
    "source": "<a href=\"https://buffer.com\" rel=\"nofollow\">Buffer</a>",
    "in_reply_to_status_id": null,
    "in_reply_to_status_id_str": null,
    "in_reply_to_user_id": null,
    "in_reply_to_user_id_str": null,
    "in_reply_to_screen_name": null,
    "user": {
        "id": 184810137,
        "id_str": "184810137",
        "name": "Dr Vicente Nario",
        "screen_name": "DrBicentenario",
        "location": "En el aqu\u00ed y ahora . . . ",
        "description": "\ud83d\udc68\ud83c\udffb\u200d\ud83d\udcbb SOY un hipster y no un bot. Gracias por seguirme\uf8ff",
        "url": null,
        "entities": {
            "description": {
                "urls": []
            }
        },
        "protected": false,
        "followers_count": 1549,
        "friends_count": 2404,
        "listed_count": 196,
        "created_at": "Mon Aug 30 14:56:45 +0000 2010",
        "favourites_count": 8071,
        "utc_offset": null,
        "time_zone": null,
        "geo_enabled": false,
        "verified": false,
        "statuses_count": 720367,
        "lang": "es",
        "contributors_enabled": false,
        "is_translator": false,
        "is_translation_enabled": false,
        "profile_background_color": "0844FA",
        "profile_background_image_url": "http://abs.twimg.com/images/themes/theme13/bg.gif",
        "profile_background_image_url_https": "https://abs.twimg.com/images/themes/theme13/bg.gif",
        "profile_background_tile": true,
        "profile_image_url": "http://pbs.twimg.com/profile_images/1157329553/house_normal.jpg",
        "profile_image_url_https": "https://pbs.twimg.com/profile_images/1157329553/house_normal.jpg",
        "profile_banner_url": "https://pbs.twimg.com/profile_banners/184810137/1521058447",
        "profile_link_color": "1B95E0",
        "profile_sidebar_border_color": "030303",
        "profile_sidebar_fill_color": "23FF17",
        "profile_text_color": "131314",
        "profile_use_background_image": true,
        "has_extended_profile": false,
        "default_profile": false,
        "default_profile_image": false,
        "following": null,
        "follow_request_sent": null,
        "notifications": null,
        "translator_type": "none"
    },
    "geo": null,
    "coordinates": null,
    "place": null,
    "contributors": null,
    "is_quote_status": false,
    "retweet_count": 0,
    "favorite_count": 0,
    "favorited": false,
    "retweeted": false,
    "possibly_sensitive": false,
    "lang": "en"
}