{
    "created_at": "Tue Apr 16 12:07:05 +0000 2019",
    "id": 1118123643681288193,
    "id_str": "1118123643681288193",
    "text": "Citi Bike\u2019s Electric Bikes Are Fast. But Are They Dangerous? https://t.co/FAUK3Y0fF0",
    "truncated": false,
    "entities": {
        "hashtags": [],
        "symbols": [],
        "user_mentions": [],
        "urls": [],
        "media": [
            {
                "id": 1118123642729238528,
                "id_str": "1118123642729238528",
                "indices": [
                    61,
                    84
                ],
                "media_url": "http://pbs.twimg.com/media/D4Rfh2vXkAACYnX.jpg",
                "media_url_https": "https://pbs.twimg.com/media/D4Rfh2vXkAACYnX.jpg",
                "url": "https://t.co/FAUK3Y0fF0",
                "display_url": "pic.twitter.com/FAUK3Y0fF0",
                "expanded_url": "https://twitter.com/OdedaraRamde97/status/1118123643681288193/photo/1",
                "type": "photo",
                "sizes": {
                    "small": {
                        "w": 440,
                        "h": 293,
                        "resize": "fit"
                    },
                    "thumb": {
                        "w": 150,
                        "h": 150,
                        "resize": "crop"
                    },
                    "large": {
                        "w": 440,
                        "h": 293,
                        "resize": "fit"
                    },
                    "medium": {
                        "w": 440,
                        "h": 293,
                        "resize": "fit"
                    }
                }
            }
        ]
    },
    "extended_entities": {
        "media": [
            {
                "id": 1118123642729238528,
                "id_str": "1118123642729238528",
                "indices": [
                    61,
                    84
                ],
                "media_url": "http://pbs.twimg.com/media/D4Rfh2vXkAACYnX.jpg",
                "media_url_https": "https://pbs.twimg.com/media/D4Rfh2vXkAACYnX.jpg",
                "url": "https://t.co/FAUK3Y0fF0",
                "display_url": "pic.twitter.com/FAUK3Y0fF0",
                "expanded_url": "https://twitter.com/OdedaraRamde97/status/1118123643681288193/photo/1",
                "type": "photo",
                "sizes": {
                    "small": {
                        "w": 440,
                        "h": 293,
                        "resize": "fit"
                    },
                    "thumb": {
                        "w": 150,
                        "h": 150,
                        "resize": "crop"
                    },
                    "large": {
                        "w": 440,
                        "h": 293,
                        "resize": "fit"
                    },
                    "medium": {
                        "w": 440,
                        "h": 293,
                        "resize": "fit"
                    }
                }
            }
        ]
    },
    "metadata": {
        "iso_language_code": "en",
        "result_type": "recent"
    },
    "source": "<a href=\"https://ifttt.com\" rel=\"nofollow\">IFTTT</a>",
    "in_reply_to_status_id": null,
    "in_reply_to_status_id_str": null,
    "in_reply_to_user_id": null,
    "in_reply_to_user_id_str": null,
    "in_reply_to_screen_name": null,
    "user": {
        "id": 884044265021739008,
        "id_str": "884044265021739008",
        "name": "ramdeodedra24",
        "screen_name": "OdedaraRamde97",
        "location": "Porbandar, India",
        "description": "Sports News, TV and Scores Sports Indian Athletes Leagues and Teams Cricketers and Commentators TV",
        "url": null,
        "entities": {
            "description": {
                "urls": []
            }
        },
        "protected": false,
        "followers_count": 10,
        "friends_count": 114,
        "listed_count": 1,
        "created_at": "Sun Jul 09 13:39:12 +0000 2017",
        "favourites_count": 33,
        "utc_offset": null,
        "time_zone": null,
        "geo_enabled": false,
        "verified": false,
        "statuses_count": 6251,
        "lang": "en",
        "contributors_enabled": false,
        "is_translator": false,
        "is_translation_enabled": false,
        "profile_background_color": "F5F8FA",
        "profile_background_image_url": null,
        "profile_background_image_url_https": null,
        "profile_background_tile": false,
        "profile_image_url": "http://pbs.twimg.com/profile_images/884046005657903104/eSugtxFD_normal.jpg",
        "profile_image_url_https": "https://pbs.twimg.com/profile_images/884046005657903104/eSugtxFD_normal.jpg",
        "profile_banner_url": "https://pbs.twimg.com/profile_banners/884044265021739008/1499607965",
        "profile_link_color": "1DA1F2",
        "profile_sidebar_border_color": "C0DEED",
        "profile_sidebar_fill_color": "DDEEF6",
        "profile_text_color": "333333",
        "profile_use_background_image": true,
        "has_extended_profile": true,
        "default_profile": true,
        "default_profile_image": false,
        "following": null,
        "follow_request_sent": null,
        "notifications": null,
        "translator_type": "none"
    },
    "geo": null,
    "coordinates": null,
    "place": null,
    "contributors": null,
    "is_quote_status": false,
    "retweet_count": 0,
    "favorite_count": 0,
    "favorited": false,
    "retweeted": false,
    "possibly_sensitive": false,
    "lang": "en"
}