{
    "created_at": "Tue Apr 16 12:00:33 +0000 2019",
    "id": 1118122001766465536,
    "id_str": "1118122001766465536",
    "text": "New York Today: Citi Bike\u2019s Electric Bikes Are Fast. But Are They Dangerous? https://t.co/8sJfUzoYZw",
    "truncated": false,
    "entities": {
        "hashtags": [],
        "symbols": [],
        "user_mentions": [],
        "urls": [
            {
                "url": "https://t.co/8sJfUzoYZw",
                "expanded_url": "https://nyti.ms/2VO09rW",
                "display_url": "nyti.ms/2VO09rW",
                "indices": [
                    77,
                    100
                ]
            }
        ]
    },
    "metadata": {
        "iso_language_code": "en",
        "result_type": "recent"
    },
    "source": "<a href=\"https://ifttt.com\" rel=\"nofollow\">IFTTT</a>",
    "in_reply_to_status_id": null,
    "in_reply_to_status_id_str": null,
    "in_reply_to_user_id": null,
    "in_reply_to_user_id_str": null,
    "in_reply_to_screen_name": null,
    "user": {
        "id": 2266094832,
        "id_str": "2266094832",
        "name": "New York News",
        "screen_name": "NewYorkSEO123",
        "location": "New York City",
        "description": "New York News",
        "url": null,
        "entities": {
            "description": {
                "urls": []
            }
        },
        "protected": false,
        "followers_count": 639,
        "friends_count": 148,
        "listed_count": 114,
        "created_at": "Sat Dec 28 16:00:16 +0000 2013",
        "favourites_count": 558,
        "utc_offset": null,
        "time_zone": null,
        "geo_enabled": true,
        "verified": false,
        "statuses_count": 27985,
        "lang": "en",
        "contributors_enabled": false,
        "is_translator": false,
        "is_translation_enabled": false,
        "profile_background_color": "C0DEED",
        "profile_background_image_url": "http://abs.twimg.com/images/themes/theme1/bg.png",
        "profile_background_image_url_https": "https://abs.twimg.com/images/themes/theme1/bg.png",
        "profile_background_tile": false,
        "profile_image_url": "http://pbs.twimg.com/profile_images/416962887052058625/g17herEl_normal.jpeg",
        "profile_image_url_https": "https://pbs.twimg.com/profile_images/416962887052058625/g17herEl_normal.jpeg",
        "profile_banner_url": "https://pbs.twimg.com/profile_banners/2266094832/1388246684",
        "profile_link_color": "1DA1F2",
        "profile_sidebar_border_color": "C0DEED",
        "profile_sidebar_fill_color": "DDEEF6",
        "profile_text_color": "333333",
        "profile_use_background_image": true,
        "has_extended_profile": false,
        "default_profile": true,
        "default_profile_image": false,
        "following": null,
        "follow_request_sent": null,
        "notifications": null,
        "translator_type": "regular"
    },
    "geo": null,
    "coordinates": null,
    "place": null,
    "contributors": null,
    "is_quote_status": false,
    "retweet_count": 0,
    "favorite_count": 0,
    "favorited": false,
    "retweeted": false,
    "possibly_sensitive": false,
    "lang": "en"
}