{
    "created_at": "Tue Apr 16 10:00:06 +0000 2019",
    "id": 1118091688969416705,
    "id_str": "1118091688969416705",
    "text": "New York Times article about Lyft https://t.co/MyGbpH5Nmz #Ridesharing",
    "truncated": false,
    "entities": {
        "hashtags": [
            {
                "text": "Ridesharing",
                "indices": [
                    58,
                    70
                ]
            }
        ],
        "symbols": [],
        "user_mentions": [],
        "urls": [
            {
                "url": "https://t.co/MyGbpH5Nmz",
                "expanded_url": "https://nyti.ms/2XectlN",
                "display_url": "nyti.ms/2XectlN",
                "indices": [
                    34,
                    57
                ]
            }
        ]
    },
    "metadata": {
        "iso_language_code": "en",
        "result_type": "recent"
    },
    "source": "<a href=\"https://ifttt.com\" rel=\"nofollow\">IFTTT</a>",
    "in_reply_to_status_id": null,
    "in_reply_to_status_id_str": null,
    "in_reply_to_user_id": null,
    "in_reply_to_user_id_str": null,
    "in_reply_to_screen_name": null,
    "user": {
        "id": 2531789652,
        "id_str": "2531789652",
        "name": "Sean Williams",
        "screen_name": "TDKofGC",
        "location": "Gotham City",
        "description": "College Sophomore getting my app idea developed",
        "url": "https://t.co/rDyh7kclBK",
        "entities": {
            "url": {
                "urls": [
                    {
                        "url": "https://t.co/rDyh7kclBK",
                        "expanded_url": "http://goo.gl/BBZ0b3",
                        "display_url": "goo.gl/BBZ0b3",
                        "indices": [
                            0,
                            23
                        ]
                    }
                ]
            },
            "description": {
                "urls": []
            }
        },
        "protected": false,
        "followers_count": 1698,
        "friends_count": 2176,
        "listed_count": 79,
        "created_at": "Thu May 29 05:15:46 +0000 2014",
        "favourites_count": 3523,
        "utc_offset": null,
        "time_zone": null,
        "geo_enabled": false,
        "verified": false,
        "statuses_count": 83893,
        "lang": "en",
        "contributors_enabled": false,
        "is_translator": false,
        "is_translation_enabled": false,
        "profile_background_color": "C0DEED",
        "profile_background_image_url": "http://abs.twimg.com/images/themes/theme1/bg.png",
        "profile_background_image_url_https": "https://abs.twimg.com/images/themes/theme1/bg.png",
        "profile_background_tile": false,
        "profile_image_url": "http://pbs.twimg.com/profile_images/510188470170431488/f4otDsxn_normal.jpeg",
        "profile_image_url_https": "https://pbs.twimg.com/profile_images/510188470170431488/f4otDsxn_normal.jpeg",
        "profile_link_color": "1DA1F2",
        "profile_sidebar_border_color": "C0DEED",
        "profile_sidebar_fill_color": "DDEEF6",
        "profile_text_color": "333333",
        "profile_use_background_image": true,
        "has_extended_profile": false,
        "default_profile": true,
        "default_profile_image": false,
        "following": null,
        "follow_request_sent": null,
        "notifications": null,
        "translator_type": "none"
    },
    "geo": null,
    "coordinates": null,
    "place": null,
    "contributors": null,
    "is_quote_status": false,
    "retweet_count": 0,
    "favorite_count": 0,
    "favorited": false,
    "retweeted": false,
    "possibly_sensitive": false,
    "lang": "en"
}