{
    "created_at": "Tue Apr 16 18:00:25 +0000 2019",
    "id": 1118212564373078018,
    "id_str": "1118212564373078018",
    "text": "Someone steal me a citi bike \ud83d\ude2d",
    "truncated": false,
    "entities": {
        "hashtags": [],
        "symbols": [],
        "user_mentions": [],
        "urls": []
    },
    "metadata": {
        "iso_language_code": "en",
        "result_type": "recent"
    },
    "source": "<a href=\"http://twitter.com/download/iphone\" rel=\"nofollow\">Twitter for iPhone</a>",
    "in_reply_to_status_id": null,
    "in_reply_to_status_id_str": null,
    "in_reply_to_user_id": null,
    "in_reply_to_user_id_str": null,
    "in_reply_to_screen_name": null,
    "user": {
        "id": 823206639306231810,
        "id_str": "823206639306231810",
        "name": "Billie Jean",
        "screen_name": "whiteMJ69",
        "location": "United States",
        "description": "",
        "url": null,
        "entities": {
            "description": {
                "urls": []
            }
        },
        "protected": false,
        "followers_count": 51,
        "friends_count": 59,
        "listed_count": 0,
        "created_at": "Sun Jan 22 16:32:12 +0000 2017",
        "favourites_count": 6182,
        "utc_offset": null,
        "time_zone": null,
        "geo_enabled": true,
        "verified": false,
        "statuses_count": 3729,
        "lang": "en",
        "contributors_enabled": false,
        "is_translator": false,
        "is_translation_enabled": false,
        "profile_background_color": "F5F8FA",
        "profile_background_image_url": null,
        "profile_background_image_url_https": null,
        "profile_background_tile": false,
        "profile_image_url": "http://pbs.twimg.com/profile_images/1107859682805338112/QGBnd372_normal.jpg",
        "profile_image_url_https": "https://pbs.twimg.com/profile_images/1107859682805338112/QGBnd372_normal.jpg",
        "profile_banner_url": "https://pbs.twimg.com/profile_banners/823206639306231810/1552978005",
        "profile_link_color": "1DA1F2",
        "profile_sidebar_border_color": "C0DEED",
        "profile_sidebar_fill_color": "DDEEF6",
        "profile_text_color": "333333",
        "profile_use_background_image": true,
        "has_extended_profile": true,
        "default_profile": true,
        "default_profile_image": false,
        "following": null,
        "follow_request_sent": null,
        "notifications": null,
        "translator_type": "none"
    },
    "geo": null,
    "coordinates": null,
    "place": null,
    "contributors": null,
    "is_quote_status": false,
    "retweet_count": 0,
    "favorite_count": 1,
    "favorited": false,
    "retweeted": false,
    "lang": "en"
}