{
    "created_at": "Tue Apr 16 11:19:37 +0000 2019",
    "id": 1118111698626469889,
    "id_str": "1118111698626469889",
    "text": "By AZI PAYBARAH from NYT New York https://t.co/cZvCSqm0G9\nvia IFTTT Citi Bike\u2019s Electric Bikes Are Fast. But Are Th\u2026 https://t.co/6qXrTQOznQ",
    "truncated": true,
    "entities": {
        "hashtags": [],
        "symbols": [],
        "user_mentions": [],
        "urls": [
            {
                "url": "https://t.co/cZvCSqm0G9",
                "expanded_url": "https://nyti.ms/2XectlN",
                "display_url": "nyti.ms/2XectlN",
                "indices": [
                    34,
                    57
                ]
            },
            {
                "url": "https://t.co/6qXrTQOznQ",
                "expanded_url": "https://twitter.com/i/web/status/1118111698626469889",
                "display_url": "twitter.com/i/web/status/1\u2026",
                "indices": [
                    117,
                    140
                ]
            }
        ]
    },
    "metadata": {
        "iso_language_code": "en",
        "result_type": "recent"
    },
    "source": "<a href=\"https://ifttt.com\" rel=\"nofollow\">IFTTT</a>",
    "in_reply_to_status_id": null,
    "in_reply_to_status_id_str": null,
    "in_reply_to_user_id": null,
    "in_reply_to_user_id_str": null,
    "in_reply_to_screen_name": null,
    "user": {
        "id": 1085840662090661888,
        "id_str": "1085840662090661888",
        "name": "Trendinglivenews",
        "screen_name": "Olamide83113184",
        "location": "",
        "description": "",
        "url": "https://t.co/Is16etbfpi",
        "entities": {
            "url": {
                "urls": [
                    {
                        "url": "https://t.co/Is16etbfpi",
                        "expanded_url": "http://www.trendinglivenews.com",
                        "display_url": "trendinglivenews.com",
                        "indices": [
                            0,
                            23
                        ]
                    }
                ]
            },
            "description": {
                "urls": []
            }
        },
        "protected": false,
        "followers_count": 47,
        "friends_count": 465,
        "listed_count": 0,
        "created_at": "Thu Jan 17 10:06:02 +0000 2019",
        "favourites_count": 11,
        "utc_offset": null,
        "time_zone": null,
        "geo_enabled": false,
        "verified": false,
        "statuses_count": 2818,
        "lang": "en",
        "contributors_enabled": false,
        "is_translator": false,
        "is_translation_enabled": false,
        "profile_background_color": "F5F8FA",
        "profile_background_image_url": null,
        "profile_background_image_url_https": null,
        "profile_background_tile": false,
        "profile_image_url": "http://pbs.twimg.com/profile_images/1088107464225112066/E0DJbzIr_normal.jpg",
        "profile_image_url_https": "https://pbs.twimg.com/profile_images/1088107464225112066/E0DJbzIr_normal.jpg",
        "profile_banner_url": "https://pbs.twimg.com/profile_banners/1085840662090661888/1548260013",
        "profile_link_color": "1DA1F2",
        "profile_sidebar_border_color": "C0DEED",
        "profile_sidebar_fill_color": "DDEEF6",
        "profile_text_color": "333333",
        "profile_use_background_image": true,
        "has_extended_profile": true,
        "default_profile": true,
        "default_profile_image": false,
        "following": null,
        "follow_request_sent": null,
        "notifications": null,
        "translator_type": "none"
    },
    "geo": null,
    "coordinates": null,
    "place": null,
    "contributors": null,
    "is_quote_status": false,
    "retweet_count": 0,
    "favorite_count": 0,
    "favorited": false,
    "retweeted": false,
    "possibly_sensitive": false,
    "lang": "en"
}