{
    "created_at": "Tue Apr 16 11:56:28 +0000 2019",
    "id": 1118120972966670336,
    "id_str": "1118120972966670336",
    "text": "New York Today: Citi Bike\u2019s Electric Bikes Are Fast. But Are They Dangerous? https://t.co/33cAE9dOMU",
    "truncated": false,
    "entities": {
        "hashtags": [],
        "symbols": [],
        "user_mentions": [],
        "urls": [
            {
                "url": "https://t.co/33cAE9dOMU",
                "expanded_url": "https://nyti.ms/2VO09rW",
                "display_url": "nyti.ms/2VO09rW",
                "indices": [
                    77,
                    100
                ]
            }
        ]
    },
    "metadata": {
        "iso_language_code": "en",
        "result_type": "recent"
    },
    "source": "<a href=\"https://ifttt.com\" rel=\"nofollow\">IFTTT</a>",
    "in_reply_to_status_id": null,
    "in_reply_to_status_id_str": null,
    "in_reply_to_user_id": null,
    "in_reply_to_user_id_str": null,
    "in_reply_to_screen_name": null,
    "user": {
        "id": 1047952435107569667,
        "id_str": "1047952435107569667",
        "name": "Sandy Chin",
        "screen_name": "SandyChin15",
        "location": "New York, NY",
        "description": "Founder of Tidal Bore Capital",
        "url": "https://t.co/VgFHAUDhHR",
        "entities": {
            "url": {
                "urls": [
                    {
                        "url": "https://t.co/VgFHAUDhHR",
                        "expanded_url": "https://medium.com/@sandychin100",
                        "display_url": "medium.com/@sandychin100",
                        "indices": [
                            0,
                            23
                        ]
                    }
                ]
            },
            "description": {
                "urls": []
            }
        },
        "protected": false,
        "followers_count": 11,
        "friends_count": 64,
        "listed_count": 0,
        "created_at": "Thu Oct 04 20:51:45 +0000 2018",
        "favourites_count": 3,
        "utc_offset": null,
        "time_zone": null,
        "geo_enabled": false,
        "verified": false,
        "statuses_count": 2403,
        "lang": "en",
        "contributors_enabled": false,
        "is_translator": false,
        "is_translation_enabled": false,
        "profile_background_color": "F5F8FA",
        "profile_background_image_url": null,
        "profile_background_image_url_https": null,
        "profile_background_tile": false,
        "profile_image_url": "http://pbs.twimg.com/profile_images/1047956312481361921/_cKGBehI_normal.jpg",
        "profile_image_url_https": "https://pbs.twimg.com/profile_images/1047956312481361921/_cKGBehI_normal.jpg",
        "profile_banner_url": "https://pbs.twimg.com/profile_banners/1047952435107569667/1539975519",
        "profile_link_color": "1DA1F2",
        "profile_sidebar_border_color": "C0DEED",
        "profile_sidebar_fill_color": "DDEEF6",
        "profile_text_color": "333333",
        "profile_use_background_image": true,
        "has_extended_profile": false,
        "default_profile": true,
        "default_profile_image": false,
        "following": null,
        "follow_request_sent": null,
        "notifications": null,
        "translator_type": "none"
    },
    "geo": null,
    "coordinates": null,
    "place": null,
    "contributors": null,
    "is_quote_status": false,
    "retweet_count": 0,
    "favorite_count": 0,
    "favorited": false,
    "retweeted": false,
    "possibly_sensitive": false,
    "lang": "en"
}