{
    "created_at": "Tue Apr 16 04:24:06 +0000 2019",
    "id": 1118007131259559937,
    "id_str": "1118007131259559937",
    "text": "RT @nychange: Citi Bike has become a monopoly unaccessible to working-class communities across New York. ON TOP OF THAT, they are now offer\u2026",
    "truncated": false,
    "entities": {
        "hashtags": [],
        "symbols": [],
        "user_mentions": [
            {
                "screen_name": "nychange",
                "name": "NYCC",
                "id": 97071323,
                "id_str": "97071323",
                "indices": [
                    3,
                    12
                ]
            }
        ],
        "urls": []
    },
    "metadata": {
        "iso_language_code": "en",
        "result_type": "recent"
    },
    "source": "<a href=\"http://twitter.com/download/iphone\" rel=\"nofollow\">Twitter for iPhone</a>",
    "in_reply_to_status_id": null,
    "in_reply_to_status_id_str": null,
    "in_reply_to_user_id": null,
    "in_reply_to_user_id_str": null,
    "in_reply_to_screen_name": null,
    "user": {
        "id": 1066868028,
        "id_str": "1066868028",
        "name": "Austin Shafran",
        "screen_name": "AustinShafran",
        "location": "New York, NY",
        "description": "Senior VP #MetPublicStrategies. Fmr Leg Dir @WorkingFamilies, & VP Pub Affairs under @NYGovCuomo for @EmpireStateDev",
        "url": "https://t.co/KwpaPWg68J",
        "entities": {
            "url": {
                "urls": [
                    {
                        "url": "https://t.co/KwpaPWg68J",
                        "expanded_url": "http://www.metpublicstrategies.com",
                        "display_url": "metpublicstrategies.com",
                        "indices": [
                            0,
                            23
                        ]
                    }
                ]
            },
            "description": {
                "urls": []
            }
        },
        "protected": false,
        "followers_count": 911,
        "friends_count": 929,
        "listed_count": 28,
        "created_at": "Sun Jan 06 22:33:11 +0000 2013",
        "favourites_count": 2376,
        "utc_offset": null,
        "time_zone": null,
        "geo_enabled": true,
        "verified": false,
        "statuses_count": 2163,
        "lang": "en",
        "contributors_enabled": false,
        "is_translator": false,
        "is_translation_enabled": false,
        "profile_background_color": "FFFFFF",
        "profile_background_image_url": "http://abs.twimg.com/images/themes/theme14/bg.gif",
        "profile_background_image_url_https": "https://abs.twimg.com/images/themes/theme14/bg.gif",
        "profile_background_tile": false,
        "profile_image_url": "http://pbs.twimg.com/profile_images/850141202792013824/gTnvOfLY_normal.jpg",
        "profile_image_url_https": "https://pbs.twimg.com/profile_images/850141202792013824/gTnvOfLY_normal.jpg",
        "profile_link_color": "0646AD",
        "profile_sidebar_border_color": "000000",
        "profile_sidebar_fill_color": "DDEEF6",
        "profile_text_color": "333333",
        "profile_use_background_image": true,
        "has_extended_profile": true,
        "default_profile": false,
        "default_profile_image": false,
        "following": null,
        "follow_request_sent": null,
        "notifications": null,
        "translator_type": "none"
    },
    "geo": null,
    "coordinates": null,
    "place": null,
    "contributors": null,
    "retweeted_status": {
        "created_at": "Mon Apr 15 21:04:05 +0000 2019",
        "id": 1117896398807023616,
        "id_str": "1117896398807023616",
        "text": "Citi Bike has become a monopoly unaccessible to working-class communities across New York. ON TOP OF THAT, they are\u2026 https://t.co/sNZJlzFwvb",
        "truncated": true,
        "entities": {
            "hashtags": [],
            "symbols": [],
            "user_mentions": [],
            "urls": [
                {
                    "url": "https://t.co/sNZJlzFwvb",
                    "expanded_url": "https://twitter.com/i/web/status/1117896398807023616",
                    "display_url": "twitter.com/i/web/status/1\u2026",
                    "indices": [
                        117,
                        140
                    ]
                }
            ]
        },
        "metadata": {
            "iso_language_code": "en",
            "result_type": "recent"
        },
        "source": "<a href=\"http://twitter.com\" rel=\"nofollow\">Twitter Web Client</a>",
        "in_reply_to_status_id": null,
        "in_reply_to_status_id_str": null,
        "in_reply_to_user_id": null,
        "in_reply_to_user_id_str": null,
        "in_reply_to_screen_name": null,
        "user": {
            "id": 97071323,
            "id_str": "97071323",
            "name": "NYCC",
            "screen_name": "nychange",
            "location": "New York",
            "description": "New York Communities for Change. Uniting neighborhoods in the fight for social and economic justice!",
            "url": "https://t.co/31de9x6shJ",
            "entities": {
                "url": {
                    "urls": [
                        {
                            "url": "https://t.co/31de9x6shJ",
                            "expanded_url": "http://www.nycommunities.org",
                            "display_url": "nycommunities.org",
                            "indices": [
                                0,
                                23
                            ]
                        }
                    ]
                },
                "description": {
                    "urls": []
                }
            },
            "protected": false,
            "followers_count": 15744,
            "friends_count": 2185,
            "listed_count": 391,
            "created_at": "Tue Dec 15 21:58:36 +0000 2009",
            "favourites_count": 6806,
            "utc_offset": null,
            "time_zone": null,
            "geo_enabled": true,
            "verified": true,
            "statuses_count": 20373,
            "lang": "en",
            "contributors_enabled": false,
            "is_translator": false,
            "is_translation_enabled": false,
            "profile_background_color": "C0DEED",
            "profile_background_image_url": "http://abs.twimg.com/images/themes/theme1/bg.png",
            "profile_background_image_url_https": "https://abs.twimg.com/images/themes/theme1/bg.png",
            "profile_background_tile": true,
            "profile_image_url": "http://pbs.twimg.com/profile_images/746299681177739264/apCFNF06_normal.jpg",
            "profile_image_url_https": "https://pbs.twimg.com/profile_images/746299681177739264/apCFNF06_normal.jpg",
            "profile_banner_url": "https://pbs.twimg.com/profile_banners/97071323/1510088458",
            "profile_link_color": "FF6319",
            "profile_sidebar_border_color": "C0DEED",
            "profile_sidebar_fill_color": "DDEEF6",
            "profile_text_color": "333333",
            "profile_use_background_image": false,
            "has_extended_profile": false,
            "default_profile": false,
            "default_profile_image": false,
            "following": null,
            "follow_request_sent": null,
            "notifications": null,
            "translator_type": "none"
        },
        "geo": null,
        "coordinates": null,
        "place": null,
        "contributors": null,
        "is_quote_status": false,
        "retweet_count": 3,
        "favorite_count": 4,
        "favorited": false,
        "retweeted": false,
        "possibly_sensitive": false,
        "lang": "en"
    },
    "is_quote_status": false,
    "retweet_count": 3,
    "favorite_count": 0,
    "favorited": false,
    "retweeted": false,
    "lang": "en"
}