{
    "created_at": "Tue Apr 16 14:44:27 +0000 2019",
    "id": 1118163248392617985,
    "id_str": "1118163248392617985",
    "text": "#Lyft To Offer Citi Bikes Through Ride-Hailing App https://t.co/Sf5PVmCdXs",
    "truncated": false,
    "entities": {
        "hashtags": [
            {
                "text": "Lyft",
                "indices": [
                    0,
                    5
                ]
            }
        ],
        "symbols": [],
        "user_mentions": [],
        "urls": [
            {
                "url": "https://t.co/Sf5PVmCdXs",
                "expanded_url": "https://patch.com/new-york/new-york-city/lyft-offer-citi-bikes-through-ride-hailing-app",
                "display_url": "patch.com/new-york/new-y\u2026",
                "indices": [
                    51,
                    74
                ]
            }
        ]
    },
    "metadata": {
        "iso_language_code": "en",
        "result_type": "recent"
    },
    "source": "<a href=\"http://twitter.com\" rel=\"nofollow\">Twitter Web Client</a>",
    "in_reply_to_status_id": null,
    "in_reply_to_status_id_str": null,
    "in_reply_to_user_id": null,
    "in_reply_to_user_id_str": null,
    "in_reply_to_screen_name": null,
    "user": {
        "id": 91605123,
        "id_str": "91605123",
        "name": "Rob Foran\ud83d\udeb4",
        "screen_name": "Aunt_Bike",
        "location": "Staten Island, NYC",
        "description": "Safer Streets Advocate",
        "url": "https://t.co/YszBRPY7iB",
        "entities": {
            "url": {
                "urls": [
                    {
                        "url": "https://t.co/YszBRPY7iB",
                        "expanded_url": "https://www.tumblr.com/blog/robforan",
                        "display_url": "tumblr.com/blog/robforan",
                        "indices": [
                            0,
                            23
                        ]
                    }
                ]
            },
            "description": {
                "urls": []
            }
        },
        "protected": false,
        "followers_count": 431,
        "friends_count": 732,
        "listed_count": 34,
        "created_at": "Sat Nov 21 16:36:59 +0000 2009",
        "favourites_count": 1843,
        "utc_offset": null,
        "time_zone": null,
        "geo_enabled": true,
        "verified": false,
        "statuses_count": 13175,
        "lang": "en",
        "contributors_enabled": false,
        "is_translator": false,
        "is_translation_enabled": false,
        "profile_background_color": "000000",
        "profile_background_image_url": "http://abs.twimg.com/images/themes/theme18/bg.gif",
        "profile_background_image_url_https": "https://abs.twimg.com/images/themes/theme18/bg.gif",
        "profile_background_tile": false,
        "profile_image_url": "http://pbs.twimg.com/profile_images/813065016295440384/34dUFFkL_normal.jpg",
        "profile_image_url_https": "https://pbs.twimg.com/profile_images/813065016295440384/34dUFFkL_normal.jpg",
        "profile_banner_url": "https://pbs.twimg.com/profile_banners/91605123/1482685346",
        "profile_link_color": "19CF86",
        "profile_sidebar_border_color": "000000",
        "profile_sidebar_fill_color": "000000",
        "profile_text_color": "000000",
        "profile_use_background_image": false,
        "has_extended_profile": false,
        "default_profile": false,
        "default_profile_image": false,
        "following": null,
        "follow_request_sent": null,
        "notifications": null,
        "translator_type": "none"
    },
    "geo": null,
    "coordinates": null,
    "place": null,
    "contributors": null,
    "is_quote_status": false,
    "retweet_count": 0,
    "favorite_count": 0,
    "favorited": false,
    "retweeted": false,
    "possibly_sensitive": false,
    "lang": "en"
}