{
    "created_at": "Wed Apr 17 02:50:42 +0000 2019",
    "id": 1118346016149864451,
    "id_str": "1118346016149864451",
    "text": "... and a Citi bike membership is only $5.",
    "truncated": false,
    "entities": {
        "hashtags": [],
        "symbols": [],
        "user_mentions": [],
        "urls": []
    },
    "metadata": {
        "iso_language_code": "en",
        "result_type": "recent"
    },
    "source": "<a href=\"http://twitter.com/download/iphone\" rel=\"nofollow\">Twitter for iPhone</a>",
    "in_reply_to_status_id": 1118345890584985601,
    "in_reply_to_status_id_str": "1118345890584985601",
    "in_reply_to_user_id": 2310073411,
    "in_reply_to_user_id_str": "2310073411",
    "in_reply_to_screen_name": "cosmiccocaine_",
    "user": {
        "id": 2310073411,
        "id_str": "2310073411",
        "name": "The BANJEE Princess",
        "screen_name": "cosmiccocaine_",
        "location": "The Land of the Big Penis, NYC",
        "description": "a Virginia Slim burning in NYC. Former thug in a cocktail dress. 1/4 of @HIMpodcast https://t.co/RnU5A5tE0Y",
        "url": "https://t.co/vcvi47MZ1J",
        "entities": {
            "url": {
                "urls": [
                    {
                        "url": "https://t.co/vcvi47MZ1J",
                        "expanded_url": "http://himpodcast.co",
                        "display_url": "himpodcast.co",
                        "indices": [
                            0,
                            23
                        ]
                    }
                ]
            },
            "description": {
                "urls": [
                    {
                        "url": "https://t.co/RnU5A5tE0Y",
                        "expanded_url": "https://linktr.ee/himpodcast",
                        "display_url": "linktr.ee/himpodcast",
                        "indices": [
                            84,
                            107
                        ]
                    }
                ]
            }
        },
        "protected": false,
        "followers_count": 1646,
        "friends_count": 1368,
        "listed_count": 13,
        "created_at": "Sat Jan 25 13:47:24 +0000 2014",
        "favourites_count": 7284,
        "utc_offset": null,
        "time_zone": null,
        "geo_enabled": true,
        "verified": false,
        "statuses_count": 48539,
        "lang": "en",
        "contributors_enabled": false,
        "is_translator": false,
        "is_translation_enabled": false,
        "profile_background_color": "C0DEED",
        "profile_background_image_url": "http://abs.twimg.com/images/themes/theme1/bg.png",
        "profile_background_image_url_https": "https://abs.twimg.com/images/themes/theme1/bg.png",
        "profile_background_tile": false,
        "profile_image_url": "http://pbs.twimg.com/profile_images/1067292587965509632/ppzZX3Dy_normal.jpg",
        "profile_image_url_https": "https://pbs.twimg.com/profile_images/1067292587965509632/ppzZX3Dy_normal.jpg",
        "profile_banner_url": "https://pbs.twimg.com/profile_banners/2310073411/1520521799",
        "profile_link_color": "1DA1F2",
        "profile_sidebar_border_color": "C0DEED",
        "profile_sidebar_fill_color": "DDEEF6",
        "profile_text_color": "333333",
        "profile_use_background_image": true,
        "has_extended_profile": false,
        "default_profile": true,
        "default_profile_image": false,
        "following": null,
        "follow_request_sent": null,
        "notifications": null,
        "translator_type": "none"
    },
    "geo": null,
    "coordinates": null,
    "place": null,
    "contributors": null,
    "is_quote_status": false,
    "retweet_count": 0,
    "favorite_count": 2,
    "favorited": false,
    "retweeted": false,
    "lang": "en"
}