{
    "created_at": "Tue Apr 16 12:43:07 +0000 2019",
    "id": 1118132712110297089,
    "id_str": "1118132712110297089",
    "text": "Electric bikes please. \nhttps://t.co/Vcpre8BF6o",
    "truncated": false,
    "entities": {
        "hashtags": [],
        "symbols": [],
        "user_mentions": [],
        "urls": [
            {
                "url": "https://t.co/Vcpre8BF6o",
                "expanded_url": "https://www.engadget.com/2019/04/15/lyft-citi-bike-new-york-city/",
                "display_url": "engadget.com/2019/04/15/lyf\u2026",
                "indices": [
                    24,
                    47
                ]
            }
        ]
    },
    "metadata": {
        "iso_language_code": "en",
        "result_type": "recent"
    },
    "source": "<a href=\"http://twitter.com/download/android\" rel=\"nofollow\">Twitter for Android</a>",
    "in_reply_to_status_id": null,
    "in_reply_to_status_id_str": null,
    "in_reply_to_user_id": null,
    "in_reply_to_user_id_str": null,
    "in_reply_to_screen_name": null,
    "user": {
        "id": 949737660188258304,
        "id_str": "949737660188258304",
        "name": "Man of Enchantment",
        "screen_name": "ManEnchantment",
        "location": "Spaceport City, New Mexico ",
        "description": "Baddest Hombre in the SouthWest. Most things New Mexico. libertarian-socialist.",
        "url": "https://t.co/uLecZrXA6y",
        "entities": {
            "url": {
                "urls": [
                    {
                        "url": "https://t.co/uLecZrXA6y",
                        "expanded_url": "http://www.manofenchantment.com",
                        "display_url": "manofenchantment.com",
                        "indices": [
                            0,
                            23
                        ]
                    }
                ]
            },
            "description": {
                "urls": []
            }
        },
        "protected": false,
        "followers_count": 199,
        "friends_count": 822,
        "listed_count": 1,
        "created_at": "Sat Jan 06 20:21:18 +0000 2018",
        "favourites_count": 6112,
        "utc_offset": null,
        "time_zone": null,
        "geo_enabled": false,
        "verified": false,
        "statuses_count": 2553,
        "lang": "en",
        "contributors_enabled": false,
        "is_translator": false,
        "is_translation_enabled": false,
        "profile_background_color": "F5F8FA",
        "profile_background_image_url": null,
        "profile_background_image_url_https": null,
        "profile_background_tile": false,
        "profile_image_url": "http://pbs.twimg.com/profile_images/949738119259025408/FIwmt4fb_normal.jpg",
        "profile_image_url_https": "https://pbs.twimg.com/profile_images/949738119259025408/FIwmt4fb_normal.jpg",
        "profile_banner_url": "https://pbs.twimg.com/profile_banners/949737660188258304/1515295659",
        "profile_link_color": "1DA1F2",
        "profile_sidebar_border_color": "C0DEED",
        "profile_sidebar_fill_color": "DDEEF6",
        "profile_text_color": "333333",
        "profile_use_background_image": true,
        "has_extended_profile": false,
        "default_profile": true,
        "default_profile_image": false,
        "following": null,
        "follow_request_sent": null,
        "notifications": null,
        "translator_type": "none"
    },
    "geo": null,
    "coordinates": null,
    "place": null,
    "contributors": null,
    "is_quote_status": false,
    "retweet_count": 0,
    "favorite_count": 1,
    "favorited": false,
    "retweeted": false,
    "possibly_sensitive": false,
    "lang": "en"
}