{
    "created_at": "Wed Apr 17 06:00:04 +0000 2019",
    "id": 1118393670384922629,
    "id_str": "1118393670384922629",
    "text": "Lyft adds New York\u2019s Citi Bikes to its app https://t.co/bsU3yKEgs3",
    "truncated": false,
    "entities": {
        "hashtags": [],
        "symbols": [],
        "user_mentions": [],
        "urls": [
            {
                "url": "https://t.co/bsU3yKEgs3",
                "expanded_url": "https://buff.ly/2XiBegq",
                "display_url": "buff.ly/2XiBegq",
                "indices": [
                    43,
                    66
                ]
            }
        ]
    },
    "metadata": {
        "iso_language_code": "en",
        "result_type": "recent"
    },
    "source": "<a href=\"https://buffer.com\" rel=\"nofollow\">Buffer</a>",
    "in_reply_to_status_id": null,
    "in_reply_to_status_id_str": null,
    "in_reply_to_user_id": null,
    "in_reply_to_user_id_str": null,
    "in_reply_to_screen_name": null,
    "user": {
        "id": 829749571228139520,
        "id_str": "829749571228139520",
        "name": "Air-Collect",
        "screen_name": "AirCollect_FR",
        "location": "Paris, France",
        "description": "Was your flight delayed or canceled? Were you denied boarding? Did you miss your connection? Get up to \u20ac600 ($700) per person. We can help you get compensated!",
        "url": "https://t.co/9LW2iNymsQ",
        "entities": {
            "url": {
                "urls": [
                    {
                        "url": "https://t.co/9LW2iNymsQ",
                        "expanded_url": "http://www.air-collect.com",
                        "display_url": "air-collect.com",
                        "indices": [
                            0,
                            23
                        ]
                    }
                ]
            },
            "description": {
                "urls": []
            }
        },
        "protected": false,
        "followers_count": 6403,
        "friends_count": 3129,
        "listed_count": 25,
        "created_at": "Thu Feb 09 17:51:28 +0000 2017",
        "favourites_count": 2977,
        "utc_offset": null,
        "time_zone": null,
        "geo_enabled": true,
        "verified": false,
        "statuses_count": 30246,
        "lang": "fr",
        "contributors_enabled": false,
        "is_translator": false,
        "is_translation_enabled": false,
        "profile_background_color": "F5F8FA",
        "profile_background_image_url": null,
        "profile_background_image_url_https": null,
        "profile_background_tile": false,
        "profile_image_url": "http://pbs.twimg.com/profile_images/829754532208967681/rXNatg-e_normal.jpg",
        "profile_image_url_https": "https://pbs.twimg.com/profile_images/829754532208967681/rXNatg-e_normal.jpg",
        "profile_banner_url": "https://pbs.twimg.com/profile_banners/829749571228139520/1517822698",
        "profile_link_color": "1DA1F2",
        "profile_sidebar_border_color": "C0DEED",
        "profile_sidebar_fill_color": "DDEEF6",
        "profile_text_color": "333333",
        "profile_use_background_image": true,
        "has_extended_profile": false,
        "default_profile": true,
        "default_profile_image": false,
        "following": null,
        "follow_request_sent": null,
        "notifications": null,
        "translator_type": "none"
    },
    "geo": null,
    "coordinates": null,
    "place": null,
    "contributors": null,
    "is_quote_status": false,
    "retweet_count": 0,
    "favorite_count": 0,
    "favorited": false,
    "retweeted": false,
    "possibly_sensitive": false,
    "lang": "en"
}