{
    "created_at": "Tue Apr 16 20:15:45 +0000 2019",
    "id": 1118246623111471104,
    "id_str": "1118246623111471104",
    "text": "Bushwick &amp; Williamsburg: Here Are Your New Citi Bike Stations - Gothamist https://t.co/Bd4Xvy9icb",
    "truncated": false,
    "entities": {
        "hashtags": [],
        "symbols": [],
        "user_mentions": [],
        "urls": [
            {
                "url": "https://t.co/Bd4Xvy9icb",
                "expanded_url": "http://bit.ly/2VNucQJ",
                "display_url": "bit.ly/2VNucQJ",
                "indices": [
                    78,
                    101
                ]
            }
        ]
    },
    "metadata": {
        "iso_language_code": "en",
        "result_type": "recent"
    },
    "source": "<a href=\"https://ifttt.com\" rel=\"nofollow\">IFTTT</a>",
    "in_reply_to_status_id": null,
    "in_reply_to_status_id_str": null,
    "in_reply_to_user_id": null,
    "in_reply_to_user_id_str": null,
    "in_reply_to_screen_name": null,
    "user": {
        "id": 201442067,
        "id_str": "201442067",
        "name": "Business & Money",
        "screen_name": "ppscslv",
        "location": "Milky Way",
        "description": "\ud83d\udca1out of the box...",
        "url": null,
        "entities": {
            "description": {
                "urls": []
            }
        },
        "protected": false,
        "followers_count": 35515,
        "friends_count": 4014,
        "listed_count": 402,
        "created_at": "Mon Oct 11 21:28:30 +0000 2010",
        "favourites_count": 1940,
        "utc_offset": null,
        "time_zone": null,
        "geo_enabled": true,
        "verified": false,
        "statuses_count": 100935,
        "lang": "en",
        "contributors_enabled": false,
        "is_translator": false,
        "is_translation_enabled": false,
        "profile_background_color": "022330",
        "profile_background_image_url": "http://abs.twimg.com/images/themes/theme15/bg.png",
        "profile_background_image_url_https": "https://abs.twimg.com/images/themes/theme15/bg.png",
        "profile_background_tile": false,
        "profile_image_url": "http://pbs.twimg.com/profile_images/842445334840238083/8lIkJq3k_normal.jpg",
        "profile_image_url_https": "https://pbs.twimg.com/profile_images/842445334840238083/8lIkJq3k_normal.jpg",
        "profile_banner_url": "https://pbs.twimg.com/profile_banners/201442067/1442245861",
        "profile_link_color": "0084B4",
        "profile_sidebar_border_color": "A8C7F7",
        "profile_sidebar_fill_color": "C0DFEC",
        "profile_text_color": "333333",
        "profile_use_background_image": true,
        "has_extended_profile": true,
        "default_profile": false,
        "default_profile_image": false,
        "following": null,
        "follow_request_sent": null,
        "notifications": null,
        "translator_type": "none"
    },
    "geo": null,
    "coordinates": null,
    "place": null,
    "contributors": null,
    "is_quote_status": false,
    "retweet_count": 0,
    "favorite_count": 0,
    "favorited": false,
    "retweeted": false,
    "possibly_sensitive": false,
    "lang": "en"
}