{
    "created_at": "Tue Apr 16 10:36:34 +0000 2019",
    "id": 1118100864613244934,
    "id_str": "1118100864613244934",
    "text": "New York Today: Citi Bike\u2019s Electric Bikes Are Fast. But Are They Dangerous? https://t.co/7FwX9Bo69J - NYT https://t.co/zOCG4rLBpr",
    "truncated": false,
    "entities": {
        "hashtags": [],
        "symbols": [],
        "user_mentions": [],
        "urls": [
            {
                "url": "https://t.co/7FwX9Bo69J",
                "expanded_url": "http://j.mp/2IpfxZ4",
                "display_url": "j.mp/2IpfxZ4",
                "indices": [
                    77,
                    100
                ]
            }
        ],
        "media": [
            {
                "id": 1118100862776123393,
                "id_str": "1118100862776123393",
                "indices": [
                    107,
                    130
                ],
                "media_url": "http://pbs.twimg.com/media/D4RKz4zUIAEuHnq.jpg",
                "media_url_https": "https://pbs.twimg.com/media/D4RKz4zUIAEuHnq.jpg",
                "url": "https://t.co/zOCG4rLBpr",
                "display_url": "pic.twitter.com/zOCG4rLBpr",
                "expanded_url": "https://twitter.com/walidmrealtor/status/1118100864613244934/photo/1",
                "type": "photo",
                "sizes": {
                    "large": {
                        "w": 1050,
                        "h": 550,
                        "resize": "fit"
                    },
                    "thumb": {
                        "w": 150,
                        "h": 150,
                        "resize": "crop"
                    },
                    "medium": {
                        "w": 1050,
                        "h": 550,
                        "resize": "fit"
                    },
                    "small": {
                        "w": 680,
                        "h": 356,
                        "resize": "fit"
                    }
                }
            }
        ]
    },
    "extended_entities": {
        "media": [
            {
                "id": 1118100862776123393,
                "id_str": "1118100862776123393",
                "indices": [
                    107,
                    130
                ],
                "media_url": "http://pbs.twimg.com/media/D4RKz4zUIAEuHnq.jpg",
                "media_url_https": "https://pbs.twimg.com/media/D4RKz4zUIAEuHnq.jpg",
                "url": "https://t.co/zOCG4rLBpr",
                "display_url": "pic.twitter.com/zOCG4rLBpr",
                "expanded_url": "https://twitter.com/walidmrealtor/status/1118100864613244934/photo/1",
                "type": "photo",
                "sizes": {
                    "large": {
                        "w": 1050,
                        "h": 550,
                        "resize": "fit"
                    },
                    "thumb": {
                        "w": 150,
                        "h": 150,
                        "resize": "crop"
                    },
                    "medium": {
                        "w": 1050,
                        "h": 550,
                        "resize": "fit"
                    },
                    "small": {
                        "w": 680,
                        "h": 356,
                        "resize": "fit"
                    }
                }
            }
        ]
    },
    "metadata": {
        "iso_language_code": "en",
        "result_type": "recent"
    },
    "source": "<a href=\"https://dlvrit.com/\" rel=\"nofollow\">dlvr.it</a>",
    "in_reply_to_status_id": null,
    "in_reply_to_status_id_str": null,
    "in_reply_to_user_id": null,
    "in_reply_to_user_id_str": null,
    "in_reply_to_screen_name": null,
    "user": {
        "id": 18913509,
        "id_str": "18913509",
        "name": "Walid Muhammad",
        "screen_name": "walidmrealtor",
        "location": "Charlotte, NC",
        "description": "Realtor | Charlotte NC Real Estate Broker | This City is what it is because our citizens are what they are \u2014 Plato | https://t.co/rdtncdbpzn",
        "url": "https://t.co/rdtncdbpzn",
        "entities": {
            "url": {
                "urls": [
                    {
                        "url": "https://t.co/rdtncdbpzn",
                        "expanded_url": "https://walidmrealtor.com",
                        "display_url": "walidmrealtor.com",
                        "indices": [
                            0,
                            23
                        ]
                    }
                ]
            },
            "description": {
                "urls": [
                    {
                        "url": "https://t.co/rdtncdbpzn",
                        "expanded_url": "https://walidmrealtor.com",
                        "display_url": "walidmrealtor.com",
                        "indices": [
                            117,
                            140
                        ]
                    }
                ]
            }
        },
        "protected": false,
        "followers_count": 34586,
        "friends_count": 976,
        "listed_count": 1255,
        "created_at": "Mon Jan 12 20:15:27 +0000 2009",
        "favourites_count": 13903,
        "utc_offset": null,
        "time_zone": null,
        "geo_enabled": false,
        "verified": false,
        "statuses_count": 234659,
        "lang": "en",
        "contributors_enabled": false,
        "is_translator": false,
        "is_translation_enabled": false,
        "profile_background_color": "131516",
        "profile_background_image_url": "http://abs.twimg.com/images/themes/theme14/bg.gif",
        "profile_background_image_url_https": "https://abs.twimg.com/images/themes/theme14/bg.gif",
        "profile_background_tile": true,
        "profile_image_url": "http://pbs.twimg.com/profile_images/784868625681379328/cJrVjf1q_normal.jpg",
        "profile_image_url_https": "https://pbs.twimg.com/profile_images/784868625681379328/cJrVjf1q_normal.jpg",
        "profile_banner_url": "https://pbs.twimg.com/profile_banners/18913509/1523018275",
        "profile_link_color": "7C7190",
        "profile_sidebar_border_color": "FFFFFF",
        "profile_sidebar_fill_color": "334366",
        "profile_text_color": "33FF66",
        "profile_use_background_image": true,
        "has_extended_profile": true,
        "default_profile": false,
        "default_profile_image": false,
        "following": null,
        "follow_request_sent": null,
        "notifications": null,
        "translator_type": "none"
    },
    "geo": null,
    "coordinates": null,
    "place": null,
    "contributors": null,
    "is_quote_status": false,
    "retweet_count": 0,
    "favorite_count": 0,
    "favorited": false,
    "retweeted": false,
    "possibly_sensitive": false,
    "lang": "en"
}