{
    "created_at": "Wed Apr 17 11:13:13 +0000 2019",
    "id": 1118472476705665024,
    "id_str": "1118472476705665024",
    "text": "RT @Lelievre_Adrien: Les v\u00e9los Citi bike \u00e0 New York vont \u00eatre int\u00e9gr\u00e9s dans l'application de Lyft https://t.co/MGRNXF2Lji",
    "truncated": false,
    "entities": {
        "hashtags": [],
        "symbols": [],
        "user_mentions": [
            {
                "screen_name": "Lelievre_Adrien",
                "name": "Adrien Leli\u00e8vre",
                "id": 322171389,
                "id_str": "322171389",
                "indices": [
                    3,
                    19
                ]
            }
        ],
        "urls": [
            {
                "url": "https://t.co/MGRNXF2Lji",
                "expanded_url": "https://techcrunch.com/2019/04/15/lyft-adds-citi-bikes-to-its-app-for-nyc-riders/",
                "display_url": "techcrunch.com/2019/04/15/lyf\u2026",
                "indices": [
                    98,
                    121
                ]
            }
        ]
    },
    "metadata": {
        "iso_language_code": "fr",
        "result_type": "recent"
    },
    "source": "<a href=\"http://twitter.com/download/android\" rel=\"nofollow\">Twitter for Android</a>",
    "in_reply_to_status_id": null,
    "in_reply_to_status_id_str": null,
    "in_reply_to_user_id": null,
    "in_reply_to_user_id_str": null,
    "in_reply_to_screen_name": null,
    "user": {
        "id": 1375613509,
        "id_str": "1375613509",
        "name": "Lyo_Bx\u2b50\u2b50",
        "screen_name": "lyomarty",
        "location": "",
        "description": "#Raccords #DoubleCM #CitoyensDuMondeTuVois",
        "url": null,
        "entities": {
            "description": {
                "urls": []
            }
        },
        "protected": false,
        "followers_count": 30,
        "friends_count": 157,
        "listed_count": 0,
        "created_at": "Tue Apr 23 22:16:47 +0000 2013",
        "favourites_count": 822,
        "utc_offset": null,
        "time_zone": null,
        "geo_enabled": false,
        "verified": false,
        "statuses_count": 567,
        "lang": "fr",
        "contributors_enabled": false,
        "is_translator": false,
        "is_translation_enabled": false,
        "profile_background_color": "C0DEED",
        "profile_background_image_url": "http://abs.twimg.com/images/themes/theme1/bg.png",
        "profile_background_image_url_https": "https://abs.twimg.com/images/themes/theme1/bg.png",
        "profile_background_tile": false,
        "profile_image_url": "http://pbs.twimg.com/profile_images/910467127831928832/uH1CwCkn_normal.jpg",
        "profile_image_url_https": "https://pbs.twimg.com/profile_images/910467127831928832/uH1CwCkn_normal.jpg",
        "profile_banner_url": "https://pbs.twimg.com/profile_banners/1375613509/1505907140",
        "profile_link_color": "1DA1F2",
        "profile_sidebar_border_color": "C0DEED",
        "profile_sidebar_fill_color": "DDEEF6",
        "profile_text_color": "333333",
        "profile_use_background_image": true,
        "has_extended_profile": false,
        "default_profile": true,
        "default_profile_image": false,
        "following": null,
        "follow_request_sent": null,
        "notifications": null,
        "translator_type": "none"
    },
    "geo": null,
    "coordinates": null,
    "place": null,
    "contributors": null,
    "retweeted_status": {
        "created_at": "Tue Apr 16 14:55:29 +0000 2019",
        "id": 1118166023411253248,
        "id_str": "1118166023411253248",
        "text": "Les v\u00e9los Citi bike \u00e0 New York vont \u00eatre int\u00e9gr\u00e9s dans l'application de Lyft https://t.co/MGRNXF2Lji",
        "truncated": false,
        "entities": {
            "hashtags": [],
            "symbols": [],
            "user_mentions": [],
            "urls": [
                {
                    "url": "https://t.co/MGRNXF2Lji",
                    "expanded_url": "https://techcrunch.com/2019/04/15/lyft-adds-citi-bikes-to-its-app-for-nyc-riders/",
                    "display_url": "techcrunch.com/2019/04/15/lyf\u2026",
                    "indices": [
                        77,
                        100
                    ]
                }
            ]
        },
        "metadata": {
            "iso_language_code": "fr",
            "result_type": "recent"
        },
        "source": "<a href=\"http://twitter.com\" rel=\"nofollow\">Twitter Web Client</a>",
        "in_reply_to_status_id": null,
        "in_reply_to_status_id_str": null,
        "in_reply_to_user_id": null,
        "in_reply_to_user_id_str": null,
        "in_reply_to_screen_name": null,
        "user": {
            "id": 322171389,
            "id_str": "322171389",
            "name": "Adrien Leli\u00e8vre",
            "screen_name": "Lelievre_Adrien",
            "location": "Lille",
            "description": "Journaliste @LesEchos | J'aime parler de mobilit\u00e9 (v\u00e9lo, trottinette, VTC) et d'urbanisme | Passionn\u00e9 d'histoire turque et de rock ind\u00e9 | alelievre@lesechos.fr",
            "url": "https://t.co/U4yYjRwQCr",
            "entities": {
                "url": {
                    "urls": [
                        {
                            "url": "https://t.co/U4yYjRwQCr",
                            "expanded_url": "http://www.lesechos.fr",
                            "display_url": "lesechos.fr",
                            "indices": [
                                0,
                                23
                            ]
                        }
                    ]
                },
                "description": {
                    "urls": []
                }
            },
            "protected": false,
            "followers_count": 2536,
            "friends_count": 3291,
            "listed_count": 88,
            "created_at": "Wed Jun 22 19:03:01 +0000 2011",
            "favourites_count": 3437,
            "utc_offset": null,
            "time_zone": null,
            "geo_enabled": false,
            "verified": false,
            "statuses_count": 15455,
            "lang": "fr",
            "contributors_enabled": false,
            "is_translator": false,
            "is_translation_enabled": false,
            "profile_background_color": "000000",
            "profile_background_image_url": "http://abs.twimg.com/images/themes/theme15/bg.png",
            "profile_background_image_url_https": "https://abs.twimg.com/images/themes/theme15/bg.png",
            "profile_background_tile": false,
            "profile_image_url": "http://pbs.twimg.com/profile_images/968185644785766400/ghkRnauF_normal.jpg",
            "profile_image_url_https": "https://pbs.twimg.com/profile_images/968185644785766400/ghkRnauF_normal.jpg",
            "profile_link_color": "1B95E0",
            "profile_sidebar_border_color": "000000",
            "profile_sidebar_fill_color": "000000",
            "profile_text_color": "000000",
            "profile_use_background_image": false,
            "has_extended_profile": true,
            "default_profile": false,
            "default_profile_image": false,
            "following": null,
            "follow_request_sent": null,
            "notifications": null,
            "translator_type": "none"
        },
        "geo": null,
        "coordinates": null,
        "place": null,
        "contributors": null,
        "is_quote_status": false,
        "retweet_count": 2,
        "favorite_count": 4,
        "favorited": false,
        "retweeted": false,
        "possibly_sensitive": false,
        "lang": "fr"
    },
    "is_quote_status": false,
    "retweet_count": 2,
    "favorite_count": 0,
    "favorited": false,
    "retweeted": false,
    "possibly_sensitive": false,
    "lang": "fr"
}