{
    "created_at": "Tue Apr 16 05:01:04 +0000 2019",
    "id": 1118016434108391424,
    "id_str": "1118016434108391424",
    "text": "Lyft adds New York\u2019s Citi Bikes to its app https://t.co/itA7XLmL0J https://t.co/I9KkgvsClp",
    "truncated": false,
    "entities": {
        "hashtags": [],
        "symbols": [],
        "user_mentions": [],
        "urls": [
            {
                "url": "https://t.co/itA7XLmL0J",
                "expanded_url": "http://dlvr.it/R2v20G",
                "display_url": "dlvr.it/R2v20G",
                "indices": [
                    43,
                    66
                ]
            }
        ],
        "media": [
            {
                "id": 1118016432552300545,
                "id_str": "1118016432552300545",
                "indices": [
                    67,
                    90
                ],
                "media_url": "http://pbs.twimg.com/media/D4P-BZtUUAE9ALS.jpg",
                "media_url_https": "https://pbs.twimg.com/media/D4P-BZtUUAE9ALS.jpg",
                "url": "https://t.co/I9KkgvsClp",
                "display_url": "pic.twitter.com/I9KkgvsClp",
                "expanded_url": "https://twitter.com/annornotes/status/1118016434108391424/photo/1",
                "type": "photo",
                "sizes": {
                    "thumb": {
                        "w": 150,
                        "h": 150,
                        "resize": "crop"
                    },
                    "small": {
                        "w": 680,
                        "h": 357,
                        "resize": "fit"
                    },
                    "medium": {
                        "w": 1200,
                        "h": 630,
                        "resize": "fit"
                    },
                    "large": {
                        "w": 1200,
                        "h": 630,
                        "resize": "fit"
                    }
                }
            }
        ]
    },
    "extended_entities": {
        "media": [
            {
                "id": 1118016432552300545,
                "id_str": "1118016432552300545",
                "indices": [
                    67,
                    90
                ],
                "media_url": "http://pbs.twimg.com/media/D4P-BZtUUAE9ALS.jpg",
                "media_url_https": "https://pbs.twimg.com/media/D4P-BZtUUAE9ALS.jpg",
                "url": "https://t.co/I9KkgvsClp",
                "display_url": "pic.twitter.com/I9KkgvsClp",
                "expanded_url": "https://twitter.com/annornotes/status/1118016434108391424/photo/1",
                "type": "photo",
                "sizes": {
                    "thumb": {
                        "w": 150,
                        "h": 150,
                        "resize": "crop"
                    },
                    "small": {
                        "w": 680,
                        "h": 357,
                        "resize": "fit"
                    },
                    "medium": {
                        "w": 1200,
                        "h": 630,
                        "resize": "fit"
                    },
                    "large": {
                        "w": 1200,
                        "h": 630,
                        "resize": "fit"
                    }
                }
            }
        ]
    },
    "metadata": {
        "iso_language_code": "en",
        "result_type": "recent"
    },
    "source": "<a href=\"https://dlvrit.com/\" rel=\"nofollow\">dlvr.it</a>",
    "in_reply_to_status_id": null,
    "in_reply_to_status_id_str": null,
    "in_reply_to_user_id": null,
    "in_reply_to_user_id_str": null,
    "in_reply_to_screen_name": null,
    "user": {
        "id": 3877491052,
        "id_str": "3877491052",
        "name": "The Margins",
        "screen_name": "annornotes",
        "location": "Ghana",
        "description": "",
        "url": null,
        "entities": {
            "description": {
                "urls": []
            }
        },
        "protected": false,
        "followers_count": 4884,
        "friends_count": 4115,
        "listed_count": 2,
        "created_at": "Tue Oct 06 04:43:22 +0000 2015",
        "favourites_count": 1793,
        "utc_offset": null,
        "time_zone": null,
        "geo_enabled": true,
        "verified": false,
        "statuses_count": 4047,
        "lang": "en",
        "contributors_enabled": false,
        "is_translator": false,
        "is_translation_enabled": false,
        "profile_background_color": "C0DEED",
        "profile_background_image_url": "http://abs.twimg.com/images/themes/theme1/bg.png",
        "profile_background_image_url_https": "https://abs.twimg.com/images/themes/theme1/bg.png",
        "profile_background_tile": false,
        "profile_image_url": "http://pbs.twimg.com/profile_images/878355957419585538/TSqTsAWA_normal.jpg",
        "profile_image_url_https": "https://pbs.twimg.com/profile_images/878355957419585538/TSqTsAWA_normal.jpg",
        "profile_banner_url": "https://pbs.twimg.com/profile_banners/3877491052/1553381373",
        "profile_link_color": "1DA1F2",
        "profile_sidebar_border_color": "C0DEED",
        "profile_sidebar_fill_color": "DDEEF6",
        "profile_text_color": "333333",
        "profile_use_background_image": true,
        "has_extended_profile": true,
        "default_profile": true,
        "default_profile_image": false,
        "following": null,
        "follow_request_sent": null,
        "notifications": null,
        "translator_type": "none"
    },
    "geo": null,
    "coordinates": null,
    "place": null,
    "contributors": null,
    "is_quote_status": false,
    "retweet_count": 0,
    "favorite_count": 1,
    "favorited": false,
    "retweeted": false,
    "possibly_sensitive": false,
    "lang": "en"
}