{
    "created_at": "Tue Apr 16 14:48:47 +0000 2019",
    "id": 1118164340052508672,
    "id_str": "1118164340052508672",
    "text": "New York Today: Citi Bike\u2019s Electric Bikes Are Fast. But Are They Dangerous? https://t.co/X3n605M2sN",
    "truncated": false,
    "entities": {
        "hashtags": [],
        "symbols": [],
        "user_mentions": [],
        "urls": [
            {
                "url": "https://t.co/X3n605M2sN",
                "expanded_url": "https://sortiwa.com/new-york-today-citi-bikes-electric-bikes-are-fast-but-are-they-dangerous/",
                "display_url": "sortiwa.com/new-york-today\u2026",
                "indices": [
                    77,
                    100
                ]
            }
        ]
    },
    "metadata": {
        "iso_language_code": "en",
        "result_type": "recent"
    },
    "source": "<a href=\"https://sortiwa.com/\" rel=\"nofollow\">Sortiwa News</a>",
    "in_reply_to_status_id": null,
    "in_reply_to_status_id_str": null,
    "in_reply_to_user_id": null,
    "in_reply_to_user_id_str": null,
    "in_reply_to_screen_name": null,
    "user": {
        "id": 3238757417,
        "id_str": "3238757417",
        "name": "Sortiwa",
        "screen_name": "Sortiwa",
        "location": "United States",
        "description": "We pretend to know everything... https://t.co/dNa37IP2oo",
        "url": "https://t.co/dNa37J6DMY",
        "entities": {
            "url": {
                "urls": [
                    {
                        "url": "https://t.co/dNa37J6DMY",
                        "expanded_url": "http://www.sortiwa.com",
                        "display_url": "sortiwa.com",
                        "indices": [
                            0,
                            23
                        ]
                    }
                ]
            },
            "description": {
                "urls": [
                    {
                        "url": "https://t.co/dNa37IP2oo",
                        "expanded_url": "http://www.sortiwa.com",
                        "display_url": "sortiwa.com",
                        "indices": [
                            33,
                            56
                        ]
                    }
                ]
            }
        },
        "protected": false,
        "followers_count": 2333,
        "friends_count": 880,
        "listed_count": 41,
        "created_at": "Wed May 06 11:24:15 +0000 2015",
        "favourites_count": 921,
        "utc_offset": null,
        "time_zone": null,
        "geo_enabled": false,
        "verified": false,
        "statuses_count": 386463,
        "lang": "en",
        "contributors_enabled": false,
        "is_translator": false,
        "is_translation_enabled": false,
        "profile_background_color": "000000",
        "profile_background_image_url": "http://abs.twimg.com/images/themes/theme1/bg.png",
        "profile_background_image_url_https": "https://abs.twimg.com/images/themes/theme1/bg.png",
        "profile_background_tile": false,
        "profile_image_url": "http://pbs.twimg.com/profile_images/932117846582317061/9CebylRh_normal.jpg",
        "profile_image_url_https": "https://pbs.twimg.com/profile_images/932117846582317061/9CebylRh_normal.jpg",
        "profile_banner_url": "https://pbs.twimg.com/profile_banners/3238757417/1511425517",
        "profile_link_color": "1B95E0",
        "profile_sidebar_border_color": "000000",
        "profile_sidebar_fill_color": "000000",
        "profile_text_color": "000000",
        "profile_use_background_image": false,
        "has_extended_profile": true,
        "default_profile": false,
        "default_profile_image": false,
        "following": null,
        "follow_request_sent": null,
        "notifications": null,
        "translator_type": "none"
    },
    "geo": null,
    "coordinates": null,
    "place": null,
    "contributors": null,
    "is_quote_status": false,
    "retweet_count": 0,
    "favorite_count": 0,
    "favorited": false,
    "retweeted": false,
    "possibly_sensitive": false,
    "lang": "en"
}