{
    "created_at": "Wed Apr 17 14:00:45 +0000 2019",
    "id": 1118514639766159361,
    "id_str": "1118514639766159361",
    "text": "Citi Bike retir\u00f3 de las calles las nuevas bicicletas el\u00e9ctricas por cuestiones de seguridad https://t.co/ExsiPW43bD",
    "truncated": false,
    "entities": {
        "hashtags": [],
        "symbols": [],
        "user_mentions": [],
        "urls": [
            {
                "url": "https://t.co/ExsiPW43bD",
                "expanded_url": "https://www.infobae.com/america/the-new-york-times/2019/04/15/citi-bike-retiro-de-las-calles-las-nuevas-bicicletas-electricas-por-cuestiones-de-seguridad/",
                "display_url": "infobae.com/america/the-ne\u2026",
                "indices": [
                    92,
                    115
                ]
            }
        ]
    },
    "metadata": {
        "iso_language_code": "es",
        "result_type": "recent"
    },
    "source": "<a href=\"https://www.hootsuite.com\" rel=\"nofollow\">Hootsuite Inc.</a>",
    "in_reply_to_status_id": null,
    "in_reply_to_status_id_str": null,
    "in_reply_to_user_id": null,
    "in_reply_to_user_id_str": null,
    "in_reply_to_screen_name": null,
    "user": {
        "id": 813863983,
        "id_str": "813863983",
        "name": "Ciclaramanga",
        "screen_name": "Ciclaramanga",
        "location": "Bucaramanga",
        "description": "Organizaci\u00f3n que promueve el uso de la bicicleta como medio de transporte y el respeto a los derechos de los ciclistas en Bucaramanga, COL.",
        "url": "https://t.co/U6OHxIZzBG",
        "entities": {
            "url": {
                "urls": [
                    {
                        "url": "https://t.co/U6OHxIZzBG",
                        "expanded_url": "http://www.ciclaramanga.org",
                        "display_url": "ciclaramanga.org",
                        "indices": [
                            0,
                            23
                        ]
                    }
                ]
            },
            "description": {
                "urls": []
            }
        },
        "protected": false,
        "followers_count": 3743,
        "friends_count": 568,
        "listed_count": 55,
        "created_at": "Sun Sep 09 20:46:09 +0000 2012",
        "favourites_count": 9381,
        "utc_offset": null,
        "time_zone": null,
        "geo_enabled": false,
        "verified": false,
        "statuses_count": 28126,
        "lang": "es",
        "contributors_enabled": false,
        "is_translator": false,
        "is_translation_enabled": false,
        "profile_background_color": "FCD703",
        "profile_background_image_url": "http://abs.twimg.com/images/themes/theme1/bg.png",
        "profile_background_image_url_https": "https://abs.twimg.com/images/themes/theme1/bg.png",
        "profile_background_tile": true,
        "profile_image_url": "http://pbs.twimg.com/profile_images/888211395380203524/QJDTwD1h_normal.jpg",
        "profile_image_url_https": "https://pbs.twimg.com/profile_images/888211395380203524/QJDTwD1h_normal.jpg",
        "profile_banner_url": "https://pbs.twimg.com/profile_banners/813863983/1398984233",
        "profile_link_color": "1B95E0",
        "profile_sidebar_border_color": "000000",
        "profile_sidebar_fill_color": "DDEEF6",
        "profile_text_color": "333333",
        "profile_use_background_image": true,
        "has_extended_profile": true,
        "default_profile": false,
        "default_profile_image": false,
        "following": null,
        "follow_request_sent": null,
        "notifications": null,
        "translator_type": "none"
    },
    "geo": null,
    "coordinates": null,
    "place": null,
    "contributors": null,
    "is_quote_status": false,
    "retweet_count": 0,
    "favorite_count": 1,
    "favorited": false,
    "retweeted": false,
    "possibly_sensitive": false,
    "lang": "es"
}