{
    "created_at": "Wed Apr 17 17:20:06 +0000 2019",
    "id": 1118564804682223616,
    "id_str": "1118564804682223616",
    "text": "RT @nypost: Lawmaker wants city to review safety of Citi Bike's electric bikes https://t.co/A8vKlncgjS https://t.co/9q2c75N0pA",
    "truncated": false,
    "entities": {
        "hashtags": [],
        "symbols": [],
        "user_mentions": [
            {
                "screen_name": "nypost",
                "name": "New York Post",
                "id": 17469289,
                "id_str": "17469289",
                "indices": [
                    3,
                    10
                ]
            }
        ],
        "urls": [
            {
                "url": "https://t.co/A8vKlncgjS",
                "expanded_url": "https://trib.al/yLZtuGh",
                "display_url": "trib.al/yLZtuGh",
                "indices": [
                    79,
                    102
                ]
            }
        ],
        "media": [
            {
                "id": 1118564017591738374,
                "id_str": "1118564017591738374",
                "indices": [
                    103,
                    126
                ],
                "media_url": "http://pbs.twimg.com/media/D4XwDC8W4AYTjt6.jpg",
                "media_url_https": "https://pbs.twimg.com/media/D4XwDC8W4AYTjt6.jpg",
                "url": "https://t.co/9q2c75N0pA",
                "display_url": "pic.twitter.com/9q2c75N0pA",
                "expanded_url": "https://twitter.com/nypost/status/1118564019282108417/photo/1",
                "type": "photo",
                "sizes": {
                    "large": {
                        "w": 1200,
                        "h": 800,
                        "resize": "fit"
                    },
                    "thumb": {
                        "w": 150,
                        "h": 150,
                        "resize": "crop"
                    },
                    "medium": {
                        "w": 1200,
                        "h": 800,
                        "resize": "fit"
                    },
                    "small": {
                        "w": 680,
                        "h": 453,
                        "resize": "fit"
                    }
                },
                "source_status_id": 1118564019282108417,
                "source_status_id_str": "1118564019282108417",
                "source_user_id": 17469289,
                "source_user_id_str": "17469289"
            }
        ]
    },
    "extended_entities": {
        "media": [
            {
                "id": 1118564017591738374,
                "id_str": "1118564017591738374",
                "indices": [
                    103,
                    126
                ],
                "media_url": "http://pbs.twimg.com/media/D4XwDC8W4AYTjt6.jpg",
                "media_url_https": "https://pbs.twimg.com/media/D4XwDC8W4AYTjt6.jpg",
                "url": "https://t.co/9q2c75N0pA",
                "display_url": "pic.twitter.com/9q2c75N0pA",
                "expanded_url": "https://twitter.com/nypost/status/1118564019282108417/photo/1",
                "type": "photo",
                "sizes": {
                    "large": {
                        "w": 1200,
                        "h": 800,
                        "resize": "fit"
                    },
                    "thumb": {
                        "w": 150,
                        "h": 150,
                        "resize": "crop"
                    },
                    "medium": {
                        "w": 1200,
                        "h": 800,
                        "resize": "fit"
                    },
                    "small": {
                        "w": 680,
                        "h": 453,
                        "resize": "fit"
                    }
                },
                "source_status_id": 1118564019282108417,
                "source_status_id_str": "1118564019282108417",
                "source_user_id": 17469289,
                "source_user_id_str": "17469289"
            }
        ]
    },
    "metadata": {
        "iso_language_code": "en",
        "result_type": "recent"
    },
    "source": "<a href=\"http://twitter.com\" rel=\"nofollow\">Twitter Web Client</a>",
    "in_reply_to_status_id": null,
    "in_reply_to_status_id_str": null,
    "in_reply_to_user_id": null,
    "in_reply_to_user_id_str": null,
    "in_reply_to_screen_name": null,
    "user": {
        "id": 2714777790,
        "id_str": "2714777790",
        "name": "Ricardo",
        "screen_name": "quemero20",
        "location": "",
        "description": "",
        "url": null,
        "entities": {
            "description": {
                "urls": []
            }
        },
        "protected": false,
        "followers_count": 756,
        "friends_count": 270,
        "listed_count": 414,
        "created_at": "Thu Aug 07 15:29:49 +0000 2014",
        "favourites_count": 14328,
        "utc_offset": null,
        "time_zone": null,
        "geo_enabled": true,
        "verified": false,
        "statuses_count": 269269,
        "lang": "es",
        "contributors_enabled": false,
        "is_translator": false,
        "is_translation_enabled": false,
        "profile_background_color": "DBE9ED",
        "profile_background_image_url": "http://abs.twimg.com/images/themes/theme17/bg.gif",
        "profile_background_image_url_https": "https://abs.twimg.com/images/themes/theme17/bg.gif",
        "profile_background_tile": false,
        "profile_image_url": "http://pbs.twimg.com/profile_images/573198268739424256/RfaUIT5-_normal.jpeg",
        "profile_image_url_https": "https://pbs.twimg.com/profile_images/573198268739424256/RfaUIT5-_normal.jpeg",
        "profile_link_color": "CC3366",
        "profile_sidebar_border_color": "DBE9ED",
        "profile_sidebar_fill_color": "E6F6F9",
        "profile_text_color": "333333",
        "profile_use_background_image": true,
        "has_extended_profile": false,
        "default_profile": false,
        "default_profile_image": false,
        "following": null,
        "follow_request_sent": null,
        "notifications": null,
        "translator_type": "none"
    },
    "geo": null,
    "coordinates": null,
    "place": null,
    "contributors": null,
    "retweeted_status": {
        "created_at": "Wed Apr 17 17:16:58 +0000 2019",
        "id": 1118564019282108417,
        "id_str": "1118564019282108417",
        "text": "Lawmaker wants city to review safety of Citi Bike's electric bikes https://t.co/A8vKlncgjS https://t.co/9q2c75N0pA",
        "truncated": false,
        "entities": {
            "hashtags": [],
            "symbols": [],
            "user_mentions": [],
            "urls": [
                {
                    "url": "https://t.co/A8vKlncgjS",
                    "expanded_url": "https://trib.al/yLZtuGh",
                    "display_url": "trib.al/yLZtuGh",
                    "indices": [
                        67,
                        90
                    ]
                }
            ],
            "media": [
                {
                    "id": 1118564017591738374,
                    "id_str": "1118564017591738374",
                    "indices": [
                        91,
                        114
                    ],
                    "media_url": "http://pbs.twimg.com/media/D4XwDC8W4AYTjt6.jpg",
                    "media_url_https": "https://pbs.twimg.com/media/D4XwDC8W4AYTjt6.jpg",
                    "url": "https://t.co/9q2c75N0pA",
                    "display_url": "pic.twitter.com/9q2c75N0pA",
                    "expanded_url": "https://twitter.com/nypost/status/1118564019282108417/photo/1",
                    "type": "photo",
                    "sizes": {
                        "large": {
                            "w": 1200,
                            "h": 800,
                            "resize": "fit"
                        },
                        "thumb": {
                            "w": 150,
                            "h": 150,
                            "resize": "crop"
                        },
                        "medium": {
                            "w": 1200,
                            "h": 800,
                            "resize": "fit"
                        },
                        "small": {
                            "w": 680,
                            "h": 453,
                            "resize": "fit"
                        }
                    }
                }
            ]
        },
        "extended_entities": {
            "media": [
                {
                    "id": 1118564017591738374,
                    "id_str": "1118564017591738374",
                    "indices": [
                        91,
                        114
                    ],
                    "media_url": "http://pbs.twimg.com/media/D4XwDC8W4AYTjt6.jpg",
                    "media_url_https": "https://pbs.twimg.com/media/D4XwDC8W4AYTjt6.jpg",
                    "url": "https://t.co/9q2c75N0pA",
                    "display_url": "pic.twitter.com/9q2c75N0pA",
                    "expanded_url": "https://twitter.com/nypost/status/1118564019282108417/photo/1",
                    "type": "photo",
                    "sizes": {
                        "large": {
                            "w": 1200,
                            "h": 800,
                            "resize": "fit"
                        },
                        "thumb": {
                            "w": 150,
                            "h": 150,
                            "resize": "crop"
                        },
                        "medium": {
                            "w": 1200,
                            "h": 800,
                            "resize": "fit"
                        },
                        "small": {
                            "w": 680,
                            "h": 453,
                            "resize": "fit"
                        }
                    }
                }
            ]
        },
        "metadata": {
            "iso_language_code": "en",
            "result_type": "recent"
        },
        "source": "<a href=\"http://www.socialflow.com\" rel=\"nofollow\">SocialFlow</a>",
        "in_reply_to_status_id": null,
        "in_reply_to_status_id_str": null,
        "in_reply_to_user_id": null,
        "in_reply_to_user_id_str": null,
        "in_reply_to_screen_name": null,
        "user": {
            "id": 17469289,
            "id_str": "17469289",
            "name": "New York Post",
            "screen_name": "nypost",
            "location": "New York, NY",
            "description": "Breaking news & features from The New York Post. Follow your favorite sections: @pagesix, @nypmetro, @nypostbiz, @nypostsports, @nypfashion, @nypostopinion",
            "url": "https://t.co/MwyanWdKnl",
            "entities": {
                "url": {
                    "urls": [
                        {
                            "url": "https://t.co/MwyanWdKnl",
                            "expanded_url": "http://www.nypost.com",
                            "display_url": "nypost.com",
                            "indices": [
                                0,
                                23
                            ]
                        }
                    ]
                },
                "description": {
                    "urls": []
                }
            },
            "protected": false,
            "followers_count": 1441607,
            "friends_count": 11844,
            "listed_count": 18375,
            "created_at": "Tue Nov 18 19:46:36 +0000 2008",
            "favourites_count": 2096,
            "utc_offset": null,
            "time_zone": null,
            "geo_enabled": true,
            "verified": true,
            "statuses_count": 227427,
            "lang": "en",
            "contributors_enabled": false,
            "is_translator": false,
            "is_translation_enabled": false,
            "profile_background_color": "000000",
            "profile_background_image_url": "http://abs.twimg.com/images/themes/theme1/bg.png",
            "profile_background_image_url_https": "https://abs.twimg.com/images/themes/theme1/bg.png",
            "profile_background_tile": true,
            "profile_image_url": "http://pbs.twimg.com/profile_images/966372680306868224/60wfGe9e_normal.jpg",
            "profile_image_url_https": "https://pbs.twimg.com/profile_images/966372680306868224/60wfGe9e_normal.jpg",
            "profile_banner_url": "https://pbs.twimg.com/profile_banners/17469289/1444326181",
            "profile_link_color": "CC3333",
            "profile_sidebar_border_color": "FFFFFF",
            "profile_sidebar_fill_color": "DDFFCC",
            "profile_text_color": "333333",
            "profile_use_background_image": true,
            "has_extended_profile": false,
            "default_profile": false,
            "default_profile_image": false,
            "following": null,
            "follow_request_sent": null,
            "notifications": null,
            "translator_type": "none"
        },
        "geo": null,
        "coordinates": null,
        "place": null,
        "contributors": null,
        "is_quote_status": false,
        "retweet_count": 3,
        "favorite_count": 5,
        "favorited": false,
        "retweeted": false,
        "possibly_sensitive": false,
        "lang": "en"
    },
    "is_quote_status": false,
    "retweet_count": 3,
    "favorite_count": 0,
    "favorited": false,
    "retweeted": false,
    "possibly_sensitive": false,
    "lang": "en"
}