{
    "created_at": "Thu Apr 18 19:06:51 +0000 2019",
    "id": 1118954057530531840,
    "id_str": "1118954057530531840",
    "text": "COUNCILMAN: Review safety of Citi Bike\u2019s electric bikes... https://t.co/Ufn2AnqdeU",
    "truncated": false,
    "entities": {
        "hashtags": [],
        "symbols": [],
        "user_mentions": [],
        "urls": [
            {
                "url": "https://t.co/Ufn2AnqdeU",
                "expanded_url": "http://bit.ly/1PJ5ciz",
                "display_url": "bit.ly/1PJ5ciz",
                "indices": [
                    59,
                    82
                ]
            }
        ]
    },
    "metadata": {
        "iso_language_code": "en",
        "result_type": "recent"
    },
    "source": "<a href=\"http://empirereportnewyork.com/\" rel=\"nofollow\">Empire Report Newyork Crone</a>",
    "in_reply_to_status_id": null,
    "in_reply_to_status_id_str": null,
    "in_reply_to_user_id": null,
    "in_reply_to_user_id_str": null,
    "in_reply_to_screen_name": null,
    "user": {
        "id": 4828272875,
        "id_str": "4828272875",
        "name": "EMPIRE REPORT",
        "screen_name": "EMPIREREPORTNY",
        "location": "New York",
        "description": "New York's front page for breaking news. Featured in NY Post, Daily News, CNBC, Reuters, Download app on i-tunes & google play. info@empirereportnewyork.com",
        "url": "https://t.co/LqUagyi1sK",
        "entities": {
            "url": {
                "urls": [
                    {
                        "url": "https://t.co/LqUagyi1sK",
                        "expanded_url": "http://www.empirereportnewyork.com",
                        "display_url": "empirereportnewyork.com",
                        "indices": [
                            0,
                            23
                        ]
                    }
                ]
            },
            "description": {
                "urls": []
            }
        },
        "protected": false,
        "followers_count": 15595,
        "friends_count": 15201,
        "listed_count": 187,
        "created_at": "Wed Jan 20 01:47:08 +0000 2016",
        "favourites_count": 3537,
        "utc_offset": null,
        "time_zone": null,
        "geo_enabled": false,
        "verified": false,
        "statuses_count": 60222,
        "lang": "en",
        "contributors_enabled": false,
        "is_translator": false,
        "is_translation_enabled": false,
        "profile_background_color": "C0DEED",
        "profile_background_image_url": "http://abs.twimg.com/images/themes/theme1/bg.png",
        "profile_background_image_url_https": "https://abs.twimg.com/images/themes/theme1/bg.png",
        "profile_background_tile": false,
        "profile_image_url": "http://pbs.twimg.com/profile_images/805630851560206336/T8KJDYeI_normal.jpg",
        "profile_image_url_https": "https://pbs.twimg.com/profile_images/805630851560206336/T8KJDYeI_normal.jpg",
        "profile_banner_url": "https://pbs.twimg.com/profile_banners/4828272875/1521123088",
        "profile_link_color": "ABB8C2",
        "profile_sidebar_border_color": "000000",
        "profile_sidebar_fill_color": "000000",
        "profile_text_color": "000000",
        "profile_use_background_image": true,
        "has_extended_profile": true,
        "default_profile": false,
        "default_profile_image": false,
        "following": null,
        "follow_request_sent": null,
        "notifications": null,
        "translator_type": "none"
    },
    "geo": null,
    "coordinates": null,
    "place": null,
    "contributors": null,
    "is_quote_status": false,
    "retweet_count": 0,
    "favorite_count": 0,
    "favorited": false,
    "retweeted": false,
    "possibly_sensitive": false,
    "lang": "en"
}