{
    "created_at": "Tue Apr 16 18:35:32 +0000 2019",
    "id": 1118221400597258244,
    "id_str": "1118221400597258244",
    "text": "New York Today: Citi Bike\u2019s Electric Bikes Are Fast. But Are They\u00a0Dangerous? https://t.co/OLmtWwmLwU",
    "truncated": false,
    "entities": {
        "hashtags": [],
        "symbols": [],
        "user_mentions": [],
        "urls": [
            {
                "url": "https://t.co/OLmtWwmLwU",
                "expanded_url": "https://www.newyorkian.com/new-york-today-citi-bikes-electric-bikes-are-fast-but-are-they-dangerous/",
                "display_url": "newyorkian.com/new-york-today\u2026",
                "indices": [
                    77,
                    100
                ]
            }
        ]
    },
    "metadata": {
        "iso_language_code": "en",
        "result_type": "recent"
    },
    "source": "<a href=\"http://publicize.wp.com/\" rel=\"nofollow\">WordPress.com</a>",
    "in_reply_to_status_id": null,
    "in_reply_to_status_id_str": null,
    "in_reply_to_user_id": null,
    "in_reply_to_user_id_str": null,
    "in_reply_to_screen_name": null,
    "user": {
        "id": 874511293,
        "id_str": "874511293",
        "name": "NewYorkian.com",
        "screen_name": "TheNewYorkians",
        "location": "Manhattan, NY",
        "description": "Straight Outta Manhattan",
        "url": "https://t.co/u8tWaHaodI",
        "entities": {
            "url": {
                "urls": [
                    {
                        "url": "https://t.co/u8tWaHaodI",
                        "expanded_url": "http://www.newyorkian.com",
                        "display_url": "newyorkian.com",
                        "indices": [
                            0,
                            23
                        ]
                    }
                ]
            },
            "description": {
                "urls": []
            }
        },
        "protected": false,
        "followers_count": 54,
        "friends_count": 1,
        "listed_count": 2,
        "created_at": "Thu Oct 11 23:21:03 +0000 2012",
        "favourites_count": 0,
        "utc_offset": null,
        "time_zone": null,
        "geo_enabled": true,
        "verified": false,
        "statuses_count": 42798,
        "lang": "en",
        "contributors_enabled": false,
        "is_translator": false,
        "is_translation_enabled": false,
        "profile_background_color": "000000",
        "profile_background_image_url": "http://abs.twimg.com/images/themes/theme1/bg.png",
        "profile_background_image_url_https": "https://abs.twimg.com/images/themes/theme1/bg.png",
        "profile_background_tile": false,
        "profile_image_url": "http://pbs.twimg.com/profile_images/762795534855929856/Ql6fC4GI_normal.jpg",
        "profile_image_url_https": "https://pbs.twimg.com/profile_images/762795534855929856/Ql6fC4GI_normal.jpg",
        "profile_banner_url": "https://pbs.twimg.com/profile_banners/874511293/1470699622",
        "profile_link_color": "ABB8C2",
        "profile_sidebar_border_color": "000000",
        "profile_sidebar_fill_color": "000000",
        "profile_text_color": "000000",
        "profile_use_background_image": false,
        "has_extended_profile": false,
        "default_profile": false,
        "default_profile_image": false,
        "following": null,
        "follow_request_sent": null,
        "notifications": null,
        "translator_type": "none"
    },
    "geo": null,
    "coordinates": null,
    "place": null,
    "contributors": null,
    "is_quote_status": false,
    "retweet_count": 0,
    "favorite_count": 0,
    "favorited": false,
    "retweeted": false,
    "possibly_sensitive": false,
    "lang": "en"
}