{
    "created_at": "Tue Apr 16 07:02:02 +0000 2019",
    "id": 1118046877503709184,
    "id_str": "1118046877503709184",
    "text": "Lyft adds New York\u2019s Citi Bikes to its app https://t.co/1zVED5g04r",
    "truncated": false,
    "entities": {
        "hashtags": [],
        "symbols": [],
        "user_mentions": [],
        "urls": [
            {
                "url": "https://t.co/1zVED5g04r",
                "expanded_url": "https://engt.co/2Isznmf",
                "display_url": "engt.co/2Isznmf",
                "indices": [
                    43,
                    66
                ]
            }
        ]
    },
    "metadata": {
        "iso_language_code": "en",
        "result_type": "recent"
    },
    "source": "<a href=\"https://ifttt.com\" rel=\"nofollow\">IFTTT</a>",
    "in_reply_to_status_id": null,
    "in_reply_to_status_id_str": null,
    "in_reply_to_user_id": null,
    "in_reply_to_user_id_str": null,
    "in_reply_to_screen_name": null,
    "user": {
        "id": 113457700,
        "id_str": "113457700",
        "name": "Javier",
        "screen_name": "sadratak",
        "location": "Espa\u00f1a",
        "description": "Todo n\u00famero par mayor que 2, puede escribirse como suma de dos n\u00fameros primos, Goldbach dixit.  Dame ca\u00f1a en Apalabrados @sadratak",
        "url": "https://t.co/aLV77zANXz",
        "entities": {
            "url": {
                "urls": [
                    {
                        "url": "https://t.co/aLV77zANXz",
                        "expanded_url": "http://nuevosdruidas.blogspot.com.es",
                        "display_url": "nuevosdruidas.blogspot.com.es",
                        "indices": [
                            0,
                            23
                        ]
                    }
                ]
            },
            "description": {
                "urls": []
            }
        },
        "protected": false,
        "followers_count": 726,
        "friends_count": 988,
        "listed_count": 222,
        "created_at": "Thu Feb 11 20:43:22 +0000 2010",
        "favourites_count": 2785,
        "utc_offset": null,
        "time_zone": null,
        "geo_enabled": true,
        "verified": false,
        "statuses_count": 588439,
        "lang": "es",
        "contributors_enabled": false,
        "is_translator": false,
        "is_translation_enabled": false,
        "profile_background_color": "C0DEED",
        "profile_background_image_url": "http://abs.twimg.com/images/themes/theme1/bg.png",
        "profile_background_image_url_https": "https://abs.twimg.com/images/themes/theme1/bg.png",
        "profile_background_tile": false,
        "profile_image_url": "http://pbs.twimg.com/profile_images/1074967916699881472/Ys9J6COi_normal.jpg",
        "profile_image_url_https": "https://pbs.twimg.com/profile_images/1074967916699881472/Ys9J6COi_normal.jpg",
        "profile_banner_url": "https://pbs.twimg.com/profile_banners/113457700/1472240449",
        "profile_link_color": "0084B4",
        "profile_sidebar_border_color": "C0DEED",
        "profile_sidebar_fill_color": "DDEEF6",
        "profile_text_color": "333333",
        "profile_use_background_image": true,
        "has_extended_profile": true,
        "default_profile": false,
        "default_profile_image": false,
        "following": null,
        "follow_request_sent": null,
        "notifications": null,
        "translator_type": "none"
    },
    "geo": null,
    "coordinates": null,
    "place": null,
    "contributors": null,
    "is_quote_status": false,
    "retweet_count": 0,
    "favorite_count": 0,
    "favorited": false,
    "retweeted": false,
    "possibly_sensitive": false,
    "lang": "en"
}