{
    "created_at": "Tue Apr 16 15:42:18 +0000 2019",
    "id": 1118177804749766658,
    "id_str": "1118177804749766658",
    "text": "Citi Bike pulls electric bikes off streets due to brake problems https://t.co/ZPYlBpObJV",
    "truncated": false,
    "entities": {
        "hashtags": [],
        "symbols": [],
        "user_mentions": [],
        "urls": [
            {
                "url": "https://t.co/ZPYlBpObJV",
                "expanded_url": "http://www.fox5ny.com/news/citi-bike-pulls-electric-bikes-off-streets",
                "display_url": "fox5ny.com/news/citi-bike\u2026",
                "indices": [
                    65,
                    88
                ]
            }
        ]
    },
    "metadata": {
        "iso_language_code": "en",
        "result_type": "recent"
    },
    "source": "<a href=\"http://twitter.com/#!/download/ipad\" rel=\"nofollow\">Twitter for iPad</a>",
    "in_reply_to_status_id": null,
    "in_reply_to_status_id_str": null,
    "in_reply_to_user_id": null,
    "in_reply_to_user_id_str": null,
    "in_reply_to_screen_name": null,
    "user": {
        "id": 529591144,
        "id_str": "529591144",
        "name": "pmatons",
        "screen_name": "pmatons",
        "location": "NYC/Fla.",
        "description": "retired r.n.mother of 5 ,,grandmother of 5 .God ,Family,country,votelife",
        "url": null,
        "entities": {
            "description": {
                "urls": []
            }
        },
        "protected": false,
        "followers_count": 7201,
        "friends_count": 7907,
        "listed_count": 160,
        "created_at": "Mon Mar 19 18:13:54 +0000 2012",
        "favourites_count": 5354,
        "utc_offset": null,
        "time_zone": null,
        "geo_enabled": false,
        "verified": false,
        "statuses_count": 172627,
        "lang": "en",
        "contributors_enabled": false,
        "is_translator": false,
        "is_translation_enabled": false,
        "profile_background_color": "C0DEED",
        "profile_background_image_url": "http://abs.twimg.com/images/themes/theme1/bg.png",
        "profile_background_image_url_https": "https://abs.twimg.com/images/themes/theme1/bg.png",
        "profile_background_tile": false,
        "profile_image_url": "http://pbs.twimg.com/profile_images/3069712261/78c42a64a7a61af313c83329c873b0f8_normal.jpeg",
        "profile_image_url_https": "https://pbs.twimg.com/profile_images/3069712261/78c42a64a7a61af313c83329c873b0f8_normal.jpeg",
        "profile_banner_url": "https://pbs.twimg.com/profile_banners/529591144/1356894754",
        "profile_link_color": "1DA1F2",
        "profile_sidebar_border_color": "C0DEED",
        "profile_sidebar_fill_color": "DDEEF6",
        "profile_text_color": "333333",
        "profile_use_background_image": true,
        "has_extended_profile": false,
        "default_profile": true,
        "default_profile_image": false,
        "following": null,
        "follow_request_sent": null,
        "notifications": null,
        "translator_type": "none"
    },
    "geo": null,
    "coordinates": null,
    "place": null,
    "contributors": null,
    "is_quote_status": false,
    "retweet_count": 0,
    "favorite_count": 0,
    "favorited": false,
    "retweeted": false,
    "possibly_sensitive": false,
    "lang": "en"
}