{
    "created_at": "Tue Apr 16 15:00:08 +0000 2019",
    "id": 1118167194007896066,
    "id_str": "1118167194007896066",
    "text": "Lyft adds New York\u2019s Citi Bikes to its app https://t.co/oAbzWiAtR7",
    "truncated": false,
    "entities": {
        "hashtags": [],
        "symbols": [],
        "user_mentions": [],
        "urls": [
            {
                "url": "https://t.co/oAbzWiAtR7",
                "expanded_url": "https://www.engadget.com/2019/04/15/lyft-citi-bike-new-york-city/",
                "display_url": "engadget.com/2019/04/15/lyf\u2026",
                "indices": [
                    43,
                    66
                ]
            }
        ]
    },
    "metadata": {
        "iso_language_code": "en",
        "result_type": "recent"
    },
    "source": "<a href=\"http://onefeed3.dexcuento.com\" rel=\"nofollow\">onefeedforall3</a>",
    "in_reply_to_status_id": null,
    "in_reply_to_status_id_str": null,
    "in_reply_to_user_id": null,
    "in_reply_to_user_id_str": null,
    "in_reply_to_screen_name": null,
    "user": {
        "id": 15036739,
        "id_str": "15036739",
        "name": "Beatriz Santo-Tom\u00e1s",
        "screen_name": "BeaSantotomas",
        "location": "Bilbao, Espa\u00f1a",
        "description": "Responsable de la Oficina de #Transformaci\u00f3n #Digital de @camarabilbao Serieadicta y harrypottiana. Testeo balnearios.",
        "url": "https://t.co/J8w3Mf5ojg",
        "entities": {
            "url": {
                "urls": [
                    {
                        "url": "https://t.co/J8w3Mf5ojg",
                        "expanded_url": "http://es.linkedin.com/in/beatrizsantotomas",
                        "display_url": "es.linkedin.com/in/beatrizsant\u2026",
                        "indices": [
                            0,
                            23
                        ]
                    }
                ]
            },
            "description": {
                "urls": []
            }
        },
        "protected": false,
        "followers_count": 2271,
        "friends_count": 1041,
        "listed_count": 225,
        "created_at": "Sat Jun 07 08:07:04 +0000 2008",
        "favourites_count": 29938,
        "utc_offset": null,
        "time_zone": null,
        "geo_enabled": false,
        "verified": false,
        "statuses_count": 23617,
        "lang": "es",
        "contributors_enabled": false,
        "is_translator": false,
        "is_translation_enabled": false,
        "profile_background_color": "6D0019",
        "profile_background_image_url": "http://abs.twimg.com/images/themes/theme4/bg.gif",
        "profile_background_image_url_https": "https://abs.twimg.com/images/themes/theme4/bg.gif",
        "profile_background_tile": false,
        "profile_image_url": "http://pbs.twimg.com/profile_images/825060493886967808/0GSOp_le_normal.jpg",
        "profile_image_url_https": "https://pbs.twimg.com/profile_images/825060493886967808/0GSOp_le_normal.jpg",
        "profile_banner_url": "https://pbs.twimg.com/profile_banners/15036739/1348495881",
        "profile_link_color": "960224",
        "profile_sidebar_border_color": "6D0019",
        "profile_sidebar_fill_color": "FF003C",
        "profile_text_color": "6D0019",
        "profile_use_background_image": true,
        "has_extended_profile": true,
        "default_profile": false,
        "default_profile_image": false,
        "following": null,
        "follow_request_sent": null,
        "notifications": null,
        "translator_type": "none"
    },
    "geo": null,
    "coordinates": null,
    "place": null,
    "contributors": null,
    "is_quote_status": false,
    "retweet_count": 0,
    "favorite_count": 0,
    "favorited": false,
    "retweeted": false,
    "possibly_sensitive": false,
    "lang": "en"
}