{
    "created_at": "Tue Apr 16 09:49:23 +0000 2019",
    "id": 1118088992761831424,
    "id_str": "1118088992761831424",
    "text": "\"Citi Bike\u2019s Electric Bikes Are Fast. But Are They Dangerous?\" by AZI PAYBARAH via NYT https://t.co/WAYsAln6fI\u2026 https://t.co/qmjkgI6xq9",
    "truncated": true,
    "entities": {
        "hashtags": [],
        "symbols": [],
        "user_mentions": [],
        "urls": [
            {
                "url": "https://t.co/WAYsAln6fI",
                "expanded_url": "https://nyti.ms/2XectlN",
                "display_url": "nyti.ms/2XectlN",
                "indices": [
                    87,
                    110
                ]
            },
            {
                "url": "https://t.co/qmjkgI6xq9",
                "expanded_url": "https://twitter.com/i/web/status/1118088992761831424",
                "display_url": "twitter.com/i/web/status/1\u2026",
                "indices": [
                    112,
                    135
                ]
            }
        ]
    },
    "metadata": {
        "iso_language_code": "en",
        "result_type": "recent"
    },
    "source": "<a href=\"https://ifttt.com\" rel=\"nofollow\">IFTTT</a>",
    "in_reply_to_status_id": null,
    "in_reply_to_status_id_str": null,
    "in_reply_to_user_id": null,
    "in_reply_to_user_id_str": null,
    "in_reply_to_screen_name": null,
    "user": {
        "id": 2864106887,
        "id_str": "2864106887",
        "name": "Coffee You Wanted",
        "screen_name": "CoffeeYouWanted",
        "location": "Dagobah",
        "description": "Coffee you wanted. Coffee you get. Life simple is at times. Enjoying it you should. Awesome it is.",
        "url": null,
        "entities": {
            "description": {
                "urls": []
            }
        },
        "protected": false,
        "followers_count": 79,
        "friends_count": 12,
        "listed_count": 21,
        "created_at": "Thu Nov 06 17:18:33 +0000 2014",
        "favourites_count": 220,
        "utc_offset": null,
        "time_zone": null,
        "geo_enabled": false,
        "verified": false,
        "statuses_count": 138,
        "lang": "en",
        "contributors_enabled": false,
        "is_translator": false,
        "is_translation_enabled": false,
        "profile_background_color": "C0DEED",
        "profile_background_image_url": "http://abs.twimg.com/images/themes/theme1/bg.png",
        "profile_background_image_url_https": "https://abs.twimg.com/images/themes/theme1/bg.png",
        "profile_background_tile": false,
        "profile_image_url": "http://pbs.twimg.com/profile_images/531555865644376064/AMQdICJY_normal.jpeg",
        "profile_image_url_https": "https://pbs.twimg.com/profile_images/531555865644376064/AMQdICJY_normal.jpeg",
        "profile_banner_url": "https://pbs.twimg.com/profile_banners/2864106887/1415567667",
        "profile_link_color": "1DA1F2",
        "profile_sidebar_border_color": "C0DEED",
        "profile_sidebar_fill_color": "DDEEF6",
        "profile_text_color": "333333",
        "profile_use_background_image": true,
        "has_extended_profile": false,
        "default_profile": true,
        "default_profile_image": false,
        "following": null,
        "follow_request_sent": null,
        "notifications": null,
        "translator_type": "none"
    },
    "geo": null,
    "coordinates": null,
    "place": null,
    "contributors": null,
    "is_quote_status": false,
    "retweet_count": 0,
    "favorite_count": 0,
    "favorited": false,
    "retweeted": false,
    "possibly_sensitive": false,
    "lang": "en"
}