{
    "created_at": "Tue Apr 16 11:58:38 +0000 2019",
    "id": 1118121520394641409,
    "id_str": "1118121520394641409",
    "text": "Citi Bike\u2019s Electric Bikes Are Fast. But Are They Dangerous? https://t.co/P272LOA721",
    "truncated": false,
    "entities": {
        "hashtags": [],
        "symbols": [],
        "user_mentions": [],
        "urls": [],
        "media": [
            {
                "id": 1118121519396335616,
                "id_str": "1118121519396335616",
                "indices": [
                    61,
                    84
                ],
                "media_url": "http://pbs.twimg.com/media/D4RdmQtWsAAT3-w.jpg",
                "media_url_https": "https://pbs.twimg.com/media/D4RdmQtWsAAT3-w.jpg",
                "url": "https://t.co/P272LOA721",
                "display_url": "pic.twitter.com/P272LOA721",
                "expanded_url": "https://twitter.com/paststorytv/status/1118121520394641409/photo/1",
                "type": "photo",
                "sizes": {
                    "small": {
                        "w": 440,
                        "h": 293,
                        "resize": "fit"
                    },
                    "thumb": {
                        "w": 150,
                        "h": 150,
                        "resize": "crop"
                    },
                    "large": {
                        "w": 440,
                        "h": 293,
                        "resize": "fit"
                    },
                    "medium": {
                        "w": 440,
                        "h": 293,
                        "resize": "fit"
                    }
                }
            }
        ]
    },
    "extended_entities": {
        "media": [
            {
                "id": 1118121519396335616,
                "id_str": "1118121519396335616",
                "indices": [
                    61,
                    84
                ],
                "media_url": "http://pbs.twimg.com/media/D4RdmQtWsAAT3-w.jpg",
                "media_url_https": "https://pbs.twimg.com/media/D4RdmQtWsAAT3-w.jpg",
                "url": "https://t.co/P272LOA721",
                "display_url": "pic.twitter.com/P272LOA721",
                "expanded_url": "https://twitter.com/paststorytv/status/1118121520394641409/photo/1",
                "type": "photo",
                "sizes": {
                    "small": {
                        "w": 440,
                        "h": 293,
                        "resize": "fit"
                    },
                    "thumb": {
                        "w": 150,
                        "h": 150,
                        "resize": "crop"
                    },
                    "large": {
                        "w": 440,
                        "h": 293,
                        "resize": "fit"
                    },
                    "medium": {
                        "w": 440,
                        "h": 293,
                        "resize": "fit"
                    }
                }
            }
        ]
    },
    "metadata": {
        "iso_language_code": "en",
        "result_type": "recent"
    },
    "source": "<a href=\"https://ifttt.com\" rel=\"nofollow\">IFTTT</a>",
    "in_reply_to_status_id": null,
    "in_reply_to_status_id_str": null,
    "in_reply_to_user_id": null,
    "in_reply_to_user_id_str": null,
    "in_reply_to_screen_name": null,
    "user": {
        "id": 938513058778972162,
        "id_str": "938513058778972162",
        "name": "Past Story Tv",
        "screen_name": "paststorytv",
        "location": "",
        "description": "",
        "url": null,
        "entities": {
            "description": {
                "urls": []
            }
        },
        "protected": false,
        "followers_count": 65,
        "friends_count": 248,
        "listed_count": 0,
        "created_at": "Wed Dec 06 20:58:44 +0000 2017",
        "favourites_count": 0,
        "utc_offset": null,
        "time_zone": null,
        "geo_enabled": false,
        "verified": false,
        "statuses_count": 13777,
        "lang": "en-gb",
        "contributors_enabled": false,
        "is_translator": false,
        "is_translation_enabled": false,
        "profile_background_color": "000000",
        "profile_background_image_url": "http://abs.twimg.com/images/themes/theme1/bg.png",
        "profile_background_image_url_https": "https://abs.twimg.com/images/themes/theme1/bg.png",
        "profile_background_tile": false,
        "profile_image_url": "http://pbs.twimg.com/profile_images/1036617436726996992/tR8YtONd_normal.jpg",
        "profile_image_url_https": "https://pbs.twimg.com/profile_images/1036617436726996992/tR8YtONd_normal.jpg",
        "profile_link_color": "E81C4F",
        "profile_sidebar_border_color": "000000",
        "profile_sidebar_fill_color": "000000",
        "profile_text_color": "000000",
        "profile_use_background_image": false,
        "has_extended_profile": false,
        "default_profile": false,
        "default_profile_image": false,
        "following": null,
        "follow_request_sent": null,
        "notifications": null,
        "translator_type": "none"
    },
    "geo": null,
    "coordinates": null,
    "place": null,
    "contributors": null,
    "is_quote_status": false,
    "retweet_count": 0,
    "favorite_count": 0,
    "favorited": false,
    "retweeted": false,
    "possibly_sensitive": false,
    "lang": "en"
}