{
    "created_at": "Thu Apr 18 11:14:00 +0000 2019",
    "id": 1118835063410569217,
    "id_str": "1118835063410569217",
    "text": "@BikeHoboken Montreal... Best city in North America for cyclists (According to Wired mag), creators of the Citi Bik\u2026 https://t.co/wYiolJWVJ5",
    "truncated": true,
    "entities": {
        "hashtags": [],
        "symbols": [],
        "user_mentions": [
            {
                "screen_name": "BikeHoboken",
                "name": "Bike Hoboken",
                "id": 219049440,
                "id_str": "219049440",
                "indices": [
                    0,
                    12
                ]
            }
        ],
        "urls": [
            {
                "url": "https://t.co/wYiolJWVJ5",
                "expanded_url": "https://twitter.com/i/web/status/1118835063410569217",
                "display_url": "twitter.com/i/web/status/1\u2026",
                "indices": [
                    117,
                    140
                ]
            }
        ]
    },
    "metadata": {
        "iso_language_code": "en",
        "result_type": "recent"
    },
    "source": "<a href=\"http://twitter.com/#!/download/ipad\" rel=\"nofollow\">Twitter for iPad</a>",
    "in_reply_to_status_id": 1118689927502401537,
    "in_reply_to_status_id_str": "1118689927502401537",
    "in_reply_to_user_id": 219049440,
    "in_reply_to_user_id_str": "219049440",
    "in_reply_to_screen_name": "BikeHoboken",
    "user": {
        "id": 138747118,
        "id_str": "138747118",
        "name": "Antoine Cl\u00e9ment",
        "screen_name": "antoineclement",
        "location": "NY, NY",
        "description": "Brand Kickstarter. Propagandista. Entrepreneur. Marathoner. Triathlete. Vegetarian. World Traveler. Uprooted French, Ex-Montrealer, now New Yorker \ud83c\uddeb\ud83c\uddf7\ud83c\udde8\ud83c\udde6\ud83c\uddfa\ud83c\uddf8",
        "url": null,
        "entities": {
            "description": {
                "urls": []
            }
        },
        "protected": false,
        "followers_count": 173,
        "friends_count": 89,
        "listed_count": 17,
        "created_at": "Fri Apr 30 13:24:48 +0000 2010",
        "favourites_count": 1772,
        "utc_offset": null,
        "time_zone": null,
        "geo_enabled": true,
        "verified": false,
        "statuses_count": 3433,
        "lang": "en",
        "contributors_enabled": false,
        "is_translator": false,
        "is_translation_enabled": false,
        "profile_background_color": "022330",
        "profile_background_image_url": "http://abs.twimg.com/images/themes/theme15/bg.png",
        "profile_background_image_url_https": "https://abs.twimg.com/images/themes/theme15/bg.png",
        "profile_background_tile": true,
        "profile_image_url": "http://pbs.twimg.com/profile_images/836703572406382592/YMT_CrQr_normal.jpg",
        "profile_image_url_https": "https://pbs.twimg.com/profile_images/836703572406382592/YMT_CrQr_normal.jpg",
        "profile_banner_url": "https://pbs.twimg.com/profile_banners/138747118/1488320702",
        "profile_link_color": "3B94D9",
        "profile_sidebar_border_color": "FFFFFF",
        "profile_sidebar_fill_color": "C0DFEC",
        "profile_text_color": "333333",
        "profile_use_background_image": true,
        "has_extended_profile": false,
        "default_profile": false,
        "default_profile_image": false,
        "following": null,
        "follow_request_sent": null,
        "notifications": null,
        "translator_type": "none"
    },
    "geo": null,
    "coordinates": null,
    "place": null,
    "contributors": null,
    "is_quote_status": false,
    "retweet_count": 0,
    "favorite_count": 1,
    "favorited": false,
    "retweeted": false,
    "possibly_sensitive": false,
    "lang": "en"
}