{
    "created_at": "Tue Apr 16 06:25:00 +0000 2019",
    "id": 1118037559068774400,
    "id_str": "1118037559068774400",
    "text": "Citi Bike Pulls Electric Bikes With Touchy Brakes After Rider Breaks Hip https://t.co/NH9LXy8OAd",
    "truncated": false,
    "entities": {
        "hashtags": [],
        "symbols": [],
        "user_mentions": [],
        "urls": [
            {
                "url": "https://t.co/NH9LXy8OAd",
                "expanded_url": "https://jalopnik.com/citi-bike-pulls-electric-bikes-because-of-overly-sensit-1834047560",
                "display_url": "jalopnik.com/citi-bike-pull\u2026",
                "indices": [
                    73,
                    96
                ]
            }
        ]
    },
    "metadata": {
        "iso_language_code": "en",
        "result_type": "recent"
    },
    "source": "<a href=\"https://paper.li\" rel=\"nofollow\">Paper.li</a>",
    "in_reply_to_status_id": null,
    "in_reply_to_status_id_str": null,
    "in_reply_to_user_id": null,
    "in_reply_to_user_id_str": null,
    "in_reply_to_screen_name": null,
    "user": {
        "id": 3328761145,
        "id_str": "3328761145",
        "name": "Alan Howat",
        "screen_name": "marismediaca",
        "location": "Edmonton ",
        "description": "",
        "url": null,
        "entities": {
            "description": {
                "urls": []
            }
        },
        "protected": false,
        "followers_count": 299,
        "friends_count": 1085,
        "listed_count": 1,
        "created_at": "Mon Aug 24 13:34:45 +0000 2015",
        "favourites_count": 184,
        "utc_offset": null,
        "time_zone": null,
        "geo_enabled": true,
        "verified": false,
        "statuses_count": 11519,
        "lang": "en",
        "contributors_enabled": false,
        "is_translator": false,
        "is_translation_enabled": false,
        "profile_background_color": "C0DEED",
        "profile_background_image_url": "http://abs.twimg.com/images/themes/theme1/bg.png",
        "profile_background_image_url_https": "https://abs.twimg.com/images/themes/theme1/bg.png",
        "profile_background_tile": false,
        "profile_image_url": "http://pbs.twimg.com/profile_images/864675909126676480/ppr6ElMB_normal.jpg",
        "profile_image_url_https": "https://pbs.twimg.com/profile_images/864675909126676480/ppr6ElMB_normal.jpg",
        "profile_link_color": "1DA1F2",
        "profile_sidebar_border_color": "C0DEED",
        "profile_sidebar_fill_color": "DDEEF6",
        "profile_text_color": "333333",
        "profile_use_background_image": true,
        "has_extended_profile": true,
        "default_profile": true,
        "default_profile_image": false,
        "following": null,
        "follow_request_sent": null,
        "notifications": null,
        "translator_type": "none"
    },
    "geo": null,
    "coordinates": null,
    "place": null,
    "contributors": null,
    "is_quote_status": false,
    "retweet_count": 0,
    "favorite_count": 0,
    "favorited": false,
    "retweeted": false,
    "possibly_sensitive": false,
    "lang": "en"
}