{
    "created_at": "Wed Apr 17 12:01:23 +0000 2019",
    "id": 1118484599812837377,
    "id_str": "1118484599812837377",
    "text": "Lyft's bike share program is taking \n a brief intermission. https://t.co/0L2lJ45aZc",
    "truncated": false,
    "entities": {
        "hashtags": [],
        "symbols": [],
        "user_mentions": [],
        "urls": [
            {
                "url": "https://t.co/0L2lJ45aZc",
                "expanded_url": "https://www.fastcompany.com/90334934/lyft-puts-the-brakes-on-some-of-its-citi-bikes-due-to-brake-issues?partner=rss&utm_source=twitter.com&utm_medium=social&utm_campaign=rss+fastcompany&utm_content=rss",
                "display_url": "fastcompany.com/90334934/lyft-\u2026",
                "indices": [
                    60,
                    83
                ]
            }
        ]
    },
    "metadata": {
        "iso_language_code": "en",
        "result_type": "recent"
    },
    "source": "<a href=\"https://www.hootsuite.com\" rel=\"nofollow\">Hootsuite Inc.</a>",
    "in_reply_to_status_id": null,
    "in_reply_to_status_id_str": null,
    "in_reply_to_user_id": null,
    "in_reply_to_user_id_str": null,
    "in_reply_to_screen_name": null,
    "user": {
        "id": 76651126,
        "id_str": "76651126",
        "name": "Kotori Technologies",
        "screen_name": "kotoritech",
        "location": "Charleston, SC",
        "description": "When you're busy, technology just needs to work.",
        "url": "http://t.co/3kN5oc0eGE",
        "entities": {
            "url": {
                "urls": [
                    {
                        "url": "http://t.co/3kN5oc0eGE",
                        "expanded_url": "http://www.kotoritechnologies.com",
                        "display_url": "kotoritechnologies.com",
                        "indices": [
                            0,
                            22
                        ]
                    }
                ]
            },
            "description": {
                "urls": []
            }
        },
        "protected": false,
        "followers_count": 535,
        "friends_count": 541,
        "listed_count": 3,
        "created_at": "Wed Sep 23 14:04:51 +0000 2009",
        "favourites_count": 119,
        "utc_offset": null,
        "time_zone": null,
        "geo_enabled": false,
        "verified": false,
        "statuses_count": 1382,
        "lang": "en",
        "contributors_enabled": false,
        "is_translator": false,
        "is_translation_enabled": false,
        "profile_background_color": "000000",
        "profile_background_image_url": "http://abs.twimg.com/images/themes/theme14/bg.gif",
        "profile_background_image_url_https": "https://abs.twimg.com/images/themes/theme14/bg.gif",
        "profile_background_tile": true,
        "profile_image_url": "http://pbs.twimg.com/profile_images/1085543329327181826/COYFNayU_normal.jpg",
        "profile_image_url_https": "https://pbs.twimg.com/profile_images/1085543329327181826/COYFNayU_normal.jpg",
        "profile_banner_url": "https://pbs.twimg.com/profile_banners/76651126/1554404450",
        "profile_link_color": "FF691F",
        "profile_sidebar_border_color": "22FF00",
        "profile_sidebar_fill_color": "FFFFFF",
        "profile_text_color": "333333",
        "profile_use_background_image": true,
        "has_extended_profile": true,
        "default_profile": false,
        "default_profile_image": false,
        "following": null,
        "follow_request_sent": null,
        "notifications": null,
        "translator_type": "none"
    },
    "geo": null,
    "coordinates": null,
    "place": null,
    "contributors": null,
    "is_quote_status": false,
    "retweet_count": 0,
    "favorite_count": 0,
    "favorited": false,
    "retweeted": false,
    "possibly_sensitive": false,
    "lang": "en"
}