{
    "created_at": "Wed Apr 17 14:58:30 +0000 2019",
    "id": 1118529172056547329,
    "id_str": "1118529172056547329",
    "text": "@TransitNinja205 Coming soon to Citi Bike.",
    "truncated": false,
    "entities": {
        "hashtags": [],
        "symbols": [],
        "user_mentions": [
            {
                "screen_name": "TransitNinja205",
                "name": "Samuel Santaella \ud83d\udc5f\ud83d\udeb2\ud83c\udf33\ud83d\ude86",
                "id": 4784171654,
                "id_str": "4784171654",
                "indices": [
                    0,
                    16
                ]
            }
        ],
        "urls": []
    },
    "metadata": {
        "iso_language_code": "en",
        "result_type": "recent"
    },
    "source": "<a href=\"http://twitter.com/download/iphone\" rel=\"nofollow\">Twitter for iPhone</a>",
    "in_reply_to_status_id": 1118474213155835904,
    "in_reply_to_status_id_str": "1118474213155835904",
    "in_reply_to_user_id": 4784171654,
    "in_reply_to_user_id_str": "4784171654",
    "in_reply_to_screen_name": "TransitNinja205",
    "user": {
        "id": 1047533875587637248,
        "id_str": "1047533875587637248",
        "name": "Queens Trucking Parking",
        "screen_name": "ParkingQueens",
        "location": "Douglaston, Queens",
        "description": "",
        "url": null,
        "entities": {
            "description": {
                "urls": []
            }
        },
        "protected": false,
        "followers_count": 93,
        "friends_count": 196,
        "listed_count": 2,
        "created_at": "Wed Oct 03 17:08:32 +0000 2018",
        "favourites_count": 2104,
        "utc_offset": null,
        "time_zone": null,
        "geo_enabled": false,
        "verified": false,
        "statuses_count": 5561,
        "lang": "en",
        "contributors_enabled": false,
        "is_translator": false,
        "is_translation_enabled": false,
        "profile_background_color": "F5F8FA",
        "profile_background_image_url": null,
        "profile_background_image_url_https": null,
        "profile_background_tile": false,
        "profile_image_url": "http://pbs.twimg.com/profile_images/1054124878369038336/hcLQjdLi_normal.jpg",
        "profile_image_url_https": "https://pbs.twimg.com/profile_images/1054124878369038336/hcLQjdLi_normal.jpg",
        "profile_link_color": "1DA1F2",
        "profile_sidebar_border_color": "C0DEED",
        "profile_sidebar_fill_color": "DDEEF6",
        "profile_text_color": "333333",
        "profile_use_background_image": true,
        "has_extended_profile": false,
        "default_profile": true,
        "default_profile_image": false,
        "following": null,
        "follow_request_sent": null,
        "notifications": null,
        "translator_type": "none"
    },
    "geo": null,
    "coordinates": null,
    "place": null,
    "contributors": null,
    "is_quote_status": false,
    "retweet_count": 0,
    "favorite_count": 0,
    "favorited": false,
    "retweeted": false,
    "lang": "en"
}