{
    "created_at": "Tue Apr 16 04:22:44 +0000 2019",
    "id": 1118006788085960705,
    "id_str": "1118006788085960705",
    "text": "Lyft adds New York\u2019s Citi Bikes to its app https://t.co/Rlmao5TRUb",
    "truncated": false,
    "entities": {
        "hashtags": [],
        "symbols": [],
        "user_mentions": [],
        "urls": [
            {
                "url": "https://t.co/Rlmao5TRUb",
                "expanded_url": "https://www.engadget.com/2019/04/15/lyft-citi-bike-new-york-city/",
                "display_url": "engadget.com/2019/04/15/lyf\u2026",
                "indices": [
                    43,
                    66
                ]
            }
        ]
    },
    "metadata": {
        "iso_language_code": "en",
        "result_type": "recent"
    },
    "source": "<a href=\"http://www.wonderland.fm/\" rel=\"nofollow\">wonderland.fm</a>",
    "in_reply_to_status_id": null,
    "in_reply_to_status_id_str": null,
    "in_reply_to_user_id": null,
    "in_reply_to_user_id_str": null,
    "in_reply_to_screen_name": null,
    "user": {
        "id": 1194695778,
        "id_str": "1194695778",
        "name": "OnlyVegetables",
        "screen_name": "OnlyVegetables",
        "location": "",
        "description": "Vegan? In here you'll find recipes, blogs and the best for your lifestyle. Follow now!",
        "url": null,
        "entities": {
            "description": {
                "urls": []
            }
        },
        "protected": false,
        "followers_count": 10290,
        "friends_count": 9847,
        "listed_count": 187,
        "created_at": "Mon Feb 18 20:00:05 +0000 2013",
        "favourites_count": 0,
        "utc_offset": null,
        "time_zone": null,
        "geo_enabled": false,
        "verified": false,
        "statuses_count": 28775,
        "lang": "en",
        "contributors_enabled": false,
        "is_translator": false,
        "is_translation_enabled": false,
        "profile_background_color": "077514",
        "profile_background_image_url": "http://abs.twimg.com/images/themes/theme1/bg.png",
        "profile_background_image_url_https": "https://abs.twimg.com/images/themes/theme1/bg.png",
        "profile_background_tile": false,
        "profile_image_url": "http://pbs.twimg.com/profile_images/3274282578/1450ea2723826d03d4f054d6a9919bbf_normal.png",
        "profile_image_url_https": "https://pbs.twimg.com/profile_images/3274282578/1450ea2723826d03d4f054d6a9919bbf_normal.png",
        "profile_link_color": "0A6CFF",
        "profile_sidebar_border_color": "000000",
        "profile_sidebar_fill_color": "DDEEF6",
        "profile_text_color": "333333",
        "profile_use_background_image": false,
        "has_extended_profile": false,
        "default_profile": false,
        "default_profile_image": false,
        "following": null,
        "follow_request_sent": null,
        "notifications": null,
        "translator_type": "none"
    },
    "geo": null,
    "coordinates": null,
    "place": null,
    "contributors": null,
    "is_quote_status": false,
    "retweet_count": 0,
    "favorite_count": 0,
    "favorited": false,
    "retweeted": false,
    "possibly_sensitive": false,
    "lang": "en"
}