{
    "created_at": "Tue Apr 16 08:56:03 +0000 2019",
    "id": 1118075568493170688,
    "id_str": "1118075568493170688",
    "text": "Lyft adds New York\u2019s Citi Bikes to its app https://t.co/6b6UAu0Vg8 https://t.co/05p2kAAwv7",
    "truncated": false,
    "entities": {
        "hashtags": [],
        "symbols": [],
        "user_mentions": [],
        "urls": [
            {
                "url": "https://t.co/6b6UAu0Vg8",
                "expanded_url": "http://dlvr.it/R2vYnZ",
                "display_url": "dlvr.it/R2vYnZ",
                "indices": [
                    43,
                    66
                ]
            }
        ],
        "media": [
            {
                "id": 1118075566748364801,
                "id_str": "1118075566748364801",
                "indices": [
                    67,
                    90
                ],
                "media_url": "http://pbs.twimg.com/media/D4QzzdwUcAELZTv.jpg",
                "media_url_https": "https://pbs.twimg.com/media/D4QzzdwUcAELZTv.jpg",
                "url": "https://t.co/05p2kAAwv7",
                "display_url": "pic.twitter.com/05p2kAAwv7",
                "expanded_url": "https://twitter.com/_MiguelRomeroG/status/1118075568493170688/photo/1",
                "type": "photo",
                "sizes": {
                    "thumb": {
                        "w": 150,
                        "h": 150,
                        "resize": "crop"
                    },
                    "small": {
                        "w": 680,
                        "h": 357,
                        "resize": "fit"
                    },
                    "medium": {
                        "w": 1200,
                        "h": 630,
                        "resize": "fit"
                    },
                    "large": {
                        "w": 1200,
                        "h": 630,
                        "resize": "fit"
                    }
                }
            }
        ]
    },
    "extended_entities": {
        "media": [
            {
                "id": 1118075566748364801,
                "id_str": "1118075566748364801",
                "indices": [
                    67,
                    90
                ],
                "media_url": "http://pbs.twimg.com/media/D4QzzdwUcAELZTv.jpg",
                "media_url_https": "https://pbs.twimg.com/media/D4QzzdwUcAELZTv.jpg",
                "url": "https://t.co/05p2kAAwv7",
                "display_url": "pic.twitter.com/05p2kAAwv7",
                "expanded_url": "https://twitter.com/_MiguelRomeroG/status/1118075568493170688/photo/1",
                "type": "photo",
                "sizes": {
                    "thumb": {
                        "w": 150,
                        "h": 150,
                        "resize": "crop"
                    },
                    "small": {
                        "w": 680,
                        "h": 357,
                        "resize": "fit"
                    },
                    "medium": {
                        "w": 1200,
                        "h": 630,
                        "resize": "fit"
                    },
                    "large": {
                        "w": 1200,
                        "h": 630,
                        "resize": "fit"
                    }
                }
            }
        ]
    },
    "metadata": {
        "iso_language_code": "en",
        "result_type": "recent"
    },
    "source": "<a href=\"https://dlvrit.com/\" rel=\"nofollow\">dlvr.it</a>",
    "in_reply_to_status_id": null,
    "in_reply_to_status_id_str": null,
    "in_reply_to_user_id": null,
    "in_reply_to_user_id_str": null,
    "in_reply_to_screen_name": null,
    "user": {
        "id": 169925149,
        "id_str": "169925149",
        "name": "MiguelRomero",
        "screen_name": "_MiguelRomeroG",
        "location": "M\u00e9xico...",
        "description": "Ing. en #Electr\u00f3nica #TIC #IoT #DevApp #iOS #Android #Emprendimiento | #Runner | #Necaxa | En un lugar de la mancha, de cuyo nombre no quiero acordarme...",
        "url": "https://t.co/9Vgh3VRbjv",
        "entities": {
            "url": {
                "urls": [
                    {
                        "url": "https://t.co/9Vgh3VRbjv",
                        "expanded_url": "http://www.miguelromero.mx",
                        "display_url": "miguelromero.mx",
                        "indices": [
                            0,
                            23
                        ]
                    }
                ]
            },
            "description": {
                "urls": []
            }
        },
        "protected": false,
        "followers_count": 2982,
        "friends_count": 3079,
        "listed_count": 175,
        "created_at": "Fri Jul 23 14:20:24 +0000 2010",
        "favourites_count": 252,
        "utc_offset": null,
        "time_zone": null,
        "geo_enabled": true,
        "verified": false,
        "statuses_count": 36622,
        "lang": "es",
        "contributors_enabled": false,
        "is_translator": false,
        "is_translation_enabled": false,
        "profile_background_color": "131516",
        "profile_background_image_url": "http://abs.twimg.com/images/themes/theme14/bg.gif",
        "profile_background_image_url_https": "https://abs.twimg.com/images/themes/theme14/bg.gif",
        "profile_background_tile": false,
        "profile_image_url": "http://pbs.twimg.com/profile_images/673512996795092993/paDhJdgb_normal.jpg",
        "profile_image_url_https": "https://pbs.twimg.com/profile_images/673512996795092993/paDhJdgb_normal.jpg",
        "profile_banner_url": "https://pbs.twimg.com/profile_banners/169925149/1534473415",
        "profile_link_color": "009999",
        "profile_sidebar_border_color": "EEEEEE",
        "profile_sidebar_fill_color": "EFEFEF",
        "profile_text_color": "333333",
        "profile_use_background_image": true,
        "has_extended_profile": true,
        "default_profile": false,
        "default_profile_image": false,
        "following": null,
        "follow_request_sent": null,
        "notifications": null,
        "translator_type": "none"
    },
    "geo": null,
    "coordinates": null,
    "place": null,
    "contributors": null,
    "is_quote_status": false,
    "retweet_count": 0,
    "favorite_count": 0,
    "favorited": false,
    "retweeted": false,
    "possibly_sensitive": false,
    "lang": "en"
}