{
    "created_at": "Tue Apr 16 05:24:03 +0000 2019",
    "id": 1118022218527596544,
    "id_str": "1118022218527596544",
    "text": "Lyft adds New York\u2019s Citi Bikes to its app https://t.co/ULm0tZbqGz https://t.co/KDEASyImE1",
    "truncated": false,
    "entities": {
        "hashtags": [],
        "symbols": [],
        "user_mentions": [],
        "urls": [
            {
                "url": "https://t.co/ULm0tZbqGz",
                "expanded_url": "http://dlvr.it/R2v4d8",
                "display_url": "dlvr.it/R2v4d8",
                "indices": [
                    43,
                    66
                ]
            }
        ],
        "media": [
            {
                "id": 1118022216971509760,
                "id_str": "1118022216971509760",
                "indices": [
                    67,
                    90
                ],
                "media_url": "http://pbs.twimg.com/media/D4QDSGWU4AA8QNo.jpg",
                "media_url_https": "https://pbs.twimg.com/media/D4QDSGWU4AA8QNo.jpg",
                "url": "https://t.co/KDEASyImE1",
                "display_url": "pic.twitter.com/KDEASyImE1",
                "expanded_url": "https://twitter.com/publicodom/status/1118022218527596544/photo/1",
                "type": "photo",
                "sizes": {
                    "thumb": {
                        "w": 150,
                        "h": 150,
                        "resize": "crop"
                    },
                    "small": {
                        "w": 680,
                        "h": 357,
                        "resize": "fit"
                    },
                    "medium": {
                        "w": 1200,
                        "h": 630,
                        "resize": "fit"
                    },
                    "large": {
                        "w": 1200,
                        "h": 630,
                        "resize": "fit"
                    }
                }
            }
        ]
    },
    "extended_entities": {
        "media": [
            {
                "id": 1118022216971509760,
                "id_str": "1118022216971509760",
                "indices": [
                    67,
                    90
                ],
                "media_url": "http://pbs.twimg.com/media/D4QDSGWU4AA8QNo.jpg",
                "media_url_https": "https://pbs.twimg.com/media/D4QDSGWU4AA8QNo.jpg",
                "url": "https://t.co/KDEASyImE1",
                "display_url": "pic.twitter.com/KDEASyImE1",
                "expanded_url": "https://twitter.com/publicodom/status/1118022218527596544/photo/1",
                "type": "photo",
                "sizes": {
                    "thumb": {
                        "w": 150,
                        "h": 150,
                        "resize": "crop"
                    },
                    "small": {
                        "w": 680,
                        "h": 357,
                        "resize": "fit"
                    },
                    "medium": {
                        "w": 1200,
                        "h": 630,
                        "resize": "fit"
                    },
                    "large": {
                        "w": 1200,
                        "h": 630,
                        "resize": "fit"
                    }
                }
            }
        ]
    },
    "metadata": {
        "iso_language_code": "en",
        "result_type": "recent"
    },
    "source": "<a href=\"https://dlvrit.com/\" rel=\"nofollow\">dlvr.it</a>",
    "in_reply_to_status_id": null,
    "in_reply_to_status_id_str": null,
    "in_reply_to_user_id": null,
    "in_reply_to_user_id_str": null,
    "in_reply_to_screen_name": null,
    "user": {
        "id": 2778609626,
        "id_str": "2778609626",
        "name": "Publico Dominicano",
        "screen_name": "publicodom",
        "location": "Santo Domingo, R.D.",
        "description": "Ent\u00e9rate de todo y mucho mas - publicodominicanolive@gmail.com",
        "url": "https://t.co/24gFEMOy0R",
        "entities": {
            "url": {
                "urls": [
                    {
                        "url": "https://t.co/24gFEMOy0R",
                        "expanded_url": "http://followback.me/publicodom",
                        "display_url": "followback.me/publicodom",
                        "indices": [
                            0,
                            23
                        ]
                    }
                ]
            },
            "description": {
                "urls": []
            }
        },
        "protected": false,
        "followers_count": 593,
        "friends_count": 134,
        "listed_count": 25,
        "created_at": "Fri Aug 29 14:55:28 +0000 2014",
        "favourites_count": 81,
        "utc_offset": null,
        "time_zone": null,
        "geo_enabled": false,
        "verified": false,
        "statuses_count": 261269,
        "lang": "es",
        "contributors_enabled": false,
        "is_translator": false,
        "is_translation_enabled": false,
        "profile_background_color": "C6E2EE",
        "profile_background_image_url": "http://abs.twimg.com/images/themes/theme2/bg.gif",
        "profile_background_image_url_https": "https://abs.twimg.com/images/themes/theme2/bg.gif",
        "profile_background_tile": false,
        "profile_image_url": "http://pbs.twimg.com/profile_images/539843494538252289/1hX3OxvK_normal.jpeg",
        "profile_image_url_https": "https://pbs.twimg.com/profile_images/539843494538252289/1hX3OxvK_normal.jpeg",
        "profile_link_color": "1F98C7",
        "profile_sidebar_border_color": "C6E2EE",
        "profile_sidebar_fill_color": "DAECF4",
        "profile_text_color": "663B12",
        "profile_use_background_image": true,
        "has_extended_profile": true,
        "default_profile": false,
        "default_profile_image": false,
        "following": null,
        "follow_request_sent": null,
        "notifications": null,
        "translator_type": "none"
    },
    "geo": null,
    "coordinates": null,
    "place": null,
    "contributors": null,
    "is_quote_status": false,
    "retweet_count": 0,
    "favorite_count": 0,
    "favorited": false,
    "retweeted": false,
    "possibly_sensitive": false,
    "lang": "en"
}