{
    "created_at": "Tue Apr 16 20:22:28 +0000 2019",
    "id": 1118248312107347970,
    "id_str": "1118248312107347970",
    "text": "@ndhapple IIRC, one of the other issues was that Park Slope was scoped when Citi Bike was tighter on funding and th\u2026 https://t.co/7kbycYXAXM",
    "truncated": true,
    "entities": {
        "hashtags": [],
        "symbols": [],
        "user_mentions": [
            {
                "screen_name": "ndhapple",
                "name": "Nolan Hicks",
                "id": 16661097,
                "id_str": "16661097",
                "indices": [
                    0,
                    9
                ]
            }
        ],
        "urls": [
            {
                "url": "https://t.co/7kbycYXAXM",
                "expanded_url": "https://twitter.com/i/web/status/1118248312107347970",
                "display_url": "twitter.com/i/web/status/1\u2026",
                "indices": [
                    117,
                    140
                ]
            }
        ]
    },
    "metadata": {
        "iso_language_code": "en",
        "result_type": "recent"
    },
    "source": "<a href=\"https://about.twitter.com/products/tweetdeck\" rel=\"nofollow\">TweetDeck</a>",
    "in_reply_to_status_id": 1118247992136491010,
    "in_reply_to_status_id_str": "1118247992136491010",
    "in_reply_to_user_id": 16661097,
    "in_reply_to_user_id_str": "16661097",
    "in_reply_to_screen_name": "ndhapple",
    "user": {
        "id": 16563573,
        "id_str": "16563573",
        "name": "Second Ave. Sagas",
        "screen_name": "2AvSagas",
        "location": "New York City",
        "description": "Subways, transit, NYC. The official Twitter account of what mayoral sources once called an obscure transportation blog. Disembodied tweets by @bkabak. DMs open.",
        "url": "https://t.co/J5qkxY2ZUW",
        "entities": {
            "url": {
                "urls": [
                    {
                        "url": "https://t.co/J5qkxY2ZUW",
                        "expanded_url": "http://www.secondavenuesagas.com",
                        "display_url": "secondavenuesagas.com",
                        "indices": [
                            0,
                            23
                        ]
                    }
                ]
            },
            "description": {
                "urls": []
            }
        },
        "protected": false,
        "followers_count": 15952,
        "friends_count": 547,
        "listed_count": 639,
        "created_at": "Thu Oct 02 18:23:45 +0000 2008",
        "favourites_count": 6398,
        "utc_offset": null,
        "time_zone": null,
        "geo_enabled": true,
        "verified": false,
        "statuses_count": 55749,
        "lang": "en",
        "contributors_enabled": false,
        "is_translator": false,
        "is_translation_enabled": false,
        "profile_background_color": "9AE4E8",
        "profile_background_image_url": "http://abs.twimg.com/images/themes/theme1/bg.png",
        "profile_background_image_url_https": "https://abs.twimg.com/images/themes/theme1/bg.png",
        "profile_background_tile": true,
        "profile_image_url": "http://pbs.twimg.com/profile_images/489868896812285954/3AGkYqfP_normal.png",
        "profile_image_url_https": "https://pbs.twimg.com/profile_images/489868896812285954/3AGkYqfP_normal.png",
        "profile_banner_url": "https://pbs.twimg.com/profile_banners/16563573/1407336070",
        "profile_link_color": "0084B4",
        "profile_sidebar_border_color": "BDDCAD",
        "profile_sidebar_fill_color": "DDFFCC",
        "profile_text_color": "333333",
        "profile_use_background_image": true,
        "has_extended_profile": false,
        "default_profile": false,
        "default_profile_image": false,
        "following": null,
        "follow_request_sent": null,
        "notifications": null,
        "translator_type": "none"
    },
    "geo": null,
    "coordinates": null,
    "place": null,
    "contributors": null,
    "is_quote_status": false,
    "retweet_count": 0,
    "favorite_count": 2,
    "favorited": false,
    "retweeted": false,
    "lang": "en"
}