{
    "created_at": "Tue Apr 16 07:06:28 +0000 2019",
    "id": 1118047991020118017,
    "id_str": "1118047991020118017",
    "text": "\"Lyft adds New York\u2019s Citi Bikes to its app\" https://t.co/Jz0vL9LKAR",
    "truncated": false,
    "entities": {
        "hashtags": [],
        "symbols": [],
        "user_mentions": [],
        "urls": [
            {
                "url": "https://t.co/Jz0vL9LKAR",
                "expanded_url": "https://engt.co/2Isznmf",
                "display_url": "engt.co/2Isznmf",
                "indices": [
                    45,
                    68
                ]
            }
        ]
    },
    "metadata": {
        "iso_language_code": "en",
        "result_type": "recent"
    },
    "source": "<a href=\"https://ifttt.com\" rel=\"nofollow\">IFTTT</a>",
    "in_reply_to_status_id": null,
    "in_reply_to_status_id_str": null,
    "in_reply_to_user_id": null,
    "in_reply_to_user_id_str": null,
    "in_reply_to_screen_name": null,
    "user": {
        "id": 14309193,
        "id_str": "14309193",
        "name": "guzmanadrian",
        "screen_name": "guzmanadrian",
        "location": "Rome",
        "description": "Like to read!",
        "url": "http://t.co/AV8d5b4c32",
        "entities": {
            "url": {
                "urls": [
                    {
                        "url": "http://t.co/AV8d5b4c32",
                        "expanded_url": "http://about.me/adrianguzman",
                        "display_url": "about.me/adrianguzman",
                        "indices": [
                            0,
                            22
                        ]
                    }
                ]
            },
            "description": {
                "urls": []
            }
        },
        "protected": false,
        "followers_count": 883,
        "friends_count": 1566,
        "listed_count": 457,
        "created_at": "Sat Apr 05 08:22:32 +0000 2008",
        "favourites_count": 57,
        "utc_offset": null,
        "time_zone": null,
        "geo_enabled": true,
        "verified": false,
        "statuses_count": 547390,
        "lang": "it",
        "contributors_enabled": false,
        "is_translator": false,
        "is_translation_enabled": false,
        "profile_background_color": "C0DEED",
        "profile_background_image_url": "http://abs.twimg.com/images/themes/theme1/bg.png",
        "profile_background_image_url_https": "https://abs.twimg.com/images/themes/theme1/bg.png",
        "profile_background_tile": false,
        "profile_image_url": "http://pbs.twimg.com/profile_images/576085132/body_normal.png",
        "profile_image_url_https": "https://pbs.twimg.com/profile_images/576085132/body_normal.png",
        "profile_banner_url": "https://pbs.twimg.com/profile_banners/14309193/1445359886",
        "profile_link_color": "0084B4",
        "profile_sidebar_border_color": "C0DEED",
        "profile_sidebar_fill_color": "DDEEF6",
        "profile_text_color": "333333",
        "profile_use_background_image": true,
        "has_extended_profile": false,
        "default_profile": false,
        "default_profile_image": false,
        "following": null,
        "follow_request_sent": null,
        "notifications": null,
        "translator_type": "none"
    },
    "geo": null,
    "coordinates": null,
    "place": null,
    "contributors": null,
    "is_quote_status": false,
    "retweet_count": 0,
    "favorite_count": 0,
    "favorited": false,
    "retweeted": false,
    "possibly_sensitive": false,
    "lang": "en"
}