{
    "created_at": "Tue Apr 16 12:48:50 +0000 2019",
    "id": 1118134153193697281,
    "id_str": "1118134153193697281",
    "text": "Citi Bike\u2019s Electric Bikes Are Fast. But Are They Dangerous? https://t.co/pBv5Zra0fM",
    "truncated": false,
    "entities": {
        "hashtags": [],
        "symbols": [],
        "user_mentions": [],
        "urls": [],
        "media": [
            {
                "id": 1118134152216363014,
                "id_str": "1118134152216363014",
                "indices": [
                    61,
                    84
                ],
                "media_url": "http://pbs.twimg.com/media/D4RpFloWwAYapdB.jpg",
                "media_url_https": "https://pbs.twimg.com/media/D4RpFloWwAYapdB.jpg",
                "url": "https://t.co/pBv5Zra0fM",
                "display_url": "pic.twitter.com/pBv5Zra0fM",
                "expanded_url": "https://twitter.com/N4t_Shy/status/1118134153193697281/photo/1",
                "type": "photo",
                "sizes": {
                    "small": {
                        "w": 440,
                        "h": 293,
                        "resize": "fit"
                    },
                    "thumb": {
                        "w": 150,
                        "h": 150,
                        "resize": "crop"
                    },
                    "large": {
                        "w": 440,
                        "h": 293,
                        "resize": "fit"
                    },
                    "medium": {
                        "w": 440,
                        "h": 293,
                        "resize": "fit"
                    }
                }
            }
        ]
    },
    "extended_entities": {
        "media": [
            {
                "id": 1118134152216363014,
                "id_str": "1118134152216363014",
                "indices": [
                    61,
                    84
                ],
                "media_url": "http://pbs.twimg.com/media/D4RpFloWwAYapdB.jpg",
                "media_url_https": "https://pbs.twimg.com/media/D4RpFloWwAYapdB.jpg",
                "url": "https://t.co/pBv5Zra0fM",
                "display_url": "pic.twitter.com/pBv5Zra0fM",
                "expanded_url": "https://twitter.com/N4t_Shy/status/1118134153193697281/photo/1",
                "type": "photo",
                "sizes": {
                    "small": {
                        "w": 440,
                        "h": 293,
                        "resize": "fit"
                    },
                    "thumb": {
                        "w": 150,
                        "h": 150,
                        "resize": "crop"
                    },
                    "large": {
                        "w": 440,
                        "h": 293,
                        "resize": "fit"
                    },
                    "medium": {
                        "w": 440,
                        "h": 293,
                        "resize": "fit"
                    }
                }
            }
        ]
    },
    "metadata": {
        "iso_language_code": "en",
        "result_type": "recent"
    },
    "source": "<a href=\"https://ifttt.com\" rel=\"nofollow\">IFTTT</a>",
    "in_reply_to_status_id": null,
    "in_reply_to_status_id_str": null,
    "in_reply_to_user_id": null,
    "in_reply_to_user_id_str": null,
    "in_reply_to_screen_name": null,
    "user": {
        "id": 979958616353423360,
        "id_str": "979958616353423360",
        "name": "Natasha",
        "screen_name": "N4t_Shy",
        "location": "",
        "description": "My Passion is Travelling, and Watching\ud83d\ude07",
        "url": null,
        "entities": {
            "description": {
                "urls": []
            }
        },
        "protected": false,
        "followers_count": 36,
        "friends_count": 228,
        "listed_count": 0,
        "created_at": "Sat Mar 31 05:48:35 +0000 2018",
        "favourites_count": 25,
        "utc_offset": null,
        "time_zone": null,
        "geo_enabled": false,
        "verified": false,
        "statuses_count": 1185,
        "lang": "id",
        "contributors_enabled": false,
        "is_translator": false,
        "is_translation_enabled": false,
        "profile_background_color": "000000",
        "profile_background_image_url": "http://abs.twimg.com/images/themes/theme1/bg.png",
        "profile_background_image_url_https": "https://abs.twimg.com/images/themes/theme1/bg.png",
        "profile_background_tile": false,
        "profile_image_url": "http://pbs.twimg.com/profile_images/979959689357086720/lhu0HJd2_normal.jpg",
        "profile_image_url_https": "https://pbs.twimg.com/profile_images/979959689357086720/lhu0HJd2_normal.jpg",
        "profile_banner_url": "https://pbs.twimg.com/profile_banners/979958616353423360/1522475796",
        "profile_link_color": "19CF86",
        "profile_sidebar_border_color": "000000",
        "profile_sidebar_fill_color": "000000",
        "profile_text_color": "000000",
        "profile_use_background_image": false,
        "has_extended_profile": false,
        "default_profile": false,
        "default_profile_image": false,
        "following": null,
        "follow_request_sent": null,
        "notifications": null,
        "translator_type": "none"
    },
    "geo": null,
    "coordinates": null,
    "place": null,
    "contributors": null,
    "is_quote_status": false,
    "retweet_count": 0,
    "favorite_count": 0,
    "favorited": false,
    "retweeted": false,
    "possibly_sensitive": false,
    "lang": "en"
}