{
    "created_at": "Tue Apr 16 15:38:48 +0000 2019",
    "id": 1118176925971886080,
    "id_str": "1118176925971886080",
    "text": "They should make a citi bike style version for leaving your sunglasses on the train- I have already begun this morning! \ud83d\ude11",
    "truncated": false,
    "entities": {
        "hashtags": [],
        "symbols": [],
        "user_mentions": [],
        "urls": []
    },
    "metadata": {
        "iso_language_code": "en",
        "result_type": "recent"
    },
    "source": "<a href=\"http://twitter.com/download/iphone\" rel=\"nofollow\">Twitter for iPhone</a>",
    "in_reply_to_status_id": null,
    "in_reply_to_status_id_str": null,
    "in_reply_to_user_id": null,
    "in_reply_to_user_id_str": null,
    "in_reply_to_screen_name": null,
    "user": {
        "id": 72185425,
        "id_str": "72185425",
        "name": "allison kelly",
        "screen_name": "akplaysbass",
        "location": "Probably in a van ",
        "description": "clapping on 1&3",
        "url": "https://t.co/kkR195xdGP",
        "entities": {
            "url": {
                "urls": [
                    {
                        "url": "https://t.co/kkR195xdGP",
                        "expanded_url": "http://www.allisonannkelly.com",
                        "display_url": "allisonannkelly.com",
                        "indices": [
                            0,
                            23
                        ]
                    }
                ]
            },
            "description": {
                "urls": []
            }
        },
        "protected": false,
        "followers_count": 345,
        "friends_count": 328,
        "listed_count": 3,
        "created_at": "Mon Sep 07 02:41:13 +0000 2009",
        "favourites_count": 529,
        "utc_offset": null,
        "time_zone": null,
        "geo_enabled": false,
        "verified": false,
        "statuses_count": 2974,
        "lang": "en",
        "contributors_enabled": false,
        "is_translator": false,
        "is_translation_enabled": false,
        "profile_background_color": "C0DEED",
        "profile_background_image_url": "http://abs.twimg.com/images/themes/theme1/bg.png",
        "profile_background_image_url_https": "https://abs.twimg.com/images/themes/theme1/bg.png",
        "profile_background_tile": true,
        "profile_image_url": "http://pbs.twimg.com/profile_images/730440262783254528/xYd2U9sO_normal.jpg",
        "profile_image_url_https": "https://pbs.twimg.com/profile_images/730440262783254528/xYd2U9sO_normal.jpg",
        "profile_banner_url": "https://pbs.twimg.com/profile_banners/72185425/1360443215",
        "profile_link_color": "FA743E",
        "profile_sidebar_border_color": "FFFFFF",
        "profile_sidebar_fill_color": "DDEEF6",
        "profile_text_color": "333333",
        "profile_use_background_image": true,
        "has_extended_profile": false,
        "default_profile": false,
        "default_profile_image": false,
        "following": null,
        "follow_request_sent": null,
        "notifications": null,
        "translator_type": "none"
    },
    "geo": null,
    "coordinates": null,
    "place": null,
    "contributors": null,
    "is_quote_status": false,
    "retweet_count": 0,
    "favorite_count": 0,
    "favorited": false,
    "retweeted": false,
    "lang": "en"
}