{
    "created_at": "Tue Apr 16 15:35:49 +0000 2019",
    "id": 1118176173031350275,
    "id_str": "1118176173031350275",
    "text": "Bushwick &amp; Williamsburg: Here Are Your New Citi Bike Stations\nhttps://t.co/mQ1VTFIICj https://t.co/20N0oMWsGz",
    "truncated": false,
    "entities": {
        "hashtags": [],
        "symbols": [],
        "user_mentions": [],
        "urls": [
            {
                "url": "https://t.co/mQ1VTFIICj",
                "expanded_url": "http://gothamist.com/2019/04/16/bushwick_new_citibike_stations.php",
                "display_url": "gothamist.com/2019/04/16/bus\u2026",
                "indices": [
                    66,
                    89
                ]
            }
        ],
        "media": [
            {
                "id": 1118176157105565696,
                "id_str": "1118176157105565696",
                "indices": [
                    90,
                    113
                ],
                "media_url": "http://pbs.twimg.com/media/D4SPSmCWsAAvPTj.jpg",
                "media_url_https": "https://pbs.twimg.com/media/D4SPSmCWsAAvPTj.jpg",
                "url": "https://t.co/20N0oMWsGz",
                "display_url": "pic.twitter.com/20N0oMWsGz",
                "expanded_url": "https://twitter.com/Gothamist/status/1118176173031350275/photo/1",
                "type": "photo",
                "sizes": {
                    "thumb": {
                        "w": 150,
                        "h": 150,
                        "resize": "crop"
                    },
                    "large": {
                        "w": 640,
                        "h": 437,
                        "resize": "fit"
                    },
                    "medium": {
                        "w": 640,
                        "h": 437,
                        "resize": "fit"
                    },
                    "small": {
                        "w": 640,
                        "h": 437,
                        "resize": "fit"
                    }
                }
            }
        ]
    },
    "extended_entities": {
        "media": [
            {
                "id": 1118176157105565696,
                "id_str": "1118176157105565696",
                "indices": [
                    90,
                    113
                ],
                "media_url": "http://pbs.twimg.com/media/D4SPSmCWsAAvPTj.jpg",
                "media_url_https": "https://pbs.twimg.com/media/D4SPSmCWsAAvPTj.jpg",
                "url": "https://t.co/20N0oMWsGz",
                "display_url": "pic.twitter.com/20N0oMWsGz",
                "expanded_url": "https://twitter.com/Gothamist/status/1118176173031350275/photo/1",
                "type": "photo",
                "sizes": {
                    "thumb": {
                        "w": 150,
                        "h": 150,
                        "resize": "crop"
                    },
                    "large": {
                        "w": 640,
                        "h": 437,
                        "resize": "fit"
                    },
                    "medium": {
                        "w": 640,
                        "h": 437,
                        "resize": "fit"
                    },
                    "small": {
                        "w": 640,
                        "h": 437,
                        "resize": "fit"
                    }
                }
            }
        ]
    },
    "metadata": {
        "iso_language_code": "en",
        "result_type": "recent"
    },
    "source": "<a href=\"http://twitter.com\" rel=\"nofollow\">Twitter Web Client</a>",
    "in_reply_to_status_id": null,
    "in_reply_to_status_id_str": null,
    "in_reply_to_user_id": null,
    "in_reply_to_user_id_str": null,
    "in_reply_to_screen_name": null,
    "user": {
        "id": 810424,
        "id_str": "810424",
        "name": "Gothamist",
        "screen_name": "Gothamist",
        "location": "New York, NY",
        "description": "Gothamist is a website about New York City and everything that happens in it. Get Gothamist in your inbox today: https://t.co/z6GRDiULfg",
        "url": "http://t.co/5b0ozbyH",
        "entities": {
            "url": {
                "urls": [
                    {
                        "url": "http://t.co/5b0ozbyH",
                        "expanded_url": "http://www.Gothamist.com",
                        "display_url": "Gothamist.com",
                        "indices": [
                            0,
                            20
                        ]
                    }
                ]
            },
            "description": {
                "urls": [
                    {
                        "url": "https://t.co/z6GRDiULfg",
                        "expanded_url": "http://bit.ly/2wyHhVA",
                        "display_url": "bit.ly/2wyHhVA",
                        "indices": [
                            113,
                            136
                        ]
                    }
                ]
            }
        },
        "protected": false,
        "followers_count": 948412,
        "friends_count": 747,
        "listed_count": 7021,
        "created_at": "Sun Mar 04 16:58:18 +0000 2007",
        "favourites_count": 371,
        "utc_offset": null,
        "time_zone": null,
        "geo_enabled": true,
        "verified": true,
        "statuses_count": 116798,
        "lang": "en",
        "contributors_enabled": false,
        "is_translator": false,
        "is_translation_enabled": false,
        "profile_background_color": "E5E3E3",
        "profile_background_image_url": "http://abs.twimg.com/images/themes/theme1/bg.png",
        "profile_background_image_url_https": "https://abs.twimg.com/images/themes/theme1/bg.png",
        "profile_background_tile": false,
        "profile_image_url": "http://pbs.twimg.com/profile_images/482838063668682753/ulq-goPG_normal.png",
        "profile_image_url_https": "https://pbs.twimg.com/profile_images/482838063668682753/ulq-goPG_normal.png",
        "profile_banner_url": "https://pbs.twimg.com/profile_banners/810424/1554129275",
        "profile_link_color": "FF0000",
        "profile_sidebar_border_color": "999999",
        "profile_sidebar_fill_color": "D8D6D6",
        "profile_text_color": "191919",
        "profile_use_background_image": true,
        "has_extended_profile": false,
        "default_profile": false,
        "default_profile_image": false,
        "following": null,
        "follow_request_sent": null,
        "notifications": null,
        "translator_type": "none"
    },
    "geo": null,
    "coordinates": null,
    "place": null,
    "contributors": null,
    "is_quote_status": false,
    "retweet_count": 1,
    "favorite_count": 6,
    "favorited": false,
    "retweeted": false,
    "possibly_sensitive": false,
    "lang": "en"
}