{
    "created_at": "Tue Apr 16 12:39:33 +0000 2019",
    "id": 1118131817251348480,
    "id_str": "1118131817251348480",
    "text": "NYC News Citi Bike Pulls NYC E-Bikes Due to Safety Concerns https://t.co/TA2PG8PIyA https://t.co/3xxsRP0vPL",
    "truncated": false,
    "entities": {
        "hashtags": [],
        "symbols": [],
        "user_mentions": [],
        "urls": [
            {
                "url": "https://t.co/TA2PG8PIyA",
                "expanded_url": "http://dlvr.it/R2wDyK",
                "display_url": "dlvr.it/R2wDyK",
                "indices": [
                    60,
                    83
                ]
            }
        ],
        "media": [
            {
                "id": 1118131815665917952,
                "id_str": "1118131815665917952",
                "indices": [
                    84,
                    107
                ],
                "media_url": "http://pbs.twimg.com/media/D4Rm9lTUYAAyWk8.jpg",
                "media_url_https": "https://pbs.twimg.com/media/D4Rm9lTUYAAyWk8.jpg",
                "url": "https://t.co/3xxsRP0vPL",
                "display_url": "pic.twitter.com/3xxsRP0vPL",
                "expanded_url": "https://twitter.com/NYC_NC/status/1118131817251348480/photo/1",
                "type": "photo",
                "sizes": {
                    "thumb": {
                        "w": 150,
                        "h": 150,
                        "resize": "crop"
                    },
                    "large": {
                        "w": 1200,
                        "h": 675,
                        "resize": "fit"
                    },
                    "medium": {
                        "w": 1200,
                        "h": 675,
                        "resize": "fit"
                    },
                    "small": {
                        "w": 680,
                        "h": 383,
                        "resize": "fit"
                    }
                }
            }
        ]
    },
    "extended_entities": {
        "media": [
            {
                "id": 1118131815665917952,
                "id_str": "1118131815665917952",
                "indices": [
                    84,
                    107
                ],
                "media_url": "http://pbs.twimg.com/media/D4Rm9lTUYAAyWk8.jpg",
                "media_url_https": "https://pbs.twimg.com/media/D4Rm9lTUYAAyWk8.jpg",
                "url": "https://t.co/3xxsRP0vPL",
                "display_url": "pic.twitter.com/3xxsRP0vPL",
                "expanded_url": "https://twitter.com/NYC_NC/status/1118131817251348480/photo/1",
                "type": "photo",
                "sizes": {
                    "thumb": {
                        "w": 150,
                        "h": 150,
                        "resize": "crop"
                    },
                    "large": {
                        "w": 1200,
                        "h": 675,
                        "resize": "fit"
                    },
                    "medium": {
                        "w": 1200,
                        "h": 675,
                        "resize": "fit"
                    },
                    "small": {
                        "w": 680,
                        "h": 383,
                        "resize": "fit"
                    }
                }
            }
        ]
    },
    "metadata": {
        "iso_language_code": "en",
        "result_type": "recent"
    },
    "source": "<a href=\"https://dlvrit.com/\" rel=\"nofollow\">dlvr.it</a>",
    "in_reply_to_status_id": null,
    "in_reply_to_status_id_str": null,
    "in_reply_to_user_id": null,
    "in_reply_to_user_id_str": null,
    "in_reply_to_screen_name": null,
    "user": {
        "id": 211095465,
        "id_str": "211095465",
        "name": "NYC NewsChannel",
        "screen_name": "NYC_NC",
        "location": "New York City, NY",
        "description": "NYC NewsChannel : News,Weather,Sports,Politics,\r\nEntertainment,Business and Culture.",
        "url": "http://t.co/J0VkYsSGOk",
        "entities": {
            "url": {
                "urls": [
                    {
                        "url": "http://t.co/J0VkYsSGOk",
                        "expanded_url": "http://www.NYCNewsChannel.com",
                        "display_url": "NYCNewsChannel.com",
                        "indices": [
                            0,
                            22
                        ]
                    }
                ]
            },
            "description": {
                "urls": []
            }
        },
        "protected": false,
        "followers_count": 354,
        "friends_count": 51,
        "listed_count": 25,
        "created_at": "Tue Nov 02 09:11:34 +0000 2010",
        "favourites_count": 0,
        "utc_offset": null,
        "time_zone": null,
        "geo_enabled": false,
        "verified": false,
        "statuses_count": 47168,
        "lang": "en",
        "contributors_enabled": false,
        "is_translator": false,
        "is_translation_enabled": false,
        "profile_background_color": "FFFFFF",
        "profile_background_image_url": "http://abs.twimg.com/images/themes/theme1/bg.png",
        "profile_background_image_url_https": "https://abs.twimg.com/images/themes/theme1/bg.png",
        "profile_background_tile": false,
        "profile_image_url": "http://pbs.twimg.com/profile_images/664541733334753285/u40qDB1w_normal.jpg",
        "profile_image_url_https": "https://pbs.twimg.com/profile_images/664541733334753285/u40qDB1w_normal.jpg",
        "profile_banner_url": "https://pbs.twimg.com/profile_banners/211095465/1447274034",
        "profile_link_color": "185389",
        "profile_sidebar_border_color": "C0DEED",
        "profile_sidebar_fill_color": "DDEEF6",
        "profile_text_color": "333333",
        "profile_use_background_image": false,
        "has_extended_profile": false,
        "default_profile": false,
        "default_profile_image": false,
        "following": null,
        "follow_request_sent": null,
        "notifications": null,
        "translator_type": "none"
    },
    "geo": null,
    "coordinates": null,
    "place": null,
    "contributors": null,
    "is_quote_status": false,
    "retweet_count": 0,
    "favorite_count": 0,
    "favorited": false,
    "retweeted": false,
    "possibly_sensitive": false,
    "lang": "en"
}