{
    "created_at": "Tue Apr 16 09:52:17 +0000 2019",
    "id": 1118089722872639488,
    "id_str": "1118089722872639488",
    "text": "\"Citi Bike\u2019s Electric Bikes Are Fast. But Are They Dangerous?\" by AZI PAYBARAH via NYT https://t.co/j2EqJsUAKH",
    "truncated": false,
    "entities": {
        "hashtags": [],
        "symbols": [],
        "user_mentions": [],
        "urls": [
            {
                "url": "https://t.co/j2EqJsUAKH",
                "expanded_url": "https://www.nytimes.com/2019/04/16/nyregion/newyorktoday/nyc-news-citi-bike-electric.html?partner=IFTTT",
                "display_url": "nytimes.com/2019/04/16/nyr\u2026",
                "indices": [
                    87,
                    110
                ]
            }
        ]
    },
    "metadata": {
        "iso_language_code": "en",
        "result_type": "recent"
    },
    "source": "<a href=\"https://ifttt.com\" rel=\"nofollow\">IFTTT</a>",
    "in_reply_to_status_id": null,
    "in_reply_to_status_id_str": null,
    "in_reply_to_user_id": null,
    "in_reply_to_user_id_str": null,
    "in_reply_to_screen_name": null,
    "user": {
        "id": 1250738478,
        "id_str": "1250738478",
        "name": "Dorothea Weyland",
        "screen_name": "DorotheaWeyland",
        "location": "Jacksonville",
        "description": "Loving the sunshine in my adopted state of Florida",
        "url": null,
        "entities": {
            "description": {
                "urls": []
            }
        },
        "protected": false,
        "followers_count": 221,
        "friends_count": 168,
        "listed_count": 17,
        "created_at": "Fri Mar 08 04:45:10 +0000 2013",
        "favourites_count": 0,
        "utc_offset": null,
        "time_zone": null,
        "geo_enabled": false,
        "verified": false,
        "statuses_count": 78273,
        "lang": "en",
        "contributors_enabled": false,
        "is_translator": false,
        "is_translation_enabled": false,
        "profile_background_color": "0000FF",
        "profile_background_image_url": "http://abs.twimg.com/images/themes/theme1/bg.png",
        "profile_background_image_url_https": "https://abs.twimg.com/images/themes/theme1/bg.png",
        "profile_background_tile": true,
        "profile_image_url": "http://pbs.twimg.com/profile_images/3374864479/c3eceb04c517cb46df2c9368cbf3eeba_normal.jpeg",
        "profile_image_url_https": "https://pbs.twimg.com/profile_images/3374864479/c3eceb04c517cb46df2c9368cbf3eeba_normal.jpeg",
        "profile_banner_url": "https://pbs.twimg.com/profile_banners/1250738478/1369939272",
        "profile_link_color": "0000FF",
        "profile_sidebar_border_color": "C0DEED",
        "profile_sidebar_fill_color": "DDEEF6",
        "profile_text_color": "333333",
        "profile_use_background_image": true,
        "has_extended_profile": false,
        "default_profile": false,
        "default_profile_image": false,
        "following": null,
        "follow_request_sent": null,
        "notifications": null,
        "translator_type": "none"
    },
    "geo": null,
    "coordinates": null,
    "place": null,
    "contributors": null,
    "is_quote_status": false,
    "retweet_count": 0,
    "favorite_count": 0,
    "favorited": false,
    "retweeted": false,
    "possibly_sensitive": false,
    "lang": "en"
}