{
    "created_at": "Tue Apr 16 15:06:44 +0000 2019",
    "id": 1118168854834839553,
    "id_str": "1118168854834839553",
    "text": "RT from Jalopnik Citi Bike pulls electric bikes with touchy brakes after rider breaks hip https://t.co/wkYAXG8937 https://t.co/XitACdGr50",
    "truncated": false,
    "entities": {
        "hashtags": [],
        "symbols": [],
        "user_mentions": [],
        "urls": [
            {
                "url": "https://t.co/wkYAXG8937",
                "expanded_url": "http://jalo.ps/iImI8pV",
                "display_url": "jalo.ps/iImI8pV",
                "indices": [
                    90,
                    113
                ]
            }
        ],
        "media": [
            {
                "id": 1118167687874654208,
                "id_str": "1118167687874654208",
                "indices": [
                    114,
                    137
                ],
                "media_url": "http://pbs.twimg.com/media/D4SHlnsWsAAVA-7.jpg",
                "media_url_https": "https://pbs.twimg.com/media/D4SHlnsWsAAVA-7.jpg",
                "url": "https://t.co/XitACdGr50",
                "display_url": "pic.twitter.com/XitACdGr50",
                "expanded_url": "https://twitter.com/Jalopnik/status/1118167690408075264/photo/1",
                "type": "photo",
                "sizes": {
                    "thumb": {
                        "w": 150,
                        "h": 150,
                        "resize": "crop"
                    },
                    "small": {
                        "w": 680,
                        "h": 378,
                        "resize": "fit"
                    },
                    "large": {
                        "w": 1446,
                        "h": 804,
                        "resize": "fit"
                    },
                    "medium": {
                        "w": 1200,
                        "h": 667,
                        "resize": "fit"
                    }
                },
                "source_status_id": 1118167690408075264,
                "source_status_id_str": "1118167690408075264",
                "source_user_id": 3060631,
                "source_user_id_str": "3060631"
            }
        ]
    },
    "extended_entities": {
        "media": [
            {
                "id": 1118167687874654208,
                "id_str": "1118167687874654208",
                "indices": [
                    114,
                    137
                ],
                "media_url": "http://pbs.twimg.com/media/D4SHlnsWsAAVA-7.jpg",
                "media_url_https": "https://pbs.twimg.com/media/D4SHlnsWsAAVA-7.jpg",
                "url": "https://t.co/XitACdGr50",
                "display_url": "pic.twitter.com/XitACdGr50",
                "expanded_url": "https://twitter.com/Jalopnik/status/1118167690408075264/photo/1",
                "type": "photo",
                "sizes": {
                    "thumb": {
                        "w": 150,
                        "h": 150,
                        "resize": "crop"
                    },
                    "small": {
                        "w": 680,
                        "h": 378,
                        "resize": "fit"
                    },
                    "large": {
                        "w": 1446,
                        "h": 804,
                        "resize": "fit"
                    },
                    "medium": {
                        "w": 1200,
                        "h": 667,
                        "resize": "fit"
                    }
                },
                "source_status_id": 1118167690408075264,
                "source_status_id_str": "1118167690408075264",
                "source_user_id": 3060631,
                "source_user_id_str": "3060631"
            }
        ]
    },
    "metadata": {
        "iso_language_code": "en",
        "result_type": "recent"
    },
    "source": "<a href=\"https://ifttt.com\" rel=\"nofollow\">IFTTT</a>",
    "in_reply_to_status_id": null,
    "in_reply_to_status_id_str": null,
    "in_reply_to_user_id": null,
    "in_reply_to_user_id_str": null,
    "in_reply_to_screen_name": null,
    "user": {
        "id": 391581751,
        "id_str": "391581751",
        "name": "CarBasics",
        "screen_name": "CarBasics",
        "location": "UK",
        "description": "Car Satire / Funny Stuff and general Automotive Piss Taking. Sometimes useful Car Advice / DIY / Offers / Discounts.",
        "url": "http://t.co/fQsdut7sDE",
        "entities": {
            "url": {
                "urls": [
                    {
                        "url": "http://t.co/fQsdut7sDE",
                        "expanded_url": "http://www.carbasics.co.uk/",
                        "display_url": "carbasics.co.uk",
                        "indices": [
                            0,
                            22
                        ]
                    }
                ]
            },
            "description": {
                "urls": []
            }
        },
        "protected": false,
        "followers_count": 3442,
        "friends_count": 1469,
        "listed_count": 44,
        "created_at": "Sat Oct 15 20:06:59 +0000 2011",
        "favourites_count": 54,
        "utc_offset": null,
        "time_zone": null,
        "geo_enabled": false,
        "verified": false,
        "statuses_count": 67768,
        "lang": "en",
        "contributors_enabled": false,
        "is_translator": false,
        "is_translation_enabled": false,
        "profile_background_color": "C0DEED",
        "profile_background_image_url": "http://abs.twimg.com/images/themes/theme1/bg.png",
        "profile_background_image_url_https": "https://abs.twimg.com/images/themes/theme1/bg.png",
        "profile_background_tile": false,
        "profile_image_url": "http://pbs.twimg.com/profile_images/640210708970504192/7Jh5PgOw_normal.jpg",
        "profile_image_url_https": "https://pbs.twimg.com/profile_images/640210708970504192/7Jh5PgOw_normal.jpg",
        "profile_banner_url": "https://pbs.twimg.com/profile_banners/391581751/1441473230",
        "profile_link_color": "1DA1F2",
        "profile_sidebar_border_color": "C0DEED",
        "profile_sidebar_fill_color": "DDEEF6",
        "profile_text_color": "333333",
        "profile_use_background_image": true,
        "has_extended_profile": false,
        "default_profile": true,
        "default_profile_image": false,
        "following": null,
        "follow_request_sent": null,
        "notifications": null,
        "translator_type": "none"
    },
    "geo": null,
    "coordinates": null,
    "place": null,
    "contributors": null,
    "is_quote_status": false,
    "retweet_count": 0,
    "favorite_count": 0,
    "favorited": false,
    "retweeted": false,
    "possibly_sensitive": false,
    "lang": "en"
}