{
    "created_at": "Tue Apr 16 16:14:52 +0000 2019",
    "id": 1118186004228247553,
    "id_str": "1118186004228247553",
    "text": "UGH! Ever since @CitiBikeNYC @motivate_co was bought by @lyft it has gone downhill. Where is Colin? #Lyft 's #IPO w\u2026 https://t.co/YAQSiuxUN9",
    "truncated": true,
    "entities": {
        "hashtags": [
            {
                "text": "Lyft",
                "indices": [
                    100,
                    105
                ]
            },
            {
                "text": "IPO",
                "indices": [
                    109,
                    113
                ]
            }
        ],
        "symbols": [],
        "user_mentions": [
            {
                "screen_name": "CitiBikeNYC",
                "name": "Citi Bike",
                "id": 366631688,
                "id_str": "366631688",
                "indices": [
                    16,
                    28
                ]
            },
            {
                "screen_name": "motivate_co",
                "name": "Motivate",
                "id": 313629889,
                "id_str": "313629889",
                "indices": [
                    29,
                    41
                ]
            },
            {
                "screen_name": "lyft",
                "name": "Lyft",
                "id": 569569550,
                "id_str": "569569550",
                "indices": [
                    56,
                    61
                ]
            }
        ],
        "urls": [
            {
                "url": "https://t.co/YAQSiuxUN9",
                "expanded_url": "https://twitter.com/i/web/status/1118186004228247553",
                "display_url": "twitter.com/i/web/status/1\u2026",
                "indices": [
                    117,
                    140
                ]
            }
        ]
    },
    "metadata": {
        "iso_language_code": "en",
        "result_type": "recent"
    },
    "source": "<a href=\"http://twitter.com\" rel=\"nofollow\">Twitter Web Client</a>",
    "in_reply_to_status_id": null,
    "in_reply_to_status_id_str": null,
    "in_reply_to_user_id": null,
    "in_reply_to_user_id_str": null,
    "in_reply_to_screen_name": null,
    "user": {
        "id": 3392225829,
        "id_str": "3392225829",
        "name": "Maisy the Cat",
        "screen_name": "BklynTuxedo",
        "location": "",
        "description": "Mostly fashion, food and sports with an emphasis on tennis and soccer. Marathon runner.",
        "url": null,
        "entities": {
            "description": {
                "urls": []
            }
        },
        "protected": false,
        "followers_count": 360,
        "friends_count": 333,
        "listed_count": 94,
        "created_at": "Tue Jul 28 16:14:42 +0000 2015",
        "favourites_count": 35849,
        "utc_offset": null,
        "time_zone": null,
        "geo_enabled": true,
        "verified": false,
        "statuses_count": 12399,
        "lang": "en",
        "contributors_enabled": false,
        "is_translator": false,
        "is_translation_enabled": false,
        "profile_background_color": "C0DEED",
        "profile_background_image_url": "http://abs.twimg.com/images/themes/theme1/bg.png",
        "profile_background_image_url_https": "https://abs.twimg.com/images/themes/theme1/bg.png",
        "profile_background_tile": false,
        "profile_image_url": "http://pbs.twimg.com/profile_images/694024434466824192/tXC0_X2f_normal.png",
        "profile_image_url_https": "https://pbs.twimg.com/profile_images/694024434466824192/tXC0_X2f_normal.png",
        "profile_banner_url": "https://pbs.twimg.com/profile_banners/3392225829/1438188602",
        "profile_link_color": "1DA1F2",
        "profile_sidebar_border_color": "C0DEED",
        "profile_sidebar_fill_color": "DDEEF6",
        "profile_text_color": "333333",
        "profile_use_background_image": true,
        "has_extended_profile": false,
        "default_profile": true,
        "default_profile_image": false,
        "following": null,
        "follow_request_sent": null,
        "notifications": null,
        "translator_type": "none"
    },
    "geo": null,
    "coordinates": null,
    "place": null,
    "contributors": null,
    "is_quote_status": false,
    "retweet_count": 0,
    "favorite_count": 0,
    "favorited": false,
    "retweeted": false,
    "lang": "en"
}