{
    "created_at": "Wed Apr 17 14:29:40 +0000 2019",
    "id": 1118521915063271424,
    "id_str": "1118521915063271424",
    "text": "Unfortunate setback, but let's not overlook the dramatic potential of e-bikes for cities / 'Between August 2018 and\u2026 https://t.co/n206V3LLPu",
    "truncated": true,
    "entities": {
        "hashtags": [],
        "symbols": [],
        "user_mentions": [],
        "urls": [
            {
                "url": "https://t.co/n206V3LLPu",
                "expanded_url": "https://twitter.com/i/web/status/1118521915063271424",
                "display_url": "twitter.com/i/web/status/1\u2026",
                "indices": [
                    117,
                    140
                ]
            }
        ]
    },
    "metadata": {
        "iso_language_code": "en",
        "result_type": "recent"
    },
    "source": "<a href=\"http://twitter.com\" rel=\"nofollow\">Twitter Web Client</a>",
    "in_reply_to_status_id": null,
    "in_reply_to_status_id_str": null,
    "in_reply_to_user_id": null,
    "in_reply_to_user_id_str": null,
    "in_reply_to_screen_name": null,
    "user": {
        "id": 109255945,
        "id_str": "109255945",
        "name": "Etienne Michon",
        "screen_name": "youturnmichon",
        "location": "San Francisco, CA",
        "description": "Sr Brand Mgr @UbisoftStudioSF. Games industry observer. Ex @assassinscreed dev team. Runner & craft beer lover. @EMLYON & @ScPoLyon alum.",
        "url": "https://t.co/3dbYI2Q2mJ",
        "entities": {
            "url": {
                "urls": [
                    {
                        "url": "https://t.co/3dbYI2Q2mJ",
                        "expanded_url": "http://fr.linkedin.com/in/etiennemichon/",
                        "display_url": "fr.linkedin.com/in/etiennemich\u2026",
                        "indices": [
                            0,
                            23
                        ]
                    }
                ]
            },
            "description": {
                "urls": []
            }
        },
        "protected": false,
        "followers_count": 1507,
        "friends_count": 1086,
        "listed_count": 50,
        "created_at": "Thu Jan 28 13:13:15 +0000 2010",
        "favourites_count": 3347,
        "utc_offset": null,
        "time_zone": null,
        "geo_enabled": false,
        "verified": false,
        "statuses_count": 6654,
        "lang": "en",
        "contributors_enabled": false,
        "is_translator": false,
        "is_translation_enabled": false,
        "profile_background_color": "131516",
        "profile_background_image_url": "http://abs.twimg.com/images/themes/theme14/bg.gif",
        "profile_background_image_url_https": "https://abs.twimg.com/images/themes/theme14/bg.gif",
        "profile_background_tile": true,
        "profile_image_url": "http://pbs.twimg.com/profile_images/1108479834940792834/IsJuBccd_normal.jpg",
        "profile_image_url_https": "https://pbs.twimg.com/profile_images/1108479834940792834/IsJuBccd_normal.jpg",
        "profile_banner_url": "https://pbs.twimg.com/profile_banners/109255945/1532637958",
        "profile_link_color": "009999",
        "profile_sidebar_border_color": "EEEEEE",
        "profile_sidebar_fill_color": "EFEFEF",
        "profile_text_color": "333333",
        "profile_use_background_image": true,
        "has_extended_profile": true,
        "default_profile": false,
        "default_profile_image": false,
        "following": null,
        "follow_request_sent": null,
        "notifications": null,
        "translator_type": "none"
    },
    "geo": null,
    "coordinates": null,
    "place": null,
    "contributors": null,
    "is_quote_status": false,
    "retweet_count": 0,
    "favorite_count": 0,
    "favorited": false,
    "retweeted": false,
    "possibly_sensitive": false,
    "lang": "en"
}