{
    "created_at": "Tue Apr 16 16:17:45 +0000 2019",
    "id": 1118186729213763585,
    "id_str": "1118186729213763585",
    "text": "@Pena_dt Electric Citi Bike x NYC pothole = very bad results (I cooked my knee)",
    "truncated": false,
    "entities": {
        "hashtags": [],
        "symbols": [],
        "user_mentions": [
            {
                "screen_name": "Pena_dt",
                "name": "AP",
                "id": 318478217,
                "id_str": "318478217",
                "indices": [
                    0,
                    8
                ]
            }
        ],
        "urls": []
    },
    "metadata": {
        "iso_language_code": "en",
        "result_type": "recent"
    },
    "source": "<a href=\"http://twitter.com\" rel=\"nofollow\">Twitter Web Client</a>",
    "in_reply_to_status_id": 1118168253413711872,
    "in_reply_to_status_id_str": "1118168253413711872",
    "in_reply_to_user_id": 318478217,
    "in_reply_to_user_id_str": "318478217",
    "in_reply_to_screen_name": "Pena_dt",
    "user": {
        "id": 48043477,
        "id_str": "48043477",
        "name": "\u300cJFT\u300d",
        "screen_name": "ThatGuyJt",
        "location": "Lower East Side, Manhattan",
        "description": "27. Sneakers, sports, hip hop & maduros are life \u2022 #NYK #NYM #NYG #Cuse #RMCF \u2022 Latino \ud83c\udde8\ud83c\uddfa\ud83c\uddf5\ud83c\uddf7 \u2022 Editor @KultureHub, Branded Social @Complex",
        "url": "https://t.co/4hk4JvDM2v",
        "entities": {
            "url": {
                "urls": [
                    {
                        "url": "https://t.co/4hk4JvDM2v",
                        "expanded_url": "http://killthelightsjoe.tumblr.com",
                        "display_url": "killthelightsjoe.tumblr.com",
                        "indices": [
                            0,
                            23
                        ]
                    }
                ]
            },
            "description": {
                "urls": []
            }
        },
        "protected": false,
        "followers_count": 1055,
        "friends_count": 1185,
        "listed_count": 19,
        "created_at": "Wed Jun 17 17:40:42 +0000 2009",
        "favourites_count": 36290,
        "utc_offset": null,
        "time_zone": null,
        "geo_enabled": true,
        "verified": false,
        "statuses_count": 64497,
        "lang": "en",
        "contributors_enabled": false,
        "is_translator": false,
        "is_translation_enabled": false,
        "profile_background_color": "022330",
        "profile_background_image_url": "http://abs.twimg.com/images/themes/theme14/bg.gif",
        "profile_background_image_url_https": "https://abs.twimg.com/images/themes/theme14/bg.gif",
        "profile_background_tile": true,
        "profile_image_url": "http://pbs.twimg.com/profile_images/1073452258044624897/d7X0aPS8_normal.jpg",
        "profile_image_url_https": "https://pbs.twimg.com/profile_images/1073452258044624897/d7X0aPS8_normal.jpg",
        "profile_banner_url": "https://pbs.twimg.com/profile_banners/48043477/1394142216",
        "profile_link_color": "F08E0E",
        "profile_sidebar_border_color": "FFFFFF",
        "profile_sidebar_fill_color": "EBEAC1",
        "profile_text_color": "292429",
        "profile_use_background_image": true,
        "has_extended_profile": true,
        "default_profile": false,
        "default_profile_image": false,
        "following": null,
        "follow_request_sent": null,
        "notifications": null,
        "translator_type": "none"
    },
    "geo": null,
    "coordinates": null,
    "place": null,
    "contributors": null,
    "is_quote_status": false,
    "retweet_count": 0,
    "favorite_count": 0,
    "favorited": false,
    "retweeted": false,
    "lang": "en"
}