{
    "created_at": "Tue Apr 16 07:28:00 +0000 2019",
    "id": 1118053411335725056,
    "id_str": "1118053411335725056",
    "text": "Lyft plans to include the Citi Bike service into its ride-hailing\u00a0app https://t.co/qLY2oqXFrc https://t.co/adbHlPZtvI",
    "truncated": false,
    "entities": {
        "hashtags": [],
        "symbols": [],
        "user_mentions": [],
        "urls": [
            {
                "url": "https://t.co/qLY2oqXFrc",
                "expanded_url": "https://www.inceptivemind.com/lyft-plans-include-citi-bike-service-ride-hailing-app/7213/",
                "display_url": "inceptivemind.com/lyft-plans-inc\u2026",
                "indices": [
                    70,
                    93
                ]
            }
        ],
        "media": [
            {
                "id": 1118053409288900609,
                "id_str": "1118053409288900609",
                "indices": [
                    94,
                    117
                ],
                "media_url": "http://pbs.twimg.com/media/D4QfpuyUUAEoNZZ.jpg",
                "media_url_https": "https://pbs.twimg.com/media/D4QfpuyUUAEoNZZ.jpg",
                "url": "https://t.co/adbHlPZtvI",
                "display_url": "pic.twitter.com/adbHlPZtvI",
                "expanded_url": "https://twitter.com/AshuSakharkar/status/1118053411335725056/photo/1",
                "type": "photo",
                "sizes": {
                    "small": {
                        "w": 680,
                        "h": 453,
                        "resize": "fit"
                    },
                    "thumb": {
                        "w": 150,
                        "h": 150,
                        "resize": "crop"
                    },
                    "medium": {
                        "w": 1024,
                        "h": 682,
                        "resize": "fit"
                    },
                    "large": {
                        "w": 1024,
                        "h": 682,
                        "resize": "fit"
                    }
                }
            }
        ]
    },
    "extended_entities": {
        "media": [
            {
                "id": 1118053409288900609,
                "id_str": "1118053409288900609",
                "indices": [
                    94,
                    117
                ],
                "media_url": "http://pbs.twimg.com/media/D4QfpuyUUAEoNZZ.jpg",
                "media_url_https": "https://pbs.twimg.com/media/D4QfpuyUUAEoNZZ.jpg",
                "url": "https://t.co/adbHlPZtvI",
                "display_url": "pic.twitter.com/adbHlPZtvI",
                "expanded_url": "https://twitter.com/AshuSakharkar/status/1118053411335725056/photo/1",
                "type": "photo",
                "sizes": {
                    "small": {
                        "w": 680,
                        "h": 453,
                        "resize": "fit"
                    },
                    "thumb": {
                        "w": 150,
                        "h": 150,
                        "resize": "crop"
                    },
                    "medium": {
                        "w": 1024,
                        "h": 682,
                        "resize": "fit"
                    },
                    "large": {
                        "w": 1024,
                        "h": 682,
                        "resize": "fit"
                    }
                }
            }
        ]
    },
    "metadata": {
        "iso_language_code": "en",
        "result_type": "recent"
    },
    "source": "<a href=\"http://publicize.wp.com/\" rel=\"nofollow\">WordPress.com</a>",
    "in_reply_to_status_id": null,
    "in_reply_to_status_id_str": null,
    "in_reply_to_user_id": null,
    "in_reply_to_user_id_str": null,
    "in_reply_to_screen_name": null,
    "user": {
        "id": 1092768789744111617,
        "id_str": "1092768789744111617",
        "name": "Ashwini Sakharkar",
        "screen_name": "AshuSakharkar",
        "location": "",
        "description": "f",
        "url": null,
        "entities": {
            "description": {
                "urls": []
            }
        },
        "protected": false,
        "followers_count": 0,
        "friends_count": 5,
        "listed_count": 0,
        "created_at": "Tue Feb 05 12:55:56 +0000 2019",
        "favourites_count": 3,
        "utc_offset": null,
        "time_zone": null,
        "geo_enabled": false,
        "verified": false,
        "statuses_count": 129,
        "lang": "en",
        "contributors_enabled": false,
        "is_translator": false,
        "is_translation_enabled": false,
        "profile_background_color": "F5F8FA",
        "profile_background_image_url": null,
        "profile_background_image_url_https": null,
        "profile_background_tile": false,
        "profile_image_url": "http://pbs.twimg.com/profile_images/1092769018564378624/8sxBCFEi_normal.jpg",
        "profile_image_url_https": "https://pbs.twimg.com/profile_images/1092769018564378624/8sxBCFEi_normal.jpg",
        "profile_link_color": "1DA1F2",
        "profile_sidebar_border_color": "C0DEED",
        "profile_sidebar_fill_color": "DDEEF6",
        "profile_text_color": "333333",
        "profile_use_background_image": true,
        "has_extended_profile": true,
        "default_profile": true,
        "default_profile_image": false,
        "following": null,
        "follow_request_sent": null,
        "notifications": null,
        "translator_type": "none"
    },
    "geo": null,
    "coordinates": null,
    "place": null,
    "contributors": null,
    "is_quote_status": false,
    "retweet_count": 0,
    "favorite_count": 0,
    "favorited": false,
    "retweeted": false,
    "possibly_sensitive": false,
    "lang": "en"
}