{
    "created_at": "Tue Apr 16 23:03:03 +0000 2019",
    "id": 1118288723039412225,
    "id_str": "1118288723039412225",
    "text": "RT @mnolangray: Things that make @googlemaps could immediately remove from this map:\n1. All that stuff I didn't search for\n2. Station footp\u2026",
    "truncated": false,
    "entities": {
        "hashtags": [],
        "symbols": [],
        "user_mentions": [
            {
                "screen_name": "mnolangray",
                "name": "Nolan Gray",
                "id": 46818898,
                "id_str": "46818898",
                "indices": [
                    3,
                    14
                ]
            },
            {
                "screen_name": "googlemaps",
                "name": "Google Maps",
                "id": 31311757,
                "id_str": "31311757",
                "indices": [
                    33,
                    44
                ]
            }
        ],
        "urls": []
    },
    "metadata": {
        "iso_language_code": "en",
        "result_type": "recent"
    },
    "source": "<a href=\"https://mobile.twitter.com\" rel=\"nofollow\">Twitter Web App</a>",
    "in_reply_to_status_id": null,
    "in_reply_to_status_id_str": null,
    "in_reply_to_user_id": null,
    "in_reply_to_user_id_str": null,
    "in_reply_to_screen_name": null,
    "user": {
        "id": 3225730051,
        "id_str": "3225730051",
        "name": "K.Chadwick",
        "screen_name": "KyleEChadwick",
        "location": "Washington, DC area",
        "description": "\ud83d\udc68\ud83c\udffc\u200d\u2696\ufe0f.   Tweeted music but got no likes. An Oxford prof followed me so now I'm all \ud83e\udd10... \u00b6 he/him/ho/hum",
        "url": null,
        "entities": {
            "description": {
                "urls": []
            }
        },
        "protected": false,
        "followers_count": 92,
        "friends_count": 553,
        "listed_count": 0,
        "created_at": "Mon May 25 00:09:38 +0000 2015",
        "favourites_count": 5106,
        "utc_offset": null,
        "time_zone": null,
        "geo_enabled": false,
        "verified": false,
        "statuses_count": 57,
        "lang": "en",
        "contributors_enabled": false,
        "is_translator": false,
        "is_translation_enabled": false,
        "profile_background_color": "ABB8C2",
        "profile_background_image_url": "http://abs.twimg.com/images/themes/theme1/bg.png",
        "profile_background_image_url_https": "https://abs.twimg.com/images/themes/theme1/bg.png",
        "profile_background_tile": false,
        "profile_image_url": "http://pbs.twimg.com/profile_images/727844856970633216/nQk279PS_normal.jpg",
        "profile_image_url_https": "https://pbs.twimg.com/profile_images/727844856970633216/nQk279PS_normal.jpg",
        "profile_banner_url": "https://pbs.twimg.com/profile_banners/3225730051/1543118646",
        "profile_link_color": "ABB8C2",
        "profile_sidebar_border_color": "000000",
        "profile_sidebar_fill_color": "000000",
        "profile_text_color": "000000",
        "profile_use_background_image": false,
        "has_extended_profile": false,
        "default_profile": false,
        "default_profile_image": false,
        "following": null,
        "follow_request_sent": null,
        "notifications": null,
        "translator_type": "none"
    },
    "geo": null,
    "coordinates": null,
    "place": null,
    "contributors": null,
    "retweeted_status": {
        "created_at": "Tue Apr 16 22:56:52 +0000 2019",
        "id": 1118287167753740289,
        "id_str": "1118287167753740289",
        "text": "Things that make @googlemaps could immediately remove from this map:\n1. All that stuff I didn't search for\n2. Stati\u2026 https://t.co/IyFKbtHzQy",
        "truncated": true,
        "entities": {
            "hashtags": [],
            "symbols": [],
            "user_mentions": [
                {
                    "screen_name": "googlemaps",
                    "name": "Google Maps",
                    "id": 31311757,
                    "id_str": "31311757",
                    "indices": [
                        17,
                        28
                    ]
                }
            ],
            "urls": [
                {
                    "url": "https://t.co/IyFKbtHzQy",
                    "expanded_url": "https://twitter.com/i/web/status/1118287167753740289",
                    "display_url": "twitter.com/i/web/status/1\u2026",
                    "indices": [
                        117,
                        140
                    ]
                }
            ]
        },
        "metadata": {
            "iso_language_code": "en",
            "result_type": "recent"
        },
        "source": "<a href=\"http://twitter.com/download/android\" rel=\"nofollow\">Twitter for Android</a>",
        "in_reply_to_status_id": 1118284441615523840,
        "in_reply_to_status_id_str": "1118284441615523840",
        "in_reply_to_user_id": 46818898,
        "in_reply_to_user_id_str": "46818898",
        "in_reply_to_screen_name": "mnolangray",
        "user": {
            "id": 46818898,
            "id_str": "46818898",
            "name": "Nolan Gray",
            "screen_name": "mnolangray",
            "location": "Manhattan",
            "description": "Friendly Neighborhood City Planner // As seen on @citylab @strongtowns @marketurbanism // @yvadv senior contributor // Kentuckian #BBN (Opinions my own)",
            "url": null,
            "entities": {
                "description": {
                    "urls": []
                }
            },
            "protected": false,
            "followers_count": 3211,
            "friends_count": 773,
            "listed_count": 101,
            "created_at": "Sat Jun 13 03:45:36 +0000 2009",
            "favourites_count": 10683,
            "utc_offset": null,
            "time_zone": null,
            "geo_enabled": true,
            "verified": false,
            "statuses_count": 10903,
            "lang": "en",
            "contributors_enabled": false,
            "is_translator": false,
            "is_translation_enabled": false,
            "profile_background_color": "C0DEED",
            "profile_background_image_url": "http://abs.twimg.com/images/themes/theme1/bg.png",
            "profile_background_image_url_https": "https://abs.twimg.com/images/themes/theme1/bg.png",
            "profile_background_tile": true,
            "profile_image_url": "http://pbs.twimg.com/profile_images/1058454943944896512/PB36bpP3_normal.jpg",
            "profile_image_url_https": "https://pbs.twimg.com/profile_images/1058454943944896512/PB36bpP3_normal.jpg",
            "profile_banner_url": "https://pbs.twimg.com/profile_banners/46818898/1528860726",
            "profile_link_color": "5B9A68",
            "profile_sidebar_border_color": "FFFFFF",
            "profile_sidebar_fill_color": "DDEEF6",
            "profile_text_color": "333333",
            "profile_use_background_image": true,
            "has_extended_profile": false,
            "default_profile": false,
            "default_profile_image": false,
            "following": null,
            "follow_request_sent": null,
            "notifications": null,
            "translator_type": "none"
        },
        "geo": null,
        "coordinates": null,
        "place": {
            "id": "01a9a39529b27f36",
            "url": "https://api.twitter.com/1.1/geo/id/01a9a39529b27f36.json",
            "place_type": "city",
            "name": "Manhattan",
            "full_name": "Manhattan, NY",
            "country_code": "US",
            "country": "United States",
            "contained_within": [],
            "bounding_box": {
                "type": "Polygon",
                "coordinates": [
                    [
                        [
                            -74.026675,
                            40.683935
                        ],
                        [
                            -73.910408,
                            40.683935
                        ],
                        [
                            -73.910408,
                            40.877483
                        ],
                        [
                            -74.026675,
                            40.877483
                        ]
                    ]
                ]
            },
            "attributes": {}
        },
        "contributors": null,
        "is_quote_status": false,
        "retweet_count": 2,
        "favorite_count": 36,
        "favorited": false,
        "retweeted": false,
        "lang": "en"
    },
    "is_quote_status": false,
    "retweet_count": 2,
    "favorite_count": 0,
    "favorited": false,
    "retweeted": false,
    "lang": "en"
}