{
    "created_at": "Tue Apr 16 12:16:57 +0000 2019",
    "id": 1118126129695666177,
    "id_str": "1118126129695666177",
    "text": "New York Today: Citi Bike\u2019s Electric Bikes Are Fast. But Are They Dangerous? https://t.co/zJPZS84Pt6 #News",
    "truncated": false,
    "entities": {
        "hashtags": [
            {
                "text": "News",
                "indices": [
                    101,
                    106
                ]
            }
        ],
        "symbols": [],
        "user_mentions": [],
        "urls": [
            {
                "url": "https://t.co/zJPZS84Pt6",
                "expanded_url": "https://nyti.ms/2v96YbU",
                "display_url": "nyti.ms/2v96YbU",
                "indices": [
                    77,
                    100
                ]
            }
        ]
    },
    "metadata": {
        "iso_language_code": "en",
        "result_type": "recent"
    },
    "source": "<a href=\"https://ifttt.com\" rel=\"nofollow\">IFTTT</a>",
    "in_reply_to_status_id": null,
    "in_reply_to_status_id_str": null,
    "in_reply_to_user_id": null,
    "in_reply_to_user_id_str": null,
    "in_reply_to_screen_name": null,
    "user": {
        "id": 42524093,
        "id_str": "42524093",
        "name": "David Waserstein",
        "screen_name": "davidwaserstein",
        "location": "\u00dcT: 40.771287, -73.974350",
        "description": "Trying to make the world a better place - one investment at a time",
        "url": "http://t.co/FagwvQ3Hyy",
        "entities": {
            "url": {
                "urls": [
                    {
                        "url": "http://t.co/FagwvQ3Hyy",
                        "expanded_url": "http://goo.gl/p5TJlv",
                        "display_url": "goo.gl/p5TJlv",
                        "indices": [
                            0,
                            22
                        ]
                    }
                ]
            },
            "description": {
                "urls": []
            }
        },
        "protected": false,
        "followers_count": 219,
        "friends_count": 474,
        "listed_count": 31,
        "created_at": "Tue May 26 00:32:28 +0000 2009",
        "favourites_count": 52,
        "utc_offset": null,
        "time_zone": null,
        "geo_enabled": false,
        "verified": false,
        "statuses_count": 6513,
        "lang": "en",
        "contributors_enabled": false,
        "is_translator": false,
        "is_translation_enabled": false,
        "profile_background_color": "C0DEED",
        "profile_background_image_url": "http://abs.twimg.com/images/themes/theme1/bg.png",
        "profile_background_image_url_https": "https://abs.twimg.com/images/themes/theme1/bg.png",
        "profile_background_tile": false,
        "profile_image_url": "http://pbs.twimg.com/profile_images/451104539/DSC00001_normal.JPG",
        "profile_image_url_https": "https://pbs.twimg.com/profile_images/451104539/DSC00001_normal.JPG",
        "profile_link_color": "1DA1F2",
        "profile_sidebar_border_color": "C0DEED",
        "profile_sidebar_fill_color": "DDEEF6",
        "profile_text_color": "333333",
        "profile_use_background_image": true,
        "has_extended_profile": false,
        "default_profile": true,
        "default_profile_image": false,
        "following": null,
        "follow_request_sent": null,
        "notifications": null,
        "translator_type": "none"
    },
    "geo": null,
    "coordinates": null,
    "place": null,
    "contributors": null,
    "is_quote_status": false,
    "retweet_count": 0,
    "favorite_count": 0,
    "favorited": false,
    "retweeted": false,
    "possibly_sensitive": false,
    "lang": "en"
}