{
    "created_at": "Thu Apr 18 00:47:44 +0000 2019",
    "id": 1118677458633547777,
    "id_str": "1118677458633547777",
    "text": "RT @dahvnyc: \"corporate interests frequently diverge from the public interest\" https://t.co/fxAFZbb9lm",
    "truncated": false,
    "entities": {
        "hashtags": [],
        "symbols": [],
        "user_mentions": [
            {
                "screen_name": "dahvnyc",
                "name": "David J. Meyer",
                "id": 85501175,
                "id_str": "85501175",
                "indices": [
                    3,
                    11
                ]
            }
        ],
        "urls": [
            {
                "url": "https://t.co/fxAFZbb9lm",
                "expanded_url": "https://nyc.streetsblog.org/2019/04/17/anatomy-of-a-debacle-uber-and-shimano-threw-lyft-owned-citi-bike-under-the-bus/",
                "display_url": "nyc.streetsblog.org/2019/04/17/ana\u2026",
                "indices": [
                    79,
                    102
                ]
            }
        ]
    },
    "metadata": {
        "iso_language_code": "en",
        "result_type": "recent"
    },
    "source": "<a href=\"http://twitter.com/download/iphone\" rel=\"nofollow\">Twitter for iPhone</a>",
    "in_reply_to_status_id": null,
    "in_reply_to_status_id_str": null,
    "in_reply_to_user_id": null,
    "in_reply_to_user_id_str": null,
    "in_reply_to_screen_name": null,
    "user": {
        "id": 925819404,
        "id_str": "925819404",
        "name": "David Herman",
        "screen_name": "DHermanStudio",
        "location": "Brooklyn, USA",
        "description": "Designer, editor, and photographer; cyclist and graphic narrative enthusiast; and a concerned citizen working to make a better Brooklyn and a better world",
        "url": "https://t.co/GMQrGrhhvw",
        "entities": {
            "url": {
                "urls": [
                    {
                        "url": "https://t.co/GMQrGrhhvw",
                        "expanded_url": "http://davidhermanstudio.com/",
                        "display_url": "davidhermanstudio.com",
                        "indices": [
                            0,
                            23
                        ]
                    }
                ]
            },
            "description": {
                "urls": []
            }
        },
        "protected": false,
        "followers_count": 688,
        "friends_count": 632,
        "listed_count": 56,
        "created_at": "Sun Nov 04 18:01:13 +0000 2012",
        "favourites_count": 8297,
        "utc_offset": null,
        "time_zone": null,
        "geo_enabled": true,
        "verified": false,
        "statuses_count": 28682,
        "lang": "en",
        "contributors_enabled": false,
        "is_translator": false,
        "is_translation_enabled": false,
        "profile_background_color": "C0DEED",
        "profile_background_image_url": "http://abs.twimg.com/images/themes/theme1/bg.png",
        "profile_background_image_url_https": "https://abs.twimg.com/images/themes/theme1/bg.png",
        "profile_background_tile": false,
        "profile_image_url": "http://pbs.twimg.com/profile_images/1004405086611824640/4c4ocr8T_normal.jpg",
        "profile_image_url_https": "https://pbs.twimg.com/profile_images/1004405086611824640/4c4ocr8T_normal.jpg",
        "profile_banner_url": "https://pbs.twimg.com/profile_banners/925819404/1543587465",
        "profile_link_color": "1DA1F2",
        "profile_sidebar_border_color": "C0DEED",
        "profile_sidebar_fill_color": "DDEEF6",
        "profile_text_color": "333333",
        "profile_use_background_image": true,
        "has_extended_profile": false,
        "default_profile": true,
        "default_profile_image": false,
        "following": null,
        "follow_request_sent": null,
        "notifications": null,
        "translator_type": "none"
    },
    "geo": null,
    "coordinates": null,
    "place": null,
    "contributors": null,
    "retweeted_status": {
        "created_at": "Thu Apr 18 00:42:02 +0000 2019",
        "id": 1118676020872339456,
        "id_str": "1118676020872339456",
        "text": "\"corporate interests frequently diverge from the public interest\" https://t.co/fxAFZbb9lm",
        "truncated": false,
        "entities": {
            "hashtags": [],
            "symbols": [],
            "user_mentions": [],
            "urls": [
                {
                    "url": "https://t.co/fxAFZbb9lm",
                    "expanded_url": "https://nyc.streetsblog.org/2019/04/17/anatomy-of-a-debacle-uber-and-shimano-threw-lyft-owned-citi-bike-under-the-bus/",
                    "display_url": "nyc.streetsblog.org/2019/04/17/ana\u2026",
                    "indices": [
                        66,
                        89
                    ]
                }
            ]
        },
        "metadata": {
            "iso_language_code": "en",
            "result_type": "recent"
        },
        "source": "<a href=\"http://twitter.com/download/iphone\" rel=\"nofollow\">Twitter for iPhone</a>",
        "in_reply_to_status_id": null,
        "in_reply_to_status_id_str": null,
        "in_reply_to_user_id": null,
        "in_reply_to_user_id_str": null,
        "in_reply_to_screen_name": null,
        "user": {
            "id": 85501175,
            "id_str": "85501175",
            "name": "David J. Meyer",
            "screen_name": "dahvnyc",
            "location": "DC/MD-bred, Brooklyn-based",
            "description": "\ud83c\udf08 Senior reporter @StreetsblogNYC. mailto:dmeyer@streetsblog.org; share your nyc transpo-relevant events@streetsblog.org \u2665\ufe0f https://t.co/7olRVfXbmI.",
            "url": "https://t.co/t6wKt4GJlY",
            "entities": {
                "url": {
                    "urls": [
                        {
                            "url": "https://t.co/t6wKt4GJlY",
                            "expanded_url": "https://nyc.streetsblog.org/author/dmeyer/",
                            "display_url": "nyc.streetsblog.org/author/dmeyer/",
                            "indices": [
                                0,
                                23
                            ]
                        }
                    ]
                },
                "description": {
                    "urls": [
                        {
                            "url": "https://t.co/7olRVfXbmI",
                            "expanded_url": "http://nyc.streetsblog.org/calendar",
                            "display_url": "nyc.streetsblog.org/calendar",
                            "indices": [
                                124,
                                147
                            ]
                        }
                    ]
                }
            },
            "protected": false,
            "followers_count": 3586,
            "friends_count": 4466,
            "listed_count": 92,
            "created_at": "Tue Oct 27 04:57:21 +0000 2009",
            "favourites_count": 26841,
            "utc_offset": null,
            "time_zone": null,
            "geo_enabled": true,
            "verified": false,
            "statuses_count": 20090,
            "lang": "en",
            "contributors_enabled": false,
            "is_translator": false,
            "is_translation_enabled": false,
            "profile_background_color": "F02D34",
            "profile_background_image_url": "http://abs.twimg.com/images/themes/theme1/bg.png",
            "profile_background_image_url_https": "https://abs.twimg.com/images/themes/theme1/bg.png",
            "profile_background_tile": false,
            "profile_image_url": "http://pbs.twimg.com/profile_images/1109594752075382787/HmSbrkfm_normal.jpg",
            "profile_image_url_https": "https://pbs.twimg.com/profile_images/1109594752075382787/HmSbrkfm_normal.jpg",
            "profile_banner_url": "https://pbs.twimg.com/profile_banners/85501175/1554143832",
            "profile_link_color": "BB5599",
            "profile_sidebar_border_color": "000000",
            "profile_sidebar_fill_color": "DDEEF6",
            "profile_text_color": "0F1BFF",
            "profile_use_background_image": true,
            "has_extended_profile": true,
            "default_profile": false,
            "default_profile_image": false,
            "following": null,
            "follow_request_sent": null,
            "notifications": null,
            "translator_type": "none"
        },
        "geo": null,
        "coordinates": null,
        "place": null,
        "contributors": null,
        "is_quote_status": false,
        "retweet_count": 5,
        "favorite_count": 3,
        "favorited": false,
        "retweeted": false,
        "possibly_sensitive": false,
        "lang": "en"
    },
    "is_quote_status": false,
    "retweet_count": 5,
    "favorite_count": 0,
    "favorited": false,
    "retweeted": false,
    "possibly_sensitive": false,
    "lang": "en"
}