{
    "created_at": "Tue Apr 16 13:02:05 +0000 2019",
    "id": 1118137487837233154,
    "id_str": "1118137487837233154",
    "text": "Citi Bike\u2019s Electric Bikes Are Fast. But Are They Dangerous? https://t.co/fymmKzpgFa",
    "truncated": false,
    "entities": {
        "hashtags": [],
        "symbols": [],
        "user_mentions": [],
        "urls": [],
        "media": [
            {
                "id": 1118137486520279040,
                "id_str": "1118137486520279040",
                "indices": [
                    61,
                    84
                ],
                "media_url": "http://pbs.twimg.com/media/D4RsHq4W4AAWvnW.jpg",
                "media_url_https": "https://pbs.twimg.com/media/D4RsHq4W4AAWvnW.jpg",
                "url": "https://t.co/fymmKzpgFa",
                "display_url": "pic.twitter.com/fymmKzpgFa",
                "expanded_url": "https://twitter.com/Raghav39359556/status/1118137487837233154/photo/1",
                "type": "photo",
                "sizes": {
                    "small": {
                        "w": 440,
                        "h": 293,
                        "resize": "fit"
                    },
                    "thumb": {
                        "w": 150,
                        "h": 150,
                        "resize": "crop"
                    },
                    "large": {
                        "w": 440,
                        "h": 293,
                        "resize": "fit"
                    },
                    "medium": {
                        "w": 440,
                        "h": 293,
                        "resize": "fit"
                    }
                }
            }
        ]
    },
    "extended_entities": {
        "media": [
            {
                "id": 1118137486520279040,
                "id_str": "1118137486520279040",
                "indices": [
                    61,
                    84
                ],
                "media_url": "http://pbs.twimg.com/media/D4RsHq4W4AAWvnW.jpg",
                "media_url_https": "https://pbs.twimg.com/media/D4RsHq4W4AAWvnW.jpg",
                "url": "https://t.co/fymmKzpgFa",
                "display_url": "pic.twitter.com/fymmKzpgFa",
                "expanded_url": "https://twitter.com/Raghav39359556/status/1118137487837233154/photo/1",
                "type": "photo",
                "sizes": {
                    "small": {
                        "w": 440,
                        "h": 293,
                        "resize": "fit"
                    },
                    "thumb": {
                        "w": 150,
                        "h": 150,
                        "resize": "crop"
                    },
                    "large": {
                        "w": 440,
                        "h": 293,
                        "resize": "fit"
                    },
                    "medium": {
                        "w": 440,
                        "h": 293,
                        "resize": "fit"
                    }
                }
            }
        ]
    },
    "metadata": {
        "iso_language_code": "en",
        "result_type": "recent"
    },
    "source": "<a href=\"https://ifttt.com\" rel=\"nofollow\">IFTTT</a>",
    "in_reply_to_status_id": null,
    "in_reply_to_status_id_str": null,
    "in_reply_to_user_id": null,
    "in_reply_to_user_id_str": null,
    "in_reply_to_screen_name": null,
    "user": {
        "id": 946218277318963200,
        "id_str": "946218277318963200",
        "name": "Raghav Rathode",
        "screen_name": "Raghav39359556",
        "location": "",
        "description": "",
        "url": null,
        "entities": {
            "description": {
                "urls": []
            }
        },
        "protected": false,
        "followers_count": 5,
        "friends_count": 99,
        "listed_count": 0,
        "created_at": "Thu Dec 28 03:16:32 +0000 2017",
        "favourites_count": 4,
        "utc_offset": null,
        "time_zone": null,
        "geo_enabled": false,
        "verified": false,
        "statuses_count": 1900,
        "lang": "en",
        "contributors_enabled": false,
        "is_translator": false,
        "is_translation_enabled": false,
        "profile_background_color": "F5F8FA",
        "profile_background_image_url": null,
        "profile_background_image_url_https": null,
        "profile_background_tile": false,
        "profile_image_url": "http://pbs.twimg.com/profile_images/1058589616914161665/ME0o7Ny-_normal.jpg",
        "profile_image_url_https": "https://pbs.twimg.com/profile_images/1058589616914161665/ME0o7Ny-_normal.jpg",
        "profile_banner_url": "https://pbs.twimg.com/profile_banners/946218277318963200/1541222424",
        "profile_link_color": "1DA1F2",
        "profile_sidebar_border_color": "C0DEED",
        "profile_sidebar_fill_color": "DDEEF6",
        "profile_text_color": "333333",
        "profile_use_background_image": true,
        "has_extended_profile": false,
        "default_profile": true,
        "default_profile_image": false,
        "following": null,
        "follow_request_sent": null,
        "notifications": null,
        "translator_type": "none"
    },
    "geo": null,
    "coordinates": null,
    "place": null,
    "contributors": null,
    "is_quote_status": false,
    "retweet_count": 0,
    "favorite_count": 0,
    "favorited": false,
    "retweeted": false,
    "possibly_sensitive": false,
    "lang": "en"
}