{
    "created_at": "Tue Apr 16 23:10:01 +0000 2019",
    "id": 1118290477105799171,
    "id_str": "1118290477105799171",
    "text": "RT @mnolangray: Things that make @googlemaps could immediately remove from this map:\n1. All that stuff I didn't search for\n2. Station footp\u2026",
    "truncated": false,
    "entities": {
        "hashtags": [],
        "symbols": [],
        "user_mentions": [
            {
                "screen_name": "mnolangray",
                "name": "Nolan Gray",
                "id": 46818898,
                "id_str": "46818898",
                "indices": [
                    3,
                    14
                ]
            },
            {
                "screen_name": "googlemaps",
                "name": "Google Maps",
                "id": 31311757,
                "id_str": "31311757",
                "indices": [
                    33,
                    44
                ]
            }
        ],
        "urls": []
    },
    "metadata": {
        "iso_language_code": "en",
        "result_type": "recent"
    },
    "source": "<a href=\"http://twitter.com/download/iphone\" rel=\"nofollow\">Twitter for iPhone</a>",
    "in_reply_to_status_id": null,
    "in_reply_to_status_id_str": null,
    "in_reply_to_user_id": null,
    "in_reply_to_user_id_str": null,
    "in_reply_to_screen_name": null,
    "user": {
        "id": 22328926,
        "id_str": "22328926",
        "name": "Derek Fox",
        "screen_name": "partialobs",
        "location": "Earth",
        "description": "Astronomer and faculty member (he/him) at Penn State University. A personal Twitter account. \"Why would a star ever be afraid of the dark?\" -Lil Wayne",
        "url": "https://t.co/5gwLSPmBw9",
        "entities": {
            "url": {
                "urls": [
                    {
                        "url": "https://t.co/5gwLSPmBw9",
                        "expanded_url": "http://www.astro.psu.edu/~dfox/",
                        "display_url": "astro.psu.edu/~dfox/",
                        "indices": [
                            0,
                            23
                        ]
                    }
                ]
            },
            "description": {
                "urls": []
            }
        },
        "protected": false,
        "followers_count": 2407,
        "friends_count": 4997,
        "listed_count": 73,
        "created_at": "Sun Mar 01 03:50:00 +0000 2009",
        "favourites_count": 56188,
        "utc_offset": null,
        "time_zone": null,
        "geo_enabled": false,
        "verified": false,
        "statuses_count": 18296,
        "lang": "en",
        "contributors_enabled": false,
        "is_translator": false,
        "is_translation_enabled": false,
        "profile_background_color": "642D8B",
        "profile_background_image_url": "http://abs.twimg.com/images/themes/theme10/bg.gif",
        "profile_background_image_url_https": "https://abs.twimg.com/images/themes/theme10/bg.gif",
        "profile_background_tile": true,
        "profile_image_url": "http://pbs.twimg.com/profile_images/813094126748958720/XPj7x_nu_normal.jpg",
        "profile_image_url_https": "https://pbs.twimg.com/profile_images/813094126748958720/XPj7x_nu_normal.jpg",
        "profile_banner_url": "https://pbs.twimg.com/profile_banners/22328926/1353947459",
        "profile_link_color": "FF0000",
        "profile_sidebar_border_color": "EB2CB5",
        "profile_sidebar_fill_color": "F098D7",
        "profile_text_color": "3D1957",
        "profile_use_background_image": true,
        "has_extended_profile": false,
        "default_profile": false,
        "default_profile_image": false,
        "following": null,
        "follow_request_sent": null,
        "notifications": null,
        "translator_type": "none"
    },
    "geo": null,
    "coordinates": null,
    "place": null,
    "contributors": null,
    "retweeted_status": {
        "created_at": "Tue Apr 16 22:56:52 +0000 2019",
        "id": 1118287167753740289,
        "id_str": "1118287167753740289",
        "text": "Things that make @googlemaps could immediately remove from this map:\n1. All that stuff I didn't search for\n2. Stati\u2026 https://t.co/IyFKbtHzQy",
        "truncated": true,
        "entities": {
            "hashtags": [],
            "symbols": [],
            "user_mentions": [
                {
                    "screen_name": "googlemaps",
                    "name": "Google Maps",
                    "id": 31311757,
                    "id_str": "31311757",
                    "indices": [
                        17,
                        28
                    ]
                }
            ],
            "urls": [
                {
                    "url": "https://t.co/IyFKbtHzQy",
                    "expanded_url": "https://twitter.com/i/web/status/1118287167753740289",
                    "display_url": "twitter.com/i/web/status/1\u2026",
                    "indices": [
                        117,
                        140
                    ]
                }
            ]
        },
        "metadata": {
            "iso_language_code": "en",
            "result_type": "recent"
        },
        "source": "<a href=\"http://twitter.com/download/android\" rel=\"nofollow\">Twitter for Android</a>",
        "in_reply_to_status_id": 1118284441615523840,
        "in_reply_to_status_id_str": "1118284441615523840",
        "in_reply_to_user_id": 46818898,
        "in_reply_to_user_id_str": "46818898",
        "in_reply_to_screen_name": "mnolangray",
        "user": {
            "id": 46818898,
            "id_str": "46818898",
            "name": "Nolan Gray",
            "screen_name": "mnolangray",
            "location": "Manhattan",
            "description": "Friendly Neighborhood City Planner // As seen on @citylab @strongtowns @marketurbanism // @yvadv senior contributor // Kentuckian #BBN (Opinions my own)",
            "url": null,
            "entities": {
                "description": {
                    "urls": []
                }
            },
            "protected": false,
            "followers_count": 3211,
            "friends_count": 773,
            "listed_count": 101,
            "created_at": "Sat Jun 13 03:45:36 +0000 2009",
            "favourites_count": 10683,
            "utc_offset": null,
            "time_zone": null,
            "geo_enabled": true,
            "verified": false,
            "statuses_count": 10903,
            "lang": "en",
            "contributors_enabled": false,
            "is_translator": false,
            "is_translation_enabled": false,
            "profile_background_color": "C0DEED",
            "profile_background_image_url": "http://abs.twimg.com/images/themes/theme1/bg.png",
            "profile_background_image_url_https": "https://abs.twimg.com/images/themes/theme1/bg.png",
            "profile_background_tile": true,
            "profile_image_url": "http://pbs.twimg.com/profile_images/1058454943944896512/PB36bpP3_normal.jpg",
            "profile_image_url_https": "https://pbs.twimg.com/profile_images/1058454943944896512/PB36bpP3_normal.jpg",
            "profile_banner_url": "https://pbs.twimg.com/profile_banners/46818898/1528860726",
            "profile_link_color": "5B9A68",
            "profile_sidebar_border_color": "FFFFFF",
            "profile_sidebar_fill_color": "DDEEF6",
            "profile_text_color": "333333",
            "profile_use_background_image": true,
            "has_extended_profile": false,
            "default_profile": false,
            "default_profile_image": false,
            "following": null,
            "follow_request_sent": null,
            "notifications": null,
            "translator_type": "none"
        },
        "geo": null,
        "coordinates": null,
        "place": {
            "id": "01a9a39529b27f36",
            "url": "https://api.twitter.com/1.1/geo/id/01a9a39529b27f36.json",
            "place_type": "city",
            "name": "Manhattan",
            "full_name": "Manhattan, NY",
            "country_code": "US",
            "country": "United States",
            "contained_within": [],
            "bounding_box": {
                "type": "Polygon",
                "coordinates": [
                    [
                        [
                            -74.026675,
                            40.683935
                        ],
                        [
                            -73.910408,
                            40.683935
                        ],
                        [
                            -73.910408,
                            40.877483
                        ],
                        [
                            -74.026675,
                            40.877483
                        ]
                    ]
                ]
            },
            "attributes": {}
        },
        "contributors": null,
        "is_quote_status": false,
        "retweet_count": 2,
        "favorite_count": 36,
        "favorited": false,
        "retweeted": false,
        "lang": "en"
    },
    "is_quote_status": false,
    "retweet_count": 2,
    "favorite_count": 0,
    "favorited": false,
    "retweeted": false,
    "lang": "en"
}