{
    "created_at": "Tue Apr 16 10:19:36 +0000 2019",
    "id": 1118096596846047232,
    "id_str": "1118096596846047232",
    "text": "Via @nytimes: New York Today: Citi Bike\u2019s Electric Bikes Are Fast. But Are They Dangerous? https://t.co/LzS0Dtrz3C https://t.co/v68s38dD2M",
    "truncated": false,
    "entities": {
        "hashtags": [],
        "symbols": [],
        "user_mentions": [
            {
                "screen_name": "nytimes",
                "name": "The New York Times",
                "id": 807095,
                "id_str": "807095",
                "indices": [
                    4,
                    12
                ]
            }
        ],
        "urls": [
            {
                "url": "https://t.co/LzS0Dtrz3C",
                "expanded_url": "http://dlvr.it/R2vpRS",
                "display_url": "dlvr.it/R2vpRS",
                "indices": [
                    91,
                    114
                ]
            }
        ],
        "media": [
            {
                "id": 1118096595361288192,
                "id_str": "1118096595361288192",
                "indices": [
                    115,
                    138
                ],
                "media_url": "http://pbs.twimg.com/media/D4RG7fcVUAA2SaB.jpg",
                "media_url_https": "https://pbs.twimg.com/media/D4RG7fcVUAA2SaB.jpg",
                "url": "https://t.co/v68s38dD2M",
                "display_url": "pic.twitter.com/v68s38dD2M",
                "expanded_url": "https://twitter.com/crewislife/status/1118096596846047232/photo/1",
                "type": "photo",
                "sizes": {
                    "large": {
                        "w": 1050,
                        "h": 550,
                        "resize": "fit"
                    },
                    "thumb": {
                        "w": 150,
                        "h": 150,
                        "resize": "crop"
                    },
                    "medium": {
                        "w": 1050,
                        "h": 550,
                        "resize": "fit"
                    },
                    "small": {
                        "w": 680,
                        "h": 356,
                        "resize": "fit"
                    }
                }
            }
        ]
    },
    "extended_entities": {
        "media": [
            {
                "id": 1118096595361288192,
                "id_str": "1118096595361288192",
                "indices": [
                    115,
                    138
                ],
                "media_url": "http://pbs.twimg.com/media/D4RG7fcVUAA2SaB.jpg",
                "media_url_https": "https://pbs.twimg.com/media/D4RG7fcVUAA2SaB.jpg",
                "url": "https://t.co/v68s38dD2M",
                "display_url": "pic.twitter.com/v68s38dD2M",
                "expanded_url": "https://twitter.com/crewislife/status/1118096596846047232/photo/1",
                "type": "photo",
                "sizes": {
                    "large": {
                        "w": 1050,
                        "h": 550,
                        "resize": "fit"
                    },
                    "thumb": {
                        "w": 150,
                        "h": 150,
                        "resize": "crop"
                    },
                    "medium": {
                        "w": 1050,
                        "h": 550,
                        "resize": "fit"
                    },
                    "small": {
                        "w": 680,
                        "h": 356,
                        "resize": "fit"
                    }
                }
            }
        ]
    },
    "metadata": {
        "iso_language_code": "en",
        "result_type": "recent"
    },
    "source": "<a href=\"https://dlvrit.com/\" rel=\"nofollow\">dlvr.it</a>",
    "in_reply_to_status_id": null,
    "in_reply_to_status_id_str": null,
    "in_reply_to_user_id": null,
    "in_reply_to_user_id_str": null,
    "in_reply_to_screen_name": null,
    "user": {
        "id": 17643749,
        "id_str": "17643749",
        "name": "b\u0279\u01dd\u0287 \u025fn\u0254\u029e!\u0287o\u05df",
        "screen_name": "crewislife",
        "location": "Fact Based World",
        "description": "Desert Shield/Storm #Vet, Democratic Socialist, FDR Democrat, #Atheist, \ud83c\udff3\ufe0f\u200d\ud83c\udf08. Enjoy politics. Support any Dem in 2020. \ud83c\udff4 #Leftist #FuckTrump #Resist",
        "url": "https://t.co/Cgvx9VwPBd",
        "entities": {
            "url": {
                "urls": [
                    {
                        "url": "https://t.co/Cgvx9VwPBd",
                        "expanded_url": "https://everytown.org/",
                        "display_url": "everytown.org",
                        "indices": [
                            0,
                            23
                        ]
                    }
                ]
            },
            "description": {
                "urls": []
            }
        },
        "protected": false,
        "followers_count": 8250,
        "friends_count": 8389,
        "listed_count": 426,
        "created_at": "Wed Nov 26 05:58:00 +0000 2008",
        "favourites_count": 2569,
        "utc_offset": null,
        "time_zone": null,
        "geo_enabled": false,
        "verified": false,
        "statuses_count": 928997,
        "lang": "en",
        "contributors_enabled": false,
        "is_translator": false,
        "is_translation_enabled": false,
        "profile_background_color": "8B542B",
        "profile_background_image_url": "http://abs.twimg.com/images/themes/theme9/bg.gif",
        "profile_background_image_url_https": "https://abs.twimg.com/images/themes/theme9/bg.gif",
        "profile_background_tile": true,
        "profile_image_url": "http://pbs.twimg.com/profile_images/1083007798378524673/yXWg7pLQ_normal.jpg",
        "profile_image_url_https": "https://pbs.twimg.com/profile_images/1083007798378524673/yXWg7pLQ_normal.jpg",
        "profile_banner_url": "https://pbs.twimg.com/profile_banners/17643749/1549896124",
        "profile_link_color": "1B95E0",
        "profile_sidebar_border_color": "FFFFFF",
        "profile_sidebar_fill_color": "BABCED",
        "profile_text_color": "333333",
        "profile_use_background_image": true,
        "has_extended_profile": false,
        "default_profile": false,
        "default_profile_image": false,
        "following": null,
        "follow_request_sent": null,
        "notifications": null,
        "translator_type": "none"
    },
    "geo": null,
    "coordinates": null,
    "place": null,
    "contributors": null,
    "is_quote_status": false,
    "retweet_count": 0,
    "favorite_count": 0,
    "favorited": false,
    "retweeted": false,
    "possibly_sensitive": false,
    "lang": "en"
}