{
    "created_at": "Tue Apr 16 10:28:59 +0000 2019",
    "id": 1118098958708903936,
    "id_str": "1118098958708903936",
    "text": "Latest from NYTimes\n\nNew York Today: Citi Bike\u2019s Electric Bikes Are Fast. But Are They Dangerous?\nTuesday: Citi Bik\u2026 https://t.co/Yb9csQOaTw",
    "truncated": true,
    "entities": {
        "hashtags": [],
        "symbols": [],
        "user_mentions": [],
        "urls": [
            {
                "url": "https://t.co/Yb9csQOaTw",
                "expanded_url": "https://twitter.com/i/web/status/1118098958708903936",
                "display_url": "twitter.com/i/web/status/1\u2026",
                "indices": [
                    117,
                    140
                ]
            }
        ]
    },
    "metadata": {
        "iso_language_code": "en",
        "result_type": "recent"
    },
    "source": "<a href=\"http://azure.microsoft.com/en-us/services/app-service/logic/\" rel=\"nofollow\">Microsoft Azure Logic Apps</a>",
    "in_reply_to_status_id": null,
    "in_reply_to_status_id_str": null,
    "in_reply_to_user_id": null,
    "in_reply_to_user_id_str": null,
    "in_reply_to_screen_name": null,
    "user": {
        "id": 2831481155,
        "id_str": "2831481155",
        "name": "oyetoro stephven",
        "screen_name": "stephen_oyetoro",
        "location": "Lagos, Nigeria",
        "description": "Microsoft Azure Cloud Engineer/Specialist, UI enthusiast, Python programmer, Node.js, Budding DevOps Engineer.",
        "url": null,
        "entities": {
            "description": {
                "urls": []
            }
        },
        "protected": false,
        "followers_count": 233,
        "friends_count": 412,
        "listed_count": 2,
        "created_at": "Wed Oct 15 11:57:47 +0000 2014",
        "favourites_count": 219,
        "utc_offset": null,
        "time_zone": null,
        "geo_enabled": false,
        "verified": false,
        "statuses_count": 40507,
        "lang": "en",
        "contributors_enabled": false,
        "is_translator": false,
        "is_translation_enabled": false,
        "profile_background_color": "000000",
        "profile_background_image_url": "http://abs.twimg.com/images/themes/theme1/bg.png",
        "profile_background_image_url_https": "https://abs.twimg.com/images/themes/theme1/bg.png",
        "profile_background_tile": false,
        "profile_image_url": "http://pbs.twimg.com/profile_images/1055497685137059846/xoYA7_LT_normal.jpg",
        "profile_image_url_https": "https://pbs.twimg.com/profile_images/1055497685137059846/xoYA7_LT_normal.jpg",
        "profile_banner_url": "https://pbs.twimg.com/profile_banners/2831481155/1516895050",
        "profile_link_color": "1B95E0",
        "profile_sidebar_border_color": "000000",
        "profile_sidebar_fill_color": "000000",
        "profile_text_color": "000000",
        "profile_use_background_image": false,
        "has_extended_profile": false,
        "default_profile": false,
        "default_profile_image": false,
        "following": null,
        "follow_request_sent": null,
        "notifications": null,
        "translator_type": "none"
    },
    "geo": null,
    "coordinates": null,
    "place": null,
    "contributors": null,
    "is_quote_status": false,
    "retweet_count": 0,
    "favorite_count": 0,
    "favorited": false,
    "retweeted": false,
    "possibly_sensitive": false,
    "lang": "en"
}