{
    "created_at": "Thu Apr 18 14:17:23 +0000 2019",
    "id": 1118881213526224897,
    "id_str": "1118881213526224897",
    "text": "RT @nychange: .@NYPost: \"@JustinBrannan\u2019s letter also raised the possibility of City Council hearings into @Citibike\u2019s monopoly on bike sha\u2026",
    "truncated": false,
    "entities": {
        "hashtags": [],
        "symbols": [],
        "user_mentions": [
            {
                "screen_name": "nychange",
                "name": "NYCC",
                "id": 97071323,
                "id_str": "97071323",
                "indices": [
                    3,
                    12
                ]
            },
            {
                "screen_name": "nypost",
                "name": "New York Post",
                "id": 17469289,
                "id_str": "17469289",
                "indices": [
                    15,
                    22
                ]
            },
            {
                "screen_name": "JustinBrannan",
                "name": "Justin Brannan",
                "id": 62637176,
                "id_str": "62637176",
                "indices": [
                    25,
                    39
                ]
            },
            {
                "screen_name": "citibike",
                "name": "citibike",
                "id": 224891268,
                "id_str": "224891268",
                "indices": [
                    107,
                    116
                ]
            }
        ],
        "urls": []
    },
    "metadata": {
        "iso_language_code": "en",
        "result_type": "recent"
    },
    "source": "<a href=\"http://twitter.com/download/android\" rel=\"nofollow\">Twitter for Android</a>",
    "in_reply_to_status_id": null,
    "in_reply_to_status_id_str": null,
    "in_reply_to_user_id": null,
    "in_reply_to_user_id_str": null,
    "in_reply_to_screen_name": null,
    "user": {
        "id": 62637176,
        "id_str": "62637176",
        "name": "Justin Brannan",
        "screen_name": "JustinBrannan",
        "location": "Brooklyn, NY",
        "description": "NYC Councilman representing the great neighborhoods where I grew up: #BayRidge #DykerHeights #BathBeach and #Bensonhurst. Email me: AskJB@council.nyc.gov",
        "url": "https://t.co/SXijmgkbe8",
        "entities": {
            "url": {
                "urls": [
                    {
                        "url": "https://t.co/SXijmgkbe8",
                        "expanded_url": "https://council.nyc.gov/district-43/",
                        "display_url": "council.nyc.gov/district-43/",
                        "indices": [
                            0,
                            23
                        ]
                    }
                ]
            },
            "description": {
                "urls": []
            }
        },
        "protected": false,
        "followers_count": 10311,
        "friends_count": 5164,
        "listed_count": 243,
        "created_at": "Mon Aug 03 22:15:47 +0000 2009",
        "favourites_count": 28605,
        "utc_offset": null,
        "time_zone": null,
        "geo_enabled": true,
        "verified": true,
        "statuses_count": 54306,
        "lang": "en",
        "contributors_enabled": false,
        "is_translator": false,
        "is_translation_enabled": false,
        "profile_background_color": "C0DEED",
        "profile_background_image_url": "http://abs.twimg.com/images/themes/theme1/bg.png",
        "profile_background_image_url_https": "https://abs.twimg.com/images/themes/theme1/bg.png",
        "profile_background_tile": true,
        "profile_image_url": "http://pbs.twimg.com/profile_images/995428290222583808/DSv0v3sJ_normal.jpg",
        "profile_image_url_https": "https://pbs.twimg.com/profile_images/995428290222583808/DSv0v3sJ_normal.jpg",
        "profile_banner_url": "https://pbs.twimg.com/profile_banners/62637176/1530501774",
        "profile_link_color": "0084B4",
        "profile_sidebar_border_color": "C0DEED",
        "profile_sidebar_fill_color": "DDEEF6",
        "profile_text_color": "333333",
        "profile_use_background_image": false,
        "has_extended_profile": true,
        "default_profile": false,
        "default_profile_image": false,
        "following": null,
        "follow_request_sent": null,
        "notifications": null,
        "translator_type": "none"
    },
    "geo": null,
    "coordinates": null,
    "place": null,
    "contributors": null,
    "retweeted_status": {
        "created_at": "Thu Apr 18 14:00:00 +0000 2019",
        "id": 1118876839223660544,
        "id_str": "1118876839223660544",
        "text": ".@NYPost: \"@JustinBrannan\u2019s letter also raised the possibility of City Council hearings into @Citibike\u2019s monopoly o\u2026 https://t.co/zGrNj1ojjB",
        "truncated": true,
        "entities": {
            "hashtags": [],
            "symbols": [],
            "user_mentions": [
                {
                    "screen_name": "nypost",
                    "name": "New York Post",
                    "id": 17469289,
                    "id_str": "17469289",
                    "indices": [
                        1,
                        8
                    ]
                },
                {
                    "screen_name": "JustinBrannan",
                    "name": "Justin Brannan",
                    "id": 62637176,
                    "id_str": "62637176",
                    "indices": [
                        11,
                        25
                    ]
                },
                {
                    "screen_name": "citibike",
                    "name": "citibike",
                    "id": 224891268,
                    "id_str": "224891268",
                    "indices": [
                        93,
                        102
                    ]
                }
            ],
            "urls": [
                {
                    "url": "https://t.co/zGrNj1ojjB",
                    "expanded_url": "https://twitter.com/i/web/status/1118876839223660544",
                    "display_url": "twitter.com/i/web/status/1\u2026",
                    "indices": [
                        117,
                        140
                    ]
                }
            ]
        },
        "metadata": {
            "iso_language_code": "en",
            "result_type": "recent"
        },
        "source": "<a href=\"https://about.twitter.com/products/tweetdeck\" rel=\"nofollow\">TweetDeck</a>",
        "in_reply_to_status_id": null,
        "in_reply_to_status_id_str": null,
        "in_reply_to_user_id": null,
        "in_reply_to_user_id_str": null,
        "in_reply_to_screen_name": null,
        "user": {
            "id": 97071323,
            "id_str": "97071323",
            "name": "NYCC",
            "screen_name": "nychange",
            "location": "New York",
            "description": "New York Communities for Change. Uniting neighborhoods in the fight for social and economic justice!",
            "url": "https://t.co/31de9x6shJ",
            "entities": {
                "url": {
                    "urls": [
                        {
                            "url": "https://t.co/31de9x6shJ",
                            "expanded_url": "http://www.nycommunities.org",
                            "display_url": "nycommunities.org",
                            "indices": [
                                0,
                                23
                            ]
                        }
                    ]
                },
                "description": {
                    "urls": []
                }
            },
            "protected": false,
            "followers_count": 15744,
            "friends_count": 2185,
            "listed_count": 391,
            "created_at": "Tue Dec 15 21:58:36 +0000 2009",
            "favourites_count": 6806,
            "utc_offset": null,
            "time_zone": null,
            "geo_enabled": true,
            "verified": true,
            "statuses_count": 20373,
            "lang": "en",
            "contributors_enabled": false,
            "is_translator": false,
            "is_translation_enabled": false,
            "profile_background_color": "C0DEED",
            "profile_background_image_url": "http://abs.twimg.com/images/themes/theme1/bg.png",
            "profile_background_image_url_https": "https://abs.twimg.com/images/themes/theme1/bg.png",
            "profile_background_tile": true,
            "profile_image_url": "http://pbs.twimg.com/profile_images/746299681177739264/apCFNF06_normal.jpg",
            "profile_image_url_https": "https://pbs.twimg.com/profile_images/746299681177739264/apCFNF06_normal.jpg",
            "profile_banner_url": "https://pbs.twimg.com/profile_banners/97071323/1510088458",
            "profile_link_color": "FF6319",
            "profile_sidebar_border_color": "C0DEED",
            "profile_sidebar_fill_color": "DDEEF6",
            "profile_text_color": "333333",
            "profile_use_background_image": false,
            "has_extended_profile": false,
            "default_profile": false,
            "default_profile_image": false,
            "following": null,
            "follow_request_sent": null,
            "notifications": null,
            "translator_type": "none"
        },
        "geo": null,
        "coordinates": null,
        "place": null,
        "contributors": null,
        "is_quote_status": false,
        "retweet_count": 1,
        "favorite_count": 2,
        "favorited": false,
        "retweeted": false,
        "possibly_sensitive": false,
        "lang": "en"
    },
    "is_quote_status": false,
    "retweet_count": 1,
    "favorite_count": 0,
    "favorited": false,
    "retweeted": false,
    "lang": "en"
}