{
    "created_at": "Tue Apr 16 05:26:26 +0000 2019",
    "id": 1118022817965125632,
    "id_str": "1118022817965125632",
    "text": "@NCTsmtown_127 You can rent a Citi bike, ride along the west side highway - stop by Chelsea market for tacos at Los\u2026 https://t.co/awv9FV1VBb",
    "truncated": true,
    "entities": {
        "hashtags": [],
        "symbols": [],
        "user_mentions": [
            {
                "screen_name": "NCTsmtown_127",
                "name": "NCT 127",
                "id": 869875390465982465,
                "id_str": "869875390465982465",
                "indices": [
                    0,
                    14
                ]
            }
        ],
        "urls": [
            {
                "url": "https://t.co/awv9FV1VBb",
                "expanded_url": "https://twitter.com/i/web/status/1118022817965125632",
                "display_url": "twitter.com/i/web/status/1\u2026",
                "indices": [
                    117,
                    140
                ]
            }
        ]
    },
    "metadata": {
        "iso_language_code": "en",
        "result_type": "recent"
    },
    "source": "<a href=\"http://twitter.com/download/iphone\" rel=\"nofollow\">Twitter for iPhone</a>",
    "in_reply_to_status_id": 1117814726010867712,
    "in_reply_to_status_id_str": "1117814726010867712",
    "in_reply_to_user_id": 869875390465982465,
    "in_reply_to_user_id_str": "869875390465982465",
    "in_reply_to_screen_name": "NCTsmtown_127",
    "user": {
        "id": 56527205,
        "id_str": "56527205",
        "name": "Jenny \ud83d\udc81\ud83c\udffb\u200d\u2640\ufe0f is excited to see #NCT127inNJ \ud83d\udd25",
        "screen_name": "j3nny89",
        "location": "New York, NY",
        "description": "NYC born and always exploring the \ud83d\uddfa\ud83c\udf0e",
        "url": null,
        "entities": {
            "description": {
                "urls": []
            }
        },
        "protected": false,
        "followers_count": 46,
        "friends_count": 241,
        "listed_count": 0,
        "created_at": "Mon Jul 13 23:10:29 +0000 2009",
        "favourites_count": 1489,
        "utc_offset": null,
        "time_zone": null,
        "geo_enabled": false,
        "verified": false,
        "statuses_count": 2723,
        "lang": "en",
        "contributors_enabled": false,
        "is_translator": false,
        "is_translation_enabled": false,
        "profile_background_color": "EDECE9",
        "profile_background_image_url": "http://abs.twimg.com/images/themes/theme3/bg.gif",
        "profile_background_image_url_https": "https://abs.twimg.com/images/themes/theme3/bg.gif",
        "profile_background_tile": false,
        "profile_image_url": "http://pbs.twimg.com/profile_images/850743363867377665/7MkTuYHy_normal.jpg",
        "profile_image_url_https": "https://pbs.twimg.com/profile_images/850743363867377665/7MkTuYHy_normal.jpg",
        "profile_banner_url": "https://pbs.twimg.com/profile_banners/56527205/1555393533",
        "profile_link_color": "088253",
        "profile_sidebar_border_color": "D3D2CF",
        "profile_sidebar_fill_color": "E3E2DE",
        "profile_text_color": "634047",
        "profile_use_background_image": true,
        "has_extended_profile": false,
        "default_profile": false,
        "default_profile_image": false,
        "following": null,
        "follow_request_sent": null,
        "notifications": null,
        "translator_type": "none"
    },
    "geo": null,
    "coordinates": null,
    "place": null,
    "contributors": null,
    "is_quote_status": false,
    "retweet_count": 0,
    "favorite_count": 0,
    "favorited": false,
    "retweeted": false,
    "lang": "en"
}