{
    "created_at": "Tue Apr 16 04:22:02 +0000 2019",
    "id": 1118006612596105217,
    "id_str": "1118006612596105217",
    "text": "Lyft adds New York\u2019s Citi Bikes to its app https://t.co/y28tAFKM2l https://t.co/fYO6sZI9GB",
    "truncated": false,
    "entities": {
        "hashtags": [],
        "symbols": [],
        "user_mentions": [],
        "urls": [
            {
                "url": "https://t.co/y28tAFKM2l",
                "expanded_url": "http://dlvr.it/R2tyhR",
                "display_url": "dlvr.it/R2tyhR",
                "indices": [
                    43,
                    66
                ]
            }
        ],
        "media": [
            {
                "id": 1118006610951979009,
                "id_str": "1118006610951979009",
                "indices": [
                    67,
                    90
                ],
                "media_url": "http://pbs.twimg.com/media/D4P1FtZUwAEMuO9.jpg",
                "media_url_https": "https://pbs.twimg.com/media/D4P1FtZUwAEMuO9.jpg",
                "url": "https://t.co/fYO6sZI9GB",
                "display_url": "pic.twitter.com/fYO6sZI9GB",
                "expanded_url": "https://twitter.com/SuperTechNews1/status/1118006612596105217/photo/1",
                "type": "photo",
                "sizes": {
                    "thumb": {
                        "w": 150,
                        "h": 150,
                        "resize": "crop"
                    },
                    "small": {
                        "w": 680,
                        "h": 357,
                        "resize": "fit"
                    },
                    "medium": {
                        "w": 1200,
                        "h": 630,
                        "resize": "fit"
                    },
                    "large": {
                        "w": 1200,
                        "h": 630,
                        "resize": "fit"
                    }
                }
            }
        ]
    },
    "extended_entities": {
        "media": [
            {
                "id": 1118006610951979009,
                "id_str": "1118006610951979009",
                "indices": [
                    67,
                    90
                ],
                "media_url": "http://pbs.twimg.com/media/D4P1FtZUwAEMuO9.jpg",
                "media_url_https": "https://pbs.twimg.com/media/D4P1FtZUwAEMuO9.jpg",
                "url": "https://t.co/fYO6sZI9GB",
                "display_url": "pic.twitter.com/fYO6sZI9GB",
                "expanded_url": "https://twitter.com/SuperTechNews1/status/1118006612596105217/photo/1",
                "type": "photo",
                "sizes": {
                    "thumb": {
                        "w": 150,
                        "h": 150,
                        "resize": "crop"
                    },
                    "small": {
                        "w": 680,
                        "h": 357,
                        "resize": "fit"
                    },
                    "medium": {
                        "w": 1200,
                        "h": 630,
                        "resize": "fit"
                    },
                    "large": {
                        "w": 1200,
                        "h": 630,
                        "resize": "fit"
                    }
                }
            }
        ]
    },
    "metadata": {
        "iso_language_code": "en",
        "result_type": "recent"
    },
    "source": "<a href=\"https://dlvrit.com/\" rel=\"nofollow\">dlvr.it</a>",
    "in_reply_to_status_id": null,
    "in_reply_to_status_id_str": null,
    "in_reply_to_user_id": null,
    "in_reply_to_user_id_str": null,
    "in_reply_to_screen_name": null,
    "user": {
        "id": 1113606191240945664,
        "id_str": "1113606191240945664",
        "name": "SuperTechNews",
        "screen_name": "SuperTechNews1",
        "location": "",
        "description": "In this site you fine the ultimate news for technology around the word...",
        "url": null,
        "entities": {
            "description": {
                "urls": []
            }
        },
        "protected": false,
        "followers_count": 82,
        "friends_count": 535,
        "listed_count": 0,
        "created_at": "Thu Apr 04 00:56:20 +0000 2019",
        "favourites_count": 0,
        "utc_offset": null,
        "time_zone": null,
        "geo_enabled": false,
        "verified": false,
        "statuses_count": 32,
        "lang": "en",
        "contributors_enabled": false,
        "is_translator": false,
        "is_translation_enabled": false,
        "profile_background_color": "F5F8FA",
        "profile_background_image_url": null,
        "profile_background_image_url_https": null,
        "profile_background_tile": false,
        "profile_image_url": "http://pbs.twimg.com/profile_images/1113607884900851713/2eaB1-mU_normal.jpg",
        "profile_image_url_https": "https://pbs.twimg.com/profile_images/1113607884900851713/2eaB1-mU_normal.jpg",
        "profile_link_color": "1DA1F2",
        "profile_sidebar_border_color": "C0DEED",
        "profile_sidebar_fill_color": "DDEEF6",
        "profile_text_color": "333333",
        "profile_use_background_image": true,
        "has_extended_profile": false,
        "default_profile": true,
        "default_profile_image": false,
        "following": null,
        "follow_request_sent": null,
        "notifications": null,
        "translator_type": "none"
    },
    "geo": null,
    "coordinates": null,
    "place": null,
    "contributors": null,
    "is_quote_status": false,
    "retweet_count": 1,
    "favorite_count": 1,
    "favorited": false,
    "retweeted": false,
    "possibly_sensitive": false,
    "lang": "en"
}