{
    "created_at": "Tue Apr 16 11:15:47 +0000 2019",
    "id": 1118110734251175936,
    "id_str": "1118110734251175936",
    "text": "Citi Bike Pulls Electric Bikes With Touchy Brakes After Rider Breaks Hip https://t.co/uBZ2XoHMkz",
    "truncated": false,
    "entities": {
        "hashtags": [],
        "symbols": [],
        "user_mentions": [],
        "urls": [
            {
                "url": "https://t.co/uBZ2XoHMkz",
                "expanded_url": "https://jalopnik.com/citi-bike-pulls-electric-bikes-because-of-overly-sensit-1834047560",
                "display_url": "jalopnik.com/citi-bike-pull\u2026",
                "indices": [
                    73,
                    96
                ]
            }
        ]
    },
    "metadata": {
        "iso_language_code": "en",
        "result_type": "recent"
    },
    "source": "<a href=\"https://paper.li\" rel=\"nofollow\">Paper.li</a>",
    "in_reply_to_status_id": null,
    "in_reply_to_status_id_str": null,
    "in_reply_to_user_id": null,
    "in_reply_to_user_id_str": null,
    "in_reply_to_screen_name": null,
    "user": {
        "id": 1389753481,
        "id_str": "1389753481",
        "name": "Chicago Bike Tuner",
        "screen_name": "ChicagoBicycle",
        "location": "Chicago",
        "description": "Chicago | Mobile Bicycle Repair | Delivered Directly to You   Call or Text 312.324.4198 for your next appointment  No Hassle, Hustle or Attitude",
        "url": "https://t.co/KbIfOQNJ5x",
        "entities": {
            "url": {
                "urls": [
                    {
                        "url": "https://t.co/KbIfOQNJ5x",
                        "expanded_url": "http://chicagobiketuner.com",
                        "display_url": "chicagobiketuner.com",
                        "indices": [
                            0,
                            23
                        ]
                    }
                ]
            },
            "description": {
                "urls": []
            }
        },
        "protected": false,
        "followers_count": 139,
        "friends_count": 144,
        "listed_count": 9,
        "created_at": "Mon Apr 29 15:25:24 +0000 2013",
        "favourites_count": 168,
        "utc_offset": null,
        "time_zone": null,
        "geo_enabled": false,
        "verified": false,
        "statuses_count": 2933,
        "lang": "en",
        "contributors_enabled": false,
        "is_translator": false,
        "is_translation_enabled": false,
        "profile_background_color": "C0DEED",
        "profile_background_image_url": "http://abs.twimg.com/images/themes/theme1/bg.png",
        "profile_background_image_url_https": "https://abs.twimg.com/images/themes/theme1/bg.png",
        "profile_background_tile": false,
        "profile_image_url": "http://pbs.twimg.com/profile_images/727504158912307200/isgPPRYL_normal.jpg",
        "profile_image_url_https": "https://pbs.twimg.com/profile_images/727504158912307200/isgPPRYL_normal.jpg",
        "profile_banner_url": "https://pbs.twimg.com/profile_banners/1389753481/1462285451",
        "profile_link_color": "1DA1F2",
        "profile_sidebar_border_color": "C0DEED",
        "profile_sidebar_fill_color": "DDEEF6",
        "profile_text_color": "333333",
        "profile_use_background_image": true,
        "has_extended_profile": false,
        "default_profile": true,
        "default_profile_image": false,
        "following": null,
        "follow_request_sent": null,
        "notifications": null,
        "translator_type": "none"
    },
    "geo": null,
    "coordinates": null,
    "place": null,
    "contributors": null,
    "is_quote_status": false,
    "retweet_count": 0,
    "favorite_count": 0,
    "favorited": false,
    "retweeted": false,
    "possibly_sensitive": false,
    "lang": "en"
}