{
    "created_at": "Tue Apr 16 19:32:58 +0000 2019",
    "id": 1118235857016672256,
    "id_str": "1118235857016672256",
    "text": "RT @TDF79: Citi Bike Pulls Electric Bikes With Touchy Brakes After Rider Breaks Hip https://t.co/oYDzioD5X9",
    "truncated": false,
    "entities": {
        "hashtags": [],
        "symbols": [],
        "user_mentions": [
            {
                "screen_name": "TDF79",
                "name": "Harlow Cycling Page",
                "id": 2245749044,
                "id_str": "2245749044",
                "indices": [
                    3,
                    9
                ]
            }
        ],
        "urls": [
            {
                "url": "https://t.co/oYDzioD5X9",
                "expanded_url": "https://jalopnik.com/citi-bike-pulls-electric-bikes-because-of-overly-sensit-1834047560",
                "display_url": "jalopnik.com/citi-bike-pull\u2026",
                "indices": [
                    84,
                    107
                ]
            }
        ]
    },
    "metadata": {
        "iso_language_code": "en",
        "result_type": "recent"
    },
    "source": "<a href=\"http://twitter.com/download/iphone\" rel=\"nofollow\">Twitter for iPhone</a>",
    "in_reply_to_status_id": null,
    "in_reply_to_status_id_str": null,
    "in_reply_to_user_id": null,
    "in_reply_to_user_id_str": null,
    "in_reply_to_screen_name": null,
    "user": {
        "id": 1024674644,
        "id_str": "1024674644",
        "name": "MGM Clinics",
        "screen_name": "MGMclinics",
        "location": "Harlow, CM19 5QE",
        "description": "Chiropractic/Physiotherapy/Sports Massage.  \ud83c\udfc6Award-winning  \ud83d\udcde(01279)456007",
        "url": "https://t.co/2ACRAmCf61",
        "entities": {
            "url": {
                "urls": [
                    {
                        "url": "https://t.co/2ACRAmCf61",
                        "expanded_url": "http://www.mgm-clinics.co.uk",
                        "display_url": "mgm-clinics.co.uk",
                        "indices": [
                            0,
                            23
                        ]
                    }
                ]
            },
            "description": {
                "urls": []
            }
        },
        "protected": false,
        "followers_count": 1288,
        "friends_count": 1494,
        "listed_count": 4,
        "created_at": "Thu Dec 20 17:30:08 +0000 2012",
        "favourites_count": 9812,
        "utc_offset": null,
        "time_zone": null,
        "geo_enabled": true,
        "verified": false,
        "statuses_count": 2861,
        "lang": "en",
        "contributors_enabled": false,
        "is_translator": false,
        "is_translation_enabled": false,
        "profile_background_color": "1A1B1F",
        "profile_background_image_url": "http://abs.twimg.com/images/themes/theme9/bg.gif",
        "profile_background_image_url_https": "https://abs.twimg.com/images/themes/theme9/bg.gif",
        "profile_background_tile": false,
        "profile_image_url": "http://pbs.twimg.com/profile_images/869125655396577280/mz7CIpFW_normal.jpg",
        "profile_image_url_https": "https://pbs.twimg.com/profile_images/869125655396577280/mz7CIpFW_normal.jpg",
        "profile_banner_url": "https://pbs.twimg.com/profile_banners/1024674644/1538775723",
        "profile_link_color": "1B95E0",
        "profile_sidebar_border_color": "000000",
        "profile_sidebar_fill_color": "252429",
        "profile_text_color": "666666",
        "profile_use_background_image": true,
        "has_extended_profile": false,
        "default_profile": false,
        "default_profile_image": false,
        "following": null,
        "follow_request_sent": null,
        "notifications": null,
        "translator_type": "none"
    },
    "geo": null,
    "coordinates": null,
    "place": null,
    "contributors": null,
    "retweeted_status": {
        "created_at": "Tue Apr 16 18:32:52 +0000 2019",
        "id": 1118220732381765632,
        "id_str": "1118220732381765632",
        "text": "Citi Bike Pulls Electric Bikes With Touchy Brakes After Rider Breaks Hip https://t.co/oYDzioD5X9",
        "truncated": false,
        "entities": {
            "hashtags": [],
            "symbols": [],
            "user_mentions": [],
            "urls": [
                {
                    "url": "https://t.co/oYDzioD5X9",
                    "expanded_url": "https://jalopnik.com/citi-bike-pulls-electric-bikes-because-of-overly-sensit-1834047560",
                    "display_url": "jalopnik.com/citi-bike-pull\u2026",
                    "indices": [
                        73,
                        96
                    ]
                }
            ]
        },
        "metadata": {
            "iso_language_code": "en",
            "result_type": "recent"
        },
        "source": "<a href=\"https://paper.li\" rel=\"nofollow\">Paper.li</a>",
        "in_reply_to_status_id": null,
        "in_reply_to_status_id_str": null,
        "in_reply_to_user_id": null,
        "in_reply_to_user_id_str": null,
        "in_reply_to_screen_name": null,
        "user": {
            "id": 2245749044,
            "id_str": "2245749044",
            "name": "Harlow Cycling Page",
            "screen_name": "TDF79",
            "location": "http://harlowcyclingpage.blogs",
            "description": "A Page for all Kinds Of Cycling News And cycle Reviews from Local  to world wide. https://t.co/AIaR8itn4i",
            "url": "https://t.co/B9FUvFynlE",
            "entities": {
                "url": {
                    "urls": [
                        {
                            "url": "https://t.co/B9FUvFynlE",
                            "expanded_url": "https://www.facebook.com/pages/Harlow-Cycle-Page/805601672891539",
                            "display_url": "facebook.com/pages/Harlow-C\u2026",
                            "indices": [
                                0,
                                23
                            ]
                        }
                    ]
                },
                "description": {
                    "urls": [
                        {
                            "url": "https://t.co/AIaR8itn4i",
                            "expanded_url": "http://harlowcyclingpage.blogspot.co.uk",
                            "display_url": "harlowcyclingpage.blogspot.co.uk",
                            "indices": [
                                82,
                                105
                            ]
                        }
                    ]
                }
            },
            "protected": false,
            "followers_count": 3192,
            "friends_count": 2775,
            "listed_count": 97,
            "created_at": "Sat Dec 14 15:24:41 +0000 2013",
            "favourites_count": 22545,
            "utc_offset": null,
            "time_zone": null,
            "geo_enabled": false,
            "verified": false,
            "statuses_count": 41625,
            "lang": "en",
            "contributors_enabled": false,
            "is_translator": false,
            "is_translation_enabled": false,
            "profile_background_color": "0099B9",
            "profile_background_image_url": "http://abs.twimg.com/images/themes/theme4/bg.gif",
            "profile_background_image_url_https": "https://abs.twimg.com/images/themes/theme4/bg.gif",
            "profile_background_tile": false,
            "profile_image_url": "http://pbs.twimg.com/profile_images/694738570595147776/ysFeBAk__normal.jpg",
            "profile_image_url_https": "https://pbs.twimg.com/profile_images/694738570595147776/ysFeBAk__normal.jpg",
            "profile_banner_url": "https://pbs.twimg.com/profile_banners/2245749044/1397326001",
            "profile_link_color": "0099B9",
            "profile_sidebar_border_color": "5ED4DC",
            "profile_sidebar_fill_color": "95E8EC",
            "profile_text_color": "3C3940",
            "profile_use_background_image": true,
            "has_extended_profile": false,
            "default_profile": false,
            "default_profile_image": false,
            "following": null,
            "follow_request_sent": null,
            "notifications": null,
            "translator_type": "none"
        },
        "geo": null,
        "coordinates": null,
        "place": null,
        "contributors": null,
        "is_quote_status": false,
        "retweet_count": 1,
        "favorite_count": 1,
        "favorited": false,
        "retweeted": false,
        "possibly_sensitive": false,
        "lang": "en"
    },
    "is_quote_status": false,
    "retweet_count": 1,
    "favorite_count": 0,
    "favorited": false,
    "retweeted": false,
    "possibly_sensitive": false,
    "lang": "en"
}