{
    "created_at": "Tue Apr 16 07:00:47 +0000 2019",
    "id": 1118046561773158400,
    "id_str": "1118046561773158400",
    "text": "Lyft adds New York\u2019s Citi Bikes to its app https://t.co/8w6Lsudz9Y",
    "truncated": false,
    "entities": {
        "hashtags": [],
        "symbols": [],
        "user_mentions": [],
        "urls": [
            {
                "url": "https://t.co/8w6Lsudz9Y",
                "expanded_url": "http://j.mp/2Gp5PDA",
                "display_url": "j.mp/2Gp5PDA",
                "indices": [
                    43,
                    66
                ]
            }
        ]
    },
    "metadata": {
        "iso_language_code": "en",
        "result_type": "recent"
    },
    "source": "<a href=\"https://ifttt.com\" rel=\"nofollow\">IFTTT</a>",
    "in_reply_to_status_id": null,
    "in_reply_to_status_id_str": null,
    "in_reply_to_user_id": null,
    "in_reply_to_user_id_str": null,
    "in_reply_to_screen_name": null,
    "user": {
        "id": 72741501,
        "id_str": "72741501",
        "name": "ArchMerciGod",
        "screen_name": "ArchMerciGod",
        "location": "Bangkok",
        "description": "Founder: https://t.co/821PnjVbay | https://t.co/86xwuG8LGH | https://t.co/QRz6cLzf3j",
        "url": "https://t.co/Qzo5Gi8mOv",
        "entities": {
            "url": {
                "urls": [
                    {
                        "url": "https://t.co/Qzo5Gi8mOv",
                        "expanded_url": "http://www.photostory.in.th",
                        "display_url": "photostory.in.th",
                        "indices": [
                            0,
                            23
                        ]
                    }
                ]
            },
            "description": {
                "urls": [
                    {
                        "url": "https://t.co/821PnjVbay",
                        "expanded_url": "http://MerciGod.com",
                        "display_url": "MerciGod.com",
                        "indices": [
                            9,
                            32
                        ]
                    },
                    {
                        "url": "https://t.co/86xwuG8LGH",
                        "expanded_url": "http://PhotoStory.in.th",
                        "display_url": "PhotoStory.in.th",
                        "indices": [
                            35,
                            58
                        ]
                    },
                    {
                        "url": "https://t.co/QRz6cLzf3j",
                        "expanded_url": "http://NONONFamily.com",
                        "display_url": "NONONFamily.com",
                        "indices": [
                            61,
                            84
                        ]
                    }
                ]
            }
        },
        "protected": false,
        "followers_count": 411,
        "friends_count": 747,
        "listed_count": 25,
        "created_at": "Wed Sep 09 02:31:43 +0000 2009",
        "favourites_count": 39,
        "utc_offset": null,
        "time_zone": null,
        "geo_enabled": true,
        "verified": false,
        "statuses_count": 103004,
        "lang": "en",
        "contributors_enabled": false,
        "is_translator": false,
        "is_translation_enabled": false,
        "profile_background_color": "C6E2EE",
        "profile_background_image_url": "http://abs.twimg.com/images/themes/theme15/bg.png",
        "profile_background_image_url_https": "https://abs.twimg.com/images/themes/theme15/bg.png",
        "profile_background_tile": false,
        "profile_image_url": "http://pbs.twimg.com/profile_images/625723291152420864/2nRfEq_S_normal.jpg",
        "profile_image_url_https": "https://pbs.twimg.com/profile_images/625723291152420864/2nRfEq_S_normal.jpg",
        "profile_banner_url": "https://pbs.twimg.com/profile_banners/72741501/1553955115",
        "profile_link_color": "FF462D",
        "profile_sidebar_border_color": "C6E2EE",
        "profile_sidebar_fill_color": "DAECF4",
        "profile_text_color": "663B12",
        "profile_use_background_image": true,
        "has_extended_profile": true,
        "default_profile": false,
        "default_profile_image": false,
        "following": null,
        "follow_request_sent": null,
        "notifications": null,
        "translator_type": "none"
    },
    "geo": null,
    "coordinates": null,
    "place": null,
    "contributors": null,
    "is_quote_status": false,
    "retweet_count": 0,
    "favorite_count": 0,
    "favorited": false,
    "retweeted": false,
    "possibly_sensitive": false,
    "lang": "en"
}