{
    "created_at": "Tue Apr 16 11:41:25 +0000 2019",
    "id": 1118117185006731265,
    "id_str": "1118117185006731265",
    "text": "Citi Bike Pulls New Electric Bikes Off Streets, Citing Safety Concerns - The New York Times https://t.co/VbIDyGT4Eo",
    "truncated": false,
    "entities": {
        "hashtags": [],
        "symbols": [],
        "user_mentions": [],
        "urls": [
            {
                "url": "https://t.co/VbIDyGT4Eo",
                "expanded_url": "https://nyti.ms/2KRDKsG",
                "display_url": "nyti.ms/2KRDKsG",
                "indices": [
                    92,
                    115
                ]
            }
        ]
    },
    "metadata": {
        "iso_language_code": "en",
        "result_type": "recent"
    },
    "source": "<a href=\"https://bitly.com/\" rel=\"nofollow\">Bitly</a>",
    "in_reply_to_status_id": null,
    "in_reply_to_status_id_str": null,
    "in_reply_to_user_id": null,
    "in_reply_to_user_id_str": null,
    "in_reply_to_screen_name": null,
    "user": {
        "id": 42660725,
        "id_str": "42660725",
        "name": "Patricia Farrell",
        "screen_name": "drpatfarrell",
        "location": "United States",
        "description": "Dr. Farrell is a psychologist, author, photographer, interested in  film, writing. Don't DM me.  https://t.co/IyU3d3tkHc",
        "url": "https://t.co/IyU3d3tkHc",
        "entities": {
            "url": {
                "urls": [
                    {
                        "url": "https://t.co/IyU3d3tkHc",
                        "expanded_url": "http://www.drfarrell.net",
                        "display_url": "drfarrell.net",
                        "indices": [
                            0,
                            23
                        ]
                    }
                ]
            },
            "description": {
                "urls": [
                    {
                        "url": "https://t.co/IyU3d3tkHc",
                        "expanded_url": "http://www.drfarrell.net",
                        "display_url": "drfarrell.net",
                        "indices": [
                            97,
                            120
                        ]
                    }
                ]
            }
        },
        "protected": false,
        "followers_count": 10032,
        "friends_count": 10820,
        "listed_count": 512,
        "created_at": "Tue May 26 16:34:32 +0000 2009",
        "favourites_count": 150,
        "utc_offset": null,
        "time_zone": null,
        "geo_enabled": false,
        "verified": false,
        "statuses_count": 421532,
        "lang": "en",
        "contributors_enabled": false,
        "is_translator": false,
        "is_translation_enabled": false,
        "profile_background_color": "C0DEED",
        "profile_background_image_url": "http://abs.twimg.com/images/themes/theme1/bg.png",
        "profile_background_image_url_https": "https://abs.twimg.com/images/themes/theme1/bg.png",
        "profile_background_tile": true,
        "profile_image_url": "http://pbs.twimg.com/profile_images/1104584544265650179/kY3Kx8o__normal.png",
        "profile_image_url_https": "https://pbs.twimg.com/profile_images/1104584544265650179/kY3Kx8o__normal.png",
        "profile_banner_url": "https://pbs.twimg.com/profile_banners/42660725/1405805069",
        "profile_link_color": "0084B4",
        "profile_sidebar_border_color": "FFFFFF",
        "profile_sidebar_fill_color": "DDEEF6",
        "profile_text_color": "333333",
        "profile_use_background_image": true,
        "has_extended_profile": false,
        "default_profile": false,
        "default_profile_image": false,
        "following": null,
        "follow_request_sent": null,
        "notifications": null,
        "translator_type": "none"
    },
    "geo": null,
    "coordinates": null,
    "place": null,
    "contributors": null,
    "is_quote_status": false,
    "retweet_count": 0,
    "favorite_count": 0,
    "favorited": false,
    "retweeted": false,
    "possibly_sensitive": false,
    "lang": "en"
}