{
    "created_at": "Tue Apr 16 18:42:16 +0000 2019",
    "id": 1118223098770337795,
    "id_str": "1118223098770337795",
    "text": "RT @Lelievre_Adrien: Les v\u00e9los Citi bike \u00e0 New York vont \u00eatre int\u00e9gr\u00e9s dans l'application de Lyft https://t.co/MGRNXF2Lji",
    "truncated": false,
    "entities": {
        "hashtags": [],
        "symbols": [],
        "user_mentions": [
            {
                "screen_name": "Lelievre_Adrien",
                "name": "Adrien Leli\u00e8vre",
                "id": 322171389,
                "id_str": "322171389",
                "indices": [
                    3,
                    19
                ]
            }
        ],
        "urls": [
            {
                "url": "https://t.co/MGRNXF2Lji",
                "expanded_url": "https://techcrunch.com/2019/04/15/lyft-adds-citi-bikes-to-its-app-for-nyc-riders/",
                "display_url": "techcrunch.com/2019/04/15/lyf\u2026",
                "indices": [
                    98,
                    121
                ]
            }
        ]
    },
    "metadata": {
        "iso_language_code": "fr",
        "result_type": "recent"
    },
    "source": "<a href=\"http://twitter.com/download/android\" rel=\"nofollow\">Twitter for Android</a>",
    "in_reply_to_status_id": null,
    "in_reply_to_status_id_str": null,
    "in_reply_to_user_id": null,
    "in_reply_to_user_id_str": null,
    "in_reply_to_screen_name": null,
    "user": {
        "id": 4063804475,
        "id_str": "4063804475",
        "name": "Laurent Bouzon",
        "screen_name": "Laurent_Bouzon",
        "location": "Lyon, France",
        "description": "Co-founder & CEO @lyko_app & @attractiv_io #Mobility #MaaS #Blockchain #Travel",
        "url": "https://t.co/g4IO98nv00",
        "entities": {
            "url": {
                "urls": [
                    {
                        "url": "https://t.co/g4IO98nv00",
                        "expanded_url": "http://lyko-app.com",
                        "display_url": "lyko-app.com",
                        "indices": [
                            0,
                            23
                        ]
                    }
                ]
            },
            "description": {
                "urls": []
            }
        },
        "protected": false,
        "followers_count": 487,
        "friends_count": 1725,
        "listed_count": 205,
        "created_at": "Wed Oct 28 23:05:48 +0000 2015",
        "favourites_count": 1731,
        "utc_offset": null,
        "time_zone": null,
        "geo_enabled": true,
        "verified": false,
        "statuses_count": 3098,
        "lang": "fr",
        "contributors_enabled": false,
        "is_translator": false,
        "is_translation_enabled": false,
        "profile_background_color": "C0DEED",
        "profile_background_image_url": "http://abs.twimg.com/images/themes/theme1/bg.png",
        "profile_background_image_url_https": "https://abs.twimg.com/images/themes/theme1/bg.png",
        "profile_background_tile": false,
        "profile_image_url": "http://pbs.twimg.com/profile_images/1114464213978763264/1ROYhkxE_normal.jpg",
        "profile_image_url_https": "https://pbs.twimg.com/profile_images/1114464213978763264/1ROYhkxE_normal.jpg",
        "profile_banner_url": "https://pbs.twimg.com/profile_banners/4063804475/1555341689",
        "profile_link_color": "1DA1F2",
        "profile_sidebar_border_color": "C0DEED",
        "profile_sidebar_fill_color": "DDEEF6",
        "profile_text_color": "333333",
        "profile_use_background_image": true,
        "has_extended_profile": true,
        "default_profile": true,
        "default_profile_image": false,
        "following": null,
        "follow_request_sent": null,
        "notifications": null,
        "translator_type": "none"
    },
    "geo": null,
    "coordinates": null,
    "place": null,
    "contributors": null,
    "retweeted_status": {
        "created_at": "Tue Apr 16 14:55:29 +0000 2019",
        "id": 1118166023411253248,
        "id_str": "1118166023411253248",
        "text": "Les v\u00e9los Citi bike \u00e0 New York vont \u00eatre int\u00e9gr\u00e9s dans l'application de Lyft https://t.co/MGRNXF2Lji",
        "truncated": false,
        "entities": {
            "hashtags": [],
            "symbols": [],
            "user_mentions": [],
            "urls": [
                {
                    "url": "https://t.co/MGRNXF2Lji",
                    "expanded_url": "https://techcrunch.com/2019/04/15/lyft-adds-citi-bikes-to-its-app-for-nyc-riders/",
                    "display_url": "techcrunch.com/2019/04/15/lyf\u2026",
                    "indices": [
                        77,
                        100
                    ]
                }
            ]
        },
        "metadata": {
            "iso_language_code": "fr",
            "result_type": "recent"
        },
        "source": "<a href=\"http://twitter.com\" rel=\"nofollow\">Twitter Web Client</a>",
        "in_reply_to_status_id": null,
        "in_reply_to_status_id_str": null,
        "in_reply_to_user_id": null,
        "in_reply_to_user_id_str": null,
        "in_reply_to_screen_name": null,
        "user": {
            "id": 322171389,
            "id_str": "322171389",
            "name": "Adrien Leli\u00e8vre",
            "screen_name": "Lelievre_Adrien",
            "location": "Lille",
            "description": "Journaliste @LesEchos | J'aime parler de mobilit\u00e9 (v\u00e9lo, trottinette, VTC) et d'urbanisme | Passionn\u00e9 d'histoire turque et de rock ind\u00e9 | alelievre@lesechos.fr",
            "url": "https://t.co/U4yYjRwQCr",
            "entities": {
                "url": {
                    "urls": [
                        {
                            "url": "https://t.co/U4yYjRwQCr",
                            "expanded_url": "http://www.lesechos.fr",
                            "display_url": "lesechos.fr",
                            "indices": [
                                0,
                                23
                            ]
                        }
                    ]
                },
                "description": {
                    "urls": []
                }
            },
            "protected": false,
            "followers_count": 2536,
            "friends_count": 3291,
            "listed_count": 88,
            "created_at": "Wed Jun 22 19:03:01 +0000 2011",
            "favourites_count": 3437,
            "utc_offset": null,
            "time_zone": null,
            "geo_enabled": false,
            "verified": false,
            "statuses_count": 15455,
            "lang": "fr",
            "contributors_enabled": false,
            "is_translator": false,
            "is_translation_enabled": false,
            "profile_background_color": "000000",
            "profile_background_image_url": "http://abs.twimg.com/images/themes/theme15/bg.png",
            "profile_background_image_url_https": "https://abs.twimg.com/images/themes/theme15/bg.png",
            "profile_background_tile": false,
            "profile_image_url": "http://pbs.twimg.com/profile_images/968185644785766400/ghkRnauF_normal.jpg",
            "profile_image_url_https": "https://pbs.twimg.com/profile_images/968185644785766400/ghkRnauF_normal.jpg",
            "profile_link_color": "1B95E0",
            "profile_sidebar_border_color": "000000",
            "profile_sidebar_fill_color": "000000",
            "profile_text_color": "000000",
            "profile_use_background_image": false,
            "has_extended_profile": true,
            "default_profile": false,
            "default_profile_image": false,
            "following": null,
            "follow_request_sent": null,
            "notifications": null,
            "translator_type": "none"
        },
        "geo": null,
        "coordinates": null,
        "place": null,
        "contributors": null,
        "is_quote_status": false,
        "retweet_count": 2,
        "favorite_count": 4,
        "favorited": false,
        "retweeted": false,
        "possibly_sensitive": false,
        "lang": "fr"
    },
    "is_quote_status": false,
    "retweet_count": 2,
    "favorite_count": 0,
    "favorited": false,
    "retweeted": false,
    "possibly_sensitive": false,
    "lang": "fr"
}