{
    "created_at": "Tue Apr 16 23:44:00 +0000 2019",
    "id": 1118299029727789056,
    "id_str": "1118299029727789056",
    "text": "Electric Citi Bikes recalled after touchy brakes sent riders flying: https://t.co/Ce8RIiIGR2 https://t.co/1bx3Kv93As",
    "truncated": false,
    "entities": {
        "hashtags": [],
        "symbols": [],
        "user_mentions": [],
        "urls": [
            {
                "url": "https://t.co/Ce8RIiIGR2",
                "expanded_url": "http://bit.ly/2UDrFMh",
                "display_url": "bit.ly/2UDrFMh",
                "indices": [
                    69,
                    92
                ]
            }
        ],
        "media": [
            {
                "id": 1118248713607098368,
                "id_str": "1118248713607098368",
                "indices": [
                    93,
                    116
                ],
                "media_url": "http://pbs.twimg.com/media/D4TRR8EWsAA7Zge.jpg",
                "media_url_https": "https://pbs.twimg.com/media/D4TRR8EWsAA7Zge.jpg",
                "url": "https://t.co/1bx3Kv93As",
                "display_url": "pic.twitter.com/1bx3Kv93As",
                "expanded_url": "https://twitter.com/AutoblogGreen/status/1118299029727789056/photo/1",
                "type": "photo",
                "sizes": {
                    "large": {
                        "w": 800,
                        "h": 450,
                        "resize": "fit"
                    },
                    "thumb": {
                        "w": 150,
                        "h": 150,
                        "resize": "crop"
                    },
                    "small": {
                        "w": 680,
                        "h": 383,
                        "resize": "fit"
                    },
                    "medium": {
                        "w": 800,
                        "h": 450,
                        "resize": "fit"
                    }
                }
            }
        ]
    },
    "extended_entities": {
        "media": [
            {
                "id": 1118248713607098368,
                "id_str": "1118248713607098368",
                "indices": [
                    93,
                    116
                ],
                "media_url": "http://pbs.twimg.com/media/D4TRR8EWsAA7Zge.jpg",
                "media_url_https": "https://pbs.twimg.com/media/D4TRR8EWsAA7Zge.jpg",
                "url": "https://t.co/1bx3Kv93As",
                "display_url": "pic.twitter.com/1bx3Kv93As",
                "expanded_url": "https://twitter.com/AutoblogGreen/status/1118299029727789056/photo/1",
                "type": "photo",
                "sizes": {
                    "large": {
                        "w": 800,
                        "h": 450,
                        "resize": "fit"
                    },
                    "thumb": {
                        "w": 150,
                        "h": 150,
                        "resize": "crop"
                    },
                    "small": {
                        "w": 680,
                        "h": 383,
                        "resize": "fit"
                    },
                    "medium": {
                        "w": 800,
                        "h": 450,
                        "resize": "fit"
                    }
                }
            }
        ]
    },
    "metadata": {
        "iso_language_code": "en",
        "result_type": "recent"
    },
    "source": "<a href=\"https://about.twitter.com/products/tweetdeck\" rel=\"nofollow\">TweetDeck</a>",
    "in_reply_to_status_id": null,
    "in_reply_to_status_id_str": null,
    "in_reply_to_user_id": null,
    "in_reply_to_user_id_str": null,
    "in_reply_to_screen_name": null,
    "user": {
        "id": 16618460,
        "id_str": "16618460",
        "name": "AutoblogGreen",
        "screen_name": "AutoblogGreen",
        "location": "",
        "description": "If you like cars, but still give a heck about the planet, let\u2019s be best friends.",
        "url": "https://t.co/tFNcKFeM8o",
        "entities": {
            "url": {
                "urls": [
                    {
                        "url": "https://t.co/tFNcKFeM8o",
                        "expanded_url": "http://www.autoblog.com/green",
                        "display_url": "autoblog.com/green",
                        "indices": [
                            0,
                            23
                        ]
                    }
                ]
            },
            "description": {
                "urls": []
            }
        },
        "protected": false,
        "followers_count": 26525,
        "friends_count": 1109,
        "listed_count": 930,
        "created_at": "Mon Oct 06 19:23:17 +0000 2008",
        "favourites_count": 509,
        "utc_offset": null,
        "time_zone": null,
        "geo_enabled": false,
        "verified": false,
        "statuses_count": 7153,
        "lang": "en",
        "contributors_enabled": false,
        "is_translator": false,
        "is_translation_enabled": false,
        "profile_background_color": "8B542B",
        "profile_background_image_url": "http://abs.twimg.com/images/themes/theme8/bg.gif",
        "profile_background_image_url_https": "https://abs.twimg.com/images/themes/theme8/bg.gif",
        "profile_background_tile": false,
        "profile_image_url": "http://pbs.twimg.com/profile_images/61391267/abg-twitter_normal.png",
        "profile_image_url_https": "https://pbs.twimg.com/profile_images/61391267/abg-twitter_normal.png",
        "profile_banner_url": "https://pbs.twimg.com/profile_banners/16618460/1551287887",
        "profile_link_color": "9D582E",
        "profile_sidebar_border_color": "D9B17E",
        "profile_sidebar_fill_color": "EADEAA",
        "profile_text_color": "333333",
        "profile_use_background_image": true,
        "has_extended_profile": false,
        "default_profile": false,
        "default_profile_image": false,
        "following": null,
        "follow_request_sent": null,
        "notifications": null,
        "translator_type": "none"
    },
    "geo": null,
    "coordinates": null,
    "place": null,
    "contributors": null,
    "is_quote_status": false,
    "retweet_count": 0,
    "favorite_count": 1,
    "favorited": false,
    "retweeted": false,
    "possibly_sensitive": false,
    "lang": "en"
}