{
    "created_at": "Tue Apr 16 15:05:23 +0000 2019",
    "id": 1118168517780672512,
    "id_str": "1118168517780672512",
    "text": "Who knew ? Pedal assist bikes can go up to 20 miles per hour. On a continuum from people to motorized vehicles, thi\u2026 https://t.co/77IgYUJooG",
    "truncated": true,
    "entities": {
        "hashtags": [],
        "symbols": [],
        "user_mentions": [],
        "urls": [
            {
                "url": "https://t.co/77IgYUJooG",
                "expanded_url": "https://twitter.com/i/web/status/1118168517780672512",
                "display_url": "twitter.com/i/web/status/1\u2026",
                "indices": [
                    117,
                    140
                ]
            }
        ]
    },
    "metadata": {
        "iso_language_code": "en",
        "result_type": "recent"
    },
    "source": "<a href=\"http://twitter.com/#!/download/ipad\" rel=\"nofollow\">Twitter for iPad</a>",
    "in_reply_to_status_id": null,
    "in_reply_to_status_id_str": null,
    "in_reply_to_user_id": null,
    "in_reply_to_user_id_str": null,
    "in_reply_to_screen_name": null,
    "user": {
        "id": 365245266,
        "id_str": "365245266",
        "name": "CHEKPEDS",
        "screen_name": "Chekpeds",
        "location": "new york city ",
        "description": "#Accessibility  #PedSafety #congestionpricing #visionzero #reclaimstreetspace #biking #transit",
        "url": "https://t.co/Iu4LiTFbXM",
        "entities": {
            "url": {
                "urls": [
                    {
                        "url": "https://t.co/Iu4LiTFbXM",
                        "expanded_url": "http://www.chekpeds.com",
                        "display_url": "chekpeds.com",
                        "indices": [
                            0,
                            23
                        ]
                    }
                ]
            },
            "description": {
                "urls": []
            }
        },
        "protected": false,
        "followers_count": 522,
        "friends_count": 315,
        "listed_count": 22,
        "created_at": "Wed Aug 31 03:05:35 +0000 2011",
        "favourites_count": 524,
        "utc_offset": null,
        "time_zone": null,
        "geo_enabled": true,
        "verified": false,
        "statuses_count": 4311,
        "lang": "en",
        "contributors_enabled": false,
        "is_translator": false,
        "is_translation_enabled": false,
        "profile_background_color": "C0DEED",
        "profile_background_image_url": "http://abs.twimg.com/images/themes/theme1/bg.png",
        "profile_background_image_url_https": "https://abs.twimg.com/images/themes/theme1/bg.png",
        "profile_background_tile": false,
        "profile_image_url": "http://pbs.twimg.com/profile_images/1521592219/image_normal.jpg",
        "profile_image_url_https": "https://pbs.twimg.com/profile_images/1521592219/image_normal.jpg",
        "profile_banner_url": "https://pbs.twimg.com/profile_banners/365245266/1465688391",
        "profile_link_color": "1DA1F2",
        "profile_sidebar_border_color": "C0DEED",
        "profile_sidebar_fill_color": "DDEEF6",
        "profile_text_color": "333333",
        "profile_use_background_image": true,
        "has_extended_profile": false,
        "default_profile": true,
        "default_profile_image": false,
        "following": null,
        "follow_request_sent": null,
        "notifications": null,
        "translator_type": "none"
    },
    "geo": null,
    "coordinates": null,
    "place": null,
    "contributors": null,
    "is_quote_status": false,
    "retweet_count": 0,
    "favorite_count": 3,
    "favorited": false,
    "retweeted": false,
    "possibly_sensitive": false,
    "lang": "en"
}