{
    "created_at": "Tue Apr 16 13:24:33 +0000 2019",
    "id": 1118143140341456897,
    "id_str": "1118143140341456897",
    "text": "New York Today: Citi Bike\u2019s Electric Bikes Are Fast. But Are They Dangerous? https://t.co/4F5Pgmtszk https://t.co/TVVciSwGhD",
    "truncated": false,
    "entities": {
        "hashtags": [],
        "symbols": [],
        "user_mentions": [],
        "urls": [
            {
                "url": "https://t.co/4F5Pgmtszk",
                "expanded_url": "https://www.nytimes.com/2019/04/16/nyregion/newyorktoday/nyc-news-citi-bike-electric.html?partner=rss&emc=rss&utm_source=dlvr.it&utm_medium=twitter",
                "display_url": "nytimes.com/2019/04/16/nyr\u2026",
                "indices": [
                    77,
                    100
                ]
            }
        ],
        "media": [
            {
                "id": 1118143138567217153,
                "id_str": "1118143138567217153",
                "indices": [
                    101,
                    124
                ],
                "media_url": "http://pbs.twimg.com/media/D4RxQqZW4AEgJIm.jpg",
                "media_url_https": "https://pbs.twimg.com/media/D4RxQqZW4AEgJIm.jpg",
                "url": "https://t.co/TVVciSwGhD",
                "display_url": "pic.twitter.com/TVVciSwGhD",
                "expanded_url": "https://twitter.com/econotus/status/1118143140341456897/photo/1",
                "type": "photo",
                "sizes": {
                    "large": {
                        "w": 1050,
                        "h": 550,
                        "resize": "fit"
                    },
                    "thumb": {
                        "w": 150,
                        "h": 150,
                        "resize": "crop"
                    },
                    "medium": {
                        "w": 1050,
                        "h": 550,
                        "resize": "fit"
                    },
                    "small": {
                        "w": 680,
                        "h": 356,
                        "resize": "fit"
                    }
                }
            }
        ]
    },
    "extended_entities": {
        "media": [
            {
                "id": 1118143138567217153,
                "id_str": "1118143138567217153",
                "indices": [
                    101,
                    124
                ],
                "media_url": "http://pbs.twimg.com/media/D4RxQqZW4AEgJIm.jpg",
                "media_url_https": "https://pbs.twimg.com/media/D4RxQqZW4AEgJIm.jpg",
                "url": "https://t.co/TVVciSwGhD",
                "display_url": "pic.twitter.com/TVVciSwGhD",
                "expanded_url": "https://twitter.com/econotus/status/1118143140341456897/photo/1",
                "type": "photo",
                "sizes": {
                    "large": {
                        "w": 1050,
                        "h": 550,
                        "resize": "fit"
                    },
                    "thumb": {
                        "w": 150,
                        "h": 150,
                        "resize": "crop"
                    },
                    "medium": {
                        "w": 1050,
                        "h": 550,
                        "resize": "fit"
                    },
                    "small": {
                        "w": 680,
                        "h": 356,
                        "resize": "fit"
                    }
                }
            }
        ]
    },
    "metadata": {
        "iso_language_code": "en",
        "result_type": "recent"
    },
    "source": "<a href=\"https://dlvrit.com/\" rel=\"nofollow\">dlvr.it</a>",
    "in_reply_to_status_id": null,
    "in_reply_to_status_id_str": null,
    "in_reply_to_user_id": null,
    "in_reply_to_user_id_str": null,
    "in_reply_to_screen_name": null,
    "user": {
        "id": 934884146438135808,
        "id_str": "934884146438135808",
        "name": "ECOnotus",
        "screen_name": "econotus",
        "location": "",
        "description": "Resonating the most relevant news of our world.",
        "url": null,
        "entities": {
            "description": {
                "urls": []
            }
        },
        "protected": false,
        "followers_count": 2,
        "friends_count": 1,
        "listed_count": 0,
        "created_at": "Sun Nov 26 20:38:44 +0000 2017",
        "favourites_count": 0,
        "utc_offset": null,
        "time_zone": null,
        "geo_enabled": false,
        "verified": false,
        "statuses_count": 3895,
        "lang": "es",
        "contributors_enabled": false,
        "is_translator": false,
        "is_translation_enabled": false,
        "profile_background_color": "F5F8FA",
        "profile_background_image_url": null,
        "profile_background_image_url_https": null,
        "profile_background_tile": false,
        "profile_image_url": "http://pbs.twimg.com/profile_images/934907806590885888/DPR9kmoO_normal.jpg",
        "profile_image_url_https": "https://pbs.twimg.com/profile_images/934907806590885888/DPR9kmoO_normal.jpg",
        "profile_banner_url": "https://pbs.twimg.com/profile_banners/934884146438135808/1511747662",
        "profile_link_color": "1DA1F2",
        "profile_sidebar_border_color": "C0DEED",
        "profile_sidebar_fill_color": "DDEEF6",
        "profile_text_color": "333333",
        "profile_use_background_image": true,
        "has_extended_profile": false,
        "default_profile": true,
        "default_profile_image": false,
        "following": null,
        "follow_request_sent": null,
        "notifications": null,
        "translator_type": "none"
    },
    "geo": null,
    "coordinates": null,
    "place": null,
    "contributors": null,
    "is_quote_status": false,
    "retweet_count": 0,
    "favorite_count": 0,
    "favorited": false,
    "retweeted": false,
    "possibly_sensitive": false,
    "lang": "en"
}