{
    "created_at": "Tue Apr 16 17:47:11 +0000 2019",
    "id": 1118209232556515328,
    "id_str": "1118209232556515328",
    "text": "RT @engadget: Lyft adds New York\u2019s Citi Bikes to its app https://t.co/VLuCgNFjlK",
    "truncated": false,
    "entities": {
        "hashtags": [],
        "symbols": [],
        "user_mentions": [
            {
                "screen_name": "engadget",
                "name": "Engadget",
                "id": 14372486,
                "id_str": "14372486",
                "indices": [
                    3,
                    12
                ]
            }
        ],
        "urls": [
            {
                "url": "https://t.co/VLuCgNFjlK",
                "expanded_url": "http://bit.ly/2UnbaiJ",
                "display_url": "bit.ly/2UnbaiJ",
                "indices": [
                    57,
                    80
                ]
            }
        ]
    },
    "metadata": {
        "iso_language_code": "en",
        "result_type": "recent"
    },
    "source": "<a href=\"http://twitter.com/download/iphone\" rel=\"nofollow\">Twitter for iPhone</a>",
    "in_reply_to_status_id": null,
    "in_reply_to_status_id_str": null,
    "in_reply_to_user_id": null,
    "in_reply_to_user_id_str": null,
    "in_reply_to_screen_name": null,
    "user": {
        "id": 241588187,
        "id_str": "241588187",
        "name": "whimchic",
        "screen_name": "whimchic",
        "location": "",
        "description": "*Fashion, Tech, Culture & Style \ud83d\udcac \u2018Curating\u2019 my Amazon Shop page ...         #AmazonInfluencer",
        "url": "https://t.co/eKrZQfrmLY",
        "entities": {
            "url": {
                "urls": [
                    {
                        "url": "https://t.co/eKrZQfrmLY",
                        "expanded_url": "http://www.amazon.com/shop/whimchic",
                        "display_url": "amazon.com/shop/whimchic",
                        "indices": [
                            0,
                            23
                        ]
                    }
                ]
            },
            "description": {
                "urls": []
            }
        },
        "protected": false,
        "followers_count": 2216,
        "friends_count": 4986,
        "listed_count": 636,
        "created_at": "Sat Jan 22 16:51:43 +0000 2011",
        "favourites_count": 39834,
        "utc_offset": null,
        "time_zone": null,
        "geo_enabled": true,
        "verified": false,
        "statuses_count": 98186,
        "lang": "en",
        "contributors_enabled": false,
        "is_translator": false,
        "is_translation_enabled": false,
        "profile_background_color": "ABB8C2",
        "profile_background_image_url": "http://abs.twimg.com/images/themes/theme1/bg.png",
        "profile_background_image_url_https": "https://abs.twimg.com/images/themes/theme1/bg.png",
        "profile_background_tile": false,
        "profile_image_url": "http://pbs.twimg.com/profile_images/799038275033960448/mFl_8rdM_normal.jpg",
        "profile_image_url_https": "https://pbs.twimg.com/profile_images/799038275033960448/mFl_8rdM_normal.jpg",
        "profile_banner_url": "https://pbs.twimg.com/profile_banners/241588187/1397124883",
        "profile_link_color": "94D487",
        "profile_sidebar_border_color": "000000",
        "profile_sidebar_fill_color": "F0FAF6",
        "profile_text_color": "99CEDB",
        "profile_use_background_image": true,
        "has_extended_profile": true,
        "default_profile": false,
        "default_profile_image": false,
        "following": null,
        "follow_request_sent": null,
        "notifications": null,
        "translator_type": "none"
    },
    "geo": null,
    "coordinates": null,
    "place": null,
    "contributors": null,
    "retweeted_status": {
        "created_at": "Tue Apr 16 02:31:55 +0000 2019",
        "id": 1117978899437244416,
        "id_str": "1117978899437244416",
        "text": "Lyft adds New York\u2019s Citi Bikes to its app https://t.co/VLuCgNFjlK",
        "truncated": false,
        "entities": {
            "hashtags": [],
            "symbols": [],
            "user_mentions": [],
            "urls": [
                {
                    "url": "https://t.co/VLuCgNFjlK",
                    "expanded_url": "http://bit.ly/2UnbaiJ",
                    "display_url": "bit.ly/2UnbaiJ",
                    "indices": [
                        43,
                        66
                    ]
                }
            ]
        },
        "metadata": {
            "iso_language_code": "en",
            "result_type": "recent"
        },
        "source": "<a href=\"http://www.naytev.com\" rel=\"nofollow\">Naytev</a>",
        "in_reply_to_status_id": null,
        "in_reply_to_status_id_str": null,
        "in_reply_to_user_id": null,
        "in_reply_to_user_id_str": null,
        "in_reply_to_screen_name": null,
        "user": {
            "id": 14372486,
            "id_str": "14372486",
            "name": "Engadget",
            "screen_name": "engadget",
            "location": "Global",
            "description": "Engadget is the original home for technology news and reviews. https://t.co/6NnXn9BWso",
            "url": "https://t.co/sPqsSwBKtx",
            "entities": {
                "url": {
                    "urls": [
                        {
                            "url": "https://t.co/sPqsSwBKtx",
                            "expanded_url": "http://www.engadget.com",
                            "display_url": "engadget.com",
                            "indices": [
                                0,
                                23
                            ]
                        }
                    ]
                },
                "description": {
                    "urls": [
                        {
                            "url": "https://t.co/6NnXn9BWso",
                            "expanded_url": "http://youtube.com/engadget",
                            "display_url": "youtube.com/engadget",
                            "indices": [
                                63,
                                86
                            ]
                        }
                    ]
                }
            },
            "protected": false,
            "followers_count": 2401044,
            "friends_count": 273,
            "listed_count": 51278,
            "created_at": "Sun Apr 13 02:42:50 +0000 2008",
            "favourites_count": 1557,
            "utc_offset": null,
            "time_zone": null,
            "geo_enabled": true,
            "verified": true,
            "statuses_count": 168809,
            "lang": "en",
            "contributors_enabled": false,
            "is_translator": false,
            "is_translation_enabled": false,
            "profile_background_color": "000000",
            "profile_background_image_url": "http://abs.twimg.com/images/themes/theme1/bg.png",
            "profile_background_image_url_https": "https://abs.twimg.com/images/themes/theme1/bg.png",
            "profile_background_tile": false,
            "profile_image_url": "http://pbs.twimg.com/profile_images/655059892022022144/Pq3Q_1oU_normal.png",
            "profile_image_url_https": "https://pbs.twimg.com/profile_images/655059892022022144/Pq3Q_1oU_normal.png",
            "profile_banner_url": "https://pbs.twimg.com/profile_banners/14372486/1508268919",
            "profile_link_color": "3B94D9",
            "profile_sidebar_border_color": "FFFFFF",
            "profile_sidebar_fill_color": "FFFFFF",
            "profile_text_color": "373737",
            "profile_use_background_image": false,
            "has_extended_profile": false,
            "default_profile": false,
            "default_profile_image": false,
            "following": null,
            "follow_request_sent": null,
            "notifications": null,
            "translator_type": "regular"
        },
        "geo": null,
        "coordinates": null,
        "place": null,
        "contributors": null,
        "is_quote_status": false,
        "retweet_count": 7,
        "favorite_count": 31,
        "favorited": false,
        "retweeted": false,
        "possibly_sensitive": false,
        "lang": "en"
    },
    "is_quote_status": false,
    "retweet_count": 7,
    "favorite_count": 0,
    "favorited": false,
    "retweeted": false,
    "possibly_sensitive": false,
    "lang": "en"
}