{
    "created_at": "Thu Apr 18 21:11:29 +0000 2019",
    "id": 1118985424309977088,
    "id_str": "1118985424309977088",
    "text": "Just got a Citi Bike membership. Please refer to me as Matt Hoffman moving forward.",
    "truncated": false,
    "entities": {
        "hashtags": [],
        "symbols": [],
        "user_mentions": [],
        "urls": []
    },
    "metadata": {
        "iso_language_code": "en",
        "result_type": "recent"
    },
    "source": "<a href=\"http://twitter.com/download/iphone\" rel=\"nofollow\">Twitter for iPhone</a>",
    "in_reply_to_status_id": null,
    "in_reply_to_status_id_str": null,
    "in_reply_to_user_id": null,
    "in_reply_to_user_id_str": null,
    "in_reply_to_screen_name": null,
    "user": {
        "id": 75666802,
        "id_str": "75666802",
        "name": "Malik Kondo",
        "screen_name": "ZeaKMaliK",
        "location": "BrooklyNati",
        "description": "Young King trying to keep my head. NUPE. AudioPhile. Thinker. Writer. Techie.",
        "url": null,
        "entities": {
            "description": {
                "urls": []
            }
        },
        "protected": false,
        "followers_count": 589,
        "friends_count": 1353,
        "listed_count": 11,
        "created_at": "Sat Sep 19 23:18:16 +0000 2009",
        "favourites_count": 3801,
        "utc_offset": null,
        "time_zone": null,
        "geo_enabled": true,
        "verified": false,
        "statuses_count": 22272,
        "lang": "en",
        "contributors_enabled": false,
        "is_translator": false,
        "is_translation_enabled": false,
        "profile_background_color": "EBEBEB",
        "profile_background_image_url": "http://abs.twimg.com/images/themes/theme1/bg.png",
        "profile_background_image_url_https": "https://abs.twimg.com/images/themes/theme1/bg.png",
        "profile_background_tile": true,
        "profile_image_url": "http://pbs.twimg.com/profile_images/1020914094440951808/CH9WN1LS_normal.jpg",
        "profile_image_url_https": "https://pbs.twimg.com/profile_images/1020914094440951808/CH9WN1LS_normal.jpg",
        "profile_banner_url": "https://pbs.twimg.com/profile_banners/75666802/1419200744",
        "profile_link_color": "990000",
        "profile_sidebar_border_color": "FFFFFF",
        "profile_sidebar_fill_color": "F3F3F3",
        "profile_text_color": "333333",
        "profile_use_background_image": true,
        "has_extended_profile": false,
        "default_profile": false,
        "default_profile_image": false,
        "following": null,
        "follow_request_sent": null,
        "notifications": null,
        "translator_type": "none"
    },
    "geo": null,
    "coordinates": null,
    "place": null,
    "contributors": null,
    "is_quote_status": false,
    "retweet_count": 0,
    "favorite_count": 6,
    "favorited": false,
    "retweeted": false,
    "lang": "en"
}