{
    "created_at": "Thu Apr 18 14:07:59 +0000 2019",
    "id": 1118878844927266817,
    "id_str": "1118878844927266817",
    "text": "Where to Find the New Citi Bike Stations in Bushwick via @TheBKReader https://t.co/O4JQgH5ywC",
    "truncated": false,
    "entities": {
        "hashtags": [],
        "symbols": [],
        "user_mentions": [
            {
                "screen_name": "TheBKReader",
                "name": "BK Reader",
                "id": 1886508500,
                "id_str": "1886508500",
                "indices": [
                    57,
                    69
                ]
            }
        ],
        "urls": [
            {
                "url": "https://t.co/O4JQgH5ywC",
                "expanded_url": "https://www.bkreader.com/2019/04/17/where-to-find-the-new-citi-bike-stations-in-bushwick/",
                "display_url": "bkreader.com/2019/04/17/whe\u2026",
                "indices": [
                    70,
                    93
                ]
            }
        ]
    },
    "metadata": {
        "iso_language_code": "en",
        "result_type": "recent"
    },
    "source": "<a href=\"http://twitter.com\" rel=\"nofollow\">Twitter Web Client</a>",
    "in_reply_to_status_id": null,
    "in_reply_to_status_id_str": null,
    "in_reply_to_user_id": null,
    "in_reply_to_user_id_str": null,
    "in_reply_to_screen_name": null,
    "user": {
        "id": 17760122,
        "id_str": "17760122",
        "name": "N!ni Eternal Sol Ent",
        "screen_name": "NINI_ETERNALSOL",
        "location": "NYC & Global",
        "description": "Fndr/CEO/Crtv Dir @ Eternal Sol Ent. #SocialMediaManager #Events #Momager #EST2007 #housemusic #Snce1991  IG @ninieternalsol nini.eternalsolpromos@gmail.com",
        "url": "https://t.co/ca1YTJldju",
        "entities": {
            "url": {
                "urls": [
                    {
                        "url": "https://t.co/ca1YTJldju",
                        "expanded_url": "https://nini-eternalsolentertainment.tumblr.com",
                        "display_url": "\u2026ni-eternalsolentertainment.tumblr.com",
                        "indices": [
                            0,
                            23
                        ]
                    }
                ]
            },
            "description": {
                "urls": []
            }
        },
        "protected": false,
        "followers_count": 2604,
        "friends_count": 5001,
        "listed_count": 257,
        "created_at": "Sun Nov 30 19:02:50 +0000 2008",
        "favourites_count": 146022,
        "utc_offset": null,
        "time_zone": null,
        "geo_enabled": true,
        "verified": false,
        "statuses_count": 190882,
        "lang": "en",
        "contributors_enabled": false,
        "is_translator": false,
        "is_translation_enabled": false,
        "profile_background_color": "ED4F28",
        "profile_background_image_url": "http://abs.twimg.com/images/themes/theme10/bg.gif",
        "profile_background_image_url_https": "https://abs.twimg.com/images/themes/theme10/bg.gif",
        "profile_background_tile": true,
        "profile_image_url": "http://pbs.twimg.com/profile_images/735495035425161216/diFckI51_normal.jpg",
        "profile_image_url_https": "https://pbs.twimg.com/profile_images/735495035425161216/diFckI51_normal.jpg",
        "profile_banner_url": "https://pbs.twimg.com/profile_banners/17760122/1464190712",
        "profile_link_color": "981CEB",
        "profile_sidebar_border_color": "000000",
        "profile_sidebar_fill_color": "9D7693",
        "profile_text_color": "FF8F3D",
        "profile_use_background_image": true,
        "has_extended_profile": true,
        "default_profile": false,
        "default_profile_image": false,
        "following": null,
        "follow_request_sent": null,
        "notifications": null,
        "translator_type": "none"
    },
    "geo": null,
    "coordinates": null,
    "place": null,
    "contributors": null,
    "is_quote_status": false,
    "retweet_count": 0,
    "favorite_count": 0,
    "favorited": false,
    "retweeted": false,
    "possibly_sensitive": false,
    "lang": "en"
}