{
    "created_at": "Tue Apr 16 20:33:00 +0000 2019",
    "id": 1118250963104600064,
    "id_str": "1118250963104600064",
    "text": "Should the city put the brakes on electric bikes? #W42ST\nhttps://t.co/t4F8lAXjWs",
    "truncated": false,
    "entities": {
        "hashtags": [
            {
                "text": "W42ST",
                "indices": [
                    50,
                    56
                ]
            }
        ],
        "symbols": [],
        "user_mentions": [],
        "urls": [
            {
                "url": "https://t.co/t4F8lAXjWs",
                "expanded_url": "https://nyti.ms/2DglOlE",
                "display_url": "nyti.ms/2DglOlE",
                "indices": [
                    57,
                    80
                ]
            }
        ]
    },
    "metadata": {
        "iso_language_code": "en",
        "result_type": "recent"
    },
    "source": "<a href=\"https://about.twitter.com/products/tweetdeck\" rel=\"nofollow\">TweetDeck</a>",
    "in_reply_to_status_id": null,
    "in_reply_to_status_id_str": null,
    "in_reply_to_user_id": null,
    "in_reply_to_user_id_str": null,
    "in_reply_to_screen_name": null,
    "user": {
        "id": 2540036611,
        "id_str": "2540036611",
        "name": "W42ST",
        "screen_name": "w42st",
        "location": "Hell's Kitchen, New York",
        "description": "The leading source for everything Hell\u2019s Kitchen and beyond. Proud to be in print! Find a magazine here: https://t.co/eGaLHSPq4p",
        "url": "https://t.co/uAEfkZh1FX",
        "entities": {
            "url": {
                "urls": [
                    {
                        "url": "https://t.co/uAEfkZh1FX",
                        "expanded_url": "http://w42st.com",
                        "display_url": "w42st.com",
                        "indices": [
                            0,
                            23
                        ]
                    }
                ]
            },
            "description": {
                "urls": [
                    {
                        "url": "https://t.co/eGaLHSPq4p",
                        "expanded_url": "http://bit.ly/pickupW42ST",
                        "display_url": "bit.ly/pickupW42ST",
                        "indices": [
                            105,
                            128
                        ]
                    }
                ]
            }
        },
        "protected": false,
        "followers_count": 1902,
        "friends_count": 1003,
        "listed_count": 80,
        "created_at": "Sun Jun 01 16:56:06 +0000 2014",
        "favourites_count": 3925,
        "utc_offset": null,
        "time_zone": null,
        "geo_enabled": true,
        "verified": false,
        "statuses_count": 13922,
        "lang": "en",
        "contributors_enabled": false,
        "is_translator": false,
        "is_translation_enabled": false,
        "profile_background_color": "9AE4E8",
        "profile_background_image_url": "http://abs.twimg.com/images/themes/theme16/bg.gif",
        "profile_background_image_url_https": "https://abs.twimg.com/images/themes/theme16/bg.gif",
        "profile_background_tile": false,
        "profile_image_url": "http://pbs.twimg.com/profile_images/513991822981341184/OY-Lw43M_normal.jpeg",
        "profile_image_url_https": "https://pbs.twimg.com/profile_images/513991822981341184/OY-Lw43M_normal.jpeg",
        "profile_banner_url": "https://pbs.twimg.com/profile_banners/2540036611/1411380161",
        "profile_link_color": "0084B4",
        "profile_sidebar_border_color": "BDDCAD",
        "profile_sidebar_fill_color": "DDFFCC",
        "profile_text_color": "333333",
        "profile_use_background_image": true,
        "has_extended_profile": false,
        "default_profile": false,
        "default_profile_image": false,
        "following": null,
        "follow_request_sent": null,
        "notifications": null,
        "translator_type": "none"
    },
    "geo": null,
    "coordinates": null,
    "place": null,
    "contributors": null,
    "is_quote_status": false,
    "retweet_count": 0,
    "favorite_count": 1,
    "favorited": false,
    "retweeted": false,
    "possibly_sensitive": false,
    "lang": "en"
}