{
    "created_at": "Wed Apr 17 20:53:29 +0000 2019",
    "id": 1118618507258867714,
    "id_str": "1118618507258867714",
    "text": "RT @CrainsNewYork: The company announced that it would integrate the location of Citi Bike's 12,000 bicycles into the same interface city r\u2026",
    "truncated": false,
    "entities": {
        "hashtags": [],
        "symbols": [],
        "user_mentions": [
            {
                "screen_name": "CrainsNewYork",
                "name": "Crain's New York",
                "id": 18995454,
                "id_str": "18995454",
                "indices": [
                    3,
                    17
                ]
            }
        ],
        "urls": []
    },
    "metadata": {
        "iso_language_code": "en",
        "result_type": "recent"
    },
    "source": "<a href=\"http://twitter.com\" rel=\"nofollow\">Twitter Web Client</a>",
    "in_reply_to_status_id": null,
    "in_reply_to_status_id_str": null,
    "in_reply_to_user_id": null,
    "in_reply_to_user_id_str": null,
    "in_reply_to_screen_name": null,
    "user": {
        "id": 786067663,
        "id_str": "786067663",
        "name": "Jasmine Bager",
        "screen_name": "JasmineBager",
        "location": "New York, NY",
        "description": "Saudi-Latina journalist with bylines @time, @arabnews and others. Mostly write about women and the arts. @columbiajourn grad. JasmineBagerCruz@gmail.com",
        "url": "https://t.co/a2VWB9xKcU",
        "entities": {
            "url": {
                "urls": [
                    {
                        "url": "https://t.co/a2VWB9xKcU",
                        "expanded_url": "https://jasminebager.contently.com/",
                        "display_url": "jasminebager.contently.com",
                        "indices": [
                            0,
                            23
                        ]
                    }
                ]
            },
            "description": {
                "urls": []
            }
        },
        "protected": false,
        "followers_count": 3418,
        "friends_count": 4968,
        "listed_count": 143,
        "created_at": "Tue Aug 28 03:08:08 +0000 2012",
        "favourites_count": 22383,
        "utc_offset": null,
        "time_zone": null,
        "geo_enabled": true,
        "verified": false,
        "statuses_count": 19657,
        "lang": "en",
        "contributors_enabled": false,
        "is_translator": false,
        "is_translation_enabled": false,
        "profile_background_color": "C0DEED",
        "profile_background_image_url": "http://abs.twimg.com/images/themes/theme1/bg.png",
        "profile_background_image_url_https": "https://abs.twimg.com/images/themes/theme1/bg.png",
        "profile_background_tile": false,
        "profile_image_url": "http://pbs.twimg.com/profile_images/2551014103/IMG_0600_normal.jpg",
        "profile_image_url_https": "https://pbs.twimg.com/profile_images/2551014103/IMG_0600_normal.jpg",
        "profile_banner_url": "https://pbs.twimg.com/profile_banners/786067663/1442390813",
        "profile_link_color": "1DA1F2",
        "profile_sidebar_border_color": "C0DEED",
        "profile_sidebar_fill_color": "DDEEF6",
        "profile_text_color": "333333",
        "profile_use_background_image": true,
        "has_extended_profile": true,
        "default_profile": true,
        "default_profile_image": false,
        "following": null,
        "follow_request_sent": null,
        "notifications": null,
        "translator_type": "none"
    },
    "geo": null,
    "coordinates": null,
    "place": null,
    "contributors": null,
    "retweeted_status": {
        "created_at": "Wed Apr 17 20:52:48 +0000 2019",
        "id": 1118618332926816257,
        "id_str": "1118618332926816257",
        "text": "The company announced that it would integrate the location of Citi Bike's 12,000 bicycles into the same interface c\u2026 https://t.co/qX1Lom2j5t",
        "truncated": true,
        "entities": {
            "hashtags": [],
            "symbols": [],
            "user_mentions": [],
            "urls": [
                {
                    "url": "https://t.co/qX1Lom2j5t",
                    "expanded_url": "https://twitter.com/i/web/status/1118618332926816257",
                    "display_url": "twitter.com/i/web/status/1\u2026",
                    "indices": [
                        117,
                        140
                    ]
                }
            ]
        },
        "metadata": {
            "iso_language_code": "en",
            "result_type": "recent"
        },
        "source": "<a href=\"http://twitter.com\" rel=\"nofollow\">Twitter Web Client</a>",
        "in_reply_to_status_id": null,
        "in_reply_to_status_id_str": null,
        "in_reply_to_user_id": null,
        "in_reply_to_user_id_str": null,
        "in_reply_to_screen_name": null,
        "user": {
            "id": 18995454,
            "id_str": "18995454",
            "name": "Crain's New York",
            "screen_name": "CrainsNewYork",
            "location": "New York, NY",
            "description": "Crain's New York Business covers NYC's top industries, from Wall St, real estate, tech and retail to health, tourism, politics & arts. RTs are not endorsements.",
            "url": "http://t.co/6EXixh5CUd",
            "entities": {
                "url": {
                    "urls": [
                        {
                            "url": "http://t.co/6EXixh5CUd",
                            "expanded_url": "http://www.crainsnewyork.com",
                            "display_url": "crainsnewyork.com",
                            "indices": [
                                0,
                                22
                            ]
                        }
                    ]
                },
                "description": {
                    "urls": []
                }
            },
            "protected": false,
            "followers_count": 52715,
            "friends_count": 6803,
            "listed_count": 1961,
            "created_at": "Wed Jan 14 21:02:55 +0000 2009",
            "favourites_count": 373,
            "utc_offset": null,
            "time_zone": null,
            "geo_enabled": true,
            "verified": true,
            "statuses_count": 38733,
            "lang": "en",
            "contributors_enabled": false,
            "is_translator": false,
            "is_translation_enabled": false,
            "profile_background_color": "205C9C",
            "profile_background_image_url": "http://abs.twimg.com/images/themes/theme5/bg.gif",
            "profile_background_image_url_https": "https://abs.twimg.com/images/themes/theme5/bg.gif",
            "profile_background_tile": true,
            "profile_image_url": "http://pbs.twimg.com/profile_images/1102587875273723904/RFaaYcfh_normal.png",
            "profile_image_url_https": "https://pbs.twimg.com/profile_images/1102587875273723904/RFaaYcfh_normal.png",
            "profile_banner_url": "https://pbs.twimg.com/profile_banners/18995454/1551795526",
            "profile_link_color": "225994",
            "profile_sidebar_border_color": "FFFFFF",
            "profile_sidebar_fill_color": "C2DAFF",
            "profile_text_color": "3E4415",
            "profile_use_background_image": true,
            "has_extended_profile": false,
            "default_profile": false,
            "default_profile_image": false,
            "following": null,
            "follow_request_sent": null,
            "notifications": null,
            "translator_type": "none"
        },
        "geo": null,
        "coordinates": null,
        "place": null,
        "contributors": null,
        "is_quote_status": false,
        "retweet_count": 1,
        "favorite_count": 1,
        "favorited": false,
        "retweeted": false,
        "possibly_sensitive": false,
        "lang": "en"
    },
    "is_quote_status": false,
    "retweet_count": 1,
    "favorite_count": 0,
    "favorited": false,
    "retweeted": false,
    "lang": "en"
}