{
    "created_at": "Tue Apr 16 11:16:44 +0000 2019",
    "id": 1118110976619028480,
    "id_str": "1118110976619028480",
    "text": "\ud83d\ude44 https://t.co/BZRPA9Ty6P",
    "truncated": false,
    "entities": {
        "hashtags": [],
        "symbols": [],
        "user_mentions": [],
        "urls": [
            {
                "url": "https://t.co/BZRPA9Ty6P",
                "expanded_url": "https://nyti.ms/2DehuDn?smid=nytcore-ios-share",
                "display_url": "nyti.ms/2DehuDn?smid=n\u2026",
                "indices": [
                    2,
                    25
                ]
            }
        ]
    },
    "metadata": {
        "iso_language_code": "und",
        "result_type": "recent"
    },
    "source": "<a href=\"http://twitter.com/#!/download/ipad\" rel=\"nofollow\">Twitter for iPad</a>",
    "in_reply_to_status_id": null,
    "in_reply_to_status_id_str": null,
    "in_reply_to_user_id": null,
    "in_reply_to_user_id_str": null,
    "in_reply_to_screen_name": null,
    "user": {
        "id": 28602062,
        "id_str": "28602062",
        "name": "Meg Ely",
        "screen_name": "Mcely",
        "location": "New York, NY",
        "description": "Head of social+audience development for Bloomberg @business in NYC. Past at @NewYorker @washingtonpost @PBS. @IndianaUniv alum. Runner.",
        "url": "https://t.co/sWb71ALtaq",
        "entities": {
            "url": {
                "urls": [
                    {
                        "url": "https://t.co/sWb71ALtaq",
                        "expanded_url": "http://bloomberg.com",
                        "display_url": "bloomberg.com",
                        "indices": [
                            0,
                            23
                        ]
                    }
                ]
            },
            "description": {
                "urls": []
            }
        },
        "protected": false,
        "followers_count": 3190,
        "friends_count": 2870,
        "listed_count": 130,
        "created_at": "Fri Apr 03 16:51:33 +0000 2009",
        "favourites_count": 11564,
        "utc_offset": null,
        "time_zone": null,
        "geo_enabled": true,
        "verified": true,
        "statuses_count": 20884,
        "lang": "en",
        "contributors_enabled": false,
        "is_translator": false,
        "is_translation_enabled": false,
        "profile_background_color": "000000",
        "profile_background_image_url": "http://abs.twimg.com/images/themes/theme3/bg.gif",
        "profile_background_image_url_https": "https://abs.twimg.com/images/themes/theme3/bg.gif",
        "profile_background_tile": false,
        "profile_image_url": "http://pbs.twimg.com/profile_images/1060140712929374209/qqVEIH0F_normal.jpg",
        "profile_image_url_https": "https://pbs.twimg.com/profile_images/1060140712929374209/qqVEIH0F_normal.jpg",
        "profile_banner_url": "https://pbs.twimg.com/profile_banners/28602062/1476140674",
        "profile_link_color": "91D2FA",
        "profile_sidebar_border_color": "000000",
        "profile_sidebar_fill_color": "000000",
        "profile_text_color": "000000",
        "profile_use_background_image": false,
        "has_extended_profile": false,
        "default_profile": false,
        "default_profile_image": false,
        "following": null,
        "follow_request_sent": null,
        "notifications": null,
        "translator_type": "none"
    },
    "geo": null,
    "coordinates": null,
    "place": null,
    "contributors": null,
    "is_quote_status": false,
    "retweet_count": 0,
    "favorite_count": 0,
    "favorited": false,
    "retweeted": false,
    "possibly_sensitive": false,
    "lang": "und"
}