{
    "created_at": "Tue Apr 16 14:54:54 +0000 2019",
    "id": 1118165877332021250,
    "id_str": "1118165877332021250",
    "text": "*CitiBikes Are Not That Fast* Like, speed is not the issure here. Citi Bike\u2019s Electric Bikes Are Fast. But Are They\u2026 https://t.co/nsYaBMs1TX",
    "truncated": true,
    "entities": {
        "hashtags": [],
        "symbols": [],
        "user_mentions": [],
        "urls": [
            {
                "url": "https://t.co/nsYaBMs1TX",
                "expanded_url": "https://twitter.com/i/web/status/1118165877332021250",
                "display_url": "twitter.com/i/web/status/1\u2026",
                "indices": [
                    117,
                    140
                ]
            }
        ]
    },
    "metadata": {
        "iso_language_code": "en",
        "result_type": "recent"
    },
    "source": "<a href=\"http://twitter.com\" rel=\"nofollow\">Twitter Web Client</a>",
    "in_reply_to_status_id": null,
    "in_reply_to_status_id_str": null,
    "in_reply_to_user_id": null,
    "in_reply_to_user_id_str": null,
    "in_reply_to_screen_name": null,
    "user": {
        "id": 68848437,
        "id_str": "68848437",
        "name": "Willz(power of 10)",
        "screen_name": "will548",
        "location": "East Elmhurst, Queens",
        "description": "",
        "url": null,
        "entities": {
            "description": {
                "urls": []
            }
        },
        "protected": false,
        "followers_count": 49,
        "friends_count": 519,
        "listed_count": 2,
        "created_at": "Wed Aug 26 00:18:49 +0000 2009",
        "favourites_count": 3059,
        "utc_offset": null,
        "time_zone": null,
        "geo_enabled": true,
        "verified": false,
        "statuses_count": 3037,
        "lang": "en",
        "contributors_enabled": false,
        "is_translator": false,
        "is_translation_enabled": false,
        "profile_background_color": "C0DEED",
        "profile_background_image_url": "http://abs.twimg.com/images/themes/theme1/bg.png",
        "profile_background_image_url_https": "https://abs.twimg.com/images/themes/theme1/bg.png",
        "profile_background_tile": false,
        "profile_image_url": "http://pbs.twimg.com/profile_images/1112023308122370048/AVFAJuhb_normal.png",
        "profile_image_url_https": "https://pbs.twimg.com/profile_images/1112023308122370048/AVFAJuhb_normal.png",
        "profile_banner_url": "https://pbs.twimg.com/profile_banners/68848437/1553962198",
        "profile_link_color": "1DA1F2",
        "profile_sidebar_border_color": "C0DEED",
        "profile_sidebar_fill_color": "DDEEF6",
        "profile_text_color": "333333",
        "profile_use_background_image": true,
        "has_extended_profile": false,
        "default_profile": true,
        "default_profile_image": false,
        "following": null,
        "follow_request_sent": null,
        "notifications": null,
        "translator_type": "none"
    },
    "geo": null,
    "coordinates": null,
    "place": null,
    "contributors": null,
    "is_quote_status": false,
    "retweet_count": 0,
    "favorite_count": 0,
    "favorited": false,
    "retweeted": false,
    "possibly_sensitive": false,
    "lang": "en"
}