{
    "created_at": "Wed Apr 17 15:00:01 +0000 2019",
    "id": 1118529551536021504,
    "id_str": "1118529551536021504",
    "text": "Tuesday's Most Read #3: Setback for Citi Bike as Entire E-Bike Fleet Is Grounded https://t.co/zCiWozDrVB @StreetsblogNYC",
    "truncated": false,
    "entities": {
        "hashtags": [],
        "symbols": [],
        "user_mentions": [
            {
                "screen_name": "StreetsblogNYC",
                "name": "Streetsblog New York",
                "id": 128750686,
                "id_str": "128750686",
                "indices": [
                    105,
                    120
                ]
            }
        ],
        "urls": [
            {
                "url": "https://t.co/zCiWozDrVB",
                "expanded_url": "http://bit.ly/2Ge1x0A",
                "display_url": "bit.ly/2Ge1x0A",
                "indices": [
                    81,
                    104
                ]
            }
        ]
    },
    "metadata": {
        "iso_language_code": "en",
        "result_type": "recent"
    },
    "source": "<a href=\"https://about.twitter.com/products/tweetdeck\" rel=\"nofollow\">TweetDeck</a>",
    "in_reply_to_status_id": null,
    "in_reply_to_status_id_str": null,
    "in_reply_to_user_id": null,
    "in_reply_to_user_id_str": null,
    "in_reply_to_screen_name": null,
    "user": {
        "id": 14174793,
        "id_str": "14174793",
        "name": "The Overhead Wire",
        "screen_name": "theoverheadwire",
        "location": "San Francisco",
        "description": "Jeff Wood is a planner and host of the Talking Headways Podcast. Join 1,000s of readers and start a free trial of our daily newsletter https://t.co/VJiuYuxgcq",
        "url": "http://t.co/2SRebu6us9",
        "entities": {
            "url": {
                "urls": [
                    {
                        "url": "http://t.co/2SRebu6us9",
                        "expanded_url": "http://www.theoverheadwire.com",
                        "display_url": "theoverheadwire.com",
                        "indices": [
                            0,
                            22
                        ]
                    }
                ]
            },
            "description": {
                "urls": [
                    {
                        "url": "https://t.co/VJiuYuxgcq",
                        "expanded_url": "http://bit.ly/2l97C1S",
                        "display_url": "bit.ly/2l97C1S",
                        "indices": [
                            135,
                            158
                        ]
                    }
                ]
            }
        },
        "protected": false,
        "followers_count": 188366,
        "friends_count": 4632,
        "listed_count": 1059,
        "created_at": "Wed Mar 19 04:55:29 +0000 2008",
        "favourites_count": 2477,
        "utc_offset": null,
        "time_zone": null,
        "geo_enabled": true,
        "verified": false,
        "statuses_count": 37079,
        "lang": "en",
        "contributors_enabled": false,
        "is_translator": false,
        "is_translation_enabled": false,
        "profile_background_color": "1A1B1F",
        "profile_background_image_url": "http://abs.twimg.com/images/themes/theme9/bg.gif",
        "profile_background_image_url_https": "https://abs.twimg.com/images/themes/theme9/bg.gif",
        "profile_background_tile": false,
        "profile_image_url": "http://pbs.twimg.com/profile_images/340888083/TOW1_normal.jpg",
        "profile_image_url_https": "https://pbs.twimg.com/profile_images/340888083/TOW1_normal.jpg",
        "profile_banner_url": "https://pbs.twimg.com/profile_banners/14174793/1428565700",
        "profile_link_color": "EF2F38",
        "profile_sidebar_border_color": "181A1E",
        "profile_sidebar_fill_color": "252429",
        "profile_text_color": "A5A7A0",
        "profile_use_background_image": true,
        "has_extended_profile": false,
        "default_profile": false,
        "default_profile_image": false,
        "following": null,
        "follow_request_sent": null,
        "notifications": null,
        "translator_type": "none"
    },
    "geo": null,
    "coordinates": null,
    "place": null,
    "contributors": null,
    "is_quote_status": false,
    "retweet_count": 0,
    "favorite_count": 1,
    "favorited": false,
    "retweeted": false,
    "possibly_sensitive": false,
    "lang": "en"
}