{
    "created_at": "Tue Apr 16 17:27:46 +0000 2019",
    "id": 1118204348486516737,
    "id_str": "1118204348486516737",
    "text": "Dialogue between city and MTA about this Citi Bike station at Bowling Green subway happened *after* the station was\u2026 https://t.co/wVe665SaHD",
    "truncated": true,
    "entities": {
        "hashtags": [],
        "symbols": [],
        "user_mentions": [],
        "urls": [
            {
                "url": "https://t.co/wVe665SaHD",
                "expanded_url": "https://twitter.com/i/web/status/1118204348486516737",
                "display_url": "twitter.com/i/web/status/1\u2026",
                "indices": [
                    117,
                    140
                ]
            }
        ]
    },
    "metadata": {
        "iso_language_code": "en",
        "result_type": "recent"
    },
    "source": "<a href=\"http://twitter.com/#!/download/ipad\" rel=\"nofollow\">Twitter for iPad</a>",
    "in_reply_to_status_id": 1118203718137262082,
    "in_reply_to_status_id_str": "1118203718137262082",
    "in_reply_to_user_id": 58947110,
    "in_reply_to_user_id_str": "58947110",
    "in_reply_to_screen_name": "jonorcutt",
    "user": {
        "id": 58947110,
        "id_str": "58947110",
        "name": "Jon Orcutt",
        "screen_name": "jonorcutt",
        "location": "Greenpoint, Brooklyn ",
        "description": "Comms/advo @bikenewyork. Alum @TransitCenter @NYC_DOT @Tri_State @TransAlt",
        "url": "https://t.co/N2Kb6HwX5S",
        "entities": {
            "url": {
                "urls": [
                    {
                        "url": "https://t.co/N2Kb6HwX5S",
                        "expanded_url": "http://jonorcutt.tumblr.com",
                        "display_url": "jonorcutt.tumblr.com",
                        "indices": [
                            0,
                            23
                        ]
                    }
                ]
            },
            "description": {
                "urls": []
            }
        },
        "protected": false,
        "followers_count": 3035,
        "friends_count": 405,
        "listed_count": 127,
        "created_at": "Tue Jul 21 22:39:30 +0000 2009",
        "favourites_count": 9336,
        "utc_offset": null,
        "time_zone": null,
        "geo_enabled": true,
        "verified": false,
        "statuses_count": 10122,
        "lang": "en",
        "contributors_enabled": false,
        "is_translator": false,
        "is_translation_enabled": false,
        "profile_background_color": "C0DEED",
        "profile_background_image_url": "http://abs.twimg.com/images/themes/theme1/bg.png",
        "profile_background_image_url_https": "https://abs.twimg.com/images/themes/theme1/bg.png",
        "profile_background_tile": false,
        "profile_image_url": "http://pbs.twimg.com/profile_images/1089992505175744517/CWLydKjx_normal.jpg",
        "profile_image_url_https": "https://pbs.twimg.com/profile_images/1089992505175744517/CWLydKjx_normal.jpg",
        "profile_banner_url": "https://pbs.twimg.com/profile_banners/58947110/1500336116",
        "profile_link_color": "1DA1F2",
        "profile_sidebar_border_color": "C0DEED",
        "profile_sidebar_fill_color": "DDEEF6",
        "profile_text_color": "333333",
        "profile_use_background_image": true,
        "has_extended_profile": false,
        "default_profile": true,
        "default_profile_image": false,
        "following": null,
        "follow_request_sent": null,
        "notifications": null,
        "translator_type": "none"
    },
    "geo": null,
    "coordinates": null,
    "place": null,
    "contributors": null,
    "is_quote_status": false,
    "retweet_count": 0,
    "favorite_count": 3,
    "favorited": false,
    "retweeted": false,
    "possibly_sensitive": false,
    "lang": "en"
}