{
    "created_at": "Wed Apr 17 23:25:00 +0000 2019",
    "id": 1118656635675693057,
    "id_str": "1118656635675693057",
    "text": "\u30cb\u30e5\u30fc\u30e8\u30fc\u30af\u3001\u914d\u8eca\u30b5\u30fc\u30d3\u30b9\u306e\u300c\u30ea\u30d5\u30c8\u300d\u30a2\u30d7\u30ea\u306b\u30b7\u30c6\u30a3\u30d0\u30a4\u30af\u3092\u7d71\u5408\u3002\u3072\u3068\u3064\u306e\u30a2\u30d7\u30ea\u304b\u3089\u3001\u8eca\u3082\u81ea\u8ee2\u8eca\u3082\u7ba1\u7406\u3059\u308b\u3002\u914d\u8eca\u30a2\u30d7\u30ea\u304b\u3089\u4ea4\u901a\u624b\u6bb5\u30a2\u30d7\u30ea\u3078\u3002\n\nhttps://t.co/VC9QjxK0yl https://t.co/ALGjMJ1veZ",
    "truncated": false,
    "entities": {
        "hashtags": [],
        "symbols": [],
        "user_mentions": [],
        "urls": [
            {
                "url": "https://t.co/VC9QjxK0yl",
                "expanded_url": "https://www.crainsnewyork.com/transportation/lyft-will-add-citi-bike-its-app",
                "display_url": "crainsnewyork.com/transportation\u2026",
                "indices": [
                    72,
                    95
                ]
            }
        ],
        "media": [
            {
                "id": 1118651666859986946,
                "id_str": "1118651666859986946",
                "indices": [
                    96,
                    119
                ],
                "media_url": "http://pbs.twimg.com/media/D4Y_w56WkAIaB3f.jpg",
                "media_url_https": "https://pbs.twimg.com/media/D4Y_w56WkAIaB3f.jpg",
                "url": "https://t.co/ALGjMJ1veZ",
                "display_url": "pic.twitter.com/ALGjMJ1veZ",
                "expanded_url": "https://twitter.com/kabuyan_daily/status/1118656635675693057/photo/1",
                "type": "photo",
                "sizes": {
                    "thumb": {
                        "w": 150,
                        "h": 150,
                        "resize": "crop"
                    },
                    "small": {
                        "w": 612,
                        "h": 680,
                        "resize": "fit"
                    },
                    "medium": {
                        "w": 1080,
                        "h": 1200,
                        "resize": "fit"
                    },
                    "large": {
                        "w": 1800,
                        "h": 2000,
                        "resize": "fit"
                    }
                }
            }
        ]
    },
    "extended_entities": {
        "media": [
            {
                "id": 1118651666859986946,
                "id_str": "1118651666859986946",
                "indices": [
                    96,
                    119
                ],
                "media_url": "http://pbs.twimg.com/media/D4Y_w56WkAIaB3f.jpg",
                "media_url_https": "https://pbs.twimg.com/media/D4Y_w56WkAIaB3f.jpg",
                "url": "https://t.co/ALGjMJ1veZ",
                "display_url": "pic.twitter.com/ALGjMJ1veZ",
                "expanded_url": "https://twitter.com/kabuyan_daily/status/1118656635675693057/photo/1",
                "type": "photo",
                "sizes": {
                    "thumb": {
                        "w": 150,
                        "h": 150,
                        "resize": "crop"
                    },
                    "small": {
                        "w": 612,
                        "h": 680,
                        "resize": "fit"
                    },
                    "medium": {
                        "w": 1080,
                        "h": 1200,
                        "resize": "fit"
                    },
                    "large": {
                        "w": 1800,
                        "h": 2000,
                        "resize": "fit"
                    }
                }
            }
        ]
    },
    "metadata": {
        "iso_language_code": "ja",
        "result_type": "recent"
    },
    "source": "<a href=\"https://about.twitter.com/products/tweetdeck\" rel=\"nofollow\">TweetDeck</a>",
    "in_reply_to_status_id": null,
    "in_reply_to_status_id_str": null,
    "in_reply_to_user_id": null,
    "in_reply_to_user_id_str": null,
    "in_reply_to_screen_name": null,
    "user": {
        "id": 1087159639609888770,
        "id_str": "1087159639609888770",
        "name": "\u3059\u305a@art&invest\u7c73\u56fd\u682a\u30d6\u30ed\u30b0",
        "screen_name": "kabuyan_daily",
        "location": "New York, NY",
        "description": "\u7c73\u56fd\u682a\u517c\u696d\u30c8\u30ec\u30fc\u30c0\u30fc(\u7c73\u56fd\u30e2\u30e1\u30f3\u30bf\u30e0\u9298\u67c4\u30c7\u30a4\u30c8\u30ec/\u30b9\u30a4\u30f3\u30b0)\u3002\ud83d\udc231995\u5e74\u304b\u3089NYC\u5728\u4f4f\u30022019\u5e741\u6708\u304b\u3089NY\u5e02\u5834\u30cb\u30e5\u30fc\u30b9\u3092\u307b\u307c\u6bce\u65e5\u30d6\u30ed\u30b0\u3067\u30b5\u30af\u30c3\u3068\u304a\u5c4a\u3051\u3057\u307e\u3059\u3002\ud83c\udf20\u30cb\u30e5\u30fc\u30e8\u30fc\u30af\u5730\u5143\u30cd\u30bf\u3082\u30c4\u30a4\u30fc\u30c8\u3057\u307e\u3059\u3002#\u7c73\u56fd\u682a #\u30a2\u30e1\u30ea\u30ab\u682a #\u30cb\u30e5\u30fc\u30e8\u30fc\u30af",
        "url": "https://t.co/vYg3Ibd0kh",
        "entities": {
            "url": {
                "urls": [
                    {
                        "url": "https://t.co/vYg3Ibd0kh",
                        "expanded_url": "http://www.artandinvest.com",
                        "display_url": "artandinvest.com",
                        "indices": [
                            0,
                            23
                        ]
                    }
                ]
            },
            "description": {
                "urls": []
            }
        },
        "protected": false,
        "followers_count": 1605,
        "friends_count": 2734,
        "listed_count": 10,
        "created_at": "Mon Jan 21 01:27:11 +0000 2019",
        "favourites_count": 19629,
        "utc_offset": null,
        "time_zone": null,
        "geo_enabled": false,
        "verified": false,
        "statuses_count": 646,
        "lang": "en",
        "contributors_enabled": false,
        "is_translator": false,
        "is_translation_enabled": false,
        "profile_background_color": "000000",
        "profile_background_image_url": "http://abs.twimg.com/images/themes/theme1/bg.png",
        "profile_background_image_url_https": "https://abs.twimg.com/images/themes/theme1/bg.png",
        "profile_background_tile": false,
        "profile_image_url": "http://pbs.twimg.com/profile_images/1092112834203394048/j6Hs8s-h_normal.jpg",
        "profile_image_url_https": "https://pbs.twimg.com/profile_images/1092112834203394048/j6Hs8s-h_normal.jpg",
        "profile_banner_url": "https://pbs.twimg.com/profile_banners/1087159639609888770/1549215836",
        "profile_link_color": "1B95E0",
        "profile_sidebar_border_color": "000000",
        "profile_sidebar_fill_color": "000000",
        "profile_text_color": "000000",
        "profile_use_background_image": false,
        "has_extended_profile": false,
        "default_profile": false,
        "default_profile_image": false,
        "following": null,
        "follow_request_sent": null,
        "notifications": null,
        "translator_type": "none"
    },
    "geo": null,
    "coordinates": null,
    "place": null,
    "contributors": null,
    "is_quote_status": false,
    "retweet_count": 0,
    "favorite_count": 11,
    "favorited": false,
    "retweeted": false,
    "possibly_sensitive": false,
    "lang": "ja"
}