{
    "created_at": "Tue Apr 16 14:31:27 +0000 2019",
    "id": 1118159975979913218,
    "id_str": "1118159975979913218",
    "text": "Citi Bike pulls fleet of e-bikes from service due to brake issues https://t.co/jKYoHDG2EK via @ABC7NY",
    "truncated": false,
    "entities": {
        "hashtags": [],
        "symbols": [],
        "user_mentions": [
            {
                "screen_name": "ABC7NY",
                "name": "Eyewitness News",
                "id": 16715398,
                "id_str": "16715398",
                "indices": [
                    94,
                    101
                ]
            }
        ],
        "urls": [
            {
                "url": "https://t.co/jKYoHDG2EK",
                "expanded_url": "https://abc7ny.com/5249249/",
                "display_url": "abc7ny.com/5249249/",
                "indices": [
                    66,
                    89
                ]
            }
        ]
    },
    "metadata": {
        "iso_language_code": "en",
        "result_type": "recent"
    },
    "source": "<a href=\"http://twitter.com\" rel=\"nofollow\">Twitter Web Client</a>",
    "in_reply_to_status_id": null,
    "in_reply_to_status_id_str": null,
    "in_reply_to_user_id": null,
    "in_reply_to_user_id_str": null,
    "in_reply_to_screen_name": null,
    "user": {
        "id": 785478695687520257,
        "id_str": "785478695687520257",
        "name": "AARP*Goddess",
        "screen_name": "AAARPGodess",
        "location": "Queens, NY",
        "description": "#BlueLivesMatter \ud83d\udc99#NYC #LGM \u26be\ufe0f #NYG \ud83c\udfc8 #HHA \ud83d\udc69\ud83c\udffb\u200d\u2695\ufe0fPescatarian \ud83d\udc1f \ud83c\udff4Host of #MorbidMonday \ud83c\udff4\ud83d\udc80\u00a0\"Cold Silence Has A Tendency To Atrophy Any Sense Of Compassion\"",
        "url": null,
        "entities": {
            "description": {
                "urls": []
            }
        },
        "protected": false,
        "followers_count": 1600,
        "friends_count": 1718,
        "listed_count": 6,
        "created_at": "Mon Oct 10 13:54:49 +0000 2016",
        "favourites_count": 83,
        "utc_offset": null,
        "time_zone": null,
        "geo_enabled": false,
        "verified": false,
        "statuses_count": 155989,
        "lang": "en",
        "contributors_enabled": false,
        "is_translator": false,
        "is_translation_enabled": false,
        "profile_background_color": "000000",
        "profile_background_image_url": "http://abs.twimg.com/images/themes/theme1/bg.png",
        "profile_background_image_url_https": "https://abs.twimg.com/images/themes/theme1/bg.png",
        "profile_background_tile": false,
        "profile_image_url": "http://pbs.twimg.com/profile_images/1110486524733411328/Ik_Vjitm_normal.png",
        "profile_image_url_https": "https://pbs.twimg.com/profile_images/1110486524733411328/Ik_Vjitm_normal.png",
        "profile_banner_url": "https://pbs.twimg.com/profile_banners/785478695687520257/1544522313",
        "profile_link_color": "ABB8C2",
        "profile_sidebar_border_color": "000000",
        "profile_sidebar_fill_color": "000000",
        "profile_text_color": "000000",
        "profile_use_background_image": false,
        "has_extended_profile": true,
        "default_profile": false,
        "default_profile_image": false,
        "following": null,
        "follow_request_sent": null,
        "notifications": null,
        "translator_type": "none"
    },
    "geo": null,
    "coordinates": null,
    "place": null,
    "contributors": null,
    "is_quote_status": false,
    "retweet_count": 0,
    "favorite_count": 0,
    "favorited": false,
    "retweeted": false,
    "possibly_sensitive": false,
    "lang": "en"
}