{
    "created_at": "Wed Apr 17 01:30:02 +0000 2019",
    "id": 1118325715118825472,
    "id_str": "1118325715118825472",
    "text": "Are you kidding me!? #shortlyft https://t.co/m71FsE8zdh",
    "truncated": false,
    "entities": {
        "hashtags": [
            {
                "text": "shortlyft",
                "indices": [
                    21,
                    31
                ]
            }
        ],
        "symbols": [],
        "user_mentions": [],
        "urls": [
            {
                "url": "https://t.co/m71FsE8zdh",
                "expanded_url": "https://www.autoblog.com/2019/04/15/electric-citi-bike-recall-brakes/",
                "display_url": "autoblog.com/2019/04/15/ele\u2026",
                "indices": [
                    32,
                    55
                ]
            }
        ]
    },
    "metadata": {
        "iso_language_code": "en",
        "result_type": "recent"
    },
    "source": "<a href=\"http://twitter.com/download/iphone\" rel=\"nofollow\">Twitter for iPhone</a>",
    "in_reply_to_status_id": null,
    "in_reply_to_status_id_str": null,
    "in_reply_to_user_id": null,
    "in_reply_to_user_id_str": null,
    "in_reply_to_screen_name": null,
    "user": {
        "id": 167412312,
        "id_str": "167412312",
        "name": "Mox Man",
        "screen_name": "Moxmanprophecy",
        "location": "New York",
        "description": "Life is short, art long, opportunity fleeting, experience deceptive, judgment difficult.",
        "url": null,
        "entities": {
            "description": {
                "urls": []
            }
        },
        "protected": false,
        "followers_count": 72,
        "friends_count": 153,
        "listed_count": 1,
        "created_at": "Fri Jul 16 14:38:32 +0000 2010",
        "favourites_count": 44,
        "utc_offset": null,
        "time_zone": null,
        "geo_enabled": false,
        "verified": false,
        "statuses_count": 230,
        "lang": "en",
        "contributors_enabled": false,
        "is_translator": false,
        "is_translation_enabled": false,
        "profile_background_color": "C0DEED",
        "profile_background_image_url": "http://abs.twimg.com/images/themes/theme1/bg.png",
        "profile_background_image_url_https": "https://abs.twimg.com/images/themes/theme1/bg.png",
        "profile_background_tile": false,
        "profile_image_url": "http://pbs.twimg.com/profile_images/1099825594/moxiepuppy_normal.jpg",
        "profile_image_url_https": "https://pbs.twimg.com/profile_images/1099825594/moxiepuppy_normal.jpg",
        "profile_banner_url": "https://pbs.twimg.com/profile_banners/167412312/1420390395",
        "profile_link_color": "0084B4",
        "profile_sidebar_border_color": "C0DEED",
        "profile_sidebar_fill_color": "DDEEF6",
        "profile_text_color": "333333",
        "profile_use_background_image": true,
        "has_extended_profile": false,
        "default_profile": false,
        "default_profile_image": false,
        "following": null,
        "follow_request_sent": null,
        "notifications": null,
        "translator_type": "none"
    },
    "geo": null,
    "coordinates": null,
    "place": null,
    "contributors": null,
    "is_quote_status": false,
    "retweet_count": 0,
    "favorite_count": 0,
    "favorited": false,
    "retweeted": false,
    "possibly_sensitive": false,
    "lang": "en"
}