{
    "created_at": "Tue Apr 16 08:08:03 +0000 2019",
    "id": 1118063491699462145,
    "id_str": "1118063491699462145",
    "text": "Lyft adds New York\u2019s Citi Bikes to its app https://t.co/Ox97Izj2nb https://t.co/pytu9ss2FH",
    "truncated": false,
    "entities": {
        "hashtags": [],
        "symbols": [],
        "user_mentions": [],
        "urls": [
            {
                "url": "https://t.co/Ox97Izj2nb",
                "expanded_url": "http://dlvr.it/R2vRWk",
                "display_url": "dlvr.it/R2vRWk",
                "indices": [
                    43,
                    66
                ]
            }
        ],
        "media": [
            {
                "id": 1118063490202083329,
                "id_str": "1118063490202083329",
                "indices": [
                    67,
                    90
                ],
                "media_url": "http://pbs.twimg.com/media/D4Qo0hHUIAEQmi0.jpg",
                "media_url_https": "https://pbs.twimg.com/media/D4Qo0hHUIAEQmi0.jpg",
                "url": "https://t.co/pytu9ss2FH",
                "display_url": "pic.twitter.com/pytu9ss2FH",
                "expanded_url": "https://twitter.com/sparkishwong/status/1118063491699462145/photo/1",
                "type": "photo",
                "sizes": {
                    "thumb": {
                        "w": 150,
                        "h": 150,
                        "resize": "crop"
                    },
                    "small": {
                        "w": 680,
                        "h": 357,
                        "resize": "fit"
                    },
                    "medium": {
                        "w": 1200,
                        "h": 630,
                        "resize": "fit"
                    },
                    "large": {
                        "w": 1200,
                        "h": 630,
                        "resize": "fit"
                    }
                }
            }
        ]
    },
    "extended_entities": {
        "media": [
            {
                "id": 1118063490202083329,
                "id_str": "1118063490202083329",
                "indices": [
                    67,
                    90
                ],
                "media_url": "http://pbs.twimg.com/media/D4Qo0hHUIAEQmi0.jpg",
                "media_url_https": "https://pbs.twimg.com/media/D4Qo0hHUIAEQmi0.jpg",
                "url": "https://t.co/pytu9ss2FH",
                "display_url": "pic.twitter.com/pytu9ss2FH",
                "expanded_url": "https://twitter.com/sparkishwong/status/1118063491699462145/photo/1",
                "type": "photo",
                "sizes": {
                    "thumb": {
                        "w": 150,
                        "h": 150,
                        "resize": "crop"
                    },
                    "small": {
                        "w": 680,
                        "h": 357,
                        "resize": "fit"
                    },
                    "medium": {
                        "w": 1200,
                        "h": 630,
                        "resize": "fit"
                    },
                    "large": {
                        "w": 1200,
                        "h": 630,
                        "resize": "fit"
                    }
                }
            }
        ]
    },
    "metadata": {
        "iso_language_code": "en",
        "result_type": "recent"
    },
    "source": "<a href=\"https://dlvrit.com/\" rel=\"nofollow\">dlvr.it</a>",
    "in_reply_to_status_id": null,
    "in_reply_to_status_id_str": null,
    "in_reply_to_user_id": null,
    "in_reply_to_user_id_str": null,
    "in_reply_to_screen_name": null,
    "user": {
        "id": 7400162,
        "id_str": "7400162",
        "name": "SParkish Wong",
        "screen_name": "sparkishwong",
        "location": "Malaysia",
        "description": "Simple is Beautiful",
        "url": "https://t.co/lq3MwTcEgT",
        "entities": {
            "url": {
                "urls": [
                    {
                        "url": "https://t.co/lq3MwTcEgT",
                        "expanded_url": "http://facebook.com/sparkishwong",
                        "display_url": "facebook.com/sparkishwong",
                        "indices": [
                            0,
                            23
                        ]
                    }
                ]
            },
            "description": {
                "urls": []
            }
        },
        "protected": false,
        "followers_count": 245,
        "friends_count": 278,
        "listed_count": 5,
        "created_at": "Wed Jul 11 12:24:54 +0000 2007",
        "favourites_count": 42,
        "utc_offset": null,
        "time_zone": null,
        "geo_enabled": true,
        "verified": false,
        "statuses_count": 31621,
        "lang": "zh-cn",
        "contributors_enabled": false,
        "is_translator": false,
        "is_translation_enabled": false,
        "profile_background_color": "022330",
        "profile_background_image_url": "http://abs.twimg.com/images/themes/theme15/bg.png",
        "profile_background_image_url_https": "https://abs.twimg.com/images/themes/theme15/bg.png",
        "profile_background_tile": false,
        "profile_image_url": "http://pbs.twimg.com/profile_images/610423949780889600/e59Bisel_normal.jpg",
        "profile_image_url_https": "https://pbs.twimg.com/profile_images/610423949780889600/e59Bisel_normal.jpg",
        "profile_banner_url": "https://pbs.twimg.com/profile_banners/7400162/1488938338",
        "profile_link_color": "FF691F",
        "profile_sidebar_border_color": "A8C7F7",
        "profile_sidebar_fill_color": "C0DFEC",
        "profile_text_color": "333333",
        "profile_use_background_image": true,
        "has_extended_profile": true,
        "default_profile": false,
        "default_profile_image": false,
        "following": null,
        "follow_request_sent": null,
        "notifications": null,
        "translator_type": "none"
    },
    "geo": null,
    "coordinates": null,
    "place": null,
    "contributors": null,
    "is_quote_status": false,
    "retweet_count": 0,
    "favorite_count": 0,
    "favorited": false,
    "retweeted": false,
    "possibly_sensitive": false,
    "lang": "en"
}