{
    "created_at": "Tue Apr 16 10:46:11 +0000 2019",
    "id": 1118103286085750784,
    "id_str": "1118103286085750784",
    "text": "New York Today: Citi Bike\u2019s Electric Bikes Are Fast. But Are They Dangerous? https://t.co/PPiX5FlJe2",
    "truncated": false,
    "entities": {
        "hashtags": [],
        "symbols": [],
        "user_mentions": [],
        "urls": [
            {
                "url": "https://t.co/PPiX5FlJe2",
                "expanded_url": "https://www.news2.fr/?p=575072",
                "display_url": "news2.fr/?p=575072",
                "indices": [
                    77,
                    100
                ]
            }
        ]
    },
    "metadata": {
        "iso_language_code": "en",
        "result_type": "recent"
    },
    "source": "<a href=\"http://www.les-livres.fr\" rel=\"nofollow\">jeepeg2</a>",
    "in_reply_to_status_id": null,
    "in_reply_to_status_id_str": null,
    "in_reply_to_user_id": null,
    "in_reply_to_user_id_str": null,
    "in_reply_to_screen_name": null,
    "user": {
        "id": 468507589,
        "id_str": "468507589",
        "name": "Follement-bijoux",
        "screen_name": "Follementbijoux",
        "location": "Novalaise",
        "description": "Bijoux fantaisie et acessoires de mode pour une note chic, un look moderne et \u00e9l\u00e9gant.",
        "url": "http://t.co/YXBafsB48J",
        "entities": {
            "url": {
                "urls": [
                    {
                        "url": "http://t.co/YXBafsB48J",
                        "expanded_url": "http://www.follement-bijoux.com",
                        "display_url": "follement-bijoux.com",
                        "indices": [
                            0,
                            22
                        ]
                    }
                ]
            },
            "description": {
                "urls": []
            }
        },
        "protected": false,
        "followers_count": 121,
        "friends_count": 3,
        "listed_count": 3,
        "created_at": "Thu Jan 19 16:25:51 +0000 2012",
        "favourites_count": 0,
        "utc_offset": null,
        "time_zone": null,
        "geo_enabled": true,
        "verified": false,
        "statuses_count": 901278,
        "lang": "fr",
        "contributors_enabled": false,
        "is_translator": false,
        "is_translation_enabled": false,
        "profile_background_color": "C0DEED",
        "profile_background_image_url": "http://abs.twimg.com/images/themes/theme1/bg.png",
        "profile_background_image_url_https": "https://abs.twimg.com/images/themes/theme1/bg.png",
        "profile_background_tile": false,
        "profile_image_url": "http://pbs.twimg.com/profile_images/1766734913/DSC02081_normal.JPG",
        "profile_image_url_https": "https://pbs.twimg.com/profile_images/1766734913/DSC02081_normal.JPG",
        "profile_link_color": "0084B4",
        "profile_sidebar_border_color": "C0DEED",
        "profile_sidebar_fill_color": "DDEEF6",
        "profile_text_color": "333333",
        "profile_use_background_image": true,
        "has_extended_profile": false,
        "default_profile": false,
        "default_profile_image": false,
        "following": null,
        "follow_request_sent": null,
        "notifications": null,
        "translator_type": "none"
    },
    "geo": null,
    "coordinates": null,
    "place": null,
    "contributors": null,
    "is_quote_status": false,
    "retweet_count": 0,
    "favorite_count": 0,
    "favorited": false,
    "retweeted": false,
    "possibly_sensitive": false,
    "lang": "en"
}