{
    "created_at": "Tue Apr 16 19:39:48 +0000 2019",
    "id": 1118237574181654533,
    "id_str": "1118237574181654533",
    "text": "Strong move, double parking a Citi Bike https://t.co/iLNDTUO1sw",
    "truncated": false,
    "entities": {
        "hashtags": [],
        "symbols": [],
        "user_mentions": [],
        "urls": [
            {
                "url": "https://t.co/iLNDTUO1sw",
                "expanded_url": "https://www.instagram.com/p/BwVBb2ZhW3l/?utm_source=ig_twitter_share&igshid=14k2pd0s38z9r",
                "display_url": "instagram.com/p/BwVBb2ZhW3l/\u2026",
                "indices": [
                    40,
                    63
                ]
            }
        ]
    },
    "metadata": {
        "iso_language_code": "en",
        "result_type": "recent"
    },
    "source": "<a href=\"http://instagram.com\" rel=\"nofollow\">Instagram</a>",
    "in_reply_to_status_id": null,
    "in_reply_to_status_id_str": null,
    "in_reply_to_user_id": null,
    "in_reply_to_user_id_str": null,
    "in_reply_to_screen_name": null,
    "user": {
        "id": 19467753,
        "id_str": "19467753",
        "name": "Scott Lynch",
        "screen_name": "Scoboco",
        "location": "New York City",
        "description": "Freelance photographer and writer, mostly for Gothamist; preschool receptionist; father of two amazing daughters. Love NYC. scoboco@gmail.com",
        "url": "http://t.co/Np4U39BYlh",
        "entities": {
            "url": {
                "urls": [
                    {
                        "url": "http://t.co/Np4U39BYlh",
                        "expanded_url": "http://www.flickr.com/photos/scottlynchnyc/",
                        "display_url": "flickr.com/photos/scottly\u2026",
                        "indices": [
                            0,
                            22
                        ]
                    }
                ]
            },
            "description": {
                "urls": []
            }
        },
        "protected": false,
        "followers_count": 264,
        "friends_count": 444,
        "listed_count": 10,
        "created_at": "Sat Jan 24 22:54:48 +0000 2009",
        "favourites_count": 7562,
        "utc_offset": null,
        "time_zone": null,
        "geo_enabled": false,
        "verified": false,
        "statuses_count": 7683,
        "lang": "en",
        "contributors_enabled": false,
        "is_translator": false,
        "is_translation_enabled": false,
        "profile_background_color": "C0DEED",
        "profile_background_image_url": "http://abs.twimg.com/images/themes/theme1/bg.png",
        "profile_background_image_url_https": "https://abs.twimg.com/images/themes/theme1/bg.png",
        "profile_background_tile": false,
        "profile_image_url": "http://pbs.twimg.com/profile_images/1759603644/The_Mission_Clarion_Alley_Capitalism_copy_normal.JPG",
        "profile_image_url_https": "https://pbs.twimg.com/profile_images/1759603644/The_Mission_Clarion_Alley_Capitalism_copy_normal.JPG",
        "profile_banner_url": "https://pbs.twimg.com/profile_banners/19467753/1454899774",
        "profile_link_color": "1DA1F2",
        "profile_sidebar_border_color": "C0DEED",
        "profile_sidebar_fill_color": "DDEEF6",
        "profile_text_color": "333333",
        "profile_use_background_image": true,
        "has_extended_profile": false,
        "default_profile": true,
        "default_profile_image": false,
        "following": null,
        "follow_request_sent": null,
        "notifications": null,
        "translator_type": "none"
    },
    "geo": null,
    "coordinates": null,
    "place": null,
    "contributors": null,
    "is_quote_status": false,
    "retweet_count": 0,
    "favorite_count": 0,
    "favorited": false,
    "retweeted": false,
    "possibly_sensitive": false,
    "lang": "en"
}