{
    "created_at": "Tue Apr 16 19:15:10 +0000 2019",
    "id": 1118231375327453184,
    "id_str": "1118231375327453184",
    "text": "Lyft, which owns Citi Bike, has pulled 3,000 electric bikes from the streets of San Francisco, New York and D.C., a\u2026 https://t.co/ZA7eKh6O3w",
    "truncated": true,
    "entities": {
        "hashtags": [],
        "symbols": [],
        "user_mentions": [],
        "urls": [
            {
                "url": "https://t.co/ZA7eKh6O3w",
                "expanded_url": "https://twitter.com/i/web/status/1118231375327453184",
                "display_url": "twitter.com/i/web/status/1\u2026",
                "indices": [
                    117,
                    140
                ]
            }
        ]
    },
    "metadata": {
        "iso_language_code": "en",
        "result_type": "recent"
    },
    "source": "<a href=\"http://www.socialflow.com\" rel=\"nofollow\">SocialFlow</a>",
    "in_reply_to_status_id": null,
    "in_reply_to_status_id_str": null,
    "in_reply_to_user_id": null,
    "in_reply_to_user_id_str": null,
    "in_reply_to_screen_name": null,
    "user": {
        "id": 20097362,
        "id_str": "20097362",
        "name": "NBC Bay Area",
        "screen_name": "nbcbayarea",
        "location": "San Francisco Bay Area",
        "description": "Thank you for stopping by @NBCBayArea - the place to go for exclusive local stories, breaking news, weather and sports. Facebook: https://t.co/1wlYqKBZsQ",
        "url": "https://t.co/GItaIcePJK",
        "entities": {
            "url": {
                "urls": [
                    {
                        "url": "https://t.co/GItaIcePJK",
                        "expanded_url": "http://nbcbayarea.com",
                        "display_url": "nbcbayarea.com",
                        "indices": [
                            0,
                            23
                        ]
                    }
                ]
            },
            "description": {
                "urls": [
                    {
                        "url": "https://t.co/1wlYqKBZsQ",
                        "expanded_url": "http://facebook.com/NBCBayArea",
                        "display_url": "facebook.com/NBCBayArea",
                        "indices": [
                            130,
                            153
                        ]
                    }
                ]
            }
        },
        "protected": false,
        "followers_count": 320040,
        "friends_count": 1399,
        "listed_count": 3372,
        "created_at": "Wed Feb 04 21:41:26 +0000 2009",
        "favourites_count": 6091,
        "utc_offset": null,
        "time_zone": null,
        "geo_enabled": true,
        "verified": true,
        "statuses_count": 296022,
        "lang": "en",
        "contributors_enabled": false,
        "is_translator": false,
        "is_translation_enabled": false,
        "profile_background_color": "0082C8",
        "profile_background_image_url": "http://abs.twimg.com/images/themes/theme4/bg.gif",
        "profile_background_image_url_https": "https://abs.twimg.com/images/themes/theme4/bg.gif",
        "profile_background_tile": false,
        "profile_image_url": "http://pbs.twimg.com/profile_images/1067833529961041925/iJaqSJcu_normal.jpg",
        "profile_image_url_https": "https://pbs.twimg.com/profile_images/1067833529961041925/iJaqSJcu_normal.jpg",
        "profile_banner_url": "https://pbs.twimg.com/profile_banners/20097362/1543426198",
        "profile_link_color": "0099B9",
        "profile_sidebar_border_color": "FFFFFF",
        "profile_sidebar_fill_color": "95E8EC",
        "profile_text_color": "3C3940",
        "profile_use_background_image": true,
        "has_extended_profile": false,
        "default_profile": false,
        "default_profile_image": false,
        "following": null,
        "follow_request_sent": null,
        "notifications": null,
        "translator_type": "none"
    },
    "geo": null,
    "coordinates": null,
    "place": null,
    "contributors": null,
    "is_quote_status": false,
    "retweet_count": 0,
    "favorite_count": 2,
    "favorited": false,
    "retweeted": false,
    "possibly_sensitive": false,
    "lang": "en"
}