{
    "created_at": "Wed Apr 17 14:04:03 +0000 2019",
    "id": 1118515470154420224,
    "id_str": "1118515470154420224",
    "text": "Lyft-owned Citi Bike is pulling its electric bikes off the streets after brake complaints, continuing a tough week\u2026 https://t.co/NTMxSI2pMI",
    "truncated": true,
    "entities": {
        "hashtags": [],
        "symbols": [],
        "user_mentions": [],
        "urls": [
            {
                "url": "https://t.co/NTMxSI2pMI",
                "expanded_url": "https://twitter.com/i/web/status/1118515470154420224",
                "display_url": "twitter.com/i/web/status/1\u2026",
                "indices": [
                    116,
                    139
                ]
            }
        ]
    },
    "metadata": {
        "iso_language_code": "en",
        "result_type": "recent"
    },
    "source": "<a href=\"https://dlvrit.com/\" rel=\"nofollow\">dlvr.it</a>",
    "in_reply_to_status_id": null,
    "in_reply_to_status_id_str": null,
    "in_reply_to_user_id": null,
    "in_reply_to_user_id_str": null,
    "in_reply_to_screen_name": null,
    "user": {
        "id": 847754676606873601,
        "id_str": "847754676606873601",
        "name": "Echo Tech Daily",
        "screen_name": "EchoTechDaily",
        "location": "United States",
        "description": "\ud83d\udce3 We listen to the echo of the latest #news about #technology & shout out daily tweets.",
        "url": null,
        "entities": {
            "description": {
                "urls": []
            }
        },
        "protected": false,
        "followers_count": 5089,
        "friends_count": 5627,
        "listed_count": 63,
        "created_at": "Fri Mar 31 10:17:20 +0000 2017",
        "favourites_count": 5308,
        "utc_offset": null,
        "time_zone": null,
        "geo_enabled": false,
        "verified": false,
        "statuses_count": 9060,
        "lang": "en",
        "contributors_enabled": false,
        "is_translator": false,
        "is_translation_enabled": false,
        "profile_background_color": "000000",
        "profile_background_image_url": "http://abs.twimg.com/images/themes/theme1/bg.png",
        "profile_background_image_url_https": "https://abs.twimg.com/images/themes/theme1/bg.png",
        "profile_background_tile": false,
        "profile_image_url": "http://pbs.twimg.com/profile_images/857227888050946048/8Cm7r7N6_normal.jpg",
        "profile_image_url_https": "https://pbs.twimg.com/profile_images/857227888050946048/8Cm7r7N6_normal.jpg",
        "profile_banner_url": "https://pbs.twimg.com/profile_banners/847754676606873601/1492966637",
        "profile_link_color": "1B95E0",
        "profile_sidebar_border_color": "000000",
        "profile_sidebar_fill_color": "000000",
        "profile_text_color": "000000",
        "profile_use_background_image": false,
        "has_extended_profile": false,
        "default_profile": false,
        "default_profile_image": false,
        "following": null,
        "follow_request_sent": null,
        "notifications": null,
        "translator_type": "none"
    },
    "geo": null,
    "coordinates": null,
    "place": null,
    "contributors": null,
    "is_quote_status": false,
    "retweet_count": 0,
    "favorite_count": 0,
    "favorited": false,
    "retweeted": false,
    "possibly_sensitive": false,
    "lang": "en"
}