{
    "created_at": "Tue Apr 16 10:32:16 +0000 2019",
    "id": 1118099782583582720,
    "id_str": "1118099782583582720",
    "text": "Lyft adds New York\u2019s Citi Bikes to its app https://t.co/MLgcap6xFX",
    "truncated": false,
    "entities": {
        "hashtags": [],
        "symbols": [],
        "user_mentions": [],
        "urls": [
            {
                "url": "https://t.co/MLgcap6xFX",
                "expanded_url": "https://www.engadget.com/2019/04/15/lyft-citi-bike-new-york-city/",
                "display_url": "engadget.com/2019/04/15/lyf\u2026",
                "indices": [
                    43,
                    66
                ]
            }
        ]
    },
    "metadata": {
        "iso_language_code": "en",
        "result_type": "recent"
    },
    "source": "<a href=\"http://twitter.com/#!/download/ipad\" rel=\"nofollow\">Twitter for iPad</a>",
    "in_reply_to_status_id": null,
    "in_reply_to_status_id_str": null,
    "in_reply_to_user_id": null,
    "in_reply_to_user_id_str": null,
    "in_reply_to_screen_name": null,
    "user": {
        "id": 83944465,
        "id_str": "83944465",
        "name": "Mike",
        "screen_name": "MADSTANG68",
        "location": "Rhode Island",
        "description": "Just paying it forward...",
        "url": null,
        "entities": {
            "description": {
                "urls": []
            }
        },
        "protected": false,
        "followers_count": 601,
        "friends_count": 2135,
        "listed_count": 33,
        "created_at": "Tue Oct 20 22:46:16 +0000 2009",
        "favourites_count": 3734,
        "utc_offset": null,
        "time_zone": null,
        "geo_enabled": true,
        "verified": false,
        "statuses_count": 36361,
        "lang": "en",
        "contributors_enabled": false,
        "is_translator": false,
        "is_translation_enabled": false,
        "profile_background_color": "022330",
        "profile_background_image_url": "http://abs.twimg.com/images/themes/theme15/bg.png",
        "profile_background_image_url_https": "https://abs.twimg.com/images/themes/theme15/bg.png",
        "profile_background_tile": false,
        "profile_image_url": "http://pbs.twimg.com/profile_images/2643279400/4b803e62f5ea1e3946cd5b1d770edda9_normal.jpeg",
        "profile_image_url_https": "https://pbs.twimg.com/profile_images/2643279400/4b803e62f5ea1e3946cd5b1d770edda9_normal.jpeg",
        "profile_banner_url": "https://pbs.twimg.com/profile_banners/83944465/1398598181",
        "profile_link_color": "0084B4",
        "profile_sidebar_border_color": "A8C7F7",
        "profile_sidebar_fill_color": "C0DFEC",
        "profile_text_color": "333333",
        "profile_use_background_image": true,
        "has_extended_profile": false,
        "default_profile": false,
        "default_profile_image": false,
        "following": null,
        "follow_request_sent": null,
        "notifications": null,
        "translator_type": "none"
    },
    "geo": null,
    "coordinates": null,
    "place": null,
    "contributors": null,
    "is_quote_status": false,
    "retweet_count": 0,
    "favorite_count": 0,
    "favorited": false,
    "retweeted": false,
    "possibly_sensitive": false,
    "lang": "en"
}