{
    "created_at": "Tue Apr 16 10:29:23 +0000 2019",
    "id": 1118099057615015937,
    "id_str": "1118099057615015937",
    "text": "New York Today: Citi Bike\u2019s Electric Bikes Are Fast. But Are They Dangerous? https://t.co/kiMRSKPd3h",
    "truncated": false,
    "entities": {
        "hashtags": [],
        "symbols": [],
        "user_mentions": [],
        "urls": [
            {
                "url": "https://t.co/kiMRSKPd3h",
                "expanded_url": "http://bit.ly/2VMxd3R",
                "display_url": "bit.ly/2VMxd3R",
                "indices": [
                    77,
                    100
                ]
            }
        ]
    },
    "metadata": {
        "iso_language_code": "en",
        "result_type": "recent"
    },
    "source": "<a href=\"https://ifttt.com\" rel=\"nofollow\">IFTTT</a>",
    "in_reply_to_status_id": null,
    "in_reply_to_status_id_str": null,
    "in_reply_to_user_id": null,
    "in_reply_to_user_id_str": null,
    "in_reply_to_screen_name": null,
    "user": {
        "id": 736758787848044546,
        "id_str": "736758787848044546",
        "name": "RSS News Hub",
        "screen_name": "RSSNewsHub",
        "location": "New York, USA",
        "description": "RSS News Hub is a news aggregate site where you can browse all the latest news by topic, trends and see what other sites are posting about it.",
        "url": "https://t.co/irMtvPmzxX",
        "entities": {
            "url": {
                "urls": [
                    {
                        "url": "https://t.co/irMtvPmzxX",
                        "expanded_url": "http://rssnewshub.com",
                        "display_url": "rssnewshub.com",
                        "indices": [
                            0,
                            23
                        ]
                    }
                ]
            },
            "description": {
                "urls": []
            }
        },
        "protected": false,
        "followers_count": 1525,
        "friends_count": 1359,
        "listed_count": 77,
        "created_at": "Sun May 29 03:19:18 +0000 2016",
        "favourites_count": 0,
        "utc_offset": null,
        "time_zone": null,
        "geo_enabled": false,
        "verified": false,
        "statuses_count": 32355,
        "lang": "en",
        "contributors_enabled": false,
        "is_translator": false,
        "is_translation_enabled": false,
        "profile_background_color": "000000",
        "profile_background_image_url": "http://abs.twimg.com/images/themes/theme1/bg.png",
        "profile_background_image_url_https": "https://abs.twimg.com/images/themes/theme1/bg.png",
        "profile_background_tile": false,
        "profile_image_url": "http://pbs.twimg.com/profile_images/736773778315743235/4c04N7vl_normal.jpg",
        "profile_image_url_https": "https://pbs.twimg.com/profile_images/736773778315743235/4c04N7vl_normal.jpg",
        "profile_link_color": "2769B0",
        "profile_sidebar_border_color": "000000",
        "profile_sidebar_fill_color": "000000",
        "profile_text_color": "000000",
        "profile_use_background_image": false,
        "has_extended_profile": false,
        "default_profile": false,
        "default_profile_image": false,
        "following": null,
        "follow_request_sent": null,
        "notifications": null,
        "translator_type": "none"
    },
    "geo": null,
    "coordinates": null,
    "place": null,
    "contributors": null,
    "is_quote_status": false,
    "retweet_count": 0,
    "favorite_count": 0,
    "favorited": false,
    "retweeted": false,
    "possibly_sensitive": false,
    "lang": "en"
}