{
    "created_at": "Tue Apr 16 12:14:50 +0000 2019",
    "id": 1118125595525898242,
    "id_str": "1118125595525898242",
    "text": "Citi Bike\u2019s Electric Bikes Are Fast. But Are They Dangerous? https://t.co/FduhW4MlDF",
    "truncated": false,
    "entities": {
        "hashtags": [],
        "symbols": [],
        "user_mentions": [],
        "urls": [
            {
                "url": "https://t.co/FduhW4MlDF",
                "expanded_url": "https://nyti.ms/2Uh0YrL",
                "display_url": "nyti.ms/2Uh0YrL",
                "indices": [
                    61,
                    84
                ]
            }
        ]
    },
    "metadata": {
        "iso_language_code": "en",
        "result_type": "recent"
    },
    "source": "<a href=\"http://twitter.com\" rel=\"nofollow\">Twitter Web Client</a>",
    "in_reply_to_status_id": null,
    "in_reply_to_status_id_str": null,
    "in_reply_to_user_id": null,
    "in_reply_to_user_id_str": null,
    "in_reply_to_screen_name": null,
    "user": {
        "id": 3014917977,
        "id_str": "3014917977",
        "name": "Larry Nutson",
        "screen_name": "1ChicagoCarGuy",
        "location": "Chicago",
        "description": "Car enthusiast. Mechanical engineer, extensive auto industry creds, sharing info about urban-use vehicles & classic cars. treasurer @mamaonline #wheelsoftheweek",
        "url": "http://t.co/zsgulAQ6Zd",
        "entities": {
            "url": {
                "urls": [
                    {
                        "url": "http://t.co/zsgulAQ6Zd",
                        "expanded_url": "http://chicagocarguy.org",
                        "display_url": "chicagocarguy.org",
                        "indices": [
                            0,
                            22
                        ]
                    }
                ]
            },
            "description": {
                "urls": []
            }
        },
        "protected": false,
        "followers_count": 680,
        "friends_count": 569,
        "listed_count": 125,
        "created_at": "Tue Feb 03 18:16:09 +0000 2015",
        "favourites_count": 7447,
        "utc_offset": null,
        "time_zone": null,
        "geo_enabled": true,
        "verified": false,
        "statuses_count": 21324,
        "lang": "en",
        "contributors_enabled": false,
        "is_translator": false,
        "is_translation_enabled": false,
        "profile_background_color": "000000",
        "profile_background_image_url": "http://abs.twimg.com/images/themes/theme1/bg.png",
        "profile_background_image_url_https": "https://abs.twimg.com/images/themes/theme1/bg.png",
        "profile_background_tile": false,
        "profile_image_url": "http://pbs.twimg.com/profile_images/562676834957922304/234gJlV6_normal.jpeg",
        "profile_image_url_https": "https://pbs.twimg.com/profile_images/562676834957922304/234gJlV6_normal.jpeg",
        "profile_banner_url": "https://pbs.twimg.com/profile_banners/3014917977/1472746966",
        "profile_link_color": "1B95E0",
        "profile_sidebar_border_color": "000000",
        "profile_sidebar_fill_color": "000000",
        "profile_text_color": "000000",
        "profile_use_background_image": false,
        "has_extended_profile": true,
        "default_profile": false,
        "default_profile_image": false,
        "following": null,
        "follow_request_sent": null,
        "notifications": null,
        "translator_type": "none"
    },
    "geo": null,
    "coordinates": null,
    "place": null,
    "contributors": null,
    "is_quote_status": false,
    "retweet_count": 0,
    "favorite_count": 0,
    "favorited": false,
    "retweeted": false,
    "possibly_sensitive": false,
    "lang": "en"
}