{
    "created_at": "Tue Apr 16 14:04:24 +0000 2019",
    "id": 1118153170927017987,
    "id_str": "1118153170927017987",
    "text": "@DeanReimer @bikesnobnyc Possibly. My guess is that citi bikes prioritized profit and keeping bikes out on the stre\u2026 https://t.co/QS33dEficH",
    "truncated": true,
    "entities": {
        "hashtags": [],
        "symbols": [],
        "user_mentions": [
            {
                "screen_name": "DeanReimer",
                "name": "Dean Reimer",
                "id": 357594891,
                "id_str": "357594891",
                "indices": [
                    0,
                    11
                ]
            },
            {
                "screen_name": "bikesnobnyc",
                "name": "Bike Snob NYC",
                "id": 19368361,
                "id_str": "19368361",
                "indices": [
                    12,
                    24
                ]
            }
        ],
        "urls": [
            {
                "url": "https://t.co/QS33dEficH",
                "expanded_url": "https://twitter.com/i/web/status/1118153170927017987",
                "display_url": "twitter.com/i/web/status/1\u2026",
                "indices": [
                    117,
                    140
                ]
            }
        ]
    },
    "metadata": {
        "iso_language_code": "en",
        "result_type": "recent"
    },
    "source": "<a href=\"http://twitter.com/download/iphone\" rel=\"nofollow\">Twitter for iPhone</a>",
    "in_reply_to_status_id": 1118147182253580288,
    "in_reply_to_status_id_str": "1118147182253580288",
    "in_reply_to_user_id": 357594891,
    "in_reply_to_user_id_str": "357594891",
    "in_reply_to_screen_name": "DeanReimer",
    "user": {
        "id": 1092950049791762432,
        "id_str": "1092950049791762432",
        "name": "Danny",
        "screen_name": "dancswithwolves",
        "location": "",
        "description": "PNW \ud83d\udd34\u26aa\ufe0f Gooner \ud83d\udeb5\ud83c\udffc\u200d\u2642\ufe0f\u26bd\ufe0f\ud83d\udcf8",
        "url": null,
        "entities": {
            "description": {
                "urls": []
            }
        },
        "protected": false,
        "followers_count": 16,
        "friends_count": 112,
        "listed_count": 0,
        "created_at": "Wed Feb 06 00:56:12 +0000 2019",
        "favourites_count": 1985,
        "utc_offset": null,
        "time_zone": null,
        "geo_enabled": false,
        "verified": false,
        "statuses_count": 535,
        "lang": "en",
        "contributors_enabled": false,
        "is_translator": false,
        "is_translation_enabled": false,
        "profile_background_color": "F5F8FA",
        "profile_background_image_url": null,
        "profile_background_image_url_https": null,
        "profile_background_tile": false,
        "profile_image_url": "http://pbs.twimg.com/profile_images/1104453808606740480/ebDyZU0y_normal.jpg",
        "profile_image_url_https": "https://pbs.twimg.com/profile_images/1104453808606740480/ebDyZU0y_normal.jpg",
        "profile_banner_url": "https://pbs.twimg.com/profile_banners/1092950049791762432/1550689990",
        "profile_link_color": "1DA1F2",
        "profile_sidebar_border_color": "C0DEED",
        "profile_sidebar_fill_color": "DDEEF6",
        "profile_text_color": "333333",
        "profile_use_background_image": true,
        "has_extended_profile": false,
        "default_profile": true,
        "default_profile_image": false,
        "following": null,
        "follow_request_sent": null,
        "notifications": null,
        "translator_type": "none"
    },
    "geo": null,
    "coordinates": null,
    "place": null,
    "contributors": null,
    "is_quote_status": false,
    "retweet_count": 0,
    "favorite_count": 0,
    "favorited": false,
    "retweeted": false,
    "lang": "en"
}