{
    "created_at": "Thu Apr 18 02:08:55 +0000 2019",
    "id": 1118697888500965376,
    "id_str": "1118697888500965376",
    "text": "Anatomy of a Debacle: Uber and Shimano Threw Lyft-Owned Citi Bike Under the Bus https://t.co/qDLNatMgi0 via @StreetsblogNYC",
    "truncated": false,
    "entities": {
        "hashtags": [],
        "symbols": [],
        "user_mentions": [
            {
                "screen_name": "StreetsblogNYC",
                "name": "Streetsblog New York",
                "id": 128750686,
                "id_str": "128750686",
                "indices": [
                    108,
                    123
                ]
            }
        ],
        "urls": [
            {
                "url": "https://t.co/qDLNatMgi0",
                "expanded_url": "https://nyc.streetsblog.org/2019/04/17/anatomy-of-a-debacle-uber-and-shimano-threw-lyft-owned-citi-bike-under-the-bus/",
                "display_url": "nyc.streetsblog.org/2019/04/17/ana\u2026",
                "indices": [
                    80,
                    103
                ]
            }
        ]
    },
    "metadata": {
        "iso_language_code": "en",
        "result_type": "recent"
    },
    "source": "<a href=\"http://twitter.com/download/iphone\" rel=\"nofollow\">Twitter for iPhone</a>",
    "in_reply_to_status_id": null,
    "in_reply_to_status_id_str": null,
    "in_reply_to_user_id": null,
    "in_reply_to_user_id_str": null,
    "in_reply_to_screen_name": null,
    "user": {
        "id": 381926919,
        "id_str": "381926919",
        "name": "James Szypula",
        "screen_name": "YokohamaRides",
        "location": "Yokohama-shi Kanagawa-ku",
        "description": "From hometown NYC, to new home on the Old Tokaido, auto use should be discouraged wherever possible- because #CarsAreDeadly #CarsAreDumb & #BikesAreSmart",
        "url": "https://t.co/1TRCzEN67J",
        "entities": {
            "url": {
                "urls": [
                    {
                        "url": "https://t.co/1TRCzEN67J",
                        "expanded_url": "http://www.cycling-embassy.jp",
                        "display_url": "cycling-embassy.jp",
                        "indices": [
                            0,
                            23
                        ]
                    }
                ]
            },
            "description": {
                "urls": []
            }
        },
        "protected": false,
        "followers_count": 1344,
        "friends_count": 3546,
        "listed_count": 107,
        "created_at": "Thu Sep 29 05:41:04 +0000 2011",
        "favourites_count": 65333,
        "utc_offset": null,
        "time_zone": null,
        "geo_enabled": true,
        "verified": false,
        "statuses_count": 21864,
        "lang": "en",
        "contributors_enabled": false,
        "is_translator": false,
        "is_translation_enabled": false,
        "profile_background_color": "022330",
        "profile_background_image_url": "http://abs.twimg.com/images/themes/theme15/bg.png",
        "profile_background_image_url_https": "https://abs.twimg.com/images/themes/theme15/bg.png",
        "profile_background_tile": true,
        "profile_image_url": "http://pbs.twimg.com/profile_images/890400177529397248/lti0wMwv_normal.jpg",
        "profile_image_url_https": "https://pbs.twimg.com/profile_images/890400177529397248/lti0wMwv_normal.jpg",
        "profile_banner_url": "https://pbs.twimg.com/profile_banners/381926919/1452566782",
        "profile_link_color": "0084B4",
        "profile_sidebar_border_color": "A8C7F7",
        "profile_sidebar_fill_color": "C0DFEC",
        "profile_text_color": "333333",
        "profile_use_background_image": true,
        "has_extended_profile": true,
        "default_profile": false,
        "default_profile_image": false,
        "following": null,
        "follow_request_sent": null,
        "notifications": null,
        "translator_type": "none"
    },
    "geo": null,
    "coordinates": null,
    "place": null,
    "contributors": null,
    "is_quote_status": false,
    "retweet_count": 1,
    "favorite_count": 0,
    "favorited": false,
    "retweeted": false,
    "possibly_sensitive": false,
    "lang": "en"
}