{
    "created_at": "Wed Apr 17 15:37:19 +0000 2019",
    "id": 1118538939718152192,
    "id_str": "1118538939718152192",
    "text": "RT @srahrman: Another NYPD shooting, another NYT story that's exclusively the word of police https://t.co/OrnzzuF0Cy https://t.co/d8XFo93AN9",
    "truncated": false,
    "entities": {
        "hashtags": [],
        "symbols": [],
        "user_mentions": [
            {
                "screen_name": "srahrman",
                "name": "Shakeer Rahman",
                "id": 27599225,
                "id_str": "27599225",
                "indices": [
                    3,
                    12
                ]
            }
        ],
        "urls": [
            {
                "url": "https://t.co/OrnzzuF0Cy",
                "expanded_url": "https://www.nytimes.com/2019/04/16/nyregion/newyorktoday/nyc-news-citi-bike-electric.html",
                "display_url": "nytimes.com/2019/04/16/nyr\u2026",
                "indices": [
                    93,
                    116
                ]
            }
        ],
        "media": [
            {
                "id": 1118206212481249281,
                "id_str": "1118206212481249281",
                "indices": [
                    117,
                    140
                ],
                "media_url": "http://pbs.twimg.com/media/D4SqoDCUcAE_V9C.jpg",
                "media_url_https": "https://pbs.twimg.com/media/D4SqoDCUcAE_V9C.jpg",
                "url": "https://t.co/d8XFo93AN9",
                "display_url": "pic.twitter.com/d8XFo93AN9",
                "expanded_url": "https://twitter.com/srahrman/status/1118206760072822784/photo/1",
                "type": "photo",
                "sizes": {
                    "thumb": {
                        "w": 150,
                        "h": 150,
                        "resize": "crop"
                    },
                    "small": {
                        "w": 498,
                        "h": 680,
                        "resize": "fit"
                    },
                    "medium": {
                        "w": 879,
                        "h": 1200,
                        "resize": "fit"
                    },
                    "large": {
                        "w": 1068,
                        "h": 1458,
                        "resize": "fit"
                    }
                },
                "source_status_id": 1118206760072822784,
                "source_status_id_str": "1118206760072822784",
                "source_user_id": 27599225,
                "source_user_id_str": "27599225"
            }
        ]
    },
    "extended_entities": {
        "media": [
            {
                "id": 1118206212481249281,
                "id_str": "1118206212481249281",
                "indices": [
                    117,
                    140
                ],
                "media_url": "http://pbs.twimg.com/media/D4SqoDCUcAE_V9C.jpg",
                "media_url_https": "https://pbs.twimg.com/media/D4SqoDCUcAE_V9C.jpg",
                "url": "https://t.co/d8XFo93AN9",
                "display_url": "pic.twitter.com/d8XFo93AN9",
                "expanded_url": "https://twitter.com/srahrman/status/1118206760072822784/photo/1",
                "type": "photo",
                "sizes": {
                    "thumb": {
                        "w": 150,
                        "h": 150,
                        "resize": "crop"
                    },
                    "small": {
                        "w": 498,
                        "h": 680,
                        "resize": "fit"
                    },
                    "medium": {
                        "w": 879,
                        "h": 1200,
                        "resize": "fit"
                    },
                    "large": {
                        "w": 1068,
                        "h": 1458,
                        "resize": "fit"
                    }
                },
                "source_status_id": 1118206760072822784,
                "source_status_id_str": "1118206760072822784",
                "source_user_id": 27599225,
                "source_user_id_str": "27599225"
            }
        ]
    },
    "metadata": {
        "iso_language_code": "en",
        "result_type": "recent"
    },
    "source": "<a href=\"http://twitter.com/download/android\" rel=\"nofollow\">Twitter for Android</a>",
    "in_reply_to_status_id": null,
    "in_reply_to_status_id_str": null,
    "in_reply_to_user_id": null,
    "in_reply_to_user_id_str": null,
    "in_reply_to_screen_name": null,
    "user": {
        "id": 15480029,
        "id_str": "15480029",
        "name": "Ayman Hossam Fadel",
        "screen_name": "aymanfadel",
        "location": "Augusta, GA",
        "description": "Check out CSRA Peace Alliance at http://t.co/1VWOxdzdeu & my blog http://t.co/2cGtsNVPOx. Sell books at https://t.co/58axQH1kzc.",
        "url": "http://t.co/hOA0bvreVL",
        "entities": {
            "url": {
                "urls": [
                    {
                        "url": "http://t.co/hOA0bvreVL",
                        "expanded_url": "http://muslimmediareview.blogspot.com",
                        "display_url": "muslimmediareview.blogspot.com",
                        "indices": [
                            0,
                            22
                        ]
                    }
                ]
            },
            "description": {
                "urls": [
                    {
                        "url": "http://t.co/1VWOxdzdeu",
                        "expanded_url": "http://csrapeace.org",
                        "display_url": "csrapeace.org",
                        "indices": [
                            33,
                            55
                        ]
                    },
                    {
                        "url": "http://t.co/2cGtsNVPOx",
                        "expanded_url": "http://aymplaying.wordpress.com",
                        "display_url": "aymplaying.wordpress.com",
                        "indices": [
                            66,
                            88
                        ]
                    },
                    {
                        "url": "https://t.co/58axQH1kzc",
                        "expanded_url": "https://squareup.com/market/orphaned-books",
                        "display_url": "squareup.com/market/orphane\u2026",
                        "indices": [
                            104,
                            127
                        ]
                    }
                ]
            }
        },
        "protected": false,
        "followers_count": 1990,
        "friends_count": 2224,
        "listed_count": 331,
        "created_at": "Fri Jul 18 12:00:52 +0000 2008",
        "favourites_count": 1772,
        "utc_offset": null,
        "time_zone": null,
        "geo_enabled": true,
        "verified": false,
        "statuses_count": 202452,
        "lang": "en",
        "contributors_enabled": false,
        "is_translator": false,
        "is_translation_enabled": false,
        "profile_background_color": "C0DEED",
        "profile_background_image_url": "http://abs.twimg.com/images/themes/theme1/bg.png",
        "profile_background_image_url_https": "https://abs.twimg.com/images/themes/theme1/bg.png",
        "profile_background_tile": false,
        "profile_image_url": "http://pbs.twimg.com/profile_images/852340206346817538/NAi6zmAO_normal.jpg",
        "profile_image_url_https": "https://pbs.twimg.com/profile_images/852340206346817538/NAi6zmAO_normal.jpg",
        "profile_banner_url": "https://pbs.twimg.com/profile_banners/15480029/1470165484",
        "profile_link_color": "0084B4",
        "profile_sidebar_border_color": "C0DEED",
        "profile_sidebar_fill_color": "DDEEF6",
        "profile_text_color": "333333",
        "profile_use_background_image": true,
        "has_extended_profile": false,
        "default_profile": false,
        "default_profile_image": false,
        "following": null,
        "follow_request_sent": null,
        "notifications": null,
        "translator_type": "none"
    },
    "geo": null,
    "coordinates": null,
    "place": null,
    "contributors": null,
    "retweeted_status": {
        "created_at": "Tue Apr 16 17:37:21 +0000 2019",
        "id": 1118206760072822784,
        "id_str": "1118206760072822784",
        "text": "Another NYPD shooting, another NYT story that's exclusively the word of police https://t.co/OrnzzuF0Cy https://t.co/d8XFo93AN9",
        "truncated": false,
        "entities": {
            "hashtags": [],
            "symbols": [],
            "user_mentions": [],
            "urls": [
                {
                    "url": "https://t.co/OrnzzuF0Cy",
                    "expanded_url": "https://www.nytimes.com/2019/04/16/nyregion/newyorktoday/nyc-news-citi-bike-electric.html",
                    "display_url": "nytimes.com/2019/04/16/nyr\u2026",
                    "indices": [
                        79,
                        102
                    ]
                }
            ],
            "media": [
                {
                    "id": 1118206212481249281,
                    "id_str": "1118206212481249281",
                    "indices": [
                        103,
                        126
                    ],
                    "media_url": "http://pbs.twimg.com/media/D4SqoDCUcAE_V9C.jpg",
                    "media_url_https": "https://pbs.twimg.com/media/D4SqoDCUcAE_V9C.jpg",
                    "url": "https://t.co/d8XFo93AN9",
                    "display_url": "pic.twitter.com/d8XFo93AN9",
                    "expanded_url": "https://twitter.com/srahrman/status/1118206760072822784/photo/1",
                    "type": "photo",
                    "sizes": {
                        "thumb": {
                            "w": 150,
                            "h": 150,
                            "resize": "crop"
                        },
                        "small": {
                            "w": 498,
                            "h": 680,
                            "resize": "fit"
                        },
                        "medium": {
                            "w": 879,
                            "h": 1200,
                            "resize": "fit"
                        },
                        "large": {
                            "w": 1068,
                            "h": 1458,
                            "resize": "fit"
                        }
                    }
                }
            ]
        },
        "extended_entities": {
            "media": [
                {
                    "id": 1118206212481249281,
                    "id_str": "1118206212481249281",
                    "indices": [
                        103,
                        126
                    ],
                    "media_url": "http://pbs.twimg.com/media/D4SqoDCUcAE_V9C.jpg",
                    "media_url_https": "https://pbs.twimg.com/media/D4SqoDCUcAE_V9C.jpg",
                    "url": "https://t.co/d8XFo93AN9",
                    "display_url": "pic.twitter.com/d8XFo93AN9",
                    "expanded_url": "https://twitter.com/srahrman/status/1118206760072822784/photo/1",
                    "type": "photo",
                    "sizes": {
                        "thumb": {
                            "w": 150,
                            "h": 150,
                            "resize": "crop"
                        },
                        "small": {
                            "w": 498,
                            "h": 680,
                            "resize": "fit"
                        },
                        "medium": {
                            "w": 879,
                            "h": 1200,
                            "resize": "fit"
                        },
                        "large": {
                            "w": 1068,
                            "h": 1458,
                            "resize": "fit"
                        }
                    }
                }
            ]
        },
        "metadata": {
            "iso_language_code": "en",
            "result_type": "recent"
        },
        "source": "<a href=\"http://twitter.com\" rel=\"nofollow\">Twitter Web Client</a>",
        "in_reply_to_status_id": null,
        "in_reply_to_status_id_str": null,
        "in_reply_to_user_id": null,
        "in_reply_to_user_id_str": null,
        "in_reply_to_screen_name": null,
        "user": {
            "id": 27599225,
            "id_str": "27599225",
            "name": "Shakeer Rahman",
            "screen_name": "srahrman",
            "location": "",
            "description": "Suing police and courts with @BronxDefenders (personal not employer views)",
            "url": null,
            "entities": {
                "description": {
                    "urls": []
                }
            },
            "protected": false,
            "followers_count": 873,
            "friends_count": 399,
            "listed_count": 11,
            "created_at": "Mon Mar 30 06:59:59 +0000 2009",
            "favourites_count": 9169,
            "utc_offset": null,
            "time_zone": null,
            "geo_enabled": true,
            "verified": false,
            "statuses_count": 2588,
            "lang": "en",
            "contributors_enabled": false,
            "is_translator": false,
            "is_translation_enabled": false,
            "profile_background_color": "FFFFFF",
            "profile_background_image_url": "http://abs.twimg.com/images/themes/theme1/bg.png",
            "profile_background_image_url_https": "https://abs.twimg.com/images/themes/theme1/bg.png",
            "profile_background_tile": false,
            "profile_image_url": "http://pbs.twimg.com/profile_images/989700400751226880/R8bJg6dL_normal.jpg",
            "profile_image_url_https": "https://pbs.twimg.com/profile_images/989700400751226880/R8bJg6dL_normal.jpg",
            "profile_banner_url": "https://pbs.twimg.com/profile_banners/27599225/1552794248",
            "profile_link_color": "B22222",
            "profile_sidebar_border_color": "DFDFDF",
            "profile_sidebar_fill_color": "F3F3F3",
            "profile_text_color": "333333",
            "profile_use_background_image": true,
            "has_extended_profile": false,
            "default_profile": false,
            "default_profile_image": false,
            "following": null,
            "follow_request_sent": null,
            "notifications": null,
            "translator_type": "none"
        },
        "geo": null,
        "coordinates": null,
        "place": {
            "id": "3b77caf94bfc81fe",
            "url": "https://api.twitter.com/1.1/geo/id/3b77caf94bfc81fe.json",
            "place_type": "city",
            "name": "Los Angeles",
            "full_name": "Los Angeles, CA",
            "country_code": "US",
            "country": "United States",
            "contained_within": [],
            "bounding_box": {
                "type": "Polygon",
                "coordinates": [
                    [
                        [
                            -118.668404,
                            33.704538
                        ],
                        [
                            -118.155409,
                            33.704538
                        ],
                        [
                            -118.155409,
                            34.337041
                        ],
                        [
                            -118.668404,
                            34.337041
                        ]
                    ]
                ]
            },
            "attributes": {}
        },
        "contributors": null,
        "is_quote_status": false,
        "retweet_count": 10,
        "favorite_count": 25,
        "favorited": false,
        "retweeted": false,
        "possibly_sensitive": false,
        "lang": "en"
    },
    "is_quote_status": false,
    "retweet_count": 10,
    "favorite_count": 0,
    "favorited": false,
    "retweeted": false,
    "possibly_sensitive": false,
    "lang": "en"
}