{
    "created_at": "Wed Apr 17 18:20:33 +0000 2019",
    "id": 1118580020606320640,
    "id_str": "1118580020606320640",
    "text": "Braking Bad \ud83d\udeb2\n\nhttps://t.co/g1xT0rJW8z",
    "truncated": false,
    "entities": {
        "hashtags": [],
        "symbols": [],
        "user_mentions": [],
        "urls": [
            {
                "url": "https://t.co/g1xT0rJW8z",
                "expanded_url": "https://www.theverge.com/2019/4/15/18311243/lyft-electric-citi-bike-bikeshare-nyc-sf-dc-braking-malfunction",
                "display_url": "theverge.com/2019/4/15/1831\u2026",
                "indices": [
                    15,
                    38
                ]
            }
        ]
    },
    "metadata": {
        "iso_language_code": "en",
        "result_type": "recent"
    },
    "source": "<a href=\"http://twitter.com/download/android\" rel=\"nofollow\">Twitter for Android</a>",
    "in_reply_to_status_id": null,
    "in_reply_to_status_id_str": null,
    "in_reply_to_user_id": null,
    "in_reply_to_user_id_str": null,
    "in_reply_to_screen_name": null,
    "user": {
        "id": 1927589978,
        "id_str": "1927589978",
        "name": "Ben Schmark",
        "screen_name": "TheBenSchmark",
        "location": "",
        "description": "",
        "url": null,
        "entities": {
            "description": {
                "urls": []
            }
        },
        "protected": false,
        "followers_count": 883,
        "friends_count": 853,
        "listed_count": 34,
        "created_at": "Wed Oct 02 17:25:09 +0000 2013",
        "favourites_count": 4090,
        "utc_offset": null,
        "time_zone": null,
        "geo_enabled": false,
        "verified": false,
        "statuses_count": 4484,
        "lang": "en",
        "contributors_enabled": false,
        "is_translator": false,
        "is_translation_enabled": false,
        "profile_background_color": "C0DEED",
        "profile_background_image_url": "http://abs.twimg.com/images/themes/theme1/bg.png",
        "profile_background_image_url_https": "https://abs.twimg.com/images/themes/theme1/bg.png",
        "profile_background_tile": false,
        "profile_image_url": "http://pbs.twimg.com/profile_images/542148944856629248/msl_4Lpf_normal.jpeg",
        "profile_image_url_https": "https://pbs.twimg.com/profile_images/542148944856629248/msl_4Lpf_normal.jpeg",
        "profile_banner_url": "https://pbs.twimg.com/profile_banners/1927589978/1418093429",
        "profile_link_color": "1DA1F2",
        "profile_sidebar_border_color": "C0DEED",
        "profile_sidebar_fill_color": "DDEEF6",
        "profile_text_color": "333333",
        "profile_use_background_image": true,
        "has_extended_profile": false,
        "default_profile": true,
        "default_profile_image": false,
        "following": null,
        "follow_request_sent": null,
        "notifications": null,
        "translator_type": "none"
    },
    "geo": null,
    "coordinates": null,
    "place": null,
    "contributors": null,
    "is_quote_status": false,
    "retweet_count": 0,
    "favorite_count": 0,
    "favorited": false,
    "retweeted": false,
    "possibly_sensitive": false,
    "lang": "en"
}