{
    "created_at": "Tue Apr 16 11:22:34 +0000 2019",
    "id": 1118112442570162176,
    "id_str": "1118112442570162176",
    "text": "New York Today: Citi Bike\u2019s Electric Bikes Are Fast. But Are They Dangerous? https://t.co/TQMtNj4fma https://t.co/2BFh2BiUPP",
    "truncated": false,
    "entities": {
        "hashtags": [],
        "symbols": [],
        "user_mentions": [],
        "urls": [
            {
                "url": "https://t.co/TQMtNj4fma",
                "expanded_url": "http://bit.ly/2IwWJ9c",
                "display_url": "bit.ly/2IwWJ9c",
                "indices": [
                    77,
                    100
                ]
            }
        ],
        "media": [
            {
                "id": 1118112441630633985,
                "id_str": "1118112441630633985",
                "indices": [
                    101,
                    124
                ],
                "media_url": "http://pbs.twimg.com/media/D4RVV3ZWsAE4LCo.jpg",
                "media_url_https": "https://pbs.twimg.com/media/D4RVV3ZWsAE4LCo.jpg",
                "url": "https://t.co/2BFh2BiUPP",
                "display_url": "pic.twitter.com/2BFh2BiUPP",
                "expanded_url": "https://twitter.com/New_York_Globe/status/1118112442570162176/photo/1",
                "type": "photo",
                "sizes": {
                    "thumb": {
                        "w": 150,
                        "h": 150,
                        "resize": "crop"
                    },
                    "large": {
                        "w": 600,
                        "h": 400,
                        "resize": "fit"
                    },
                    "medium": {
                        "w": 600,
                        "h": 400,
                        "resize": "fit"
                    },
                    "small": {
                        "w": 600,
                        "h": 400,
                        "resize": "fit"
                    }
                }
            }
        ]
    },
    "extended_entities": {
        "media": [
            {
                "id": 1118112441630633985,
                "id_str": "1118112441630633985",
                "indices": [
                    101,
                    124
                ],
                "media_url": "http://pbs.twimg.com/media/D4RVV3ZWsAE4LCo.jpg",
                "media_url_https": "https://pbs.twimg.com/media/D4RVV3ZWsAE4LCo.jpg",
                "url": "https://t.co/2BFh2BiUPP",
                "display_url": "pic.twitter.com/2BFh2BiUPP",
                "expanded_url": "https://twitter.com/New_York_Globe/status/1118112442570162176/photo/1",
                "type": "photo",
                "sizes": {
                    "thumb": {
                        "w": 150,
                        "h": 150,
                        "resize": "crop"
                    },
                    "large": {
                        "w": 600,
                        "h": 400,
                        "resize": "fit"
                    },
                    "medium": {
                        "w": 600,
                        "h": 400,
                        "resize": "fit"
                    },
                    "small": {
                        "w": 600,
                        "h": 400,
                        "resize": "fit"
                    }
                }
            }
        ]
    },
    "metadata": {
        "iso_language_code": "en",
        "result_type": "recent"
    },
    "source": "<a href=\"https://ifttt.com\" rel=\"nofollow\">IFTTT</a>",
    "in_reply_to_status_id": null,
    "in_reply_to_status_id_str": null,
    "in_reply_to_user_id": null,
    "in_reply_to_user_id_str": null,
    "in_reply_to_screen_name": null,
    "user": {
        "id": 1102921354423271424,
        "id_str": "1102921354423271424",
        "name": "New York Globe",
        "screen_name": "New_York_Globe",
        "location": "New York, NY",
        "description": "New York Globe - United States, European, World News & Comment",
        "url": "https://t.co/z4U9B2uy8Z",
        "entities": {
            "url": {
                "urls": [
                    {
                        "url": "https://t.co/z4U9B2uy8Z",
                        "expanded_url": "http://www.newyorkglobe.co",
                        "display_url": "newyorkglobe.co",
                        "indices": [
                            0,
                            23
                        ]
                    }
                ]
            },
            "description": {
                "urls": []
            }
        },
        "protected": false,
        "followers_count": 200,
        "friends_count": 0,
        "listed_count": 1,
        "created_at": "Tue Mar 05 13:18:36 +0000 2019",
        "favourites_count": 0,
        "utc_offset": null,
        "time_zone": null,
        "geo_enabled": false,
        "verified": false,
        "statuses_count": 3898,
        "lang": "en",
        "contributors_enabled": false,
        "is_translator": false,
        "is_translation_enabled": false,
        "profile_background_color": "000000",
        "profile_background_image_url": "http://abs.twimg.com/images/themes/theme1/bg.png",
        "profile_background_image_url_https": "https://abs.twimg.com/images/themes/theme1/bg.png",
        "profile_background_tile": false,
        "profile_image_url": "http://pbs.twimg.com/profile_images/1102921419275595780/p88zte74_normal.jpg",
        "profile_image_url_https": "https://pbs.twimg.com/profile_images/1102921419275595780/p88zte74_normal.jpg",
        "profile_banner_url": "https://pbs.twimg.com/profile_banners/1102921354423271424/1551791976",
        "profile_link_color": "E81C4F",
        "profile_sidebar_border_color": "000000",
        "profile_sidebar_fill_color": "000000",
        "profile_text_color": "000000",
        "profile_use_background_image": false,
        "has_extended_profile": false,
        "default_profile": false,
        "default_profile_image": false,
        "following": null,
        "follow_request_sent": null,
        "notifications": null,
        "translator_type": "none"
    },
    "geo": null,
    "coordinates": null,
    "place": null,
    "contributors": null,
    "is_quote_status": false,
    "retweet_count": 0,
    "favorite_count": 0,
    "favorited": false,
    "retweeted": false,
    "possibly_sensitive": false,
    "lang": "en"
}