{
    "created_at": "Tue Apr 16 09:49:09 +0000 2019",
    "id": 1118088933525590017,
    "id_str": "1118088933525590017",
    "text": "\"Citi Bike\u2019s Electric Bikes Are Fast. But Are They Dangerous?\" by AZI PAYBARAH via NYT https://t.co/k465HjZg0i",
    "truncated": false,
    "entities": {
        "hashtags": [],
        "symbols": [],
        "user_mentions": [],
        "urls": [
            {
                "url": "https://t.co/k465HjZg0i",
                "expanded_url": "https://www.nytimes.com/2019/04/16/nyregion/newyorktoday/nyc-news-citi-bike-electric.html?partner=IFTTT",
                "display_url": "nytimes.com/2019/04/16/nyr\u2026",
                "indices": [
                    87,
                    110
                ]
            }
        ]
    },
    "metadata": {
        "iso_language_code": "en",
        "result_type": "recent"
    },
    "source": "<a href=\"https://ifttt.com\" rel=\"nofollow\">IFTTT</a>",
    "in_reply_to_status_id": null,
    "in_reply_to_status_id_str": null,
    "in_reply_to_user_id": null,
    "in_reply_to_user_id_str": null,
    "in_reply_to_screen_name": null,
    "user": {
        "id": 899361212,
        "id_str": "899361212",
        "name": "Joshua Riecke",
        "screen_name": "joshuariy",
        "location": "Cooperstown",
        "description": "I play lots of video games,  technology addict, husband and dad",
        "url": null,
        "entities": {
            "description": {
                "urls": []
            }
        },
        "protected": false,
        "followers_count": 392,
        "friends_count": 401,
        "listed_count": 13,
        "created_at": "Tue Oct 23 06:34:44 +0000 2012",
        "favourites_count": 0,
        "utc_offset": null,
        "time_zone": null,
        "geo_enabled": false,
        "verified": false,
        "statuses_count": 24009,
        "lang": "en",
        "contributors_enabled": false,
        "is_translator": false,
        "is_translation_enabled": false,
        "profile_background_color": "C0DEED",
        "profile_background_image_url": "http://abs.twimg.com/images/themes/theme1/bg.png",
        "profile_background_image_url_https": "https://abs.twimg.com/images/themes/theme1/bg.png",
        "profile_background_tile": false,
        "profile_image_url": "http://pbs.twimg.com/profile_images/2753593589/e8ed283a0a9f0b497c2f0783b842f181_normal.jpeg",
        "profile_image_url_https": "https://pbs.twimg.com/profile_images/2753593589/e8ed283a0a9f0b497c2f0783b842f181_normal.jpeg",
        "profile_banner_url": "https://pbs.twimg.com/profile_banners/899361212/1410406735",
        "profile_link_color": "0084B4",
        "profile_sidebar_border_color": "FFFFFF",
        "profile_sidebar_fill_color": "DDEEF6",
        "profile_text_color": "333333",
        "profile_use_background_image": true,
        "has_extended_profile": false,
        "default_profile": false,
        "default_profile_image": false,
        "following": null,
        "follow_request_sent": null,
        "notifications": null,
        "translator_type": "none"
    },
    "geo": null,
    "coordinates": null,
    "place": null,
    "contributors": null,
    "is_quote_status": false,
    "retweet_count": 0,
    "favorite_count": 0,
    "favorited": false,
    "retweeted": false,
    "possibly_sensitive": false,
    "lang": "en"
}