{
    "created_at": "Wed Apr 17 10:02:30 +0000 2019",
    "id": 1118454679585771520,
    "id_str": "1118454679585771520",
    "text": "RT @svbizjournal: Brake issues cause Lyft-owned Citi Bike to pull fleet of e-bikes from service https://t.co/ATSXs6SpSE https://t.co/3gIlfW\u2026",
    "truncated": false,
    "entities": {
        "hashtags": [],
        "symbols": [],
        "user_mentions": [
            {
                "screen_name": "svbizjournal",
                "name": "Silicon Valley Business Journal",
                "id": 17625154,
                "id_str": "17625154",
                "indices": [
                    3,
                    16
                ]
            }
        ],
        "urls": [
            {
                "url": "https://t.co/ATSXs6SpSE",
                "expanded_url": "http://bit.ly/2GrwAap",
                "display_url": "bit.ly/2GrwAap",
                "indices": [
                    96,
                    119
                ]
            }
        ]
    },
    "metadata": {
        "iso_language_code": "en",
        "result_type": "recent"
    },
    "source": "<a href=\"http://twitter.com/download/android\" rel=\"nofollow\">Twitter for Android</a>",
    "in_reply_to_status_id": null,
    "in_reply_to_status_id_str": null,
    "in_reply_to_user_id": null,
    "in_reply_to_user_id_str": null,
    "in_reply_to_screen_name": null,
    "user": {
        "id": 979484185,
        "id_str": "979484185",
        "name": "The Innovator's",
        "screen_name": "thejackdigital",
        "location": "di sini",
        "description": "RT Reply Fav bukan referensi..",
        "url": "http://t.co/JTJO1Z6lDW",
        "entities": {
            "url": {
                "urls": [
                    {
                        "url": "http://t.co/JTJO1Z6lDW",
                        "expanded_url": "http://youandme.com",
                        "display_url": "youandme.com",
                        "indices": [
                            0,
                            22
                        ]
                    }
                ]
            },
            "description": {
                "urls": []
            }
        },
        "protected": false,
        "followers_count": 598,
        "friends_count": 2096,
        "listed_count": 295,
        "created_at": "Fri Nov 30 00:58:37 +0000 2012",
        "favourites_count": 30478,
        "utc_offset": null,
        "time_zone": null,
        "geo_enabled": true,
        "verified": false,
        "statuses_count": 95515,
        "lang": "en",
        "contributors_enabled": false,
        "is_translator": false,
        "is_translation_enabled": false,
        "profile_background_color": "C0DEED",
        "profile_background_image_url": "http://abs.twimg.com/images/themes/theme1/bg.png",
        "profile_background_image_url_https": "https://abs.twimg.com/images/themes/theme1/bg.png",
        "profile_background_tile": false,
        "profile_image_url": "http://pbs.twimg.com/profile_images/378800000307382461/a886a043c3e8eb245e2c00ce747eb330_normal.jpeg",
        "profile_image_url_https": "https://pbs.twimg.com/profile_images/378800000307382461/a886a043c3e8eb245e2c00ce747eb330_normal.jpeg",
        "profile_banner_url": "https://pbs.twimg.com/profile_banners/979484185/1386317819",
        "profile_link_color": "1DA1F2",
        "profile_sidebar_border_color": "C0DEED",
        "profile_sidebar_fill_color": "DDEEF6",
        "profile_text_color": "333333",
        "profile_use_background_image": true,
        "has_extended_profile": false,
        "default_profile": true,
        "default_profile_image": false,
        "following": null,
        "follow_request_sent": null,
        "notifications": null,
        "translator_type": "none"
    },
    "geo": null,
    "coordinates": null,
    "place": null,
    "contributors": null,
    "retweeted_status": {
        "created_at": "Wed Apr 17 10:01:35 +0000 2019",
        "id": 1118454448630710273,
        "id_str": "1118454448630710273",
        "text": "Brake issues cause Lyft-owned Citi Bike to pull fleet of e-bikes from service https://t.co/ATSXs6SpSE https://t.co/3gIlfW3nST",
        "truncated": false,
        "entities": {
            "hashtags": [],
            "symbols": [],
            "user_mentions": [],
            "urls": [
                {
                    "url": "https://t.co/ATSXs6SpSE",
                    "expanded_url": "http://bit.ly/2GrwAap",
                    "display_url": "bit.ly/2GrwAap",
                    "indices": [
                        78,
                        101
                    ]
                }
            ],
            "media": [
                {
                    "id": 1118454446848081920,
                    "id_str": "1118454446848081920",
                    "indices": [
                        102,
                        125
                    ],
                    "media_url": "http://pbs.twimg.com/media/D4WMZMHWAAAuLox.jpg",
                    "media_url_https": "https://pbs.twimg.com/media/D4WMZMHWAAAuLox.jpg",
                    "url": "https://t.co/3gIlfW3nST",
                    "display_url": "pic.twitter.com/3gIlfW3nST",
                    "expanded_url": "https://twitter.com/svbizjournal/status/1118454448630710273/photo/1",
                    "type": "photo",
                    "sizes": {
                        "thumb": {
                            "w": 150,
                            "h": 150,
                            "resize": "crop"
                        },
                        "small": {
                            "w": 680,
                            "h": 382,
                            "resize": "fit"
                        },
                        "large": {
                            "w": 1024,
                            "h": 575,
                            "resize": "fit"
                        },
                        "medium": {
                            "w": 1024,
                            "h": 575,
                            "resize": "fit"
                        }
                    }
                }
            ]
        },
        "extended_entities": {
            "media": [
                {
                    "id": 1118454446848081920,
                    "id_str": "1118454446848081920",
                    "indices": [
                        102,
                        125
                    ],
                    "media_url": "http://pbs.twimg.com/media/D4WMZMHWAAAuLox.jpg",
                    "media_url_https": "https://pbs.twimg.com/media/D4WMZMHWAAAuLox.jpg",
                    "url": "https://t.co/3gIlfW3nST",
                    "display_url": "pic.twitter.com/3gIlfW3nST",
                    "expanded_url": "https://twitter.com/svbizjournal/status/1118454448630710273/photo/1",
                    "type": "photo",
                    "sizes": {
                        "thumb": {
                            "w": 150,
                            "h": 150,
                            "resize": "crop"
                        },
                        "small": {
                            "w": 680,
                            "h": 382,
                            "resize": "fit"
                        },
                        "large": {
                            "w": 1024,
                            "h": 575,
                            "resize": "fit"
                        },
                        "medium": {
                            "w": 1024,
                            "h": 575,
                            "resize": "fit"
                        }
                    }
                }
            ]
        },
        "metadata": {
            "iso_language_code": "en",
            "result_type": "recent"
        },
        "source": "<a href=\"http://trueanthem.com/\" rel=\"nofollow\">trueAnthem</a>",
        "in_reply_to_status_id": null,
        "in_reply_to_status_id_str": null,
        "in_reply_to_user_id": null,
        "in_reply_to_user_id_str": null,
        "in_reply_to_screen_name": null,
        "user": {
            "id": 17625154,
            "id_str": "17625154",
            "name": "Silicon Valley Business Journal",
            "screen_name": "svbizjournal",
            "location": "Silicon Valley",
            "description": "Fast-breaking business news in the world's leading tech hub. Follow us for exclusive news on Silicon Valley tech, real estate, entrepreneurs and executives.",
            "url": "https://t.co/cfpUiM3hH4",
            "entities": {
                "url": {
                    "urls": [
                        {
                            "url": "https://t.co/cfpUiM3hH4",
                            "expanded_url": "http://www.bizjournals.com/sanjose/",
                            "display_url": "bizjournals.com/sanjose/",
                            "indices": [
                                0,
                                23
                            ]
                        }
                    ]
                },
                "description": {
                    "urls": []
                }
            },
            "protected": false,
            "followers_count": 23288,
            "friends_count": 1715,
            "listed_count": 1155,
            "created_at": "Tue Nov 25 17:29:56 +0000 2008",
            "favourites_count": 1825,
            "utc_offset": null,
            "time_zone": null,
            "geo_enabled": true,
            "verified": false,
            "statuses_count": 87342,
            "lang": "en",
            "contributors_enabled": false,
            "is_translator": false,
            "is_translation_enabled": false,
            "profile_background_color": "FFFFFF",
            "profile_background_image_url": "http://abs.twimg.com/images/themes/theme4/bg.gif",
            "profile_background_image_url_https": "https://abs.twimg.com/images/themes/theme4/bg.gif",
            "profile_background_tile": false,
            "profile_image_url": "http://pbs.twimg.com/profile_images/3316897902/a5e5ca8a6a4fcbd0159c55fe88777fda_normal.jpeg",
            "profile_image_url_https": "https://pbs.twimg.com/profile_images/3316897902/a5e5ca8a6a4fcbd0159c55fe88777fda_normal.jpeg",
            "profile_banner_url": "https://pbs.twimg.com/profile_banners/17625154/1542758563",
            "profile_link_color": "0019B8",
            "profile_sidebar_border_color": "FFFFFF",
            "profile_sidebar_fill_color": "95E8EC",
            "profile_text_color": "3C3940",
            "profile_use_background_image": true,
            "has_extended_profile": false,
            "default_profile": false,
            "default_profile_image": false,
            "following": null,
            "follow_request_sent": null,
            "notifications": null,
            "translator_type": "none"
        },
        "geo": null,
        "coordinates": null,
        "place": null,
        "contributors": null,
        "is_quote_status": false,
        "retweet_count": 1,
        "favorite_count": 0,
        "favorited": false,
        "retweeted": false,
        "possibly_sensitive": false,
        "lang": "en"
    },
    "is_quote_status": false,
    "retweet_count": 1,
    "favorite_count": 0,
    "favorited": false,
    "retweeted": false,
    "possibly_sensitive": false,
    "lang": "en"
}