{
    "created_at": "Thu Apr 18 22:36:02 +0000 2019",
    "id": 1119006700978212865,
    "id_str": "1119006700978212865",
    "text": "@StreetsblogNYC @Uber @lyft @CitiBikeNYC @jump_rides First sentence kinda makes it sound like Citi Bike runs bikesh\u2026 https://t.co/OezBvhgEac",
    "truncated": true,
    "entities": {
        "hashtags": [],
        "symbols": [],
        "user_mentions": [
            {
                "screen_name": "StreetsblogNYC",
                "name": "Streetsblog New York",
                "id": 128750686,
                "id_str": "128750686",
                "indices": [
                    0,
                    15
                ]
            },
            {
                "screen_name": "Uber",
                "name": "Uber",
                "id": 19103481,
                "id_str": "19103481",
                "indices": [
                    16,
                    21
                ]
            },
            {
                "screen_name": "lyft",
                "name": "Lyft",
                "id": 569569550,
                "id_str": "569569550",
                "indices": [
                    22,
                    27
                ]
            },
            {
                "screen_name": "CitiBikeNYC",
                "name": "Citi Bike",
                "id": 366631688,
                "id_str": "366631688",
                "indices": [
                    28,
                    40
                ]
            },
            {
                "screen_name": "jump_rides",
                "name": "JUMP",
                "id": 868126911817502721,
                "id_str": "868126911817502721",
                "indices": [
                    41,
                    52
                ]
            }
        ],
        "urls": [
            {
                "url": "https://t.co/OezBvhgEac",
                "expanded_url": "https://twitter.com/i/web/status/1119006700978212865",
                "display_url": "twitter.com/i/web/status/1\u2026",
                "indices": [
                    117,
                    140
                ]
            }
        ]
    },
    "metadata": {
        "iso_language_code": "en",
        "result_type": "recent"
    },
    "source": "<a href=\"http://twitter.com/download/android\" rel=\"nofollow\">Twitter for Android</a>",
    "in_reply_to_status_id": 1118636785972785152,
    "in_reply_to_status_id_str": "1118636785972785152",
    "in_reply_to_user_id": 128750686,
    "in_reply_to_user_id_str": "128750686",
    "in_reply_to_screen_name": "StreetsblogNYC",
    "user": {
        "id": 2254802350,
        "id_str": "2254802350",
        "name": "Aaron",
        "screen_name": "wizzzardtweets",
        "location": "Washington DC",
        "description": "DDOT bike planner- Capital Bikeshare, bike parking, micromobility",
        "url": null,
        "entities": {
            "description": {
                "urls": []
            }
        },
        "protected": false,
        "followers_count": 107,
        "friends_count": 146,
        "listed_count": 3,
        "created_at": "Tue Dec 31 18:09:25 +0000 2013",
        "favourites_count": 1553,
        "utc_offset": null,
        "time_zone": null,
        "geo_enabled": false,
        "verified": false,
        "statuses_count": 1422,
        "lang": "en",
        "contributors_enabled": false,
        "is_translator": false,
        "is_translation_enabled": false,
        "profile_background_color": "C0DEED",
        "profile_background_image_url": "http://abs.twimg.com/images/themes/theme1/bg.png",
        "profile_background_image_url_https": "https://abs.twimg.com/images/themes/theme1/bg.png",
        "profile_background_tile": false,
        "profile_image_url": "http://pbs.twimg.com/profile_images/418083762581151746/bRQM21Hm_normal.jpeg",
        "profile_image_url_https": "https://pbs.twimg.com/profile_images/418083762581151746/bRQM21Hm_normal.jpeg",
        "profile_link_color": "1DA1F2",
        "profile_sidebar_border_color": "C0DEED",
        "profile_sidebar_fill_color": "DDEEF6",
        "profile_text_color": "333333",
        "profile_use_background_image": true,
        "has_extended_profile": false,
        "default_profile": true,
        "default_profile_image": false,
        "following": null,
        "follow_request_sent": null,
        "notifications": null,
        "translator_type": "none"
    },
    "geo": null,
    "coordinates": null,
    "place": null,
    "contributors": null,
    "is_quote_status": false,
    "retweet_count": 0,
    "favorite_count": 0,
    "favorited": false,
    "retweeted": false,
    "lang": "en"
}