{
    "created_at": "Thu Apr 18 22:12:13 +0000 2019",
    "id": 1119000708236414976,
    "id_str": "1119000708236414976",
    "text": "Citi Bike stations (racks?) are a new sure sign of gentrification",
    "truncated": false,
    "entities": {
        "hashtags": [],
        "symbols": [],
        "user_mentions": [],
        "urls": []
    },
    "metadata": {
        "iso_language_code": "en",
        "result_type": "recent"
    },
    "source": "<a href=\"http://twitter.com/download/iphone\" rel=\"nofollow\">Twitter for iPhone</a>",
    "in_reply_to_status_id": null,
    "in_reply_to_status_id_str": null,
    "in_reply_to_user_id": null,
    "in_reply_to_user_id_str": null,
    "in_reply_to_screen_name": null,
    "user": {
        "id": 4145221157,
        "id_str": "4145221157",
        "name": "big raisin",
        "screen_name": "12yancairns",
        "location": "New York, USA",
        "description": "actually a bag of rice",
        "url": "https://t.co/IGP4qzqJrk",
        "entities": {
            "url": {
                "urls": [
                    {
                        "url": "https://t.co/IGP4qzqJrk",
                        "expanded_url": "http://ryanjcairns.com/",
                        "display_url": "ryanjcairns.com",
                        "indices": [
                            0,
                            23
                        ]
                    }
                ]
            },
            "description": {
                "urls": []
            }
        },
        "protected": false,
        "followers_count": 127,
        "friends_count": 127,
        "listed_count": 5,
        "created_at": "Sun Nov 08 23:44:58 +0000 2015",
        "favourites_count": 6362,
        "utc_offset": null,
        "time_zone": null,
        "geo_enabled": true,
        "verified": false,
        "statuses_count": 4019,
        "lang": "en",
        "contributors_enabled": false,
        "is_translator": false,
        "is_translation_enabled": false,
        "profile_background_color": "1A1B1F",
        "profile_background_image_url": "http://abs.twimg.com/images/themes/theme1/bg.png",
        "profile_background_image_url_https": "https://abs.twimg.com/images/themes/theme1/bg.png",
        "profile_background_tile": false,
        "profile_image_url": "http://pbs.twimg.com/profile_images/1106631136934064128/7_dFgcZh_normal.jpg",
        "profile_image_url_https": "https://pbs.twimg.com/profile_images/1106631136934064128/7_dFgcZh_normal.jpg",
        "profile_banner_url": "https://pbs.twimg.com/profile_banners/4145221157/1548995079",
        "profile_link_color": "1B95E0",
        "profile_sidebar_border_color": "000000",
        "profile_sidebar_fill_color": "000000",
        "profile_text_color": "000000",
        "profile_use_background_image": true,
        "has_extended_profile": true,
        "default_profile": false,
        "default_profile_image": false,
        "following": null,
        "follow_request_sent": null,
        "notifications": null,
        "translator_type": "none"
    },
    "geo": null,
    "coordinates": null,
    "place": null,
    "contributors": null,
    "is_quote_status": false,
    "retweet_count": 0,
    "favorite_count": 1,
    "favorited": false,
    "retweeted": false,
    "lang": "en"
}